0.000000000000000000e+00 1.092801686515678522e-03 1.173181201448080142e-03 6.553175984071193082e-03 2.699536094263447344e-02 7.627675233095362883e-03 7.627675233095362883e-03 9.558319148389736496e-04
0.000000000000000000e+00 1.092801686515678522e-03 2.269206682844730760e-02 2.662613567850610208e-01 4.160866541571928678e+01 2.659054679817593936e+01 3.566820820504548045e-03 2.948291899282263367e-04
0.000000000000000000e+00 1.092801686515678522e-03 2.269206682844730760e-02 1.309675429607870090e+00 3.652780886858626985e+01 1.994974524778167435e+01 3.566820820504548045e-03 2.948291899282263367e-04
0.000000000000000000e+00 1.092801686515678522e-03 2.269206682844730760e-02 2.662613567850610208e-01 4.160866541571928678e+01 2.642276211191402169e+01 1.325767384863341287e-02 2.948291899282263367e-04
0.000000000000000000e+00 1.092801686515678522e-03 2.269206682844730760e-02 2.121095570361635652e+00 3.235345696860548514e+01 1.564656368295806388e+01 3.566820820504548045e-03 2.948291899282263367e-04
0.000000000000000000e+00 1.092801686515678522e-03 2.269206682844730760e-02 5.407838579360856046e-03 4.568251933877203602e-03 4.098858231010414285e-03 2.930156074573043654e-02 9.573837875583785569e-04
0.000000000000000000e+00 2.262668557909372838e-02 2.618093501205391305e-01 3.948987950456184670e+00 2.745271381382201525e+01 1.589395606473961031e+01 3.528566292015173668e-03 2.948291899282263367e-04
0.000000000000000000e+00 1.092801686515678522e-03 1.173181201448080142e-03 3.198794957935859884e+00 3.507577724185556178e+01 6.933426905792907213e+00 3.566820820504548045e-03 2.948291899282263367e-04
0.000000000000000000e+00 8.784006513051878517e-02 9.604682846302586190e-04 2.121109805159550277e+00 3.199044190549296829e+01 1.552286655895409773e+01 3.566820820504548045e-03 2.948291899282263367e-04
0.000000000000000000e+00 2.262668557909372838e-02 8.790700465007304787e-02 4.131393919873125320e+00 2.781546628743405591e+01 1.601765133195442559e+01 3.528566292015173668e-03 2.948291899282263367e-04
0.000000000000000000e+00 4.139069628876460571e-01 1.173177163215850083e+00 3.630618218834045230e+00 5.047207167780307202e+00 2.258884319551781417e+01 5.190682574608669775e+00 2.599335272976069922e-01
0.000000000000000000e+00 8.784006513051878517e-02 2.851001727427784793e+00 3.948567646038796397e+00 2.745159158923603471e+01 5.118086461740097626e+00 3.769846173752313123e-01 2.948291899282263367e-04
0.000000000000000000e+00 2.262668557909372838e-02 2.269362509864800148e-02 5.412524783431905441e-03 4.791525287204647689e-03 2.662669440847328234e-02 6.835745906594920505e-03 9.589292488307242209e-04
0.000000000000000000e+00 8.784006513051878517e-02 2.138808524450845017e+00 4.028744464791996549e+00 2.654420085552623476e+01 9.232636095307158897e+00 3.528566292015173668e-03 2.948291899282263367e-04
0.000000000000000000e+00 1.530534446819437899e-01 1.320616899396357402e+00 2.609653453302564596e+00 4.282479554905386010e+00 1.641754205291082158e+01 4.535521825201445978e+00 5.040615501912253972e-03
0.000000000000000000e+00 1.747912378657528187e-01 1.408607167520563141e+00 3.755153395507572434e+00 2.932468033721177925e+00 1.931995390630639875e+01 2.257744078312723168e+00 4.207670998022630844e-03
0.000000000000000000e+00 1.092801686515678522e-03 2.269206682844730760e-02 5.407838579360856046e-03 2.626965944778728718e-02 4.210406864286863303e-03 2.931753746016822065e-02 9.589292488307242209e-04
0.000000000000000000e+00 1.530534446819437899e-01 2.049761730995145914e+00 4.990689519554035058e+00 2.599931693202332639e+01 4.754677496294473116e+00 3.624550626126357700e-01 9.643387334123709395e-03
0.000000000000000000e+00 1.530534446819437899e-01 2.072006196469615702e+00 8.019860537182236015e+00 2.309493930542785733e+01 6.933435595032420906e+00 3.997468780175705838e-03 9.634333559284065374e-03
0.000000000000000000e+00 6.610227194671179640e-02 2.116537941712278936e+00 7.500835099788277560e+00 2.454724226500242779e+01 6.933426905792907213e+00 3.566820820504548045e-03 2.948291899282263367e-04
0.000000000000000000e+00 6.610227194671179640e-02 2.071999929526498807e+00 7.500841980786070451e+00 2.509182265319742910e+01 6.860803777237606482e+00 3.566820820504548045e-03 2.948291899282263367e-04
0.000000000000000000e+00 1.092801686515678522e-03 1.173181201448080142e-03 2.714089115431556065e-02 4.641117759587297734e-03 2.689130765994606279e-02 6.946436019010767196e-03 9.573837875583785569e-04
0.000000000000000000e+00 1.530534446819437899e-01 2.072006196469615702e+00 8.019860537182236015e+00 2.309411795705653603e+01 6.933435595032420906e+00 1.330047663116363903e-02 2.948291899282263367e-04
0.000000000000000000e+00 8.784006513051878517e-02 2.936494005121198736e+00 2.508822254427384379e+00 2.527323540094798560e+01 1.192571794902972293e+01 1.330047663116363903e-02 2.948291899282263367e-04
0.000000000000000000e+00 1.092801686515678522e-03 2.269206682844730760e-02 5.407838579360856046e-03 4.568251933877203602e-03 2.594414510429697562e-02 7.579744276359186642e-03 9.573837875583785569e-04
0.000000000000000000e+00 4.139069628876460571e-01 1.207659448077327280e+00 3.692729270451440282e+00 5.047138362071772022e+00 2.168156508465416366e+01 5.262637470563872100e+00 2.475815647528958052e-01
0.000000000000000000e+00 1.965290310495598214e-01 1.391010578640569317e+00 3.692833695583942255e+00 2.828842934805581244e+00 2.004580033157375851e+01 2.257745707000222257e+00 1.809226691891005212e-01
0.000000000000000000e+00 1.092801686515678522e-03 2.269206682844730760e-02 5.407838579360856046e-03 4.714089234832649286e-03 4.835481548618728725e-02 2.857353909040190321e-02 9.604682846302586190e-04
0.000000000000000000e+00 1.092801686515678522e-03 2.269206682844730760e-02 1.793101840498269317e-01 2.718159464511307744e-02 4.101533729003393330e-02 6.370562423104305684e-03 7.873248922389301449e-04
0.000000000000000000e+00 1.092801686515678522e-03 2.269206682844730760e-02 2.714563176316988832e-02 2.627390397223265672e-02 4.214421002310087330e-03 2.933348511259554342e-02 9.842986910796175642e-04
0.000000000000000000e+00 1.530534446819437899e-01 1.373410325268833221e+00 1.432146938002441861e+00 5.424171764089407155e+00 2.150016069802581953e+01 2.781670327226900330e+00 1.023757195195730968e-01
0.000000000000000000e+00 1.530534446819437899e-01 1.197432239027246048e+00 1.760343778679698268e+00 1.573843432001139409e+00 3.055947917393945890e+00 1.146223893814157568e+00 1.424430610650803675e-01
0.000000000000000000e+00 1.313156514981368428e-01 1.320615669145295712e+00 1.505107100247693230e+00 1.449210376132331834e+00 3.160011189203648208e+00 1.823007389995924488e+00 8.519786423295084427e-03
0.000000000000000000e+00 5.443337219904961222e-01 2.366585877869753052e+00 4.268932879674228076e+00 2.091736906709985533e+01 5.750289179615791113e+00 9.836257459771458045e-01 2.144228737810953245e+00
0.000000000000000000e+00 6.095471015419212657e-01 2.338093907788163950e+00 6.981736553113708332e+00 2.055369214346860218e+01 4.989503192894734873e+00 5.429355489943308299e-01 1.128950383820364278e+00
0.000000000000000000e+00 6.610227194671179640e-02 2.094268935619389094e+00 4.750209806223186781e+00 2.509116029005387816e+01 6.493365268880867625e+00 5.425279580701494186e-01 3.313257082961330521e-04
0.000000000000000000e+00 1.092801686515678522e-03 1.531188259312973865e-01 2.713649103747979227e-02 5.403042950192345206e-03 9.373364949658707923e-02 6.223723797736618532e-03 7.885234823621367368e-04
0.000000000000000000e+00 1.530534446819437899e-01 1.943571474501997742e-01 2.776182460258540541e-01 2.075633886067202172e-01 3.443957246698348823e-02 1.416462749574262832e-02 4.859979113197087177e-04
0.000000000000000000e+00 1.092801686515678522e-03 2.205609196709266584e+00 2.945084838929566295e+00 3.243923113457038099e+00 2.500570805679463326e+00 7.749681205003991491e-02 8.518969500640872008e-03
0.000000000000000000e+00 8.784006513051878517e-02 2.027463493986395360e+00 1.840092516915318166e+00 4.282355804828634760e+00 2.204375968713625156e+01 4.107534354076068261e+00 2.825586437484520208e-01
0.000000000000000000e+00 1.530534446819437899e-01 1.591615302018831446e-01 1.622519155944725788e-01 1.557210614185007835e-01 1.620977669099684382e-01 3.932887531525276412e-03 4.827684555037569563e-04
0.000000000000000000e+00 1.965290310495598214e-01 1.408608387264728368e+00 3.692833122694882064e+00 2.932631756484656904e+00 1.950145204433938417e+01 2.362831838945837148e+00 4.194829562909471385e-03
0.000000000000000000e+00 1.092801686515678522e-03 2.269206682844730760e-02 2.714563176316988832e-02 5.303324153501323517e-03 1.584338167620040205e-01 7.755922660242350539e-03 9.680665863708229476e-04
0.000000000000000000e+00 1.092801686515678522e-03 2.269206682844730760e-02 2.707289839483638383e-02 4.536110788423625313e-03 7.292136641405640163e-02 6.863894724235973001e-03 9.620008808704849168e-04
0.000000000000000000e+00 1.313156514981368428e-01 1.443800329514406400e+00 1.213203154932814387e+00 1.698596539020447382e+00 5.750054464987129244e+00 7.718983918739170946e-02 1.745325368781251163e-01
0.000000000000000000e+00 1.313156514981368428e-01 1.478995946762724056e+00 2.224874847690323953e+00 3.971059485828894342e+00 4.558466385404042143e+00 7.784857115527203664e-02 8.515002830451954413e-03
0.000000000000000000e+00 4.356447560714550860e-01 1.207660585656272101e+00 3.630512682993900064e+00 5.046496176716700255e+00 2.222605949875310927e+01 5.045445002397166867e+00 2.722767311276568791e-01
0.000000000000000000e+00 8.784006513051878517e-02 3.050483708712415698e+00 2.259527009593652824e+00 3.140099065515527865e+00 6.218800433317388965e+00 2.660260596892372598e-01 9.239209978636666459e-03
0.000000000000000000e+00 1.092801686515678522e-03 1.313810327474904116e-01 1.627472265701077059e-01 4.397418937006064912e-03 5.904216729603765229e-02 2.383022067412299966e-02 7.956029257997442299e-04
0.000000000000000000e+00 1.530534446819437899e-01 1.443801559765468312e+00 2.224875464664467728e+00 4.386134695798749483e+00 1.278757929225118417e+01 8.072450351551724301e-02 8.465914044282991935e-03
0.000000000000000000e+00 1.747912378657528187e-01 2.027469734454601547e+00 1.791909445943494772e+00 4.178340802491105954e+00 2.149941552902069475e+01 4.019175514114197156e+00 2.474809866401513903e-01
0.000000000000000000e+00 1.313156514981368428e-01 1.478995946762724056e+00 6.342461389159096408e-01 1.118356874834287806e+00 7.119888555305293742e-01 3.572983188442251795e-02 4.077219701942432981e-03
0.000000000000000000e+00 1.530534446819437899e-01 1.320616899396357402e+00 2.609653453302564596e+00 4.178672865213220788e+00 1.532847883589933069e+01 1.366120821892752746e+00 7.330786385190427024e-03
0.000000000000000000e+00 2.262668557909372838e-02 1.096447978338820767e-01 2.155701412454648636e-01 4.436386399580473372e-03 4.158936642556226859e-02 5.215572553735139255e-03 6.691313390952278095e-04
0.000000000000000000e+00 1.313156514981368428e-01 3.175405775682506038e-01 1.142279084347153528e+00 6.057961060971301936e-01 4.898259290984314784e-01 1.170839002430269921e-01 2.484062573096689017e-03
0.000000000000000000e+00 2.262668557909372838e-02 2.138803774780707823e+00 1.791992428196448772e+00 4.386315009273237919e+00 5.387986995532045853e+00 4.455006996470939895e-01 9.249675488706319074e-03
0.000000000000000000e+00 1.092801686515678522e-03 2.269206682844730760e-02 5.407838579360856046e-03 4.568251933877203602e-03 1.156834657721853288e-01 7.514344374743487168e-03 9.635270234042374706e-04
0.000000000000000000e+00 2.262668557909372838e-02 1.531203842014980665e-01 1.451269552035971411e-01 1.333387929091937318e-01 1.218368593738660410e-01 4.448148610594413431e-03 5.432284642138163503e-04
0.000000000000000000e+00 1.092801686515678522e-03 1.173181201448080142e-03 2.714089115431556065e-02 4.568251933877203602e-03 7.009260866999428297e-02 6.787397774591542518e-03 9.604682846302586190e-04
0.000000000000000000e+00 1.313156514981368428e-01 1.426202520890248238e+00 2.369167795303202873e+00 1.944146343149348866e+00 1.085027882039906189e+00 6.079723063126225846e-02 6.940271973504107648e-03
0.000000000000000000e+00 1.092801686515678522e-03 2.227878202802155982e+00 3.007402049266875821e+00 6.537532724705950926e+00 6.224270816848965104e+00 8.666746655498477891e-02 9.239319921725625689e-03
0.000000000000000000e+00 1.313156514981368428e-01 1.461398138138565672e+00 2.061650455009856331e-01 8.847506083491114559e-01 6.941974538269390926e-01 5.883399602152922236e-01 4.075574027953477417e-03
0.000000000000000000e+00 1.092801686515678522e-03 1.173181201448080142e-03 2.714089115431556065e-02 5.298687573572281526e-03 7.009260866999428297e-02 6.849834207787081769e-03 9.604682846302586190e-04
0.000000000000000000e+00 1.092801686515678522e-03 2.116533172337706326e+00 1.840092516915318166e+00 4.490135640635366521e+00 6.218731439207084932e+00 8.383256360058986834e-02 9.243688593854996333e-03
0.000000000000000000e+00 1.092801686515678522e-03 2.227878202802155982e+00 2.945082349343245198e+00 2.828678996439036641e+00 2.500403105817814442e+00 2.433266840066136416e-01 8.519617637731947274e-03
0.000000000000000000e+00 6.312848947257301280e-01 2.366593134497985584e+00 6.047461505640551849e+00 2.091700298593725194e+01 5.305258862551997190e+00 6.896788208685606936e-01 1.152951558675088695e+00
0.000000000000000000e+00 1.095778583143278001e-01 1.739985455585547847e+00 3.817473814403180565e+00 3.244087265407963105e+00 1.986600667553747357e+01 2.360901323413350461e+00 4.175004230792832283e-03
0.000000000000000000e+00 1.092801686515678522e-03 2.205609196709266584e+00 1.695794654480156538e+00 4.490121698965403141e+00 1.859626591934365791e+01 5.993794910410978755e-02 6.075250052673923304e-03
0.000000000000000000e+00 3.486935833362209691e-01 1.207675294290028178e+00 3.755154041275342802e+00 3.140280575715797884e+00 2.168091366705367307e+01 5.344629231459403051e+00 1.203315071959209365e-01
0.000000000000000000e+00 1.530534446819437899e-01 1.591615302018831446e-01 1.622519155944725788e-01 1.792426036767564290e-01 1.621105570192693801e-01 3.912166336990442403e-03 4.959693645258473000e-04
0.000000000000000000e+00 1.092801686515678522e-03 1.173181201448080142e-03 2.714089115431556065e-02 5.262240144559829878e-03 1.138424803951801345e-01 7.003925612041965107e-03 9.874407821479733605e-04
0.000000000000000000e+00 1.530534446819437899e-01 1.426223144063681225e+00 2.321070275750968026e+00 1.944146343149348866e+00 1.811674709885049195e+00 6.174366682353573527e-02 6.947855661682529257e-03
0.000000000000000000e+00 1.530534446819437899e-01 1.320616899396357402e+00 2.609653453302564596e+00 4.282479554905386010e+00 1.623679012491489360e+01 3.558437558861855532e-01 1.512116791566992247e-01
0.000000000000000000e+00 1.092801686515678522e-03 1.748566191151064431e-01 1.451860085101720765e-01 1.621791026271496017e-01 7.477663040956933349e-02 4.245851765257711505e-03 5.417840644330934249e-04
0.000000000000000000e+00 1.092801686515678522e-03 1.173181201448080142e-03 2.659357401498115003e-02 4.641117759587297734e-03 2.811528195561308063e-02 7.579744276359186642e-03 9.573837875583785569e-04
0.000000000000000000e+00 1.092801686515678522e-03 2.269206682844730760e-02 5.407838579360856046e-03 2.630604511768623241e-02 2.594820004809589298e-02 7.595691928788563321e-03 9.589292488307242209e-04
0.000000000000000000e+00 8.784006513051878517e-02 1.674770543437882786e+00 2.657750197819873428e+00 4.074866175521059120e+00 1.768862387323520124e+01 2.905079643956960389e+00 5.061576940986141360e-03
0.000000000000000000e+00 1.092801686515678522e-03 2.269206682844730760e-02 5.335105211027355888e-03 4.800745263159631598e-02 6.898211770252407442e-03 7.595691928788563321e-03 9.589292488307242209e-04
0.000000000000000000e+00 8.784006513051878517e-02 2.116539518357955618e+00 2.695806039235038476e+00 2.654473253241875241e+01 1.182062829303618479e+01 3.566820820504548045e-03 2.948291899282263367e-04
0.000000000000000000e+00 1.965290310495598214e-01 1.355814961392252549e+00 1.395605637464313986e+00 5.424508162880681716e+00 2.258914952622371786e+01 2.958358197510407184e+00 2.254837397582940949e-03
0.000000000000000000e+00 1.092801686515678522e-03 1.173181201448080142e-03 2.714089115431556065e-02 5.298687573572281526e-03 9.394567258837629997e-02 7.498795682566881428e-03 9.620008808704849168e-04
0.000000000000000000e+00 1.092801686515678522e-03 1.531188259312973865e-01 1.451529794146920460e-01 2.199522756116521760e-02 4.145683084062095486e-02 6.232412049963847837e-03 7.944364235590406324e-04
0.000000000000000000e+00 1.092801686515678522e-03 2.094264166244815595e+00 1.791996622562918029e+00 4.801415886760041829e+00 1.423956439651503914e+01 8.094103559931625780e-02 1.762048422968464922e-01
0.000000000000000000e+00 1.092801686515678522e-03 2.269206682844730760e-02 2.648840010368659625e-02 5.230368630967569855e-03 4.880773306475097439e-02 2.934940360874107798e-02 9.620008808704849168e-04
0.000000000000000000e+00 2.262668557909372838e-02 1.531203842014980665e-01 1.451564969832140062e-01 1.333630883003822931e-01 1.806278383864771409e-01 4.489159293398573176e-03 5.467739552001512531e-04
0.000000000000000000e+00 1.530534446819437899e-01 1.197432239027246048e+00 1.760466099679317109e+00 1.511523732077509230e+00 3.160520612511391381e+00 1.823675876829691900e+00 8.519966260129531108e-03
0.000000000000000000e+00 1.530534446819437899e-01 3.351590093658419756e-01 7.287157065559403124e-01 4.510867589313702908e-01 1.829736091637474971e-01 1.208913648727589184e-02 1.416902716836319518e-03
0.000000000000000000e+00 8.784006513051878517e-02 2.907996579223393496e+00 2.508825937323555078e+00 2.545562451425607264e+01 1.192571794902972293e+01 1.330047663116363903e-02 2.948291899282263367e-04
0.000000000000000000e+00 1.530534446819437899e-01 1.767593388260406684e-01 2.631955636529963449e-01 1.982336756887111417e-01 8.524205751842177381e-02 1.417785261207879857e-02 4.870468320572875838e-04
0.000000000000000000e+00 1.530534446819437899e-01 3.351396164434696234e-01 5.082255109785920322e-01 3.319365815357189220e-01 2.764357751808148023e-01 1.198905377692215633e-02 2.990789888691417972e-02
0.000000000000000000e+00 1.092801686515678522e-03 2.269206682844730760e-02 2.710928310655137327e-02 2.711395295632000255e-02 4.881838122346203457e-02 7.627499669997493507e-03 9.620008808704849168e-04
0.000000000000000000e+00 1.530534446819437899e-01 2.072006196469615702e+00 4.670039033063671852e+00 2.509193875824686515e+01 6.404579845261554105e+00 5.091628031471457927e-01 3.331793805321401031e-04
0.000000000000000000e+00 4.139069628876460571e-01 1.173177163215850083e+00 3.568090735069738173e+00 3.451734901356776852e+00 2.149948991783429264e+01 5.962357140501910457e+00 3.183212150321272915e-01
0.000000000000000000e+00 1.313156514981368428e-01 1.285420051896978277e+00 4.316132598758895433e+00 3.036601868845128394e+00 2.131873798983836110e+01 6.051545669815391548e+00 1.010116894397360271e-01
0.000000000000000000e+00 1.092801686515678522e-03 1.173181201448080142e-03 2.706819152513666865e-02 5.298687573572281526e-03 5.110326160071342050e-02 7.659913451918533810e-03 9.589292488307242209e-04
0.000000000000000000e+00 1.092801686515678522e-03 1.173181201448080142e-03 2.714089115431556065e-02 5.298687573572281526e-03 2.793401163706216855e-02 6.946436019010767196e-03 9.573837875583785569e-04
0.000000000000000000e+00 1.092801686515678522e-03 2.269206682844730760e-02 2.714563176316988832e-02 4.754971047207027547e-03 2.662669440847328234e-02 6.898211770252407442e-03 9.589292488307242209e-04
0.000000000000000000e+00 2.262668557909372838e-02 1.531203842014980665e-01 1.451564969832140062e-01 1.328025275166427044e-01 1.806278383864771409e-01 4.489159293398573176e-03 5.467739552001512531e-04
0.000000000000000000e+00 1.313156514981368428e-01 1.285420051896978277e+00 1.541586595121170689e+00 2.345228125509218664e+00 2.849252266704272785e+00 4.687719107986171863e-01 6.950146775950251030e-03
0.000000000000000000e+00 1.530534446819437899e-01 1.443801559765468312e+00 2.080583978891412666e+00 3.970949197976292755e+00 1.242405201615389920e+01 8.619737632022748952e-02 9.204901171089973494e-03
0.000000000000000000e+00 4.436447876290276066e-02 1.313841428904084507e-01 1.803816257584887339e-01 7.571181908318236342e-02 3.413115191258794118e-02 5.356302439853030152e-03 6.575822022226881190e-04
0.000000000000000000e+00 8.784006513051878517e-02 2.094270512265065332e+00 5.070854324556426818e+00 2.690680762218823219e+01 4.900196335967527794e+00 3.020362085889765069e-01 2.948291899282263367e-04
0.000000000000000000e+00 8.784006513051878517e-02 3.050483708712415698e+00 2.259527009593652824e+00 3.140426642914686539e+00 6.218800433317388965e+00 4.466115311549171407e-01 9.236823322479187359e-03
0.000000000000000000e+00 2.262668557909372838e-02 2.161072780873597665e+00 1.791990768712498960e+00 4.386300773937355402e+00 5.388055037432110339e+00 8.438658346567759483e-02 9.251477682917287962e-03
0.000000000000000000e+00 1.313156514981368428e-01 1.443800329514406400e+00 3.630617755454055740e+00 3.140444429096879819e+00 1.587371841900340819e+01 3.577585810948066825e-01 1.512308173312429393e-01
0.000000000000000000e+00 1.530534446819437899e-01 2.049761730995145914e+00 4.990689519554035058e+00 2.599931693202332639e+01 4.754677496294473116e+00 3.627858317044806435e-01 9.643387334123709395e-03
0.000000000000000000e+00 1.092801686515678522e-03 4.442986001225633641e-02 2.652931847101367910e-02 2.657024159820380385e-02 5.353419027411097583e-03 2.934940360874107798e-02 9.620008808704849168e-04
0.000000000000000000e+00 1.095778583143278001e-01 2.116541088406703963e+00 3.007402049266875821e+00 2.620719673674724692e+00 2.906817663698076259e+00 2.068192636232322634e+00 8.509342749426137067e-03
0.000000000000000000e+00 1.092801686515678522e-03 1.173181201448080142e-03 2.714089115431556065e-02 4.818967560245070864e-02 1.366483409319262377e-01 7.625724550586302636e-03 9.680665863708229476e-04
0.000000000000000000e+00 1.092801686515678522e-03 2.269206682844730760e-02 4.860250683059774528e-03 4.604670112364967101e-03 2.817612437965054048e-02 2.931753746016822065e-02 9.589292488307242209e-04
0.000000000000000000e+00 1.092801686515678522e-03 1.173181201448080142e-03 2.706819152513666865e-02 5.371489922742340127e-03 7.277714711334645759e-02 7.483217871349483359e-03 9.604682846302586190e-04
0.000000000000000000e+00 8.784006513051878517e-02 2.138808524450845017e+00 2.945082349343245198e+00 6.402065649761466304e+00 6.765896371579605884e+00 2.682097350620881726e-01 9.231354346894629984e-03
0.000000000000000000e+00 1.092801686515678522e-03 6.616765319606536522e-02 2.121105116030368443e+00 3.217194679966880955e+01 1.552229980247118313e+01 3.566820820504548045e-03 2.948291899282263367e-04
0.000000000000000000e+00 2.262668557909372838e-02 2.116534768687817536e+00 1.888188280760981774e+00 4.386300773937355402e+00 5.388055037432110339e+00 4.463316305058553368e-01 9.247776824424710010e-03
0.000000000000000000e+00 1.313156514981368428e-01 1.285420051896978277e+00 4.316132598758895433e+00 3.036601868845128394e+00 2.131799177980130722e+01 5.786453910376104126e+00 1.203430737005480311e-01
0.000000000000000000e+00 1.313156514981368428e-01 1.285420051896978277e+00 4.316132598758895433e+00 3.036601868845128394e+00 2.131873798983836110e+01 6.051545669815391548e+00 1.010116894397360271e-01
0.000000000000000000e+00 1.313156514981368428e-01 1.943559171991381673e-01 1.478343247811755024e-01 9.694689093108668776e-02 1.527679592634957340e-01 4.085077190890268328e-02 4.816646329688135139e-04
0.000000000000000000e+00 1.313156514981368428e-01 1.338213477769454984e+00 2.609573122542464318e+00 4.282479554905386010e+00 1.732503274307572738e+01 3.028217819799563060e+00 5.054674246387597276e-03
0.000000000000000000e+00 8.784006513051878517e-02 2.094270512265065332e+00 5.070854324556426818e+00 2.690680762218823219e+01 4.900196335967527794e+00 3.020362085889765069e-01 2.948291899282263367e-04
0.000000000000000000e+00 1.313156514981368428e-01 1.478995946762724056e+00 6.057487130181061774e-01 1.118281018752850464e+00 8.368356561439046493e-01 5.965867044291841559e-01 4.089139527649506001e-03
0.000000000000000000e+00 1.092801686515678522e-03 1.965944122989134180e-01 2.718159464511307744e-02 4.714853625009495300e-03 2.394245055013376547e-02 6.251511791382616083e-03 7.861209959468121785e-04
0.000000000000000000e+00 1.092801686515678522e-03 1.096432395636813828e-01 2.712763820163087078e-02 5.394298529152895608e-03 2.350115570935090159e-01 3.413423760341913887e-02 6.538385866826957075e-04
0.000000000000000000e+00 1.313156514981368428e-01 1.320615669145295712e+00 1.578067942053659412e+00 2.425365081090931518e+00 2.122804237291819884e+00 6.157596696188001595e-02 6.944986518950493903e-03
0.000000000000000000e+00 8.784006513051878517e-02 2.005194487893504629e+00 1.936288108335975755e+00 4.386148740984194383e+00 1.750720166130024325e+01 2.657672474037290122e+00 5.075131480503161652e-03
0.000000000000000000e+00 1.530534446819437899e-01 4.055308509401046035e-01 6.749968742329252036e-01 8.051351738076550912e-01 4.532828547307280465e-01 2.131730380229253097e-01 5.051712364209702544e-02
0.000000000000000000e+00 1.313156514981368428e-01 1.443800329514406400e+00 1.286224735172266209e+00 1.386985326143431951e+00 9.174702383018057406e-01 1.500061977028585014e+00 7.117143446514749040e-03
0.000000000000000000e+00 1.747912378657528187e-01 3.351408414468831642e-01 7.018543465344100341e-01 4.733181381869389637e-01 7.084755492331020754e-01 2.021697715434964127e-02 2.473626040896404355e-03
0.000000000000000000e+00 1.092801686515678522e-03 2.269206682844730760e-02 5.407838579360856046e-03 5.189268467345230576e-03 1.374839271112006378e-01 2.862972523489293666e-02 9.665598904558357759e-04
0.000000000000000000e+00 8.784006513051878517e-02 2.835517796741394703e-01 3.803154050006750442e+00 3.326065423087741380e+01 6.933435595032420906e+00 3.954665997645479686e-03 9.634333559284065374e-03
0.000000000000000000e+00 1.313156514981368428e-01 1.461398138138565672e+00 4.063144903678517217e-01 6.295612389870204328e-01 5.496721306720888656e-01 8.961977745301193121e-02 3.149422926197679128e-03
0.000000000000000000e+00 5.225959288066891473e-01 2.395081467436867673e+00 4.189034599361888489e+00 2.073590896062425770e+01 5.749710574848977629e+00 1.043356092517378819e+00 2.179358046083013534e+00
0.000000000000000000e+00 1.313156514981368428e-01 1.285420051896978277e+00 4.316132598758895433e+00 3.036601868845128394e+00 2.131799177980130722e+01 5.786453910376104126e+00 1.203430737005480311e-01
0.000000000000000000e+00 1.530534446819437899e-01 1.179834430403087664e+00 2.946246036640582489e+00 4.282328006106584262e+00 2.150016069802581953e+01 5.521362150936819368e+00 1.203290068204758007e-01
0.000000000000000000e+00 1.092801686515678522e-03 2.271572880413281342e-02 5.407838579360856046e-03 2.700003332836886302e-02 9.211497771154865399e-02 7.003925612041965107e-03 9.874407821479733605e-04
0.000000000000000000e+00 6.610227194671179640e-02 2.094268935619389094e+00 1.599603780499040173e+00 4.905402465773343046e+00 1.805177150524470875e+01 6.784421962625782898e-01 6.061932365674274625e-03
0.000000000000000000e+00 1.092801686515678522e-03 1.173181201448080142e-03 2.699536094263447344e-02 2.641538500612086032e-02 1.366960235781970179e-01 7.674990942979601979e-03 9.665598904558357759e-04
0.000000000000000000e+00 1.092801686515678522e-03 2.269206682844730760e-02 5.407838579360856046e-03 5.371489922742340127e-03 1.800985639237192570e-01 7.560814788311476763e-03 2.270585977017985577e-02
0.000000000000000000e+00 1.092801686515678522e-03 2.269206682844730760e-02 1.792738353932084583e-01 5.443801461304042556e-03 7.661728332649046791e-02 2.382153242189577122e-02 7.897167544578481777e-04
0.000000000000000000e+00 1.313156514981368428e-01 2.999427689440914979e-01 8.111517778202592677e-01 4.733554356262320573e-01 3.538546083085357674e-01 5.208161594673816480e-02 1.822789993357508669e-03
0.000000000000000000e+00 1.092801686515678522e-03 2.183340190616375853e+00 3.069726558584626730e+00 2.725036245113421352e+00 3.178352390808641736e+00 7.755671067248784412e-02 8.518519810285920396e-03
0.000000000000000000e+00 1.530534446819437899e-01 1.443801559765468312e+00 2.283969954724644202e-01 9.212297942613080215e-01 5.497760865318372936e-01 2.695003326051430628e-02 3.154203342175274181e-03
0.000000000000000000e+00 1.313156514981368428e-01 1.267822243272819893e+00 1.578005365329106846e+00 1.573957139173183695e+00 3.264276234174921854e+00 4.682148566328548922e-01 6.950146775950251030e-03
0.000000000000000000e+00 1.092801686515678522e-03 1.173181201448080142e-03 2.706819152513666865e-02 5.298687573572281526e-03 1.380544343359454418e-01 7.724037935616124076e-03 9.650466980226360056e-04
0.000000000000000000e+00 1.313156514981368428e-01 1.426202520890248238e+00 6.912892499263052493e-01 1.214475342601552654e+00 7.127384705501909057e-01 6.767485254631453451e-01 5.297015084197204300e-03
0.000000000000000000e+00 1.092801686515678522e-03 2.269206682844730760e-02 2.710928310655137327e-02 5.376159772510975474e-03 9.459498166254518003e-02 7.514344374743487168e-03 9.635270234042374706e-04
0.000000000000000000e+00 1.092801686515678522e-03 2.269206682844730760e-02 4.787141789518067209e-03 2.656148392988956150e-02 1.152017517267363289e-01 7.659190025120729030e-03 9.890019156728062279e-04
0.000000000000000000e+00 1.092801686515678522e-03 1.748566191151064431e-01 1.451860085101720765e-01 1.621791026271496017e-01 7.406293117448191354e-02 4.245851765257711505e-03 5.417840644330934249e-04
0.000000000000000000e+00 1.530534446819437899e-01 1.197432239027246048e+00 1.760404981163590232e+00 1.511422569897061807e+00 3.159705050437382035e+00 2.094656670035906831e+00 8.519816690057156749e-03
0.000000000000000000e+00 2.262668557909372838e-02 2.049727750409147564e+00 1.888192083606654137e+00 4.697762668360056182e+00 1.514780129671700237e+01 7.953705526132678894e-02 8.388049460945038935e-03
0.000000000000000000e+00 6.610227194671179640e-02 2.116537941712278936e+00 7.500835099788277560e+00 2.454724226500242779e+01 6.933426905792907213e+00 3.566820820504548045e-03 2.948291899282263367e-04
0.000000000000000000e+00 2.262668557909372838e-02 2.161072780873597665e+00 1.840008343807115976e+00 4.074367659215677229e+00 8.209231801934112838e+00 8.497210006698223406e-02 9.463159601612905827e-03
0.000000000000000000e+00 1.092801686515678522e-03 1.892142280635976004e+00 2.224876309530147811e+00 2.727067196599774945e+01 1.234606473093295875e+01 3.566820820504548045e-03 2.948291899282263367e-04
0.000000000000000000e+00 1.965290310495598214e-01 1.373412770016410933e+00 1.888196176059683928e+00 5.320510838388774921e+00 2.150023612787134653e+01 2.781664992367903544e+00 5.232981165930762624e-02
0.000000000000000000e+00 1.313156514981368428e-01 1.478995946762724056e+00 9.943805304329496053e-01 8.777738286114030730e-01 7.743085554541627724e-01 1.960929098132103143e-01 4.081950213256254657e-03
0.000000000000000000e+00 2.262668557909372838e-02 2.205610793059377794e+00 1.743810417983186367e+00 3.971059485828894342e+00 2.041101952393012198e+01 4.148819570209667518e+00 6.243783647044867657e-02
0.000000000000000000e+00 1.095778583143278001e-01 2.618155190865706361e-01 3.876114891812716401e+00 3.307911906710756256e+01 6.860473622221615386e+00 3.954665997645479686e-03 9.634333559284065374e-03
0.000000000000000000e+00 1.530534446819437899e-01 1.591615302018831446e-01 1.333873599839853485e-01 1.674485049999048236e-01 1.248120521311639336e-01 2.217157436041514162e-02 4.811076338112129725e-04
0.000000000000000000e+00 1.530534446819437899e-01 1.320616899396357402e+00 2.561475960618113223e+00 4.282494084245190180e+00 1.677897997384465967e+01 6.971020752513552854e-02 1.512116791566992247e-01
0.000000000000000000e+00 1.313156514981368428e-01 3.527361948165672056e-01 1.322373382243064999e-01 2.567033229145080919e-01 2.471019644362919820e-01 1.792739307832955098e-01 1.093159700173284600e-03
0.000000000000000000e+00 1.092801686515678522e-03 2.116533172337706326e+00 1.791915610439068551e+00 4.593789336129270318e+00 1.895918676556409821e+01 1.830758820071669291e-01 6.061932365674274625e-03
0.000000000000000000e+00 1.092801686515678522e-03 2.183340190616375853e+00 1.840087930636849833e+00 4.074700289549888055e+00 1.750712573520222293e+01 3.578611895779000296e-01 2.952366349224960218e-01
0.000000000000000000e+00 6.610227194671179640e-02 2.138806947805169667e+00 1.791988978328858284e+00 4.282313668934214057e+00 1.478405881061397942e+01 2.472820720703435282e-01 8.394690713401105342e-03
0.000000000000000000e+00 1.530534446819437899e-01 1.426203751141309262e+00 2.176778789977912965e+00 4.593775873905125096e+00 1.296907743028416959e+01 8.075405895717738258e-02 8.460565119266811457e-03
0.000000000000000000e+00 1.530534446819437899e-01 1.461399368389626696e+00 2.128680523841622207e+00 4.281506652489881048e+00 1.206143746886264978e+01 8.711483663266704480e-02 9.190213910074152351e-03
0.000000000000000000e+00 1.092801686515678522e-03 2.269206682844730760e-02 2.714563176316988832e-02 5.376159772510975474e-03 9.453091701159324622e-02 2.951065143464251181e-02 9.650466980226360056e-04
0.000000000000000000e+00 1.530534446819437899e-01 2.027468184283835573e+00 1.791911181882764437e+00 4.282494084245190180e+00 2.222540808115261513e+01 4.107515927760414520e+00 2.339317334321668884e-01
0.000000000000000000e+00 1.092801686515678522e-03 2.183340190616375853e+00 3.007406858660992999e+00 2.725053816947146323e+00 3.177741462098432113e+00 4.081255272927769573e-01 8.517985964694682263e-03
0.000000000000000000e+00 1.092801686515678522e-03 2.269206682844730760e-02 4.823690746080529224e-03 5.189268467345230576e-03 2.032678138873705020e-01 2.394245055013376547e-02 8.056469898885567889e-04
0.000000000000000000e+00 1.092801686515678522e-03 2.227878202802155982e+00 3.007402049266875821e+00 2.828825066792496123e+00 3.894486002532949076e+00 2.436875605003329393e-01 8.516664572416869292e-03
0.000000000000000000e+00 1.095778583143278001e-01 2.094272082313814565e+00 3.069724238776830205e+00 2.620719673674724692e+00 3.177798456904290969e+00 2.235720128706477627e+00 1.900741071711928576e-01
0.000000000000000000e+00 8.784006513051878517e-02 1.739983922989308818e+00 3.942217102602984635e+00 2.932649624497746910e+00 2.022959780569694743e+01 2.362831705126274162e+00 7.604481825351565305e-02
0.000000000000000000e+00 1.092801686515678522e-03 1.173181201448080142e-03 2.706819152513666865e-02 5.371489922742340127e-03 2.249416994000055514e-01 6.145810781941783707e-03 7.861209959468121785e-04
0.000000000000000000e+00 8.784006513051878517e-02 2.072001506172175489e+00 1.888186752045150740e+00 4.282147492183271176e+00 2.258847874603218386e+01 4.284220463103804555e+00 1.690277008660865388e-01
0.000000000000000000e+00 1.530534446819437899e-01 1.767593388260406684e-01 2.631713111083038847e-01 3.176360899544092842e-01 1.798873126893665020e-01 2.397365289940924307e-02 8.387205207682136470e-04
0.000000000000000000e+00 1.530534446819437899e-01 3.351396164434696234e-01 1.087356008336503588e-01 1.982021550412163824e-01 1.462289230701733500e-01 1.869510773498671979e-02 6.476487478584786123e-04
0.000000000000000000e+00 1.313156514981368428e-01 3.351383861924080443e-01 4.730107097362662438e-01 3.836275526880505438e-01 2.986910937288966283e-01 9.717138936910721392e-02 1.413736300888388496e-03
0.000000000000000000e+00 2.262668557909372838e-02 1.531203842014980665e-01 1.627543056073715022e-01 4.403705034482065586e-03 9.179390039268425783e-02 1.953286361122871448e-02 6.566529894234754156e-04
0.000000000000000000e+00 8.784006513051878517e-02 1.674770543437882786e+00 2.657750197819873428e+00 4.282479554905386010e+00 1.641828826294787547e+01 3.578153978502049970e-01 7.146259819871692530e-03
0.000000000000000000e+00 1.530534446819437899e-01 2.072006196469615702e+00 1.647695571140318949e+00 4.385815350820191583e+00 1.333274448654165845e+01 2.470673975585114535e-01 8.449551837411388086e-03
0.000000000000000000e+00 1.530534446819437899e-01 1.591615302018831446e-01 9.265201231202836452e-01 9.192203555084398348e-01 4.530957067629916013e-01 4.051214205530674350e-01 3.149422926197679128e-03
0.000000000000000000e+00 8.784006513051878517e-02 2.116539518357955618e+00 1.791988978328858284e+00 4.282313668934214057e+00 8.028796925315960564e+00 8.268144158147344713e-02 1.898088724497494217e-01
0.000000000000000000e+00 1.092801686515678522e-03 2.269206682844730760e-02 2.714563176316988832e-02 4.572516785464735348e-03 9.396026528883962003e-02 2.925213755855046727e-02 9.650466980226360056e-04
0.000000000000000000e+00 1.313156514981368428e-01 2.072004639658256320e+00 1.791909445943494772e+00 4.282147492183271176e+00 2.186323240393730671e+01 4.018747621758572031e+00 2.474291813927095851e-01
0.000000000000000000e+00 1.092801686515678522e-03 2.205609196709266584e+00 2.945084838929566295e+00 6.402088584841348684e+00 7.889012994022179370e+00 2.684201171882821257e-01 9.209578978865259197e-03
0.000000000000000000e+00 8.784006513051878517e-02 2.993488856916807439e+00 2.384072696705401118e+00 3.036292375823362200e+00 6.384744009825079836e+00 9.883679455519737145e-01 9.229069306737600065e-03
0.000000000000000000e+00 1.530534446819437899e-01 1.426203751141309262e+00 1.213263893366300472e+00 1.698495347075128059e+00 6.021567626253368388e+00 7.731411338861807203e-02 8.519816690057156749e-03
0.000000000000000000e+00 1.313156514981368428e-01 1.443800329514406400e+00 1.322705156075250299e+00 1.324254457668796459e+00 7.571465962338871369e-01 3.477025318224503947e-02 4.089139527649506001e-03
0.000000000000000000e+00 1.095778583143278001e-01 8.791317361610251346e-02 4.058462521963212666e+00 3.380398361722811984e+01 6.860803777237606482e+00 3.566820820504548045e-03 2.948291899282263367e-04
0.000000000000000000e+00 1.530534446819437899e-01 1.426203751141309262e+00 2.272973113826616931e+00 2.024319235664821193e+00 1.811674709885049195e+00 6.174366682353573527e-02 1.424382522647867910e-01
0.000000000000000000e+00 1.092801686515678522e-03 2.227878202802155982e+00 3.007402049266875821e+00 6.537319030750171400e+00 6.043685345383285501e+00 8.582646389206523285e-02 9.243144938974285491e-03
0.000000000000000000e+00 1.092801686515678522e-03 2.138802178430595724e+00 1.791993956912277364e+00 4.593775873905125096e+00 1.805177150524470875e+01 5.935707383151147404e-02 6.094551848058890609e-03
0.000000000000000000e+00 1.092801686515678522e-03 1.313810327474904116e-01 1.627767153729890448e-01 4.397418937006064912e-03 4.155127092694015783e-02 6.220113598115683921e-03 7.932645432083070165e-04
0.000000000000000000e+00 1.530534446819437899e-01 1.443801559765468312e+00 2.176778302740116633e+00 4.386148740984194383e+00 1.315050117950355180e+01 8.075405895717738258e-02 1.762452513811845478e-01
0.000000000000000000e+00 1.095778583143278001e-01 2.116541088406703963e+00 2.945082349343245198e+00 2.828842934805581244e+00 2.906874295627133176e+00 2.068251233472771844e+00 9.254794135851890716e-03
0.000000000000000000e+00 1.092801686515678522e-03 2.269206682844730760e-02 2.710928310655137327e-02 4.718433827833139020e-03 4.962436824462770901e-02 7.483217871349483359e-03 9.604682846302586190e-04
0.000000000000000000e+00 6.610227194671179640e-02 1.653031211218273011e+00 2.657748976907673644e+00 4.282508319581078027e+00 1.678038905772018197e+01 3.578153978502049970e-01 7.146259819871692530e-03
0.000000000000000000e+00 1.313156514981368428e-01 3.527361948165672056e-01 4.612616616935003022e-01 4.181679887945093377e-01 2.095631089066541386e-01 4.045267700286916263e-02 1.409363824100154068e-03
0.000000000000000000e+00 1.747912378657528187e-01 2.049738740547491389e+00 1.743810417983186367e+00 4.178340802491105954e+00 2.168165883605880495e+01 3.930806514449877831e+00 2.474405353243936678e-01
0.000000000000000000e+00 1.313156514981368428e-01 1.943559171991381673e-01 1.478100722364830977e-01 1.086977596264142032e-01 1.527744980449050327e-01 3.547581736089047092e-03 9.767777641185575177e-03
0.000000000000000000e+00 1.092801686515678522e-03 2.183340190616375853e+00 3.069726558584626730e+00 6.672832467602822781e+00 6.404094672395125976e+00 8.591366378540483961e-02 9.235389870891275860e-03
0.000000000000000000e+00 2.400046174171778790e-01 1.391013002304484436e+00 1.213263055850848149e+00 1.573944425914326484e+00 9.974345651765321730e-01 4.621877438869336774e-01 2.129238491492099483e-01
0.000000000000000000e+00 1.313156514981368428e-01 2.119537258232973009e-01 2.776182460258540541e-01 2.075318643835322718e-01 2.067801953703101714e-01 5.435908476940372325e-03 6.496098189904028330e-04
0.000000000000000000e+00 1.092801686515678522e-03 2.205609196709266584e+00 1.791988978328858284e+00 4.178672865213220788e+00 1.986593228672387212e+01 4.146898984849133996e+00 6.244328005016729771e-02
0.000000000000000000e+00 1.092801686515678522e-03 1.531188259312973865e-01 1.451529794146920460e-01 2.199522756116521760e-02 1.349120137718753665e-01 1.959714974906164031e-02 6.585069372349182555e-04
0.000000000000000000e+00 2.262668557909372838e-02 2.138803774780707823e+00 1.888186752045150740e+00 3.970893599857722833e+00 1.986652510983117281e+01 1.836506695640404141e-01 1.297448563036747160e-01
0.000000000000000000e+00 1.313156514981368428e-01 1.461398138138565672e+00 1.213263523809362310e+00 1.573849775979595744e+00 7.569103464971027595e-01 1.603868666720750236e+00 6.941545220433661262e-03
0.000000000000000000e+00 2.262668557909372838e-02 1.531203842014980665e-01 1.627543056073715022e-01 1.189697625185272140e-01 2.040929402411642279e-01 3.455779837949479304e-03 9.762435852067903944e-03
0.000000000000000000e+00 1.092801686515678522e-03 2.269206682844730760e-02 3.170303746797225042e+00 3.507577724185556178e+01 6.860812940461214815e+00 1.330047663116363903e-02 2.948291899282263367e-04
0.000000000000000000e+00 4.573825492552620053e-01 1.190420575511459411e+00 3.630512682993900064e+00 4.911647965468661781e+00 2.204449101473142392e+01 5.045463807168891535e+00 3.426475569676330490e-01
0.000000000000000000e+00 8.784006513051878517e-02 2.138808524450845017e+00 2.945082349343245198e+00 2.725036245113421352e+00 3.042308060301180284e+00 2.428101308433842642e-01 8.518519810285920396e-03
0.000000000000000000e+00 2.262668557909372838e-02 1.531203842014980665e-01 1.451860085101720765e-01 1.333144758975646493e-01 2.158072424547415602e-01 2.217683568558071958e-02 4.476513227003267744e-04
0.000000000000000000e+00 1.092801686515678522e-03 2.161071184523486455e+00 1.791992428196448772e+00 4.386148740984194383e+00 1.496622772883849350e+01 8.101022777254539287e-02 8.401221474249619126e-03
0.000000000000000000e+00 1.092801686515678522e-03 1.173181201448080142e-03 2.714089115431556065e-02 4.568251933877203602e-03 5.110326160071342050e-02 7.595691928788563321e-03 9.589292488307242209e-04
0.000000000000000000e+00 1.530534446819437899e-01 3.351396164434696234e-01 7.286930724050817432e-01 4.510867589313702908e-01 2.399684609593559226e-01 5.199822479791543772e-02 1.817748576392126843e-03
0.000000000000000000e+00 1.092801686515678522e-03 2.138802178430595724e+00 1.840091118836630457e+00 4.490121698965403141e+00 5.719399570303023594e+00 2.650839409547113834e-01 9.245781317842318228e-03
0.000000000000000000e+00 8.784006513051878517e-02 2.005194487893504629e+00 1.936288108335975755e+00 4.386148740984194383e+00 1.732570352326726493e+01 2.657664156292271596e+00 5.081784308355222213e-03
0.000000000000000000e+00 8.784006513051878517e-02 3.021986282814610902e+00 2.384170778117303602e+00 3.036601868845128394e+00 6.384813003935392750e+00 4.466656987782309240e-01 1.898198093846697188e-01
0.000000000000000000e+00 1.092801686515678522e-03 1.531188259312973865e-01 1.627507880388512351e-01 4.400584088684033994e-03 1.493321686308533014e-01 1.960706426569151090e-02 6.594271842131245454e-04
0.000000000000000000e+00 1.092801686515678522e-03 1.748566191151064431e-01 1.275586883590548726e-01 2.193597552770105985e-02 1.494640108564502246e-01 5.321564958232482927e-03 6.585069372349182555e-04
0.000000000000000000e+00 1.313156514981368428e-01 1.461398138138565672e+00 6.626012442164148641e-01 1.166690625495943712e+00 7.129793600625561334e-01 3.564165518811290845e-01 4.084930716508388716e-03
0.000000000000000000e+00 1.530534446819437899e-01 1.443801559765468312e+00 1.249683240480620183e+00 1.573640947891431052e+00 1.077596386210489809e+00 1.495673520818261992e-01 5.307805689626620207e-03
0.000000000000000000e+00 1.092801686515678522e-03 2.205609196709266584e+00 1.695794654480156538e+00 4.282175493812127698e+00 2.004735554231385208e+01 4.148820529859576389e+00 2.741269557125495214e-03
0.000000000000000000e+00 1.530534446819437899e-01 1.938392159912275536e+00 1.984385270260326628e+00 4.282328006106584262e+00 1.387723890064060228e+01 2.486499046901541610e-01 8.432236112198336631e-03
0.000000000000000000e+00 1.313156514981368428e-01 1.461398138138565672e+00 3.630617124137943907e+00 3.140426642914686539e+00 1.569229571081594621e+01 3.577585810948066825e-01 1.512308173312429393e-01
0.000000000000000000e+00 1.313156514981368428e-01 4.055296206890430244e-01 6.749496165849162566e-01 9.476218390402767477e-01 4.533662458795525430e-01 2.132782240917312500e-01 5.052263133341944323e-02
0.000000000000000000e+00 1.313156514981368428e-01 1.303017860521137328e+00 9.192679963699263990e-01 2.196896220052269921e+00 8.367576830185686765e-01 1.915337290118429570e+00 6.946006760321015577e-03
0.000000000000000000e+00 1.313156514981368428e-01 2.295515344474564623e-01 8.688228211881476870e-01 4.065111199082692139e-01 7.813713785685475477e-01 6.828841073848879173e-02 2.412643556349528852e-03
0.000000000000000000e+00 1.747912378657528187e-01 2.049738740547491389e+00 4.910524496165547426e+00 2.636231320808928658e+01 4.682384817286818546e+00 3.485899647533137746e-01 1.894639518511164258e-02
0.000000000000000000e+00 1.530534446819437899e-01 3.527374250676288403e-01 4.965160584506204122e-01 1.108689022024628157e-01 2.311453698113952737e-01 9.831097873939954879e-02 2.339349154858527333e-02
0.000000000000000000e+00 1.313156514981368428e-01 1.443800329514406400e+00 3.755153395507572434e+00 3.036438446176822570e+00 1.569229571081594621e+01 6.898739801103849489e-02 7.369643848026808004e-03
0.000000000000000000e+00 2.262668557909372838e-02 2.269362509864800148e-02 1.357665176219223779e-01 9.233352933111969862e-02 2.392794192794734515e-02 6.289524312231804110e-03 7.897167544578481777e-04
0.000000000000000000e+00 1.092801686515678522e-03 1.531188259312973865e-01 5.398697853670759127e-03 5.398697853670759127e-03 2.526748996266998115e-01 5.137131115127857410e-03 6.538385866826957075e-04
0.000000000000000000e+00 1.092801686515678522e-03 1.173181201448080142e-03 2.710455927363353626e-02 5.371489922742340127e-03 7.042260386243880121e-02 2.871303009270747761e-02 9.858730357398864854e-04
0.000000000000000000e+00 1.530534446819437899e-01 3.527374250676288403e-01 5.082669271459490101e-01 8.402863189397491439e-02 2.311344326467914823e-01 9.221348736214537989e-03 1.119682226957328247e-03
0.000000000000000000e+00 2.262668557909372838e-02 1.313825910176890654e-01 1.627507880388512351e-01 1.477832431593602280e-01 3.411689959308834147e-02 1.971691755746319760e-02 6.612541725697657774e-04
0.000000000000000000e+00 8.784006513051878517e-02 2.116539518357955618e+00 1.791909445943494772e+00 4.282313668934214057e+00 8.389225410540523953e+00 8.433441240499264802e-02 1.898028012079396032e-01
0.000000000000000000e+00 2.262668557909372838e-02 1.531203842014980665e-01 1.451564969832140062e-01 1.333387929091937318e-01 1.806278383864771409e-01 1.624002798872719797e-02 9.761884977615924164e-03
0.000000000000000000e+00 2.262668557909372838e-02 2.116534768687817536e+00 1.888028775660788083e+00 4.386134695798749483e+00 1.932225847147557829e+01 1.836506695640404141e-01 6.041271343839825503e-03
0.000000000000000000e+00 1.313156514981368428e-01 1.461398138138565672e+00 2.061650455009856331e-01 8.847506083491114559e-01 6.941974538269390926e-01 5.260202602916588255e-01 4.073894113416432275e-03
0.000000000000000000e+00 8.784006513051878517e-02 2.138808524450845017e+00 1.695792733064670044e+00 4.386300773937355402e+00 5.388055037432110339e+00 8.438658346567759483e-02 9.251477682917287962e-03
0.000000000000000000e+00 1.092801686515678522e-03 2.269206682844730760e-02 5.407838579360856046e-03 2.656148392988956150e-02 2.893581263388637914e-02 6.960850442923566077e-03 9.589292488307242209e-04
0.000000000000000000e+00 1.092801686515678522e-03 1.096432395636813828e-01 5.426256561683382058e-03 2.694509113319487961e-02 2.702596389471514926e-01 1.969041134928653167e-02 6.547811714735796975e-04
0.000000000000000000e+00 1.313156514981368428e-01 1.443800329514406400e+00 1.322705156075250299e+00 1.386574157592426859e+00 7.571862211900586281e-01 1.488795131657693338e-01 5.298695050908678282e-03
0.000000000000000000e+00 1.092801686515678522e-03 2.138802178430595724e+00 1.695799633063573175e+00 4.801081387160835767e+00 1.333281991638717834e+01 7.930941914383153601e-02 8.449551837411388086e-03
0.000000000000000000e+00 2.262668557909372838e-02 1.313825910176890654e-01 1.627507880388512351e-01 1.622276697019412739e-01 3.421723666478211634e-02 3.957708925228582003e-02 5.410562845676930230e-04
0.000000000000000000e+00 1.530534446819437899e-01 1.179834430403087664e+00 2.946246036640582489e+00 4.282328006106584262e+00 2.150016069802581953e+01 5.521362150936819368e+00 1.203290068204758007e-01
0.000000000000000000e+00 1.092801686515678522e-03 2.269206682844730760e-02 2.010479772336359883e-01 5.448050958325530331e-03 4.154025917429291642e-02 2.396837104726180084e-02 7.885234823621367368e-04
0.000000000000000000e+00 1.092801686515678522e-03 2.269206682844730760e-02 5.407838579360856046e-03 2.670775838198606936e-02 9.446697076276062977e-02 2.874171879584894521e-02 9.650466980226360056e-04
0.000000000000000000e+00 1.530534446819437899e-01 1.197432239027246048e+00 1.760466099679317109e+00 1.511422569897061807e+00 3.160520612511391381e+00 2.094656670035906831e+00 3.405449579260561577e-01
0.000000000000000000e+00 1.092801686515678522e-03 1.173181201448080142e-03 2.714089115431556065e-02 5.407838579360856046e-03 2.811528195561308063e-02 2.931753746016822065e-02 9.589292488307242209e-04
0.000000000000000000e+00 2.262668557909372838e-02 2.116534768687817536e+00 1.840091118836630457e+00 4.490121698965403141e+00 1.968525474754154558e+01 1.836512428640041106e-01 6.182884097383608592e-03
0.000000000000000000e+00 1.530534446819437899e-01 1.767593388260406684e-01 2.631713111083038847e-01 1.982336756887111417e-01 9.540653511038067747e-02 1.874382493982546319e-02 6.442872240321644624e-04
0.000000000000000000e+00 1.092801686515678522e-03 2.269206682844730760e-02 2.714563176316988832e-02 2.634674832007202067e-02 1.584466266076771102e-01 2.388947793884206583e-02 7.861209959468121785e-04
0.000000000000000000e+00 8.784006513051878517e-02 2.138808524450845017e+00 1.695792733064670044e+00 4.074714626722258259e+00 1.986578203074049043e+01 4.253907393707295981e+00 2.746655397984113303e-03
0.000000000000000000e+00 1.313156514981368428e-01 3.527361948165672056e-01 1.439882069196351255e-01 2.567045851810035306e-01 2.202473993962501542e-01 9.317778282843200421e-02 8.418457857147650884e-04
0.000000000000000000e+00 1.092801686515678522e-03 2.269206682844730760e-02 5.371489922742340127e-03 2.652493497332709949e-02 5.108250366827438160e-03 2.938160211112012671e-02 9.589292488307242209e-04
0.000000000000000000e+00 1.092801686515678522e-03 1.313810327474904116e-01 1.623027258560230945e-01 4.249098493144229209e-03 2.400706788135734127e-02 2.391255239516067166e-02 7.932645432083070165e-04
0.000000000000000000e+00 1.530534446819437899e-01 3.175418078193105176e-01 7.421453288931192382e-01 4.510867589313702908e-01 9.748133147033549717e-02 1.203934534449562464e-02 2.991116219869193946e-02
0.000000000000000000e+00 1.313156514981368428e-01 1.478995946762724056e+00 1.840017563576384463e+00 5.112873727032373417e+00 1.732503274307572738e+01 6.975319135168209228e-02 1.511847712300525004e-01
0.000000000000000000e+00 1.313156514981368428e-01 1.478995946762724056e+00 1.839937458007378401e+00 5.112706075834928754e+00 1.714428081507980295e+01 2.124889149308650527e-01 7.309981423017994015e-03
0.000000000000000000e+00 1.530534446819437899e-01 1.215030047651405098e+00 1.760344729416602805e+00 1.511213557439691213e+00 2.952958055129879522e+00 1.146167584588086763e+00 6.952292065458052714e-03
0.000000000000000000e+00 1.095778583143278001e-01 3.052911054541887492e-01 5.254724194814571980e+00 3.199002878977106334e+01 6.933096456245260164e+00 1.330047663116363903e-02 2.948291899282263367e-04
0.000000000000000000e+00 1.965290310495598214e-01 1.391010578640569317e+00 1.888195818431799955e+00 5.216859970234826172e+00 2.168173426590432484e+01 2.958797788577384402e+00 1.023569772415530849e-01
0.000000000000000000e+00 1.092801686515678522e-03 1.173181201448080142e-03 2.706819152513666865e-02 4.531866263978256634e-03 7.277714711334645759e-02 6.912448794625092145e-03 9.604682846302586190e-04
0.000000000000000000e+00 1.530534446819437899e-01 3.175418078193105176e-01 7.421453288931192382e-01 4.065487467455901616e-01 3.824217877765198059e-01 1.558045735965274230e-02 3.830071837416647307e-02
0.000000000000000000e+00 2.262668557909372838e-02 2.071996756502037407e+00 1.840093784487271567e+00 4.697762668360056182e+00 1.496630315868402050e+01 7.951759440946500057e-02 8.394690713401105342e-03
0.000000000000000000e+00 1.092801686515678522e-03 1.313810327474904116e-01 1.627767153729890448e-01 4.397418937006064912e-03 4.155127092694015783e-02 6.434933580733478986e-03 1.839107316736746101e-02
0.000000000000000000e+00 1.092801686515678522e-03 1.313810327474904116e-01 1.627767153729890448e-01 4.397418937006064912e-03 7.669338081464385781e-02 6.460508275367367152e-03 7.956029257997442299e-04
0.000000000000000000e+00 1.092801686515678522e-03 1.313810327474904116e-01 2.155701412454648636e-01 2.203419502373962433e-02 3.408989807005567696e-02 1.964594851930554290e-02 6.710730969409653499e-04
0.000000000000000000e+00 1.092801686515678522e-03 1.748566191151064431e-01 1.451860085101720765e-01 1.621791026271496017e-01 7.477663040956933349e-02 4.245851765257711505e-03 5.417840644330934249e-04
0.000000000000000000e+00 1.313156514981368428e-01 1.943559171991381673e-01 1.333899173775051628e-01 2.144140867371948922e-01 2.580231527756501886e-01 5.392722519758063812e-03 6.625213151743394348e-04
0.000000000000000000e+00 2.262668557909372838e-02 2.205610793059377794e+00 2.945082349343245198e+00 6.537556046364570328e+00 7.526149334270810343e+00 2.684201171882821257e-01 9.209578978865259197e-03
0.000000000000000000e+00 2.262668557909372838e-02 2.116534768687817536e+00 1.888108587847980635e+00 4.282494084245190180e+00 1.369574076260762396e+01 8.008566305547606956e-02 1.762285727839995042e-01
0.000000000000000000e+00 1.530534446819437899e-01 1.391008133892992493e+00 7.197868109986667040e-01 1.070420999862730094e+00 8.986489619470221513e-01 1.159310887792490974e-01 4.080407901977321262e-03
0.000000000000000000e+00 1.092801686515678522e-03 2.269206682844730760e-02 1.792738353932084583e-01 1.802964544365286692e-01 6.297454732137502953e-02 1.966632907855370149e-02 6.566529894234754156e-04
0.000000000000000000e+00 2.262668557909372838e-02 1.531203842014980665e-01 1.451564969832140062e-01 1.333144758975646493e-01 2.040563737594140448e-01 2.223087135517361895e-02 4.362027172628853253e-04
0.000000000000000000e+00 8.784006513051878517e-02 2.138808524450845017e+00 2.882762649419612355e+00 2.620918538523537400e+00 3.448664899465080147e+00 2.069007403111460697e+00 9.253183776439978178e-03
0.000000000000000000e+00 1.095778583143278001e-01 2.049734070128034435e+00 1.743895266272095235e+00 4.386328950943205740e+00 5.055893360883425558e+00 2.433771426108438940e-01 8.509342749426137067e-03
0.000000000000000000e+00 1.313156514981368428e-01 3.351383861924080443e-01 4.729909113764190209e-01 3.492034190715551656e-01 2.763945905717560825e-01 1.183527708666559999e-02 2.990453947556445669e-02
0.000000000000000000e+00 6.610227194671179640e-02 2.138806947805169667e+00 1.743891816404507411e+00 4.281828087693406282e+00 1.532847883589933069e+01 7.953705526132678894e-02 8.388049460945038935e-03
0.000000000000000000e+00 1.095778583143278001e-01 1.960658045756474177e+00 2.032483569379709198e+00 4.386134695798749483e+00 1.405881246851910582e+01 2.487011787332047419e-01 8.420156034928726399e-03
0.000000000000000000e+00 1.092801686515678522e-03 2.227878202802155982e+00 3.007402049266875821e+00 6.402255630368892447e+00 7.526149334270810343e+00 8.611977717775261276e-02 9.214148595410736470e-03
0.000000000000000000e+00 1.313156514981368428e-01 1.267822243272819893e+00 2.802039659419309103e+00 4.178506979242047947e+00 2.150016069802581953e+01 1.720082020072039919e+00 7.610451829124140199e-02
0.000000000000000000e+00 1.530534446819437899e-01 1.591615302018831446e-01 1.622519155944725788e-01 1.792426036767564290e-01 1.621105570192693801e-01 1.407664392894887248e-02 4.965248145849210327e-04
0.000000000000000000e+00 1.092801686515678522e-03 1.096432395636813828e-01 2.712763820163087078e-02 5.430724740618388287e-03 2.350640216988348352e-01 2.405831689952651897e-02 6.528915648454622399e-04
0.000000000000000000e+00 1.530534446819437899e-01 3.527374250676288403e-01 1.439701927231721579e-01 2.566543169707161676e-01 2.202562188033437840e-01 5.876657469462130690e-02 8.410737115559344156e-04
0.000000000000000000e+00 1.092801686515678522e-03 2.138802178430595724e+00 1.695799633063573175e+00 4.801582713397655411e+00 1.333281991638717834e+01 7.930941914383153601e-02 8.449551837411388086e-03
0.000000000000000000e+00 1.530534446819437899e-01 1.461399368389626696e+00 2.080583361917268892e+00 4.282355804828634760e+00 1.260511551983317702e+01 8.718694385377301348e-02 9.179872774214559161e-03
0.000000000000000000e+00 8.784006513051878517e-02 1.696508336621691537e+00 4.004432137006086023e+00 3.244251118789044597e+00 2.022974916164046633e+01 2.257742049132731577e+00 7.612795435872928007e-02
0.000000000000000000e+00 1.313156514981368428e-01 1.267822243272819893e+00 2.801636211890977446e+00 4.178506979242047947e+00 2.150016069802581953e+01 1.720082020072039919e+00 7.610451829124140199e-02
0.000000000000000000e+00 1.092801686515678522e-03 1.096432395636813828e-01 2.712763820163087078e-02 5.430724740618388287e-03 2.350640216988348352e-01 2.405831689952651897e-02 6.528915648454622399e-04
0.000000000000000000e+00 1.965290310495598214e-01 1.338217152768093499e+00 1.432086101219239849e+00 5.320701473188521824e+00 2.186308104799376295e+01 3.047167316318922570e+00 5.231568086742784812e-02
0.000000000000000000e+00 1.313156514981368428e-01 1.443800329514406400e+00 3.755153395507572434e+00 2.932468033721177925e+00 1.569222028097042632e+01 6.897208003430646550e-02 7.375769177305327440e-03
0.000000000000000000e+00 1.092801686515678522e-03 8.790544637987234011e-02 2.664778774873969788e-02 2.716404974549241347e-02 1.641015081037905665e-01 2.400706788135734127e-02 7.920872968706603456e-04
0.000000000000000000e+00 1.530534446819437899e-01 1.426203751141309262e+00 1.322644417641764214e+00 2.906076232710003371e+00 2.621711143589673298e+01 3.084218510613085051e+00 2.048432839428502295e-01
0.000000000000000000e+00 1.095778583143278001e-01 2.116541088406703963e+00 3.007299070568003163e+00 6.130847840940846005e+00 8.252009270088144888e+00 8.700125689063947787e-02 1.907030392040676703e-01
0.000000000000000000e+00 1.095778583143278001e-01 8.791317361610251346e-02 4.058462521963212666e+00 3.380516639852574201e+01 6.860803777237606482e+00 3.566820820504548045e-03 2.948291899282263367e-04
0.000000000000000000e+00 8.784006513051878517e-02 2.116539518357955618e+00 1.647697492555803445e+00 4.489969184212959874e+00 9.111493281655107523e+00 8.648424032579664356e-02 9.253994129781716385e-03
0.000000000000000000e+00 1.747912378657528187e-01 2.027469734454601547e+00 1.743812284019143677e+00 4.178354948289271675e+00 2.186233692264365303e+01 4.019170434262973046e+00 2.474771441553776374e-01
0.000000000000000000e+00 4.573825492552620053e-01 1.190420575511459411e+00 3.630512682993900064e+00 5.047138362071772022e+00 2.204456136072012740e+01 5.118068609276976488e+00 2.722894411041791307e-01
0.000000000000000000e+00 2.262668557909372838e-02 2.116534768687817536e+00 1.791993956912277364e+00 4.593942330327531742e+00 8.930981824937571645e+00 2.679823783587828578e-01 9.250481612573807286e-03
0.000000000000000000e+00 1.313156514981368428e-01 3.703340034407263670e-01 4.730143210599648262e-01 3.664753222218330442e-01 7.585660662300949819e-02 7.605553707486269188e-02 1.096874068791293261e-03
0.000000000000000000e+00 1.313156514981368428e-01 1.943559171991381673e-01 8.400017580120983096e-01 5.178541798968522292e-01 4.109192136743233803e-01 5.208161594673816480e-02 7.478363179932359661e-02
0.000000000000000000e+00 1.965290310495598214e-01 1.355814961392252549e+00 1.395666442173533195e+00 5.320701473188521824e+00 2.240757546209271567e+01 2.958373661758721518e+00 1.023473058942337005e-01
0.000000000000000000e+00 1.747912378657528187e-01 1.408607167520563141e+00 3.755257155301318761e+00 2.932468033721177925e+00 1.931995390630639875e+01 2.257744078312723168e+00 9.257159081111815402e-02
0.000000000000000000e+00 2.262668557909372838e-02 2.116534768687817536e+00 1.840091118836630457e+00 4.489955430676360493e+00 5.885412140921026491e+00 2.651389933611275063e-01 9.243688593854996333e-03
0.000000000000000000e+00 1.092801686515678522e-03 4.442986001225633641e-02 1.793148702538980011e-01 3.957654854067703398e-02 4.151295359816081776e-02 2.399419356724738495e-02 7.909046966150669973e-04
0.000000000000000000e+00 1.092801686515678522e-03 2.205609196709266584e+00 1.791988978328858284e+00 4.074866175521059120e+00 1.968510339159800537e+01 4.251988476186364885e+00 2.746655397984113303e-03
0.000000000000000000e+00 1.313156514981368428e-01 3.351383861924080443e-01 7.018275883487333777e-01 4.288538656007815919e-01 3.822849653136288772e-01 5.261299347680374883e-01 2.418536435799757169e-03
0.000000000000000000e+00 1.530534446819437899e-01 1.767593388260406684e-01 2.631955636529963449e-01 1.795790240181392439e-01 7.506422939186505050e-02 4.027769908584393106e-03 1.064941275448908625e-02
0.000000000000000000e+00 1.530534446819437899e-01 1.391008133892992493e+00 1.359186021270549327e+00 1.511422569897061807e+00 1.077872941186761580e+00 4.654451409393211420e-02 5.304954405920433297e-03
0.000000000000000000e+00 2.262668557909372838e-02 2.138803774780707823e+00 1.888186752045150740e+00 4.074700289549888055e+00 1.986660152963098724e+01 5.994770858648838102e-02 6.041271343839825503e-03
0.000000000000000000e+00 1.530534446819437899e-01 2.072006196469615702e+00 4.589877212029713327e+00 2.490962744387428174e+01 6.404591039563810817e+00 5.425394486886454537e-01 3.331793805321401031e-04
0.000000000000000000e+00 2.262668557909372838e-02 1.531203842014980665e-01 1.451860085101720765e-01 1.333387929091937318e-01 1.571261009958209998e-01 4.322388967441137542e-03 1.229623572825342022e-02
0.000000000000000000e+00 1.092801686515678522e-03 1.173181201448080142e-03 2.710455927363353626e-02 4.677591822311834985e-03 7.290507513294409991e-02 7.483217871349483359e-03 9.604682846302586190e-04
0.000000000000000000e+00 5.225959288066891473e-01 2.395081467436867673e+00 4.186909409666538906e+00 2.073590896062425770e+01 5.749710574848977629e+00 1.043356092517378819e+00 2.179358046083013534e+00
0.000000000000000000e+00 3.921691697038370283e-01 1.190417162786605143e+00 3.568194701901252319e+00 3.347928211664611631e+00 2.168091366705367307e+01 6.139493945265529717e+00 3.183165666005750016e-01
0.000000000000000000e+00 2.262668557909372838e-02 2.161072780873597665e+00 1.791990768712498960e+00 4.074714626722258259e+00 8.028570294946920427e+00 2.646766652323175872e-01 9.465982811398215499e-03
0.000000000000000000e+00 8.784006513051878517e-02 2.116539518357955618e+00 1.791909445943494772e+00 4.282313668934214057e+00 8.209382396781640168e+00 8.585657188013924579e-02 9.220415930627898562e-03
0.000000000000000000e+00 8.784006513051878517e-02 2.138808524450845017e+00 2.945082349343245198e+00 6.401637326241269577e+00 6.946481843045285487e+00 2.682531866421254407e-01 9.227212906409791235e-03
0.000000000000000000e+00 8.784006513051878517e-02 2.993488856916807439e+00 2.384174975079417447e+00 3.036619953222520873e+00 6.218731439207084932e+00 1.168898640489206553e+00 9.229069306737600065e-03
0.000000000000000000e+00 1.092801686515678522e-03 2.227878202802155982e+00 3.007402049266875821e+00 6.536890539350879159e+00 6.945851086792174556e+00 2.683380358443736569e-01 9.218610483606044445e-03
0.000000000000000000e+00 1.313156514981368428e-01 1.943559171991381673e-01 1.478343247811755024e-01 1.439305182578290432e-01 5.952077128416245755e-02 2.225014521496985684e-02 4.378190382796901719e-04
0.000000000000000000e+00 1.092801686515678522e-03 2.116533172337706326e+00 1.888109934287772962e+00 4.489955430676360493e+00 8.751138811178698518e+00 8.521343631936299789e-02 9.210852320335452884e-03
0.000000000000000000e+00 1.530534446819437899e-01 1.591615302018831446e-01 1.477832431593602280e-01 1.086959753374298343e-01 1.247859817576380675e-01 1.281996454899366963e-02 4.388813473658041589e-04
0.000000000000000000e+00 1.530534446819437899e-01 1.591615302018831446e-01 2.776131544662934214e-01 2.075294808765025256e-01 1.361389794289084854e-01 1.394889588116082768e-01 8.387205207682136470e-04
0.000000000000000000e+00 1.092801686515678522e-03 1.913880073819783645e+00 2.128681628053561870e+00 4.697261891992624783e+00 1.278832550228823628e+01 2.485091897774428793e-01 8.460565119266811457e-03
0.000000000000000000e+00 1.092801686515678522e-03 2.205609196709266584e+00 3.007404538853199583e+00 6.402065649761466304e+00 7.306893137921416148e+00 2.683380358443736569e-01 9.218610483606044445e-03
0.000000000000000000e+00 1.530534446819437899e-01 1.960661166005166045e+00 1.791915610439068551e+00 4.697762668360056182e+00 2.204398433193323470e+01 4.195879847573509736e+00 2.048465818405043049e-01
0.000000000000000000e+00 1.530534446819437899e-01 3.527374250676288403e-01 4.965160584506204122e-01 1.108914853185340166e-01 2.311453698113952737e-01 7.604197264650999766e-02 1.123541532401005913e-03
0.000000000000000000e+00 3.486935833362209691e-01 1.207675294290028178e+00 3.755154041275342802e+00 3.036473886023637547e+00 2.168083878461067115e+01 5.344634311310628050e+00 1.450149525494217329e-01
0.000000000000000000e+00 2.262668557909372838e-02 1.531203842014980665e-01 1.450677910447430996e-01 1.478075148429633112e-01 1.218085377793088619e-01 2.780836309434645340e-02 5.453670329259022913e-04
0.000000000000000000e+00 1.092801686515678522e-03 2.269206682844730760e-02 5.407838579360856046e-03 2.710928310655137327e-02 1.583734655396250579e-01 2.929860797212050644e-02 9.695667713737459587e-04
0.000000000000000000e+00 1.092801686515678522e-03 2.138802178430595724e+00 1.791993956912277364e+00 4.489969184212959874e+00 1.895918676556409821e+01 5.937229704733202468e-02 6.068636512964864678e-03
0.000000000000000000e+00 1.092801686515678522e-03 2.269206682844730760e-02 2.707289839483638383e-02 5.303324153501323517e-03 9.396026528883962003e-02 7.708051048734405886e-03 9.635270234042374706e-04
0.000000000000000000e+00 1.092801686515678522e-03 2.269206682844730760e-02 2.714563176316988832e-02 5.230368630967569855e-03 1.591736448402626125e-01 7.755922660242350539e-03 9.680665863708229476e-04
0.000000000000000000e+00 1.092801686515678522e-03 1.173181201448080142e-03 2.706819152513666865e-02 5.371489922742340127e-03 1.380544343359454418e-01 2.952679536637380434e-02 9.665598904558357759e-04
0.000000000000000000e+00 2.262668557909372838e-02 1.531203842014980665e-01 1.451564969832140062e-01 1.477589477681716668e-01 1.218085377793088619e-01 1.602025136333362285e-02 5.446579258685090713e-04
0.000000000000000000e+00 8.784006513051878517e-02 2.027463493986395360e+00 1.984304258136474708e+00 3.970893599857722833e+00 1.950130591747480580e+01 3.073510041218653899e-01 6.048250280346746492e-03
0.000000000000000000e+00 1.530534446819437899e-01 1.767593388260406684e-01 2.631713111083038847e-01 1.982336756887111417e-01 9.547427770462689478e-02 3.217552835423168750e-02 6.449687809397322558e-04
0.000000000000000000e+00 1.313156514981368428e-01 1.443800329514406400e+00 1.213203154932814387e+00 1.698596539020447382e+00 1.077912187061052629e+00 1.503981000223090780e-01 5.307805689626620207e-03
0.000000000000000000e+00 1.092801686515678522e-03 1.805191107900741665e+00 3.879897195938877275e+00 2.599986264892488919e+01 1.182062829303618479e+01 3.528566292015173668e-03 2.948291899282263367e-04
0.000000000000000000e+00 2.262668557909372838e-02 2.161072780873597665e+00 1.791990768712498960e+00 4.074714626722258259e+00 8.028570294946920427e+00 8.409119376662924084e-02 9.468703371531632038e-03
0.000000000000000000e+00 1.095778583143278001e-01 3.270288986379977780e-01 5.447121028830447464e+00 3.126392203917598422e+01 6.860473622221615386e+00 3.954665997645479686e-03 9.634333559284065374e-03
0.000000000000000000e+00 1.530534446819437899e-01 2.072006196469615702e+00 4.589877212029713327e+00 2.490962744387428174e+01 6.404591039563810817e+00 5.426182939893867685e-01 3.331793805321401031e-04
0.000000000000000000e+00 1.530534446819437899e-01 1.943571474501997742e-01 2.631980911668761469e-01 1.702213810130524529e-01 1.360847909328843364e-01 1.857887558104708708e-02 6.456457234857303391e-04
0.000000000000000000e+00 1.092801686515678522e-03 1.173181201448080142e-03 2.699536094263447344e-02 2.626965944778728718e-02 1.366356723558180553e-01 7.545354023008630368e-03 9.665598904558357759e-04
0.000000000000000000e+00 1.313156514981368428e-01 1.943559171991381673e-01 2.776157185119729198e-01 2.465375568893886093e-01 1.933574003900548066e-01 5.435908476940372325e-03 1.408131323339599332e-02
0.000000000000000000e+00 1.092801686515678522e-03 2.205609196709266584e+00 1.743732631155745949e+00 4.178687394553029399e+00 1.950286112821490647e+01 4.043733321017437987e+00 2.762470752154248983e-03
0.000000000000000000e+00 1.747912378657528187e-01 2.049738740547491389e+00 4.910524496165547426e+00 2.636231320808928658e+01 4.682384817286818546e+00 3.485899647533137746e-01 1.894639518511164258e-02
0.000000000000000000e+00 1.530534446819437899e-01 1.767593388260406684e-01 8.976823774480087170e-01 9.192675965736195609e-01 3.802494720535542494e-01 4.531425937089141320e-01 2.428106394258177508e-03
0.000000000000000000e+00 1.313156514981368428e-01 3.527361948165672056e-01 1.322373382243064999e-01 2.567033229145080919e-01 2.471019644362919820e-01 1.619728516415004094e-01 1.092210750460560591e-03
0.000000000000000000e+00 1.313156514981368428e-01 1.478995946762724056e+00 2.284337659345895832e-01 7.754878919411711813e-01 5.977954332622097411e-01 8.944550841295657861e-02 1.277920354329593333e-01
0.000000000000000000e+00 1.313156514981368428e-01 1.426202520890248238e+00 6.912892499263052493e-01 1.214712485635785155e+00 7.127384705501909057e-01 3.564165518811290845e-01 8.424675175046586473e-02
0.000000000000000000e+00 1.313156514981368428e-01 1.320615669145295712e+00 1.541526563163943875e+00 1.386985326143431951e+00 3.264224921274636593e+00 4.687156015725524871e-01 6.949447663958261724e-03
0.000000000000000000e+00 1.313156514981368428e-01 1.461398138138565672e+00 2.507030576867657623e-01 7.754878919411711813e-01 5.496982713378587571e-01 2.140526442073419910e-01 1.277936031894391644e-01
0.000000000000000000e+00 1.313156514981368428e-01 3.703340034407263670e-01 4.730143210599648262e-01 3.837454324822705543e-01 5.360094974577464533e-02 9.832454316775331160e-02 1.097782193785699564e-03
0.000000000000000000e+00 1.530534446819437899e-01 1.461399368389626696e+00 2.080583361917268892e+00 4.489969184212959874e+00 1.260600676540460086e+01 8.066330724751111236e-02 8.476298825357331257e-03
0.000000000000000000e+00 1.092801686515678522e-03 2.227878202802155982e+00 3.007402049266875821e+00 6.537746026972002689e+00 7.344716682173044298e+00 8.692197915530444630e-02 1.907122866283884333e-01
0.000000000000000000e+00 1.092801686515678522e-03 8.790544637987234011e-02 5.421733815267270988e-03 4.820256986036828423e-02 1.641015081037905665e-01 6.409259257198190313e-03 7.909046966150669973e-04
0.000000000000000000e+00 1.092801686515678522e-03 2.161071184523486455e+00 1.888107111706203822e+00 4.178506979242047947e+00 1.750645649229511136e+01 3.572124295749070089e-01 2.952295545974641944e-01
0.000000000000000000e+00 1.313156514981368428e-01 1.144637582903708317e+00 1.090246218765307917e+00 4.028705779386675623e+00 5.074376655479446718e+00 5.755944225264826297e-01 8.516664572416869292e-03
0.000000000000000000e+00 2.262668557909372838e-02 2.618093501205391305e-01 3.876088391701481672e+00 2.763424695347806548e+01 1.601765133195442559e+01 3.566820820504548045e-03 2.948291899282263367e-04
0.000000000000000000e+00 8.784006513051878517e-02 2.049732500079284758e+00 1.936205749772331730e+00 3.970893599857722833e+00 1.968280405550779122e+01 5.994579136427808513e-02 6.055137120237564195e-03
0.000000000000000000e+00 2.262668557909372838e-02 2.183341786966488396e+00 1.791909445943494772e+00 3.971059485828894342e+00 2.041027644483943604e+01 4.148819570209667518e+00 2.735825977406862800e-03
0.000000000000000000e+00 1.530534446819437899e-01 1.591615302018831446e-01 2.920333093252699963e-01 1.889075553000996444e-01 1.361321880724606359e-01 1.529124337604819417e-01 1.807986295150634803e-02
0.000000000000000000e+00 1.530534446819437899e-01 1.767593388260406684e-01 9.121025323069866797e-01 9.192679963699263990e-01 4.532308145599994176e-01 5.013157444017716236e-01 3.152635585698377371e-03
0.000000000000000000e+00 2.262668557909372838e-02 1.531203842014980665e-01 1.627543056073715022e-01 1.189697625185272140e-01 2.040929402411642279e-01 1.278310567323477295e-02 4.356578774759482320e-04
0.000000000000000000e+00 1.092801686515678522e-03 1.313810327474904116e-01 1.979723326213056744e-01 1.189940150632196325e-01 4.857180948081699784e-02 4.846714081454082945e-02 5.537880974678900323e-04
0.000000000000000000e+00 1.095778583143278001e-01 2.072003076220923834e+00 1.791990768712498960e+00 4.386134695798749483e+00 8.570553339713008256e+00 8.516644712780292725e-02 1.897996134753888731e-01
0.000000000000000000e+00 1.965290310495598214e-01 1.391010578640569317e+00 1.840098656507449082e+00 5.216871865568529998e+00 2.150016069802581953e+01 3.046762086666185088e+00 5.232044090273806070e-02
0.000000000000000000e+00 1.530534446819437899e-01 1.591615302018831446e-01 1.477832431593602280e-01 1.087157991058602946e-01 2.579595793267623338e-01 2.424765322730713588e-02 4.854682611133106823e-04
0.000000000000000000e+00 1.092801686515678522e-03 2.094264166244815595e+00 1.743899460638567156e+00 4.905235457054026860e+00 1.423956439651503914e+01 7.793434483281080905e-02 8.420156034928726399e-03
0.000000000000000000e+00 1.530534446819437899e-01 1.591615302018831446e-01 9.265201231202836452e-01 9.192679963699263990e-01 4.532308145599994176e-01 4.532185824774183636e-01 3.151042088020868104e-03
0.000000000000000000e+00 1.313156514981368428e-01 1.943559171991381673e-01 2.775671875060963800e-01 2.075306843541962487e-01 1.932945705467657427e-01 1.885040689528439881e-02 6.489608099407782578e-04
0.000000000000000000e+00 1.092801686515678522e-03 2.205609196709266584e+00 3.007404538853199583e+00 6.673260027636398029e+00 6.042923729463756999e+00 8.582646389206523285e-02 9.243144938974285491e-03
0.000000000000000000e+00 2.262668557909372838e-02 2.094265762594927693e+00 1.936207096212123835e+00 4.282494084245190180e+00 1.369574076260762396e+01 2.478703493173938233e-01 8.438114777248506906e-03
0.000000000000000000e+00 1.530534446819437899e-01 1.443801559765468312e+00 1.249743944712344623e+00 1.573843432001139409e+00 1.914891158208250621e+00 4.682193823319998061e-02 1.091196350951090799e-01
0.000000000000000000e+00 2.262668557909372838e-02 2.183366070533569125e+00 1.695794654480156538e+00 4.490121698965403141e+00 1.569229571081594621e+01 6.833622792456428563e-02 1.512430869400459288e-01
0.000000000000000000e+00 1.092801686515678522e-03 2.205609196709266584e+00 1.791988978328858284e+00 4.178672865213220788e+00 1.986593228672387212e+01 3.832116529205130906e+00 2.757255576020701746e-03
0.000000000000000000e+00 1.530534446819437899e-01 3.527374250676288403e-01 5.082471222783506715e-01 6.737708748152519966e-01 2.684658868571607737e-01 5.201918237788525495e-02 1.819030050524289089e-03
0.000000000000000000e+00 2.262668557909372838e-02 2.071996756502037407e+00 1.888111151155980938e+00 4.490135640635366521e+00 1.405799186966845760e+01 2.479216425179031902e-01 8.426250031499831969e-03
0.000000000000000000e+00 1.530534446819437899e-01 1.591615302018831446e-01 1.477832431593602280e-01 1.086959753374298343e-01 1.247859817576380675e-01 2.214729038427940347e-02 4.394079083274492290e-04
0.000000000000000000e+00 1.747912378657528187e-01 1.960662716175930687e+00 1.888188280760981774e+00 4.386134695798749483e+00 2.149948991783429264e+01 4.107534354076068261e+00 2.825586437484520208e-01
0.000000000000000000e+00 1.092801686515678522e-03 2.138802178430595724e+00 1.791993956912277364e+00 4.593775873905125096e+00 1.768877522917874145e+01 6.911091577451808354e-02 2.952295545974641944e-01
0.000000000000000000e+00 1.313156514981368428e-01 3.527361948165672056e-01 1.322373382243064999e-01 2.567033229145080919e-01 2.202385576074801510e-01 1.792529052993792338e-01 1.091253701168568230e-03
0.000000000000000000e+00 1.530534446819437899e-01 2.005199178190946174e+00 1.840009949781852949e+00 4.386134695798749483e+00 2.258847874603218386e+01 4.284220463103804555e+00 5.942374995869471183e-02
0.000000000000000000e+00 1.313156514981368428e-01 1.461398138138565672e+00 1.176783102906378664e+00 1.573855947227864149e+00 9.976716842919348682e-01 1.499743596956082170e+00 6.942755535091010670e-03
0.000000000000000000e+00 1.092801686515678522e-03 1.173181201448080142e-03 2.714089115431556065e-02 4.641117759587297734e-03 9.394567258837629997e-02 7.627499669997493507e-03 9.620008808704849168e-04
0.000000000000000000e+00 1.313156514981368428e-01 1.443800329514406400e+00 1.322644417641764214e+00 1.511416153337393320e+00 9.169577727924105304e-01 1.494757466445843785e-01 5.304954405920433297e-03
0.000000000000000000e+00 1.092801686515678522e-03 1.892142280635976004e+00 2.272973471454500682e+00 2.708914978094725257e+01 1.234606473093295875e+01 3.566820820504548045e-03 2.948291899282263367e-04
0.000000000000000000e+00 1.530534446819437899e-01 3.351396164434696234e-01 1.439882069196351255e-01 2.566874371615652795e-01 2.068156959818445717e-01 7.598599479427831094e-02 8.402954652514186802e-04
0.000000000000000000e+00 1.092801686515678522e-03 1.531188259312973865e-01 1.627507880388512351e-01 7.479181858531898375e-02 7.727207281924620974e-02 5.356302439853030152e-03 6.575822022226881190e-04
0.000000000000000000e+00 1.092801686515678522e-03 1.173181201448080142e-03 2.706819152513666865e-02 5.371489922742340127e-03 2.936546841690439516e-02 7.451975267665180390e-03 9.573837875583785569e-04
0.000000000000000000e+00 1.313156514981368428e-01 3.703340034407263670e-01 4.964962535830220181e-01 3.665058280411450653e-01 7.588326438099275706e-02 7.608254165701042182e-02 1.405972554325763584e-03
0.000000000000000000e+00 1.313156514981368428e-01 1.461398138138565672e+00 1.176661606123388548e+00 1.573754588004463884e+00 9.168810472301557324e-01 4.557642521791673701e-02 5.300329114319803081e-03
0.000000000000000000e+00 1.313156514981368428e-01 5.287142810581537677e-01 3.481308342232323771e-01 6.736959695598705444e-01 6.355147074271360053e-01 1.543087686246815554e-02 1.827604637753722045e-03
0.000000000000000000e+00 1.092801686515678522e-03 1.531188259312973865e-01 1.627507880388512351e-01 7.479181858531898375e-02 7.727207281924620974e-02 5.356302439853030152e-03 6.575822022226881190e-04
0.000000000000000000e+00 2.262668557909372838e-02 1.313825910176890654e-01 1.627507880388512351e-01 1.478075148429633112e-01 4.862708979189478420e-02 2.782622055695829419e-02 5.403247962776934260e-04
0.000000000000000000e+00 1.092801686515678522e-03 1.313810327474904116e-01 1.627472265701077059e-01 7.478865343364100859e-02 4.842162387712219129e-02 1.956728263534648210e-02 6.557193091063356081e-04
0.000000000000000000e+00 1.313156514981368428e-01 3.351383861924080443e-01 7.152819220643074072e-01 4.288170349814849347e-01 3.824048046291549929e-01 1.555964606622848266e-02 3.829945095350819478e-02
0.000000000000000000e+00 1.095778583143278001e-01 1.739985455585547847e+00 3.817473814403180565e+00 3.244087265407963105e+00 1.950301039947151338e+01 2.362347661123481490e+00 4.188296692170177284e-03
0.000000000000000000e+00 1.095778583143278001e-01 2.116541088406703963e+00 2.945082349343245198e+00 2.828350276634113758e+00 2.906874295627133176e+00 2.068251233472771844e+00 9.254794135851890716e-03
0.000000000000000000e+00 1.092801686515678522e-03 1.173181201448080142e-03 2.714089115431556065e-02 4.641117759587297734e-03 9.394567258837629997e-02 7.627499669997493507e-03 9.620008808704849168e-04
0.000000000000000000e+00 1.530534446819437899e-01 3.351396164434696234e-01 7.287157065559403124e-01 4.284807291916425953e-01 2.684490128663775121e-01 1.551780389493153355e-02 1.816453088200613254e-03
0.000000000000000000e+00 1.313156514981368428e-01 1.943559171991381673e-01 8.400017580120983096e-01 5.177793182980171549e-01 4.109192136743233803e-01 1.250424577527042558e-01 3.830564672625484668e-02
0.000000000000000000e+00 1.313156514981368428e-01 1.478995946762724056e+00 1.840097552295509420e+00 5.112873727032373417e+00 1.732503274307572738e+01 6.975319135168209228e-02 1.511847712300525004e-01
0.000000000000000000e+00 2.262668557909372838e-02 2.618093501205391305e-01 3.912568812604464874e+00 2.781572784343736160e+01 1.577026018330377433e+01 3.566820820504548045e-03 2.948291899282263367e-04
0.000000000000000000e+00 1.530534446819437899e-01 1.767593388260406684e-01 1.333656389163210276e-01 1.087157991058602946e-01 1.900772626046395297e-01 1.411781352275285131e-02 4.822182429795990300e-04
0.000000000000000000e+00 8.784006513051878517e-02 2.138808524450845017e+00 2.882762649419612355e+00 6.402088584841348684e+00 7.306827879906546919e+00 8.679781698747564278e-02 9.227212906409791235e-03
0.000000000000000000e+00 1.313156514981368428e-01 1.338213477769454984e+00 2.609653453302564596e+00 4.282479554905386010e+00 1.732577895311278127e+01 2.902830536022840136e+00 1.101482389619033164e-01
0.000000000000000000e+00 1.092801686515678522e-03 2.269206682844730760e-02 2.714563176316988832e-02 4.608955136262994461e-03 1.366960235781970179e-01 2.947778835576238612e-02 9.680665863708229476e-04
0.000000000000000000e+00 1.747912378657528187e-01 2.027469734454601547e+00 1.791988978328858284e+00 4.282313668934214057e+00 1.405881246851910582e+01 2.471938648864145938e-01 8.420156034928726399e-03
0.000000000000000000e+00 1.530534446819437899e-01 1.408605942517150877e+00 1.359185848229491400e+00 1.386776753490129410e+00 1.077833505325892283e+00 4.617241160846676240e-01 5.309161204743373906e-03
0.000000000000000000e+00 1.092801686515678522e-03 2.138802178430595724e+00 1.791993956912277364e+00 4.593775873905125096e+00 1.823326964327769062e+01 1.830654208431283236e-01 6.081773469730368704e-03
0.000000000000000000e+00 1.313156514981368428e-01 1.478995946762724056e+00 2.061647598417000460e-01 8.482689524553419513e-01 6.941974538269390926e-01 2.767414605971310615e-01 3.161653277857158235e-03
0.000000000000000000e+00 1.092801686515678522e-03 1.173181201448080142e-03 2.714089115431556065e-02 5.262240144559829878e-03 1.138424803951801345e-01 7.003925612041965107e-03 9.874407821479733605e-04
0.000000000000000000e+00 1.530534446819437899e-01 3.351396164434696234e-01 1.322373382243064999e-01 3.278031649793530233e-01 1.530495416495689098e-01 7.043147402406100231e-03 1.807986295150634803e-02
0.000000000000000000e+00 1.313156514981368428e-01 1.943559171991381673e-01 1.478343247811755024e-01 9.694689093108668776e-02 1.434406334282095630e-01 1.286266655052416275e-02 4.509283977487957762e-04
0.000000000000000000e+00 1.092801686515678522e-03 1.531188259312973865e-01 1.451824797503176445e-01 2.193597552770105985e-02 1.634048579488660280e-01 1.961695807172310693e-02 6.603429327873410349e-04
0.000000000000000000e+00 1.530534446819437899e-01 1.197432239027246048e+00 1.760404981163590232e+00 1.511422569897061807e+00 3.159705050437382035e+00 2.230147066639010855e+00 8.519617637731947274e-03
0.000000000000000000e+00 1.095778583143278001e-01 2.094272082313814565e+00 2.945084838929566295e+00 2.724889664996220429e+00 3.312680256984928739e+00 2.232932216202181408e+00 3.704224206142854858e-01
0.000000000000000000e+00 1.530534446819437899e-01 1.215030047651405098e+00 1.687506158959498181e+00 1.511530076055962235e+00 3.160469544482756632e+00 1.823619567603626868e+00 8.519917370676857379e-03
0.000000000000000000e+00 1.092801686515678522e-03 8.790544637987234011e-02 5.312437730627242449e-03 4.889732018288533294e-02 1.639482968055453738e-01 6.409259257198190313e-03 7.909046966150669973e-04
0.000000000000000000e+00 1.313156514981368428e-01 1.767581085749806435e-01 8.111346383559316919e-01 6.069655158138459461e-01 7.812824655724394107e-01 6.870051142856750670e-02 2.415628235193775005e-03
0.000000000000000000e+00 1.747912378657528187e-01 2.999452241985647860e-01 3.907546288689675018e-01 2.585410647471577117e-01 2.311453698113952737e-01 3.126617253832195825e-02 1.094100528669144680e-03
0.000000000000000000e+00 1.092801686515678522e-03 2.161071184523486455e+00 2.820449909090599228e+00 2.654444458334783263e+01 1.182062829303618479e+01 3.566820820504548045e-03 2.948291899282263367e-04
0.000000000000000000e+00 1.117243355909501492e-03 2.227878202802155982e+00 3.007402049266875821e+00 2.724854654336852366e+00 2.500403105817814442e+00 2.433266840066136416e-01 8.519617637731947274e-03
0.000000000000000000e+00 1.313156514981368428e-01 1.338213477769454984e+00 2.609653453302564596e+00 4.282479554905386010e+00 1.659904019094380345e+01 4.247416634876376662e+00 5.047687269260405125e-03
0.000000000000000000e+00 2.262668557909372838e-02 8.790700465007304787e-02 4.131393919873125320e+00 2.781546628743405591e+01 1.601765133195442559e+01 3.528566292015173668e-03 2.948291899282263367e-04
0.000000000000000000e+00 5.225959288066891473e-01 2.395081467436867673e+00 4.186909409666538906e+00 2.073590896062425770e+01 5.749710574848977629e+00 1.043356092517378819e+00 2.179358046083013534e+00
0.000000000000000000e+00 1.092801686515678522e-03 2.269206682844730760e-02 5.335105211027355888e-03 5.189268467345230576e-03 2.032678138873705020e-01 2.394245055013376547e-02 8.056469898885567889e-04
0.000000000000000000e+00 1.092801686515678522e-03 2.138802178430595724e+00 1.936285442685332647e+00 3.970893599857722833e+00 1.714330996024576237e+01 1.078122103782333419e+00 2.535079776716195332e-01
0.000000000000000000e+00 1.530534446819437899e-01 2.049737190376726303e+00 1.743812284019143677e+00 4.386300773937355402e+00 2.240772681803625233e+01 3.930773101875884024e+00 2.048498462255900487e-01
0.000000000000000000e+00 1.530534446819437899e-01 1.461399368389626696e+00 2.128680523841622207e+00 4.074728671907709376e+00 1.242502453950655372e+01 8.630847001022039222e-02 9.190213910074152351e-03
0.000000000000000000e+00 1.313156514981368428e-01 1.767581085749806435e-01 2.776131544662934214e-01 2.075294808765025256e-01 1.361389794289084854e-01 3.217271089854134569e-02 6.483071155724723670e-04
0.000000000000000000e+00 1.530534446819437899e-01 1.215030047651405098e+00 1.651025738056514536e+00 1.511536247304233749e+00 3.160418231582476700e+00 1.823562887919496056e+00 8.519786423295084427e-03
0.000000000000000000e+00 1.530534446819437899e-01 1.232627856275563261e+00 1.687384742579483676e+00 1.511219774838597596e+00 2.952907233127065378e+00 1.146110904903961947e+00 6.951853869793588742e-03
0.000000000000000000e+00 1.092801686515678522e-03 8.790544637987234011e-02 2.715952699907630413e-02 2.635933168330827775e-02 1.640502985572882544e-01 6.355653678623509988e-03 7.909046966150669973e-04
0.000000000000000000e+00 8.784006513051878517e-02 2.138808524450845017e+00 2.882762649419612355e+00 2.620918538523537400e+00 3.448664899465080147e+00 2.069007403111460697e+00 9.253183776439978178e-03
0.000000000000000000e+00 1.530534446819437899e-01 1.461399368389626696e+00 2.128680523841622207e+00 4.074894940196752025e+00 1.242502453950655372e+01 8.711483663266704480e-02 9.190213910074152351e-03
0.000000000000000000e+00 1.747912378657528187e-01 3.175430328227240029e-01 4.965142677794850967e-01 3.837462242729093309e-01 3.822844160446677853e-01 1.193522596715908442e-02 1.413736300888388496e-03
0.000000000000000000e+00 1.092801686515678522e-03 1.313810327474904116e-01 1.627472265701077059e-01 7.478865343364100859e-02 4.842162387712219129e-02 1.956728263534648210e-02 6.557193091063356081e-04
0.000000000000000000e+00 1.530534446819437899e-01 1.461399368389626696e+00 2.284337659345895832e-01 8.483884525473960325e-01 5.499322139127061915e-01 2.141170345198914748e-01 1.277966611683108156e-01
0.000000000000000000e+00 1.530534446819437899e-01 1.591615302018831446e-01 1.477832431593602280e-01 1.087157991058602946e-01 1.341133075929238083e-01 1.291765471573510030e-02 4.394079083274492290e-04
0.000000000000000000e+00 1.530534446819437899e-01 1.373410325268833221e+00 1.395666517099457771e+00 5.424519186120100755e+00 2.258907360012569399e+01 2.958366201168962650e+00 2.259801027957773333e-03
0.000000000000000000e+00 8.784006513051878517e-02 2.116539518357955618e+00 3.069724238776830205e+00 6.402042328102840685e+00 7.306957855518307454e+00 8.688128668233671692e-02 9.218610483606044445e-03
0.000000000000000000e+00 1.313156514981368428e-01 1.478995946762724056e+00 2.176777685765973303e+00 4.178687394553029399e+00 4.558536285004947786e+00 7.790539673117634345e-02 8.514043539148303044e-03
0.000000000000000000e+00 1.092801686515678522e-03 2.269206682844730760e-02 5.371489922742340127e-03 4.568251933877203602e-03 5.110326160071342050e-02 7.467611035187633056e-03 9.589292488307242209e-04
0.000000000000000000e+00 1.092801686515678522e-03 2.269206682844730760e-02 1.792374506814934376e-01 5.407333777384454830e-03 9.421509195064961539e-02 6.396384943088232258e-03 7.897167544578481777e-04
0.000000000000000000e+00 1.530534446819437899e-01 1.591615302018831446e-01 1.477832431593602280e-01 1.087157991058602946e-01 1.900772626046395297e-01 1.401673318210026366e-02 4.822182429795990300e-04
0.000000000000000000e+00 1.530534446819437899e-01 1.443801559765468312e+00 2.284340515938761973e-01 9.213507096921143003e-01 5.980555194865460056e-01 1.518611712375019240e-01 1.277981512343281667e-01
0.000000000000000000e+00 1.530534446819437899e-01 1.215030047651405098e+00 1.723864308513618937e+00 1.511219774838597596e+00 3.160520612511391381e+00 1.010176443045284866e+00 1.424426886685686844e-01
0.000000000000000000e+00 2.262668557909372838e-02 2.138803774780707823e+00 1.840089590120799867e+00 4.385968327673597678e+00 8.389967868247328653e+00 8.511881500731052763e-02 1.898028012079396032e-01
0.000000000000000000e+00 1.530534446819437899e-01 1.320616899396357402e+00 2.609573122542464318e+00 4.178672865213220788e+00 1.677897997384465967e+01 3.578278921700501769e-01 7.139583165128193798e-03
0.000000000000000000e+00 2.262668557909372838e-02 1.531203842014980665e-01 1.450677910447430996e-01 1.333873599839853485e-01 1.335511615874434010e-01 4.306625703689202084e-03 5.439450666913707389e-04
0.000000000000000000e+00 1.530534446819437899e-01 1.443801559765468312e+00 1.249743944712344623e+00 1.573843432001139409e+00 1.810675517715371718e+00 1.505830538012485620e-01 1.091196350951090799e-01
0.000000000000000000e+00 1.092801686515678522e-03 1.173181201448080142e-03 2.714089115431556065e-02 4.677591822311834985e-03 7.134960724830001488e-02 7.483217871349483359e-03 9.604682846302586190e-04
0.000000000000000000e+00 1.313156514981368428e-01 1.320615669145295712e+00 1.578067942053659412e+00 1.449298408333904664e+00 9.172339885650215852e-01 1.500158827594059607e+00 6.942755535091010670e-03
0.000000000000000000e+00 1.313156514981368428e-01 1.461398138138565672e+00 2.507030576867657623e-01 8.119683128441552711e-01 5.499059680538839201e-01 2.140849082602175879e-01 1.277951451272085204e-01
0.000000000000000000e+00 1.092801686515678522e-03 1.313810327474904116e-01 1.623027258560230945e-01 4.249098493144229209e-03 2.395346230278266528e-02 2.391255239516067166e-02 7.932645432083070165e-04
0.000000000000000000e+00 1.530534446819437899e-01 1.443801559765468312e+00 2.080583978891412666e+00 4.593955978667890960e+00 1.242450862737162609e+01 8.722189930969502514e-02 9.174535866041829552e-03
0.000000000000000000e+00 1.092801686515678522e-03 2.269206682844730760e-02 2.714563176316988832e-02 5.230368630967569855e-03 1.598083612139681586e-01 7.690762225354179187e-03 9.680665863708229476e-04
0.000000000000000000e+00 1.092801686515678522e-03 2.183340190616375853e+00 3.069726558584626730e+00 6.673046442967680569e+00 6.404094672395125976e+00 8.591366378540483961e-02 9.235389870891275860e-03
0.000000000000000000e+00 1.313156514981368428e-01 3.351383861924080443e-01 7.421453288931192382e-01 4.288177528384807258e-01 1.259618833773570867e-01 1.193522596715908442e-02 1.413736300888388496e-03
0.000000000000000000e+00 1.313156514981368428e-01 1.478995946762724056e+00 6.057487130181061774e-01 1.118281018752850464e+00 8.368356561439046493e-01 3.576926774529162051e-02 4.078831028969610341e-03
0.000000000000000000e+00 1.092801686515678522e-03 2.269206682844730760e-02 5.335105211027355888e-03 5.189268467345230576e-03 1.380544343359454418e-01 2.952679536637380434e-02 9.665598904558357759e-04
0.000000000000000000e+00 1.313156514981368428e-01 1.144637582903708317e+00 1.147241070560916398e+00 3.868371119339187203e+00 5.074376655479446718e+00 2.428691263134624412e-01 8.517985964694682263e-03
0.000000000000000000e+00 1.313156514981368428e-01 1.303017860521137328e+00 1.541526120398021948e+00 1.511631169590903490e+00 3.264276234174921854e+00 4.682148566328548922e-01 6.950146775950251030e-03
0.000000000000000000e+00 1.313156514981368428e-01 1.461398138138565672e+00 3.630617124137943907e+00 3.140263003882072912e+00 1.569006347785355970e+01 2.130462403334957844e-01 7.363419080976341471e-03
0.000000000000000000e+00 2.262668557909372838e-02 1.313825910176890654e-01 1.627507880388512351e-01 1.622276697019412739e-01 4.863739152376006514e-02 4.332659643934147313e-03 5.395896081832519562e-04
0.000000000000000000e+00 1.092801686515678522e-03 2.269206682844730760e-02 5.335105211027355888e-03 4.604670112364967101e-03 7.284105478452039539e-02 7.611610424932045704e-03 9.604682846302586190e-04
0.000000000000000000e+00 1.530534446819437899e-01 1.461399368389626696e+00 2.128680523841622207e+00 4.074728671907709376e+00 1.260578064729419800e+01 8.715125468044841728e-02 9.185098626139785033e-03
0.000000000000000000e+00 1.965290310495598214e-01 1.408608387264728368e+00 3.692833122694882064e+00 2.932631756484656904e+00 1.949851104912275090e+01 2.362831838945837148e+00 4.194829562909471385e-03
0.000000000000000000e+00 1.092801686515678522e-03 8.790544637987234011e-02 2.712313054451736052e-02 2.635933168330827775e-02 1.821657602983677848e-01 6.368376935841157417e-03 7.920872968706603456e-04
0.000000000000000000e+00 1.530534446819437899e-01 3.527374250676288403e-01 5.082669271459490101e-01 9.746033530838049685e-02 2.310853727497249044e-01 5.345628993711680488e-02 1.122589225253482325e-03
0.000000000000000000e+00 1.313156514981368428e-01 3.703340034407263670e-01 4.964962535830220181e-01 3.665058280411450653e-01 7.588326438099275706e-02 9.835154774990102766e-02 1.407113577760908977e-03
0.000000000000000000e+00 1.092801686515678522e-03 1.531188259312973865e-01 1.626916996045486286e-01 1.478075148429633112e-01 4.862708979189478420e-02 5.397466990686337722e-03 6.612541725697657774e-04
0.000000000000000000e+00 1.092801686515678522e-03 1.173181201448080142e-03 2.714089115431556065e-02 4.641117759587297734e-03 2.936546841690439516e-02 6.821629908023545304e-03 9.573837875583785569e-04
0.000000000000000000e+00 1.095778583143278001e-01 1.739985455585547847e+00 3.879897442131910346e+00 3.036456314189907246e+00 1.986593228672387212e+01 2.360903260912290413e+00 4.181688411329299859e-03
0.000000000000000000e+00 1.313156514981368428e-01 1.162235391527867368e+00 1.118744651537053381e+00 3.868371119339187203e+00 5.074376655479446718e+00 4.088816969314658656e-01 8.517367655581847136e-03
0.000000000000000000e+00 1.530534446819437899e-01 1.373410325268833221e+00 1.432146938002441861e+00 5.320365074397246374e+00 2.204457918602674837e+01 2.692886002012539137e+00 1.023711080334328838e-01
0.000000000000000000e+00 1.313156514981368428e-01 1.478995946762724056e+00 2.176697697046848123e+00 4.178687394553029399e+00 4.558536285004947786e+00 7.790539673117634345e-02 8.514043539148303044e-03
0.000000000000000000e+00 1.313156514981368428e-01 1.426202520890248238e+00 1.213142533063269024e+00 1.760922334851630744e+00 8.371109231086135694e-01 8.760763862879236141e-01 5.312945402943720398e-03
0.000000000000000000e+00 1.313156514981368428e-01 1.478995946762724056e+00 1.615897128455009712e-01 3.207699428893682758e-01 5.261092151874591227e-01 2.065552999624885658e-02 2.417091923001604518e-03
0.000000000000000000e+00 3.921691697038370283e-01 1.190417162786605143e+00 3.568298518910411499e+00 3.347928211664611631e+00 2.150016069802581953e+01 6.139090564453900889e+00 3.350350200609593099e-01
0.000000000000000000e+00 2.262668557909372838e-02 2.183341786966488396e+00 1.791988978328858284e+00 4.074200942801055270e+00 7.846582179384262723e+00 2.662390404469758276e-01 9.465982811398215499e-03
0.000000000000000000e+00 8.784006513051878517e-02 3.050483708712415698e+00 2.321846709517283447e+00 3.036601868845128394e+00 6.384813003935392750e+00 4.466656987782309240e-01 9.234337918989888108e-03
0.000000000000000000e+00 1.095778583143278001e-01 2.094272082313814565e+00 1.791909445943494772e+00 4.282313668934214057e+00 8.209382396781640168e+00 2.664420433458276061e-01 9.217329742259755196e-03
0.000000000000000000e+00 1.092801686515678522e-03 1.965944122989134180e-01 5.370828535401005015e-03 5.407333777384454830e-03 1.118129005748087629e-01 2.400706788135734127e-02 7.920872968706603456e-04
0.000000000000000000e+00 1.092801686515678522e-03 2.138802178430595724e+00 1.791914263999276224e+00 4.593775873905125096e+00 1.823326964327769062e+01 5.936183588329343314e-02 6.088207243534765264e-03
0.000000000000000000e+00 1.092801686515678522e-03 2.269206682844730760e-02 2.707289839483638383e-02 5.193853755545360662e-03 1.815461543977771874e-01 7.641310637639404935e-03 9.936454916740667265e-04
0.000000000000000000e+00 1.092801686515678522e-03 1.173181201448080142e-03 2.710455927363353626e-02 5.371489922742340127e-03 9.457884796832942420e-02 7.756684656197230035e-03 9.620008808704849168e-04
0.000000000000000000e+00 2.262668557909372838e-02 2.183341786966488396e+00 1.743732631155745949e+00 4.386300773937355402e+00 1.932151226143852796e+01 4.147378706731743137e+00 2.751983929974989324e-03
0.000000000000000000e+00 1.313156514981368428e-01 1.943752765584943754e-01 1.477857937752990181e-01 9.694689093108668776e-02 1.527679592634957340e-01 3.510873574665629177e-03 4.509283977487957762e-04
0.000000000000000000e+00 1.530534446819437899e-01 1.391008133892992493e+00 7.197868109986667040e-01 1.118518161787083187e+00 8.363598501052018630e-01 3.576926774529162051e-02 4.078831028969610341e-03
0.000000000000000000e+00 1.092801686515678522e-03 1.173181201448080142e-03 2.714089115431556065e-02 5.298687573572281526e-03 2.026346385074173362e-01 2.373115100177665068e-02 7.861209959468121785e-04
0.000000000000000000e+00 1.095778583143278001e-01 1.739985455585547847e+00 3.817577742208277058e+00 3.244087265407963105e+00 1.950375660950856016e+01 2.360904635730679324e+00 4.188296692170177284e-03
0.000000000000000000e+00 1.530534446819437899e-01 1.443801559765468312e+00 1.249743944712344623e+00 1.573539474762227997e+00 1.811084468516090062e+00 1.510026021672465357e-01 5.448259632766727471e-03
0.000000000000000000e+00 3.921691697038370283e-01 1.190417162786605143e+00 3.568090735069738173e+00 3.347928211664611631e+00 2.149941552902069475e+01 6.139090564453900889e+00 3.350350200609593099e-01
0.000000000000000000e+00 1.092801686515678522e-03 2.269206682844730760e-02 5.335105211027355888e-03 5.262240144559829878e-03 2.873229303695127093e-02 7.643808927311098768e-03 9.573837875583785569e-04
0.000000000000000000e+00 1.530534446819437899e-01 1.591615302018831446e-01 2.776131544662934214e-01 1.795159206134848973e-01 1.462830335045237351e-01 1.529041828988742246e-01 8.379238546668572180e-04
0.000000000000000000e+00 2.262668557909372838e-02 1.531203842014980665e-01 1.451564969832140062e-01 1.475395675179256849e-01 1.335594064746374876e-01 1.614027732624520248e-02 5.453670329259022913e-04
0.000000000000000000e+00 8.784006513051878517e-02 2.116539518357955618e+00 1.695794654480156538e+00 4.386148740984194383e+00 8.930907810189429696e+00 8.600212960527971184e-02 9.210852320335452884e-03
0.000000000000000000e+00 1.530534446819437899e-01 1.197432239027246048e+00 1.760466099679317109e+00 1.511422569897061807e+00 3.160520612511391381e+00 2.094656670035906831e+00 3.405449579260561577e-01
0.000000000000000000e+00 1.530534446819437899e-01 1.426203751141309262e+00 1.249744314269284340e+00 1.635865222804313346e+00 1.076341705370711832e+00 4.618181690987855914e-01 2.129251106003057503e-01
0.000000000000000000e+00 8.784006513051878517e-02 1.696508336621691537e+00 4.004536221918040262e+00 3.244251118789044597e+00 2.004825102360750577e+01 2.362830501782853254e+00 7.612795435872928007e-02
0.000000000000000000e+00 1.092801686515678522e-03 1.173181201448080142e-03 2.699536094263447344e-02 4.641117759587297734e-03 2.694701749482279057e-02 7.707986862631369118e-03 9.573837875583785569e-04
0.000000000000000000e+00 1.747912378657528187e-01 1.982931722268821417e+00 1.887466250465564155e+00 4.178506979242047947e+00 2.168091366705367307e+01 4.107534354076068261e+00 2.825586437484520208e-01
0.000000000000000000e+00 8.784006513051878517e-02 2.094270512265065332e+00 1.743893606788148087e+00 4.489955430676360493e+00 8.928767285756530114e+00 2.671888137204315727e-01 9.250481612573807286e-03
0.000000000000000000e+00 1.095778583143278001e-01 3.052911054541887492e-01 5.254724194814571980e+00 3.199002878977106334e+01 6.933096456245260164e+00 1.330047663116363903e-02 2.948291899282263367e-04
0.000000000000000000e+00 1.092801686515678522e-03 2.138802178430595724e+00 1.791993956912277364e+00 4.593775873905125096e+00 1.841476778131067249e+01 5.936596375262754438e-02 6.081773469730368704e-03
0.000000000000000000e+00 8.784006513051878517e-02 3.021986282814610902e+00 2.384170778117303602e+00 3.036601868845128394e+00 6.384813003935392750e+00 4.466656987782309240e-01 9.234337918989888108e-03
0.000000000000000000e+00 1.092801686515678522e-03 2.269206682844730760e-02 5.407838579360856046e-03 2.710928310655137327e-02 1.583734655396250579e-01 2.929860797212050644e-02 9.695667713737459587e-04
0.000000000000000000e+00 1.092801686515678522e-03 2.269206682844730760e-02 5.407838579360856046e-03 2.710928310655137327e-02 1.591736448402626125e-01 2.929860797212050644e-02 9.695667713737459587e-04
0.000000000000000000e+00 2.262668557909372838e-02 1.531203842014980665e-01 1.451564969832140062e-01 1.477832431593602280e-01 1.100576690839813465e-01 4.448148610594413431e-03 5.432284642138163503e-04
0.000000000000000000e+00 1.313156514981368428e-01 1.162235391527867368e+00 1.118744651537053381e+00 3.948532940373147948e+00 4.938948617387054263e+00 4.088816969314658656e-01 1.745299382735774341e-01
0.000000000000000000e+00 1.092801686515678522e-03 1.531188259312973865e-01 2.713649103747979227e-02 5.403042950192345206e-03 9.378523657647735989e-02 6.383485971015869648e-03 7.885234823621367368e-04
0.000000000000000000e+00 1.313156514981368428e-01 3.879318120648839185e-01 8.521760700057694204e-02 3.583454958226794940e-01 2.310681797661863213e-01 7.075500636120931296e-03 3.532335857303300908e-02
0.000000000000000000e+00 1.092801686515678522e-03 1.173181201448080142e-03 2.714089115431556065e-02 5.335105211027355888e-03 2.936546841690439516e-02 7.009092553605538768e-03 9.573837875583785569e-04
0.000000000000000000e+00 1.530534446819437899e-01 1.408605942517150877e+00 1.359064216675201164e+00 1.449096453413762919e+00 9.175492991188427538e-01 4.644994126581600963e-02 1.091086068191710612e-01
0.000000000000000000e+00 1.313156514981368428e-01 1.373409095017772419e+00 1.359186073101917192e+00 1.449216547380600240e+00 1.077754067202695287e+00 4.640226720256165893e-02 5.300329114319803081e-03
0.000000000000000000e+00 1.530534446819437899e-01 1.408605942517150877e+00 1.359185848229491400e+00 1.511416153337393320e+00 1.077912187061052629e+00 3.580114794066251438e-01 5.310469764889012324e-03
0.000000000000000000e+00 1.530534446819437899e-01 1.373410325268833221e+00 1.395666517099457771e+00 5.320712496427933758e+00 2.222525782516923343e+01 3.135114812177023591e+00 5.230600952010846377e-02
0.000000000000000000e+00 1.313156514981368428e-01 1.478995946762724056e+00 2.061647598417000460e-01 9.213507096921143003e-01 8.995425130640714029e-01 2.144858159179347246e-01 3.163064943470207061e-03
0.000000000000000000e+00 1.530534446819437899e-01 1.355812516644675059e+00 2.417265253707840511e+00 2.184653723735491937e+00 1.707915534616068376e+00 6.174366682353573527e-02 1.424382522647867910e-01
0.000000000000000000e+00 1.530534446819437899e-01 1.461399368389626696e+00 2.080583361917268892e+00 4.386162494520799982e+00 1.260518985554802107e+01 8.400327501905631433e-02 9.174535866041829552e-03
0.000000000000000000e+00 1.313156514981368428e-01 1.943559171991381673e-01 8.400017580120983096e-01 5.177793182980171549e-01 4.109192136743233803e-01 1.615228786556881513e-01 3.830684328076106038e-02
0.000000000000000000e+00 1.313156514981368428e-01 1.943559171991381673e-01 1.478100722364830977e-01 1.439503657123989699e-01 5.952077128416245755e-02 2.225014521496985684e-02 4.378190382796901719e-04
0.000000000000000000e+00 2.262668557909372838e-02 2.094265762594927693e+00 1.840092516915318166e+00 4.593942330327531742e+00 5.719399570303023594e+00 2.658599176656438745e-01 9.245781317842318228e-03
0.000000000000000000e+00 1.530534446819437899e-01 1.215030047651405098e+00 1.723864308513618937e+00 1.511219774838597596e+00 3.160520612511391381e+00 1.146223893814157568e+00 6.952664461976097894e-03
0.000000000000000000e+00 1.530534446819437899e-01 1.373410325268833221e+00 1.395666517099457771e+00 5.424519186120100755e+00 2.204383506067663490e+01 3.046750892363928376e+00 1.024109702071447359e-01
0.000000000000000000e+00 2.262668557909372838e-02 2.116534768687817536e+00 1.840091118836630457e+00 4.489955430676360493e+00 9.111567296403261906e+00 8.573659802602835722e-02 9.250481612573807286e-03
0.000000000000000000e+00 1.313156514981368428e-01 1.391006903641930581e+00 2.465362446080924919e+00 2.024179838821920097e+00 1.396495465539577152e+00 6.102280991988312531e-02 6.944986518950493903e-03
0.000000000000000000e+00 1.313156514981368428e-01 1.162235391527867368e+00 1.118744651537053381e+00 4.028694761407106029e+00 4.668029840878028303e+00 5.748352720793832304e-01 8.517367655581847136e-03
0.000000000000000000e+00 1.313156514981368428e-01 1.162235391527867368e+00 1.090247225639248585e+00 4.028700380834917105e+00 4.938948617387054263e+00 5.748942675494613797e-01 8.516664572416869292e-03
0.000000000000000000e+00 1.092801686515678522e-03 1.173181201448080142e-03 2.710455927363353626e-02 5.407838579360856046e-03 2.811528195561308063e-02 7.579744276359186642e-03 9.573837875583785569e-04
0.000000000000000000e+00 1.313156514981368428e-01 3.527361948165672056e-01 1.087356008336503588e-01 1.981547609995800152e-01 1.361321880724606359e-01 7.241351239190553513e-02 6.496098189904028330e-04
0.000000000000000000e+00 1.092801686515678522e-03 1.531188259312973865e-01 1.627507880388512351e-01 1.478075148429633112e-01 3.420693493291683540e-02 1.962683109658493880e-02 6.612541725697657774e-04
0.000000000000000000e+00 1.313156514981368428e-01 1.303017860521137328e+00 9.192679963699263990e-01 2.197202769098497210e+00 9.169195040525260909e-01 1.915385586362711168e+00 6.946963213729455584e-03
0.000000000000000000e+00 1.313156514981368428e-01 1.303017860521137328e+00 9.192679963699263990e-01 2.196896220052269921e+00 8.367576830185686765e-01 1.915337290118429570e+00 6.946006760321015577e-03
0.000000000000000000e+00 1.092801686515678522e-03 1.531188259312973865e-01 1.627507880388512351e-01 4.400584088684033994e-03 1.637523234898312641e-01 5.376926946827598718e-03 6.594271842131245454e-04
0.000000000000000000e+00 1.095778583143278001e-01 2.116541088406703963e+00 3.007299070568003163e+00 6.130847840940846005e+00 8.069748638194065293e+00 2.684601087710825618e-01 1.907030392040676703e-01
0.000000000000000000e+00 2.262668557909372838e-02 1.531203842014980665e-01 1.803521142315306636e-01 1.045278438421868156e-01 1.806278383864771409e-01 1.616433442567553891e-02 4.345591423297504139e-04
0.000000000000000000e+00 1.313156514981368428e-01 1.478995946762724056e+00 3.568192983070269886e+00 3.140426642914686539e+00 1.587304763881187597e+01 2.130608934154954448e-01 7.171975008785623842e-03
0.000000000000000000e+00 1.092801686515678522e-03 2.269206682844730760e-02 2.652493497332709949e-02 4.828093448438673663e-03 5.332146697134962018e-03 2.931753746016822065e-02 9.589292488307242209e-04
0.000000000000000000e+00 1.313156514981368428e-01 2.119537258232973009e-01 1.333681535601426993e-01 1.086977596264142032e-01 1.434471722096193058e-01 1.286879440304459707e-02 4.514635923462022912e-04
0.000000000000000000e+00 8.784006513051878517e-02 3.021986282814610902e+00 2.384170778117303602e+00 3.036110714251293974e+00 6.384813003935392750e+00 6.272511702439107495e-01 9.231753378124655379e-03
0.000000000000000000e+00 1.530534446819437899e-01 1.461399368389626696e+00 2.128680523841622207e+00 4.074728671907709376e+00 1.260578064729419800e+01 8.715125468044841728e-02 9.185098626139785033e-03
0.000000000000000000e+00 2.262668557909372838e-02 1.531203842014980665e-01 1.451564969832140062e-01 1.333387929091937318e-01 1.806278383864771409e-01 4.489159293398573176e-03 1.229764265052877593e-02
0.000000000000000000e+00 1.092801686515678522e-03 2.269206682844730760e-02 2.714563176316988832e-02 1.358029188753610561e-01 1.646461829297218293e-01 6.434933580733478986e-03 7.932645432083070165e-04
0.000000000000000000e+00 1.530534446819437899e-01 1.767593388260406684e-01 1.478343247811755024e-01 1.086580459761147671e-01 2.579018022675375055e-01 3.993512108584414307e-03 4.970767531741539539e-04
0.000000000000000000e+00 1.530534446819437899e-01 3.351396164434696234e-01 7.287157065559403124e-01 4.284807291916425953e-01 2.684490128663775121e-01 1.538332254569651537e-02 1.816453088200613254e-03
0.000000000000000000e+00 1.313156514981368428e-01 1.767581085749806435e-01 8.976798134023286080e-01 8.907696947458055847e-01 4.531690929620714181e-01 4.055881346597647874e-01 2.426797687979298165e-03
0.000000000000000000e+00 1.092801686515678522e-03 1.173181201448080142e-03 2.714089115431556065e-02 4.641117759587297734e-03 2.694701749482279057e-02 7.707986862631369118e-03 9.573837875583785569e-04
0.000000000000000000e+00 1.092801686515678522e-03 2.071995160151925752e+00 1.791997759757950170e+00 4.905235457054026860e+00 1.423956439651503914e+01 7.793434483281080905e-02 8.420156034928726399e-03
0.000000000000000000e+00 1.095778583143278001e-01 1.718247662401739539e+00 3.879793421293708189e+00 3.244087265407963105e+00 1.968450853750449170e+01 2.362347275503984267e+00 4.181688411329299859e-03
0.000000000000000000e+00 1.747912378657528187e-01 1.443802784768880576e+00 2.080583361917268892e+00 4.489969184212959874e+00 1.260600676540460086e+01 8.066330724751111236e-02 1.762609850872829953e-01
0.000000000000000000e+00 1.092801686515678522e-03 2.269206682844730760e-02 4.787141789518067209e-03 2.656148392988956150e-02 1.152017517267363289e-01 7.659190025120729030e-03 9.890019156728062279e-04
0.000000000000000000e+00 1.530534446819437899e-01 1.960661166005166045e+00 1.791915610439068551e+00 4.697762668360056182e+00 2.204398433193323470e+01 4.195879847573509736e+00 2.048465818405043049e-01
0.000000000000000000e+00 1.530534446819437899e-01 3.527374250676288403e-01 1.439899975907705520e-01 2.566715043065513902e-01 2.202106716013455534e-01 2.416372713473218664e-02 8.395110629623448980e-04
0.000000000000000000e+00 1.313156514981368428e-01 1.767581085749806435e-01 2.776131544662934214e-01 2.075294808765025256e-01 1.361389794289084854e-01 3.226481268010242959e-02 6.483071155724723670e-04
0.000000000000000000e+00 1.092801686515678522e-03 2.269206682844730760e-02 5.371489922742340127e-03 2.656148392988956150e-02 1.163327748463521549e-01 7.724037935616124076e-03 9.890019156728062279e-04
0.000000000000000000e+00 1.313156514981368428e-01 1.391006903641930581e+00 2.465362446080924919e+00 2.024051299684490601e+00 1.396495465539577152e+00 6.102280991988312531e-02 6.944986518950493903e-03
0.000000000000000000e+00 1.313156514981368428e-01 1.478995946762724056e+00 3.568192983070269886e+00 3.140426642914686539e+00 1.587304763881187597e+01 2.130608934154954448e-01 7.171975008785623842e-03
0.000000000000000000e+00 2.262668557909372838e-02 2.269362509864800148e-02 1.357665176219223779e-01 9.233352933111969862e-02 2.392794192794734515e-02 6.236244798365764286e-03 7.897167544578481777e-04
0.000000000000000000e+00 1.313156514981368428e-01 1.303017860521137328e+00 1.541587106912574390e+00 1.386890676208698547e+00 3.264173364648025988e+00 4.681034239648500517e-01 6.948683885232616146e-03
0.000000000000000000e+00 1.095778583143278001e-01 1.457394144196037633e+00 1.090247225639248585e+00 4.028700380834917105e+00 4.938948617387054263e+00 5.755944225264826297e-01 8.516664572416869292e-03
0.000000000000000000e+00 1.092801686515678522e-03 1.965944122989134180e-01 5.370828535401005015e-03 5.407333777384454830e-03 1.118129005748087629e-01 2.400706788135734127e-02 7.920872968706603456e-04
0.000000000000000000e+00 8.784006513051878517e-02 2.116539518357955618e+00 1.791909445943494772e+00 4.282313668934214057e+00 8.209382396781640168e+00 2.664420433458276061e-01 9.217329742259755196e-03
0.000000000000000000e+00 1.747912378657528187e-01 2.027469734454601547e+00 1.791909445943494772e+00 4.282313668934214057e+00 1.387656812044907539e+01 4.149546818084324795e-01 8.420156034928726399e-03
0.000000000000000000e+00 1.092801686515678522e-03 1.531188259312973865e-01 1.803780969986343019e-01 4.403705034482065586e-03 1.493423685806221646e-01 1.961695807172310693e-02 6.603429327873410349e-04
0.000000000000000000e+00 1.313156514981368428e-01 1.767581085749806435e-01 8.111588842484628303e-01 6.070028679818777473e-01 7.449343692276989559e-01 1.645084629274071453e-01 2.417091923001604518e-03
0.000000000000000000e+00 1.095778583143278001e-01 2.094272082313814565e+00 1.791909445943494772e+00 4.282313668934214057e+00 8.389967868247328653e+00 2.657042864729903808e-01 1.897996134753888731e-01
0.000000000000000000e+00 1.530534446819437899e-01 1.591615302018831446e-01 1.477346307565425843e-01 1.556796060090110956e-01 1.806265937294970481e-01 4.456352852234887751e-02 4.854682611133106823e-04
0.000000000000000000e+00 1.092801686515678522e-03 2.269206682844730760e-02 2.714563176316988832e-02 5.376159772510975474e-03 9.389760875424484066e-02 2.925213755855046727e-02 9.650466980226360056e-04
0.000000000000000000e+00 3.921691697038370283e-01 1.190417162786605143e+00 3.568194701901252319e+00 3.347928211664611631e+00 2.168091366705367307e+01 6.139493945265529717e+00 3.183165666005750016e-01
0.000000000000000000e+00 1.313156514981368428e-01 2.119537258232973009e-01 1.333681535601426993e-01 1.086977596264142032e-01 1.434471722096193058e-01 1.286879440304459707e-02 4.514635923462022912e-04
0.000000000000000000e+00 1.092801686515678522e-03 2.205609196709266584e+00 1.791829793080097044e+00 4.178672865213220788e+00 1.932143787262492651e+01 4.146902401634768864e+00 6.245926606906251205e-02
0.000000000000000000e+00 1.092801686515678522e-03 1.531188259312973865e-01 1.451529794146920460e-01 4.397418937006064912e-03 4.144435867187849787e-02 2.381792222227483574e-02 7.944364235590406324e-04
0.000000000000000000e+00 1.092801686515678522e-03 1.748566191151064431e-01 1.451269552035971411e-01 1.477589477681716668e-01 1.100943189189673294e-01 1.608682941438966535e-02 5.439450666913707389e-04
0.000000000000000000e+00 1.095778583143278001e-01 2.094272082313814565e+00 2.945084838929566295e+00 2.724889664996220429e+00 3.312680256984928739e+00 2.232932216202181408e+00 3.704224206142854858e-01
0.000000000000000000e+00 8.784006513051878517e-02 3.021986282814610902e+00 3.307243991529284166e+00 2.418412154849190188e+01 1.224097859898734519e+01 3.566820820504548045e-03 2.948291899282263367e-04
0.000000000000000000e+00 1.313156514981368428e-01 1.443800329514406400e+00 6.912890380328440276e-01 1.166611885985598507e+00 7.127384705501909057e-01 4.362630623612653857e-01 4.190211816956475668e-03
0.000000000000000000e+00 1.313156514981368428e-01 1.478995946762724056e+00 2.061647598417000460e-01 9.213507096921143003e-01 8.995425130640714029e-01 2.144858159179347246e-01 3.163064943470207061e-03
0.000000000000000000e+00 1.313156514981368428e-01 1.478995946762724056e+00 2.283967311241707210e-01 8.848085005678801851e-01 9.616260436283873281e-01 8.963617708781938809e-02 3.161653277857158235e-03
0.000000000000000000e+00 2.262668557909372838e-02 1.313825910176890654e-01 1.627507880388512351e-01 1.622276697019412739e-01 4.863739152376006514e-02 4.332659643934147313e-03 5.395896081832519562e-04
0.000000000000000000e+00 8.784006513051878517e-02 1.718246129805499844e+00 4.004536595786140296e+00 2.932649624497746910e+00 2.022959780569694743e+01 2.362831705126274162e+00 7.604481825351565305e-02
0.000000000000000000e+00 4.139069628876460571e-01 1.173177163215850083e+00 3.568090735069738173e+00 3.451734901356776852e+00 2.149948991783429264e+01 5.962357140501910457e+00 3.183212150321272915e-01
0.000000000000000000e+00 1.530534446819437899e-01 1.591615302018831446e-01 1.477832431593602280e-01 1.086959753374298343e-01 1.247859817576380675e-01 1.281996454899366963e-02 4.388813473658041589e-04
0.000000000000000000e+00 1.313156514981368428e-01 1.943559171991381673e-01 1.334141699221975674e-01 2.144140867371948922e-01 2.681545750931154659e-01 5.355305760415937991e-03 6.632083740656398831e-04
0.000000000000000000e+00 1.313156514981368428e-01 1.767581085749806435e-01 1.334116058765167090e-01 2.144122801712086135e-01 2.783121227451641477e-01 5.217610025547047246e-03 1.409491178847123091e-02
0.000000000000000000e+00 1.092801686515678522e-03 2.138802178430595724e+00 1.791914263999276224e+00 4.593775873905125096e+00 1.823326964327769062e+01 5.936183588329343314e-02 6.088207243534765264e-03
0.000000000000000000e+00 1.092801686515678522e-03 1.173181201448080142e-03 2.714089115431556065e-02 4.604670112364967101e-03 9.210468721137110570e-02 2.872738851211635580e-02 9.635270234042374706e-04
0.000000000000000000e+00 1.530534446819437899e-01 1.373410325268833221e+00 1.395666517099457771e+00 5.320544269626140022e+00 2.222525782516923343e+01 3.046750892363928376e+00 1.023521669138229423e-01
0.000000000000000000e+00 1.530534446819437899e-01 3.527374250676288403e-01 5.082669271459490101e-01 1.108694631223696575e-01 2.138550202271608525e-01 5.345628993711680488e-02 2.339159531814408166e-02
0.000000000000000000e+00 1.313156514981368428e-01 3.879318120648839185e-01 8.521760700057694204e-02 3.583454958226794940e-01 2.310681797661863213e-01 2.431664306685987417e-02 1.808298821645289850e-02
0.000000000000000000e+00 1.530534446819437899e-01 1.443801559765468312e+00 2.224875464664467728e+00 3.970907937030097923e+00 1.315027506139314006e+01 8.066330724751111236e-02 8.476298825357331257e-03
0.000000000000000000e+00 1.530534446819437899e-01 1.443801559765468312e+00 1.249683240480620183e+00 1.511523732077509230e+00 6.770638360169664027e-01 4.548277707403843018e-02 5.297015084197204300e-03
0.000000000000000000e+00 1.313156514981368428e-01 1.303017860521137328e+00 9.192679963699263990e-01 2.197202769098497210e+00 9.169195040525260909e-01 1.915385586362711168e+00 6.946963213729455584e-03
