0.000000000000000000e+00 2.948291899282263367e-04 2.110139522177564885e-04 1.553360168569208229e-03 3.566820820504548045e-03 2.110139522177564885e-04 2.948291899282263367e-04 2.110139522177564885e-04 1.024649004196001578e-02
0.000000000000000000e+00 2.948291899282263367e-04 2.948291899282263367e-04 5.755096219117715739e-01 2.833504293186872136e+00 2.871616860957404774e-02 1.942708999012695514e+01 1.528051873484336021e+01 6.042307369860210053e-02
0.000000000000000000e+00 2.110139522177564885e-04 2.110139522177564885e-04 1.576934423226233244e-03 3.528566292015173668e-03 9.547790084827093710e-03 3.313257082961330521e-04 2.377020460513788378e-04 9.581100699938390397e-04
0.000000000000000000e+00 2.948291899282263367e-04 2.150356535994840277e-04 1.287711409399657381e-03 2.233876160516677645e-02 3.331793805321401031e-04 2.395942883845946436e-04 2.395942883845946436e-04 9.379238528800929505e-04
0.000000000000000000e+00 2.948291899282263367e-04 2.110139522177564885e-04 1.149075075187189904e-02 3.954665997645479686e-03 2.377020460513788378e-04 3.313257082961330521e-04 2.377020460513788378e-04 9.581100699938390397e-04
0.000000000000000000e+00 2.948291899282263367e-04 2.150356535994840277e-04 3.869798638083509629e-02 3.988648219631359126e-03 2.433276217459231887e-04 3.368215327497330069e-04 2.433276217459231887e-04 9.345693370321734401e-04
0.000000000000000000e+00 2.948291899282263367e-04 2.110139522177564885e-04 3.009676645384776542e-02 4.020440140089575481e-03 2.414694001053035045e-04 3.350111823022334438e-04 2.414694001053035045e-04 9.744863553003100002e-04
0.000000000000000000e+00 2.948291899282263367e-04 2.150356535994840277e-04 1.287711409399657381e-03 2.259167316010457852e-02 9.542602139372528131e-03 3.350111823022334438e-04 2.460873183031039575e-04 9.744863553003100002e-04
0.000000000000000000e+00 2.948291899282263367e-04 2.110139522177564885e-04 1.553360168569208229e-03 3.566820820504548045e-03 9.556789236232869633e-03 3.313257082961330521e-04 2.377020460513788378e-04 9.581100699938390397e-04
0.000000000000000000e+00 2.948291899282263367e-04 2.150356535994840277e-04 2.018894652518247665e-02 1.322658924641789864e-02 2.414694001053035045e-04 3.350111823022334438e-04 2.414694001053035045e-04 9.701018345462027745e-04
0.000000000000000000e+00 2.948291899282263367e-04 2.110139522177564885e-04 2.082419744101342632e-02 3.881194671220279582e-03 2.395942883845946436e-04 3.331793805321401031e-04 2.395942883845946436e-04 9.685056823984724032e-04
0.000000000000000000e+00 2.948291899282263367e-04 2.150356535994840277e-04 1.076532570295909465e-02 3.869767432899196610e-03 2.377020460513788378e-04 3.313257082961330521e-04 2.377020460513788378e-04 9.538710565126549230e-04
0.000000000000000000e+00 2.948291899282263367e-04 2.110139522177564885e-04 1.553360168569208229e-03 3.566820820504548045e-03 9.556789236232869633e-03 3.313257082961330521e-04 2.377020460513788378e-04 9.581100699938390397e-04
0.000000000000000000e+00 2.948291899282263367e-04 2.150356535994840277e-04 1.266989184086110120e-03 2.259167316010457852e-02 2.395942883845946436e-04 3.331793805321401031e-04 2.441711991541659272e-04 9.642056419042631301e-04
0.000000000000000000e+00 2.948291899282263367e-04 2.150356535994840277e-04 2.016433687630114074e-02 3.881194671220279582e-03 2.441711991541659272e-04 3.331793805321401031e-04 2.395942883845946436e-04 9.642056419042631301e-04
0.000000000000000000e+00 2.948291899282263367e-04 2.150356535994840277e-04 1.329801972588079547e-03 3.189468101109250997e-02 3.615212040462062655e-04 3.350111823022334438e-04 2.414694001053035045e-04 9.744863553003100002e-04
0.000000000000000000e+00 2.948291899282263367e-04 2.948291899282263367e-04 1.138200753347110350e+00 1.374565162807392715e+00 8.831483882257001872e-02 1.008941516545073647e+01 1.797602454759523738e+01 1.298591037024611206e-01
0.000000000000000000e+00 2.948291899282263367e-04 2.948291899282263367e-04 8.250002789592363328e-01 1.234776527534911850e+00 2.392460449911862699e-02 2.505331393237487703e+01 4.883733290166629715e+00 2.605241401030064519e-02
0.000000000000000000e+00 2.948291899282263367e-04 2.948291899282263367e-04 6.256579739715540933e-01 3.736916114990308291e+00 3.502585523728422162e-02 2.106070196106869474e+01 9.083923777369140140e+00 1.227872946389278047e-02
0.000000000000000000e+00 2.948291899282263367e-04 2.948291899282263367e-04 8.449141483381912288e-01 1.150988841597440970e+00 1.740329039894321361e-01 2.469035886351657538e+01 7.051579635816348279e+00 1.581558445815535452e-02
0.000000000000000000e+00 2.948291899282263367e-04 2.948291899282263367e-04 6.089418566182930315e-01 2.893286239987185926e+00 3.497234560373509854e-02 1.833815727569766096e+01 1.395240218585951020e+01 1.589409396446590794e-02
0.000000000000000000e+00 2.948291899282263367e-04 2.948291899282263367e-04 5.755096219117715739e-01 2.893206303679914271e+00 1.075564222363242228e-01 2.015312011043976526e+01 1.046618372843202849e+01 8.259423254423088334e-01
0.000000000000000000e+00 2.948291899282263367e-04 2.948291899282263367e-04 1.114202471488736856e+00 1.574703702760924529e+00 2.865988857300958564e-02 6.437161212976585389e+00 1.960932834891169563e+01 4.411273274294649771e-01
0.000000000000000000e+00 2.948291899282263367e-04 2.150356535994840277e-04 3.884491771568045204e-02 3.903426785330857407e-03 9.546335472733855076e-03 3.386108362579438457e-04 2.451691870160407796e-04 9.393148778747517462e-04
0.000000000000000000e+00 2.948291899282263367e-04 2.948291899282263367e-04 6.089418566182930315e-01 2.773882219001102545e+00 2.872911456141679157e-02 2.015310140617886958e+01 1.362041786925592213e+01 1.230104579381668603e-02
0.000000000000000000e+00 2.948291899282263367e-04 2.948291899282263367e-04 8.648280177171461247e-01 1.424496519231422731e+00 1.740636653023540648e-01 2.505339566551464969e+01 5.290215184290403272e+00 1.003859202981548515e-01
0.000000000000000000e+00 2.948291899282263367e-04 2.948291899282263367e-04 9.046557564750559166e-01 1.574676502484227747e+00 2.864467163705393740e-02 6.684554971320837424e+00 2.069832930157103945e+01 2.605241401030064519e-02
0.000000000000000000e+00 2.948291899282263367e-04 2.948291899282263367e-04 9.046557564750559166e-01 1.624717798858352769e+00 2.865988857300958564e-02 6.560864797936419635e+00 2.033533302550507216e+01 2.336239222900995394e-01
0.000000000000000000e+00 2.948291899282263367e-04 2.948291899282263367e-04 1.138200753347110350e+00 1.374565162807392715e+00 8.831483882257001872e-02 1.008941516545073647e+01 1.779452640956224840e+01 1.298383190958219413e-01
0.000000000000000000e+00 2.948291899282263367e-04 2.948291899282263367e-04 5.755096219117715739e-01 2.893206303679914271e+00 2.872911456141679157e-02 1.979010513011290584e+01 1.411844591296969575e+01 1.565977735486791256e-01
0.000000000000000000e+00 2.948291899282263367e-04 2.110139522177564885e-04 5.028933738663963343e-02 4.042573643504542881e-03 2.451691870160407796e-04 3.386108362579438457e-04 2.451691870160407796e-04 9.993702636559534825e-04
0.000000000000000000e+00 2.948291899282263367e-04 2.948291899282263367e-04 6.423740913248149331e-01 2.893363141753671819e+00 3.500013161317662436e-02 1.906418644686269204e+01 1.411844591296969575e+01 6.040344969997487462e-02
0.000000000000000000e+00 2.948291899282263367e-04 2.150356535994840277e-04 3.872186545147598968e-02 3.903426785330857407e-03 2.853887096110022006e-04 9.639829383737665708e-03 2.451691870160407796e-04 9.948877526867220492e-04
0.000000000000000000e+00 2.948291899282263367e-04 2.150356535994840277e-04 2.961869569228424426e-02 3.934853835341818595e-03 2.414694001053035045e-04 3.350111823022334438e-04 2.414694001053035045e-04 9.788473223678879464e-04
0.000000000000000000e+00 2.948291899282263367e-04 2.948291899282263367e-04 8.250002789592363328e-01 1.192870334992489845e+00 7.395031124118164878e-02 2.469031765630891684e+01 5.561179508198576649e+00 2.016500529005249218e-02
0.000000000000000000e+00 2.948291899282263367e-04 2.110139522177564885e-04 3.998784611667978439e-02 3.945920129253695750e-03 2.433276217459231887e-04 3.368215327497330069e-04 2.433276217459231887e-04 9.847135955822602840e-04
0.000000000000000000e+00 2.948291899282263367e-04 2.150356535994840277e-04 4.781860817630047278e-02 3.871931808586778160e-03 9.566992340215815446e-03 3.403794831357770737e-04 2.469943230828653660e-04 1.009552332408318251e-03
0.000000000000000000e+00 2.948291899282263367e-04 2.948291899282263367e-04 1.210195598922230609e+00 8.159197911838835804e-01 2.390901486705641552e-02 5.153038874252065860e+00 1.289375553666818774e+01 5.842907865005642076e-01
0.000000000000000000e+00 2.948291899282263367e-04 2.948291899282263367e-04 8.449141483381912288e-01 1.192895034139863197e+00 2.240897899956184325e-01 2.414590497534974389e+01 7.051576787906165933e+00 1.580597626294957120e-02
0.000000000000000000e+00 2.948291899282263367e-04 2.110139522177564885e-04 7.603184840780827236e-02 4.074277540307133516e-03 2.505961851431170485e-04 3.438563017090229138e-04 2.554145723384617034e-04 1.025095496569231653e-03
0.000000000000000000e+00 2.948291899282263367e-04 2.948291899282263367e-04 1.670127029317528988e+00 5.175275100239359188e-02 8.689311865341076135e-02 8.663581839441983234e+00 5.376081708231123635e+00 4.075169389799352532e-02
0.000000000000000000e+00 2.948291899282263367e-04 2.948291899282263367e-04 7.851725402013265409e-01 8.593149482366967407e-01 1.993627993605243814e-02 5.783484234101877064e+00 7.724925109305165627e+00 2.224124707444239957e-01
0.000000000000000000e+00 2.948291899282263367e-04 9.543294229155686523e-03 1.976813108883097858e-02 2.262645584206544186e-02 2.639844892278834501e-04 3.386108362579438457e-04 2.451691870160407796e-04 9.993702636559534825e-04
0.000000000000000000e+00 2.948291899282263367e-04 2.948291899282263367e-04 5.755096219117715739e-01 2.893206303679914271e+00 1.075564222363242228e-01 2.015312011043976526e+01 1.046618372843202849e+01 8.259423254423088334e-01
0.000000000000000000e+00 2.948291899282263367e-04 2.948291899282263367e-04 9.046557564750559166e-01 4.730559505524241093e-01 8.689311865341076135e-02 5.888532182476438059e+00 4.039489602610892405e+00 7.073579145564273807e-01
0.000000000000000000e+00 2.948291899282263367e-04 2.150356535994840277e-04 3.884491771568045204e-02 1.320643463631878886e-02 2.451691870160407796e-04 3.386108362579438457e-04 2.451691870160407796e-04 9.393148778747517462e-04
0.000000000000000000e+00 2.948291899282263367e-04 2.110139522177564885e-04 4.825080391836959748e-02 4.042573643504542881e-03 2.451691870160407796e-04 3.386108362579438457e-04 2.451691870160407796e-04 9.993702636559534825e-04
0.000000000000000000e+00 2.948291899282263367e-04 2.150356535994840277e-04 5.735200295488351169e-02 2.261629401490512087e-02 2.554145723384617034e-04 3.438563017090229138e-04 2.554145723384617034e-04 1.025095496569231653e-03
0.000000000000000000e+00 2.948291899282263367e-04 2.948291899282263367e-04 8.847418870961011317e-01 1.067224391779265424e+00 2.390901486705641552e-02 5.153038874252065860e+00 1.053427974223942343e+01 4.163012507879351731e-02
0.000000000000000000e+00 2.948291899282263367e-04 2.110139522177564885e-04 4.795396115235786572e-02 1.330257074719999252e-02 3.492282060480306725e-04 2.469943230828653660e-04 2.469943230828653660e-04 1.000441999136968824e-03
0.000000000000000000e+00 2.948291899282263367e-04 2.150356535994840277e-04 4.781860817630047278e-02 3.871931808586778160e-03 9.566992340215815446e-03 3.403794831357770737e-04 2.469943230828653660e-04 1.009552332408318251e-03
0.000000000000000000e+00 2.948291899282263367e-04 2.948291899282263367e-04 8.648280177171461247e-01 4.207107710704839354e-01 8.687838979855341814e-02 6.203779050385636928e+00 4.872585442852501281e+00 3.647408488191293541e-02
0.000000000000000000e+00 2.948291899282263367e-04 2.948291899282263367e-04 1.186197317063857115e+00 8.997112207045808718e-01 7.396590087324386720e-02 4.942889608245423894e+00 1.525323133109694851e+01 3.984511987756613610e-02
0.000000000000000000e+00 2.948291899282263367e-04 2.948291899282263367e-04 8.449141483381912288e-01 1.192895034139863197e+00 9.240735224229716938e-01 6.569163098950929758e-01 2.000712443863828405e+00 2.453504777888198748e-02
0.000000000000000000e+00 2.948291899282263367e-04 2.948291899282263367e-04 9.046557564750559166e-01 5.081815893485840396e-01 8.690751182611179682e-02 3.891117054232007710e+00 4.327479863400325755e+00 3.041434863628450502e-02
0.000000000000000000e+00 2.948291899282263367e-04 2.948291899282263367e-04 8.847418870961011317e-01 1.067224391779265424e+00 2.390901486705641552e-02 5.153038874252065860e+00 1.089727601830538894e+01 4.177555790741727115e-02
0.000000000000000000e+00 2.948291899282263367e-04 2.150356535994840277e-04 1.054348861182599628e-01 4.615313282787527130e-03 2.908077860167684056e-04 3.965525059211700773e-04 2.908077860167684056e-04 1.198819795595397779e-03
0.000000000000000000e+00 2.948291899282263367e-04 2.150356535994840277e-04 9.701573596800794341e-02 4.653338783018354935e-03 4.458359790838746332e-03 3.946536838716763196e-04 2.888232524900767074e-04 1.193047644123033588e-03
0.000000000000000000e+00 2.948291899282263367e-04 2.948291899282263367e-04 5.922257392650321917e-01 2.773842635625122899e+00 2.871616860957404774e-02 2.069757695635783534e+01 1.345441461209917655e+01 1.230628777562160943e-02
0.000000000000000000e+00 2.948291899282263367e-04 2.948291899282263367e-04 8.648280177171461247e-01 4.207107710704839354e-01 8.687838979855341814e-02 6.098692388364718830e+00 4.039500545949304744e+00 2.040893971422336750e-01
0.000000000000000000e+00 2.948291899282263367e-04 2.948291899282263367e-04 6.089418566182930315e-01 2.833584229494144235e+00 8.337112853094327258e-01 7.994635750100277383e-01 3.344882810572691767e+00 3.001735647369310409e-02
0.000000000000000000e+00 2.948291899282263367e-04 2.948291899282263367e-04 1.210195598922230609e+00 8.578259837263055854e-01 7.396590087324386720e-02 4.942889608245423894e+00 1.325675181273414971e+01 4.266493275409656560e-02
0.000000000000000000e+00 2.948291899282263367e-04 2.948291899282263367e-04 6.256579739715540933e-01 2.024809685067586962e+00 1.480639095590932097e-01 6.313484114923779700e+00 9.263946605493199371e+00 4.198938039493007451e-02
0.000000000000000000e+00 2.948291899282263367e-04 2.948291899282263367e-04 8.847418870961011317e-01 1.067224391779265424e+00 2.390901486705641552e-02 5.153038874252065860e+00 1.089727601830538894e+01 4.177555790741727115e-02
0.000000000000000000e+00 2.948291899282263367e-04 2.948291899282263367e-04 5.922257392650321917e-01 2.833544646118165033e+00 1.051537971548333061e+00 2.692930469455069864e-01 2.000760406899360966e+00 2.491332508057146969e-02
0.000000000000000000e+00 2.948291899282263367e-04 2.948291899282263367e-04 8.648280177171461247e-01 1.474537815605548197e+00 1.740784234754660098e-01 2.487191753779801218e+01 5.832176770702833579e+00 2.027949989877264256e-02
0.000000000000000000e+00 2.948291899282263367e-04 2.110139522177564885e-04 5.976095796857151116e-02 4.053337044326792843e-03 4.053337044326792843e-03 3.403794831357770737e-04 2.469943230828653660e-04 1.005009207917025461e-03
0.000000000000000000e+00 2.948291899282263367e-04 2.948291899282263367e-04 8.847418870961011317e-01 1.674731332919070281e+00 2.865988857300958564e-02 4.312439448521137031e+00 1.960918664388851695e+01 3.345507609143359012e-02
0.000000000000000000e+00 2.948291899282263367e-04 2.150356535994840277e-04 5.737636828025285962e-02 3.924857777521408714e-03 9.554741273090573001e-03 3.421278502646143168e-04 2.488032508368130950e-04 1.019681964196070354e-03
0.000000000000000000e+00 2.948291899282263367e-04 2.948291899282263367e-04 9.046557564750559166e-01 4.730559505524241093e-01 8.689311865341076135e-02 4.067833953481859055e+00 4.327491991326484211e+00 3.049224379268071841e-02
0.000000000000000000e+00 2.948291899282263367e-04 2.948291899282263367e-04 8.250002789592363328e-01 1.150964142450067840e+00 1.740168918819811894e-01 2.414584393154729725e+01 6.780587035116316663e+00 2.026599501121753577e-02
0.000000000000000000e+00 2.948291899282263367e-04 2.948291899282263367e-04 9.046557564750559166e-01 1.624717798858352769e+00 8.836189906605139421e-02 6.437174512230656731e+00 1.942784233534018057e+01 4.411273274294649771e-01
0.000000000000000000e+00 2.948291899282263367e-04 2.948291899282263367e-04 5.755096219117715739e-01 2.833504293186872136e+00 1.544273398810389386e+00 4.213980507611861381e-03 2.105837645565969751e+00 2.491332508057146969e-02
0.000000000000000000e+00 2.948291899282263367e-04 2.948291899282263367e-04 9.046557564750559166e-01 4.730559505524241093e-01 1.220187574495705668e-01 5.783458531282033022e+00 4.039489602610892405e+00 7.073579145564273807e-01
0.000000000000000000e+00 2.948291899282263367e-04 2.948291899282263367e-04 6.423740913248149331e-01 1.276605615791104320e+00 9.240358198149115632e-01 2.212204376798342365e-01 2.210804524644133462e+00 2.044433524311303069e-02
0.000000000000000000e+00 2.948291899282263367e-04 2.948291899282263367e-04 8.050864095802815479e-01 1.276657524381556996e+00 7.449674909438461778e-01 7.295120550150026029e-01 2.315952645604404392e+00 2.461160144158560520e-02
0.000000000000000000e+00 2.948291899282263367e-04 2.948291899282263367e-04 1.210195598922230609e+00 8.159197911838835804e-01 7.395031124118164878e-02 5.047964291226648470e+00 1.289375553666818774e+01 4.253437210351613401e-02
0.000000000000000000e+00 2.948291899282263367e-04 2.948291899282263367e-04 1.234193880780603436e+00 8.159403053686695717e-01 7.396590087324386720e-02 4.837802946224507572e+00 1.761269346976190775e+01 3.301673829314679537e-02
0.000000000000000000e+00 2.948291899282263367e-04 2.948291899282263367e-04 1.210195598922230609e+00 8.578259837263055854e-01 2.392460449911862699e-02 4.942877629205732148e+00 1.289374188090437556e+01 4.036391848245181047e-01
0.000000000000000000e+00 2.948291899282263367e-04 2.150356535994840277e-04 2.809425027125608560e-03 6.897918164014034403e-02 3.808771778947238167e-03 3.421278502646143168e-04 2.488032508368130950e-04 1.010450448260508333e-03
0.000000000000000000e+00 2.948291899282263367e-04 3.025061749050248915e-04 8.847418870961011317e-01 6.837902960446092804e-01 1.162740588650225115e+00 2.772733325406348450e-03 1.682229050586824037e+00 1.684428552078854474e-02
0.000000000000000000e+00 2.948291899282263367e-04 2.150356535994840277e-04 4.901896009778162339e-02 2.264858934548040492e-02 3.850705169276900063e-03 3.421278502646143168e-04 2.488032508368130950e-04 1.010450448260508333e-03
0.000000000000000000e+00 2.948291899282263367e-04 2.150356535994840277e-04 5.760674747179786448e-02 4.010278312929256225e-03 2.564756348826984834e-04 3.492282060480306725e-04 2.469943230828653660e-04 1.009552332408318251e-03
0.000000000000000000e+00 2.948291899282263367e-04 2.948291899282263367e-04 8.449141483381912288e-01 1.192895034139863197e+00 7.396590087324386720e-02 2.523483275974518847e+01 4.883738779361588733e+00 2.014965259135275202e-02
0.000000000000000000e+00 2.948291899282263367e-04 2.948291899282263367e-04 8.847418870961011317e-01 1.624690036544945260e+00 2.864467163705393740e-02 4.312428055337232280e+00 1.924617671205874103e+01 3.335096751576442642e-02
0.000000000000000000e+00 2.948291899282263367e-04 2.948291899282263367e-04 8.050864095802815479e-01 2.774033072778588682e+00 1.455999668374162503e+00 5.040615501912253972e-03 2.231539844010708151e+00 2.506150742842171847e-02
0.000000000000000000e+00 2.948291899282263367e-04 2.948291899282263367e-04 1.138200753347110350e+00 1.524689051929768446e+00 8.836189906605139421e-02 4.102277422245799166e+00 2.033516554025663581e+01 4.409355291654716846e-01
0.000000000000000000e+00 2.948291899282263367e-04 2.948291899282263367e-04 1.234193880780603436e+00 1.074418559997351030e+00 2.395453435309146881e-02 7.179314526875711699e+00 1.779435909304335084e+01 3.352246662789039322e-02
0.000000000000000000e+00 2.948291899282263367e-04 2.948291899282263367e-04 9.046557564750559166e-01 5.433072281447437479e-01 1.037006673330247430e-01 5.888558097592539120e+00 2.598922961588129521e+00 3.049224379268071841e-02
0.000000000000000000e+00 2.948291899282263367e-04 2.948291899282263367e-04 6.423740913248149331e-01 8.592929795177618457e-01 1.037330496216387760e-01 5.678410265617254815e+00 6.382647619209792289e+00 4.024942110427414538e-02
0.000000000000000000e+00 2.948291899282263367e-04 2.150356535994840277e-04 3.884491771568045204e-02 1.320643463631878886e-02 2.451691870160407796e-04 3.386108362579438457e-04 2.451691870160407796e-04 9.393148778747517462e-04
0.000000000000000000e+00 2.948291899282263367e-04 2.948291899282263367e-04 8.648280177171461247e-01 1.109106858346038171e+00 1.341745288847778550e+00 3.402438882453292981e-03 1.682273814422714509e+00 2.037659865697575776e-02
0.000000000000000000e+00 2.948291899282263367e-04 2.948291899282263367e-04 1.234193880780603436e+00 4.029134874989243054e-01 6.182685707921671547e-02 5.678397572080959854e+00 1.525321767533314699e+01 3.979103787238166823e-02
0.000000000000000000e+00 2.948291899282263367e-04 2.948291899282263367e-04 1.162199035205483844e+00 9.415960106961177578e-01 7.396590087324386720e-02 4.942889608245423894e+00 1.434574064093204449e+01 3.956958683533141896e-02
0.000000000000000000e+00 2.948291899282263367e-04 2.948291899282263367e-04 8.648280177171461247e-01 1.025294473261193939e+00 5.242895273109964283e-01 6.560864797936419635e+00 3.698234845611906962e+00 3.688760509673484622e-02
0.000000000000000000e+00 2.948291899282263367e-04 2.948291899282263367e-04 1.234193880780603436e+00 1.024377263623225787e+00 7.398107255410475702e-02 4.837814825985525147e+00 1.616072202126186141e+01 4.010788379376054036e-02
0.000000000000000000e+00 2.948291899282263367e-04 2.948291899282263367e-04 5.922257392650321917e-01 3.012650677597289661e+00 3.498649889508723132e-02 1.888267007768369865e+01 1.395242331715132345e+01 6.038731953454556933e-02
0.000000000000000000e+00 2.948291899282263367e-04 2.110139522177564885e-04 5.755381176935751852e-02 1.327045918458272765e-02 2.967936521723390847e-04 3.421278502646143168e-04 2.488032508368130950e-04 1.010450448260508333e-03
0.000000000000000000e+00 2.948291899282263367e-04 2.110139522177564885e-04 4.885759062299002004e-02 4.042573643504542881e-03 2.451691870160407796e-04 3.386108362579438457e-04 2.451691870160407796e-04 9.948877526867220492e-04
0.000000000000000000e+00 2.948291899282263367e-04 2.948291899282263367e-04 1.186197317063857115e+00 8.578050281621588669e-01 2.390901486705641552e-02 5.153038874252065860e+00 1.307525367470116429e+01 5.843563498199662032e-01
0.000000000000000000e+00 2.948291899282263367e-04 2.110139522177564885e-04 4.830373962080992956e-02 1.330257074719999252e-02 3.492282060480306725e-04 2.469943230828653660e-04 2.469943230828653660e-04 9.535094306974280882e-04
0.000000000000000000e+00 2.948291899282263367e-04 2.948291899282263367e-04 1.186197317063857115e+00 1.424658114488746685e+00 8.836189906605139421e-02 4.207364084266716375e+00 1.942768850585553153e+01 3.342077681410974416e-02
0.000000000000000000e+00 2.948291899282263367e-04 2.948291899282263367e-04 8.050864095802815479e-01 8.242108503388692053e-01 6.184247247847449863e-02 5.573323603596339382e+00 6.214850308972382109e+00 3.704907060444421335e-02
0.000000000000000000e+00 2.948291899282263367e-04 2.948291899282263367e-04 1.210195598922230609e+00 1.124435359839139226e+00 1.240371271013407800e-01 4.627664966288707937e+00 1.579772574519589767e+01 4.000430441364364459e-02
0.000000000000000000e+00 2.948291899282263367e-04 2.948291899282263367e-04 1.234193880780603436e+00 1.124459856371476274e+00 7.401017975732727960e-02 4.417491642246873518e+00 1.797567595843714017e+01 3.305550562891653582e-02
0.000000000000000000e+00 2.948291899282263367e-04 2.948291899282263367e-04 1.186197317063857115e+00 8.997112207045808718e-01 7.396590087324386720e-02 7.179300542522246253e+00 1.234940282759242258e+01 3.956958683533141896e-02
0.000000000000000000e+00 2.948291899282263367e-04 9.538800276441742818e-03 8.627339471968244189e-02 4.653338783018354935e-03 3.946536838716763196e-04 2.888232524900767074e-04 2.888232524900767074e-04 1.182144424277446282e-03
0.000000000000000000e+00 2.948291899282263367e-04 2.150356535994840277e-04 5.877234923604523348e-02 4.053337044326792843e-03 9.559483485870630751e-03 3.421278502646143168e-04 2.488032508368130950e-04 1.010450448260508333e-03
0.000000000000000000e+00 2.948291899282263367e-04 2.948291899282263367e-04 9.046557564750559166e-01 1.624717798858352769e+00 8.836189906605139421e-02 4.207364084266716375e+00 1.942768850585553153e+01 3.342077681410974416e-02
0.000000000000000000e+00 2.948291899282263367e-04 2.948291899282263367e-04 6.423740913248149331e-01 8.944186183139216650e-01 1.037486650208965522e-01 5.573336192892102581e+00 1.017128346617346324e+01 4.169202458561531432e-02
0.000000000000000000e+00 2.948291899282263367e-04 2.948291899282263367e-04 5.922257392650321917e-01 2.714140625132081208e+00 2.870277753196872478e-02 1.924557282751545984e+01 1.378639503394486177e+01 2.046554078388496956e-01
0.000000000000000000e+00 2.948291899282263367e-04 2.948291899282263367e-04 1.234193880780603436e+00 8.159403053686695717e-01 7.396590087324386720e-02 4.837802946224507572e+00 1.706819905566295503e+01 4.030896471742687059e-02
0.000000000000000000e+00 2.948291899282263367e-04 2.948291899282263367e-04 1.234193880780603436e+00 8.159403053686695717e-01 7.396590087324386720e-02 4.942889608245423894e+00 1.706821271142676721e+01 4.035797302738291376e-02
0.000000000000000000e+00 2.948291899282263367e-04 2.948291899282263367e-04 5.755096219117715739e-01 3.132014345652080589e+00 1.076140969448696194e-01 2.160517845467609277e+01 8.000006647054510367e+00 1.586096657975399546e-02
0.000000000000000000e+00 2.948291899282263367e-04 2.814930993113154770e-02 1.138290479661315135e+00 8.578259837263055854e-01 8.643715119299297811e-01 4.390684069231223785e-01 2.781895284132095830e-03 1.329399975293471536e-02
0.000000000000000000e+00 2.948291899282263367e-04 2.948291899282263367e-04 1.234193880780603436e+00 8.159403053686695717e-01 7.396590087324386720e-02 4.732716284203589474e+00 1.670518899220627418e+01 4.015891264318949966e-02
0.000000000000000000e+00 2.948291899282263367e-04 2.948291899282263367e-04 9.046557564750559166e-01 5.433072281447437479e-01 1.667029563276314560e-02 6.098705506518272479e+00 3.175158330877958957e+00 3.587128115569905573e-02
0.000000000000000000e+00 2.948291899282263367e-04 2.948291899282263367e-04 5.587935045585106231e-01 2.833463159442423329e+00 1.196733869184229970e+00 4.201287506222509821e-03 2.000731883905694009e+00 2.468770490968873188e-02
0.000000000000000000e+00 2.948291899282263367e-04 2.948291899282263367e-04 9.046557564750559166e-01 5.081815893485840396e-01 8.690751182611179682e-02 5.993631855323867441e+00 3.031099488555502042e+00 3.578287245928677557e-02
0.000000000000000000e+00 2.948291899282263367e-04 2.948291899282263367e-04 9.046557564750559166e-01 3.521844200154960330e-02 2.171859678146774719e-01 4.686302244003595519e+00 2.355285660338815035e+00 2.960773595990590437e-02
0.000000000000000000e+00 2.948291899282263367e-04 2.948291899282263367e-04 8.648280177171461247e-01 4.207107710704839354e-01 8.687838979855341814e-02 6.203779050385636928e+00 4.872585442852501281e+00 3.647408488191293541e-02
0.000000000000000000e+00 2.948291899282263367e-04 2.948291899282263367e-04 5.922257392650321917e-01 2.952948667104248415e+00 3.497234560373509854e-02 1.888265168979660658e+01 1.378640559928136788e+01 6.037589138824378532e-02
0.000000000000000000e+00 2.948291899282263367e-04 2.948291899282263367e-04 9.046557564750559166e-01 1.122016014317617043e-02 1.122016014317617043e-02 5.216389576217959068e+00 3.221189831140268467e+00 1.740761987961504109e-01
0.000000000000000000e+00 2.948291899282263367e-04 2.948291899282263367e-04 1.138200753347110350e+00 1.524689051929768446e+00 1.480639095590932097e-01 6.189780529963945455e+00 1.979082648694465618e+01 2.592317036245956816e-02
0.000000000000000000e+00 2.948291899282263367e-04 2.948291899282263367e-04 5.755096219117715739e-01 2.833504293186872136e+00 1.544688944523824992e+00 4.213980507611861381e-03 2.105837645565969751e+00 2.491332508057146969e-02
0.000000000000000000e+00 2.948291899282263367e-04 2.948291899282263367e-04 8.847418870961011317e-01 5.081621020638101838e-01 8.689311865341076135e-02 6.098705506518272479e+00 3.607334857845330589e+00 2.039177432813663038e-01
0.000000000000000000e+00 2.948291899282263367e-04 2.948291899282263367e-04 9.046557564750559166e-01 1.122016014317617043e-02 3.521844200154960330e-02 5.304765866441177202e+00 2.602692830258484857e+00 2.977310855478870755e-02
0.000000000000000000e+00 2.948291899282263367e-04 2.948291899282263367e-04 9.046557564750559166e-01 1.624717798858352769e+00 2.865988857300958564e-02 6.437161212976585389e+00 2.087981531514255096e+01 2.605241401030064519e-02
0.000000000000000000e+00 2.948291899282263367e-04 2.150356535994840277e-04 3.902757651574904202e-02 4.031609416350501185e-03 2.479862380315442437e-04 3.368215327497330069e-04 2.433276217459231887e-04 9.891353867860623074e-04
0.000000000000000000e+00 2.948291899282263367e-04 2.948291899282263367e-04 9.046557564750559166e-01 4.730559505524241093e-01 1.220187574495705668e-01 5.783458531282033022e+00 4.183548444933346211e+00 2.040893971422336750e-01
0.000000000000000000e+00 2.948291899282263367e-04 9.538800276441742818e-03 8.627339471968244189e-02 4.362458991819279965e-03 3.946536838716763196e-04 2.888232524900767074e-04 2.888232524900767074e-04 1.182144424277446282e-03
0.000000000000000000e+00 2.948291899282263367e-04 2.948291899282263367e-04 6.423740913248149331e-01 8.241673407216020264e-01 6.181085931599420574e-02 5.888558097592539120e+00 7.724925109305165627e+00 2.224124707444239957e-01
0.000000000000000000e+00 2.948291899282263367e-04 2.948291899282263367e-04 6.423740913248149331e-01 2.833661131260629684e+00 8.333991861661892431e-01 8.878404856371755471e-01 2.478989245298649724e+00 2.969067708558669957e-02
0.000000000000000000e+00 2.948291899282263367e-04 2.948291899282263367e-04 6.256579739715540933e-01 2.953027075286714265e+00 3.500013161317662436e-02 1.870119017079672474e+01 1.362039817591532298e+01 1.227872946389278047e-02
0.000000000000000000e+00 2.948291899282263367e-04 2.948291899282263367e-04 9.046557564750559166e-01 1.624717798858352769e+00 1.480639095590932097e-01 6.313484114923779700e+00 1.942784233534018057e+01 2.590056866082306869e-02
0.000000000000000000e+00 2.948291899282263367e-04 2.948291899282263367e-04 6.256579739715540933e-01 2.773921043807588749e+00 9.063252506411257903e-01 7.994701078807672223e-01 2.850079076260766175e+00 2.977310855478870755e-02
0.000000000000000000e+00 2.948291899282263367e-04 3.102882349707364795e-04 6.423740913248149331e-01 1.318511808333526547e+00 8.046509021510100945e-01 2.772733325406348450e-03 1.770592970399919697e+00 2.010173982795567665e-02
0.000000000000000000e+00 2.948291899282263367e-04 2.948291899282263367e-04 8.449141483381912288e-01 1.192895034139863197e+00 1.740484936214943545e-01 2.487187734910520120e+01 4.883738779361588733e+00 1.003114736253102324e-01
0.000000000000000000e+00 2.948291899282263367e-04 2.110139522177564885e-04 9.566783718770668909e-02 4.604201620876505197e-03 4.458359790838746332e-03 3.946536838716763196e-04 2.888232524900767074e-04 1.193047644123033588e-03
0.000000000000000000e+00 2.948291899282263367e-04 2.948291899282263367e-04 6.423740913248149331e-01 1.974800304208946367e+00 1.480639095590932097e-01 6.313484114923779700e+00 9.808441019592152088e+00 4.219803388028704749e-02
0.000000000000000000e+00 2.948291899282263367e-04 2.948291899282263367e-04 1.670127029317528988e+00 5.175275100239359188e-02 5.176747985725091428e-02 8.787269982264906076e+00 5.543866394493049299e+00 4.083331111082222353e-02
0.000000000000000000e+00 2.948291899282263367e-04 2.948291899282263367e-04 6.423740913248149331e-01 1.276605615791104320e+00 8.643338093218696505e-01 2.212142976931516514e-01 2.420967292928760894e+00 2.051168260697993490e-02
0.000000000000000000e+00 2.948291899282263367e-04 2.948291899282263367e-04 8.250002789592363328e-01 7.891063304956705826e-01 6.184247247847449863e-02 5.678410265617254815e+00 9.263792776008548557e+00 4.131054417462418776e-02
0.000000000000000000e+00 2.948291899282263367e-04 3.745231778211947915e-02 1.090322728501126104e+00 8.997112207045808718e-01 6.255634699577625746e-01 4.390437115937050883e-01 2.753339130584667692e-03 1.308634224674862061e-02
0.000000000000000000e+00 2.948291899282263367e-04 2.948291899282263367e-04 8.449141483381912288e-01 1.067176456512596738e+00 2.387656356974519889e-02 5.363187737675859879e+00 1.126027229437135446e+01 4.191868184095688676e-02
0.000000000000000000e+00 2.948291899282263367e-04 2.150356535994840277e-04 5.884557711984499118e-02 1.335634489531472430e-02 2.583643490270309860e-04 3.421278502646143168e-04 2.488032508368130950e-04 1.010450448260508333e-03
0.000000000000000000e+00 2.948291899282263367e-04 2.948291899282263367e-04 8.847418870961011317e-01 1.674731332919070281e+00 2.865988857300958564e-02 4.312439448521137031e+00 1.906469222978956424e+01 3.335096751576442642e-02
0.000000000000000000e+00 2.948291899282263367e-04 2.948291899282263367e-04 1.114202471488736856e+00 3.523148642593681990e-02 3.524426481692154167e-02 5.128062466036791278e+00 2.478989245298649724e+00 2.969067708558669957e-02
0.000000000000000000e+00 2.948291899282263367e-04 2.948291899282263367e-04 8.449141483381912288e-01 1.109082649055018965e+00 4.742646701267314024e-01 6.560864797936419635e+00 4.872727649445361742e+00 4.050325763586049704e-02
0.000000000000000000e+00 2.948291899282263367e-04 2.948291899282263367e-04 8.648280177171461247e-01 1.109106858346038171e+00 1.341745288847778550e+00 3.402438882453292981e-03 1.682273814422714509e+00 2.037659865697575776e-02
0.000000000000000000e+00 2.948291899282263367e-04 2.948291899282263367e-04 8.648280177171461247e-01 1.067200665803615944e+00 1.103141851294036968e+00 3.396563075379768846e-03 1.770628934096357909e+00 2.037659865697575776e-02
0.000000000000000000e+00 2.948291899282263367e-04 2.948291899282263367e-04 5.922257392650321917e-01 2.952948667104248415e+00 1.075863109354280728e-01 1.833817566358476370e+01 1.395240760456285578e+01 1.084671363746946837e-01
0.000000000000000000e+00 2.948291899282263367e-04 2.948291899282263367e-04 1.162199035205483844e+00 8.996898181536956418e-01 7.395031124118164878e-02 4.942877629205732148e+00 1.489022139926718147e+01 3.968133851273039636e-02
0.000000000000000000e+00 2.948291899282263367e-04 2.110139522177564885e-04 8.591481355977524659e-02 4.641974364475995492e-03 2.868212366135504594e-04 3.927333879877538316e-04 2.868212366135504594e-04 1.176342543560398657e-03
0.000000000000000000e+00 2.948291899282263367e-04 2.948291899282263367e-04 1.162199035205483844e+00 8.996898181536956418e-01 7.395031124118164878e-02 4.942877629205732148e+00 1.597921022746507269e+01 4.000430441364364459e-02
0.000000000000000000e+00 2.948291899282263367e-04 2.150356535994840277e-04 7.771606245942563884e-02 3.988207664337072023e-03 2.554145723384617034e-04 3.438563017090229138e-04 2.505961851431170485e-04 1.010958036376402060e-03
0.000000000000000000e+00 2.948291899282263367e-04 2.110139522177564885e-04 7.689518328058619900e-02 1.324852787497975831e-02 2.868212366135504594e-04 3.927333879877538316e-04 2.868212366135504594e-04 1.176342543560398657e-03
0.000000000000000000e+00 2.948291899282263367e-04 2.948291899282263367e-04 1.114202471488736856e+00 1.574703702760924529e+00 2.865988857300958564e-02 6.437161212976585389e+00 1.906483393481275002e+01 4.410576955220363304e-01
0.000000000000000000e+00 2.948291899282263367e-04 2.948291899282263367e-04 8.449141483381912288e-01 1.067176456512596738e+00 2.387656356974519889e-02 5.363187737675859879e+00 1.144177043240433100e+01 4.198938039493007451e-02
0.000000000000000000e+00 2.948291899282263367e-04 2.948291899282263367e-04 6.423740913248149331e-01 1.974800304208946367e+00 1.480639095590932097e-01 6.313484114923779700e+00 9.626942881559164888e+00 4.212905546633315124e-02
0.000000000000000000e+00 2.948291899282263367e-04 2.948291899282263367e-04 8.050864095802815479e-01 8.242108503388692053e-01 6.184247247847449863e-02 5.573323603596339382e+00 7.389343112805836000e+00 4.066947998189569119e-02
0.000000000000000000e+00 2.948291899282263367e-04 2.948291899282263367e-04 6.423740913248149331e-01 8.944186183139216650e-01 1.037486650208965522e-01 5.573336192892102581e+00 1.035278160420643978e+01 4.155654038125050631e-02
0.000000000000000000e+00 2.948291899282263367e-04 2.948291899282263367e-04 1.234193880780603436e+00 8.159403053686695717e-01 7.396590087324386720e-02 4.837802946224507572e+00 1.670520277959700195e+01 4.020943525610445185e-02
0.000000000000000000e+00 2.948291899282263367e-04 2.948291899282263367e-04 1.234193880780603436e+00 1.024377263623225787e+00 2.393977617997950294e-02 4.837802946224507572e+00 1.670520277959700195e+01 4.020943525610445185e-02
0.000000000000000000e+00 2.948291899282263367e-04 2.948291899282263367e-04 1.234193880780603436e+00 8.159403053686695717e-01 1.240071972473690970e-01 4.837814825985525147e+00 1.688671457339378179e+01 4.030896471742687059e-02
0.000000000000000000e+00 2.948291899282263367e-04 2.110139522177564885e-04 6.089418566182930315e-01 5.950771843300416419e-01 8.686332127494232613e-02 1.549709819590839015e-03 1.220951326207006787e-03 5.563720205727453599e-03
0.000000000000000000e+00 2.948291899282263367e-04 2.948291899282263367e-04 9.046557564750559166e-01 1.574676502484227747e+00 2.864467163705393740e-02 4.417514717358148602e+00 1.870169595372359694e+01 3.327954022227111452e-02
0.000000000000000000e+00 2.948291899282263367e-04 2.948291899282263367e-04 9.046557564750559166e-01 1.574676502484227747e+00 8.834668213009573556e-02 4.312439448521137031e+00 1.888319409175658592e+01 3.331545639524672447e-02
0.000000000000000000e+00 2.948291899282263367e-04 2.948291899282263367e-04 8.847418870961011317e-01 1.674731332919070281e+00 2.865988857300958564e-02 4.207352786500220709e+00 1.960917298812470477e+01 3.044015700203245856e-01
0.000000000000000000e+00 2.948291899282263367e-04 2.948291899282263367e-04 9.046557564750559166e-01 1.574676502484227747e+00 2.864467163705393740e-02 4.312428055337232280e+00 1.870168229795979897e+01 3.324321843920186731e-02
0.000000000000000000e+00 2.948291899282263367e-04 1.884180812742967601e-02 8.449642465257470869e-01 3.916453491189407776e-01 8.687838979855341814e-02 1.553533379173402049e-03 1.225372264591640011e-03 5.593074593208297550e-03
0.000000000000000000e+00 2.948291899282263367e-04 2.948291899282263367e-04 1.138200753347110350e+00 1.374565162807392715e+00 8.831483882257001872e-02 1.008941516545073647e+01 1.779452640956224840e+01 1.298383190958219413e-01
0.000000000000000000e+00 2.948291899282263367e-04 2.948291899282263367e-04 8.847418870961011317e-01 5.081621020638101838e-01 1.220187574495705668e-01 5.888545193302950231e+00 2.742970965047190290e+00 3.049224379268071841e-02
0.000000000000000000e+00 2.948291899282263367e-04 2.948291899282263367e-04 9.046557564750559166e-01 3.521844200154960330e-02 1.123320456756339222e-02 5.216401946628082875e+00 3.097496755825988490e+00 3.001735647369310409e-02
0.000000000000000000e+00 2.948291899282263367e-04 2.948291899282263367e-04 6.423740913248149331e-01 1.108980845621416300e+00 1.037639023709009400e-01 5.468262016668179015e+00 9.445290914041532204e+00 4.138801458131190908e-02
0.000000000000000000e+00 2.948291899282263367e-04 2.948291899282263367e-04 6.423740913248149331e-01 2.833661131260629684e+00 8.337401175437101353e-01 1.809291271324114381e-01 3.344828326491845250e+00 2.960773595990590437e-02
0.000000000000000000e+00 2.948291899282263367e-04 2.948291899282263367e-04 9.046557564750559166e-01 1.574676502484227747e+00 8.834668213009573556e-02 4.312439448521137031e+00 1.852019781569062218e+01 3.324321843920186731e-02
0.000000000000000000e+00 2.948291899282263367e-04 2.948291899282263367e-04 1.210195598922230609e+00 4.380219313699126316e-01 3.551702048761711805e-01 4.942877629205732148e+00 1.271224374287139902e+01 4.240154388318769646e-02
0.000000000000000000e+00 2.948291899282263367e-04 2.110139522177564885e-04 3.012720529200135777e-02 3.892412982046265964e-03 2.414694001053035045e-04 3.350111823022334438e-04 2.414694001053035045e-04 9.788473223678879464e-04
0.000000000000000000e+00 2.948291899282263367e-04 2.948291899282263367e-04 1.210195598922230609e+00 4.731475701660723954e-01 1.037486650208965522e-01 5.573336192892102581e+00 1.489023505503098299e+01 3.973644434216621474e-02
0.000000000000000000e+00 2.948291899282263367e-04 2.948291899282263367e-04 8.250002789592363328e-01 1.025245564822801603e+00 1.037787659051034039e-01 5.363187737675859879e+00 8.900796499942583040e+00 4.115383463359809785e-02
0.000000000000000000e+00 2.948291899282263367e-04 2.948291899282263367e-04 8.449141483381912288e-01 9.833640714277529504e-01 1.996638082025926561e-02 5.573336192892102581e+00 7.724925109305165627e+00 4.091433271144631623e-02
0.000000000000000000e+00 2.948291899282263367e-04 2.948291899282263367e-04 1.210195598922230609e+00 1.224517952587388381e+00 5.062289122738626856e-01 5.942412260449143169e+00 1.071593170975705611e+01 4.253437210351613401e-02
0.000000000000000000e+00 2.948291899282263367e-04 2.948291899282263367e-04 7.851725402013265409e-01 1.276631825289270106e+00 9.837569336301356104e-01 2.212325179049350055e-01 2.736258676191214434e+00 2.461160144158560520e-02
0.000000000000000000e+00 2.948291899282263367e-04 2.948291899282263367e-04 1.670127029317528988e+00 1.662711220623376909e-02 8.687838979855341814e-02 8.663566397305070055e+00 5.543855186119306389e+00 4.075169389799352532e-02
0.000000000000000000e+00 2.948291899282263367e-04 2.110139522177564885e-04 5.760674747179786448e-02 4.053337044326792843e-03 2.469943230828653660e-04 3.403794831357770737e-04 2.469943230828653660e-04 1.009552332408318251e-03
0.000000000000000000e+00 2.948291899282263367e-04 2.948291899282263367e-04 8.449141483381912288e-01 1.025270263970174955e+00 5.242726563467021705e-01 6.684554971320837424e+00 4.033804218135750297e+00 3.704907060444421335e-02
0.000000000000000000e+00 2.948291899282263367e-04 9.543294229155686523e-03 4.194504172236770412e-01 1.245892179622563184e-01 6.895723677116295802e-02 8.355303316025590151e-04 6.433887559117512167e-04 2.839661799121634585e-03
0.000000000000000000e+00 2.948291899282263367e-04 2.150356535994840277e-04 1.148132008824831463e-01 7.868525762390074507e-02 5.373791160972024063e-03 4.802504258204194436e-04 3.576423901116470086e-04 1.503176364737761860e-03
0.000000000000000000e+00 2.948291899282263367e-04 2.948291899282263367e-04 6.256579739715540933e-01 2.773921043807588749e+00 9.789392159728187437e-01 7.994765658240801098e-01 2.850089585906321776e+00 2.985503151742381622e-02
0.000000000000000000e+00 2.948291899282263367e-04 2.150356535994840277e-04 9.680437664157919009e-02 4.604201620876505197e-03 4.035385800421385262e-03 4.049051339300496679e-04 2.888232524900767074e-04 1.193047644123033588e-03
0.000000000000000000e+00 2.948291899282263367e-04 2.110139522177564885e-04 8.606962202694162789e-02 4.641974364475995492e-03 2.868212366135504594e-04 3.927333879877538316e-04 2.868212366135504594e-04 1.176342543560398657e-03
0.000000000000000000e+00 2.948291899282263367e-04 2.948291899282263367e-04 8.449141483381912288e-01 1.067176456512596738e+00 1.103122238439122160e+00 1.241220924503754208e+00 1.895673744878443756e+00 2.483856564570122508e-02
0.000000000000000000e+00 2.948291899282263367e-04 2.110139522177564885e-04 1.144825164531648315e-01 4.577254649210752216e-03 2.927750565721865526e-04 3.984302158402465736e-04 2.927750565721865526e-04 1.209972005747213383e-03
0.000000000000000000e+00 2.948291899282263367e-04 2.948291899282263367e-04 9.046557564750559166e-01 1.574676502484227747e+00 8.834668213009573556e-02 6.437161212976585389e+00 1.906483393481275002e+01 2.334443161377203202e-01
0.000000000000000000e+00 2.948291899282263367e-04 2.110139522177564885e-04 7.819836093960344514e-02 4.074277540307133516e-03 2.505961851431170485e-04 3.438563017090229138e-04 2.505961851431170485e-04 1.020407045722291489e-03
0.000000000000000000e+00 2.948291899282263367e-04 2.150356535994840277e-04 5.728036495789876059e-02 4.053337044326792843e-03 9.559483485870630751e-03 3.421278502646143168e-04 2.488032508368130950e-04 1.005798591771769413e-03
0.000000000000000000e+00 2.948291899282263367e-04 2.948291899282263367e-04 1.234193880780603436e+00 8.159403053686695717e-01 2.392460449911862699e-02 4.942877629205732148e+00 1.724969719369594046e+01 4.035797302738291376e-02
0.000000000000000000e+00 2.948291899282263367e-04 2.110139522177564885e-04 8.671785623413805211e-02 4.495491428202537561e-03 2.923418692625123381e-04 3.927333879877538316e-04 2.868212366135504594e-04 1.176342543560398657e-03
0.000000000000000000e+00 2.948291899282263367e-04 2.110139522177564885e-04 3.943021314298929270e-02 3.903426785330857407e-03 2.433276217459231887e-04 3.368215327497330069e-04 2.433276217459231887e-04 9.891353867860623074e-04
0.000000000000000000e+00 2.948291899282263367e-04 2.150356535994840277e-04 2.054134415160812355e-01 1.790035199778318084e-02 5.442011074755785834e-03 4.822608070889896422e-04 3.597881882562314502e-04 1.522828839827171724e-03
0.000000000000000000e+00 2.948291899282263367e-04 2.948291899282263367e-04 9.046557564750559166e-01 1.122016014317617043e-02 3.521844200154960330e-02 5.304765866441177202e+00 2.850100000178151571e+00 2.993644711358812299e-02
0.000000000000000000e+00 2.948291899282263367e-04 2.110139522177564885e-04 8.766998152153519797e-02 1.521480376104105206e-02 4.695532839479645286e-04 2.888232524900767074e-04 2.888232524900767074e-04 1.193047644123033588e-03
0.000000000000000000e+00 2.948291899282263367e-04 2.948291899282263367e-04 1.162199035205483844e+00 9.415960106961177578e-01 7.396590087324386720e-02 4.942889608245423894e+00 1.398274436486607897e+01 3.945577654954017521e-02
0.000000000000000000e+00 2.948291899282263367e-04 2.948291899282263367e-04 1.186197317063857115e+00 8.997112207045808718e-01 7.396590087324386720e-02 7.303004127482080499e+00 1.180492053795494733e+01 3.945577654954017521e-02
0.000000000000000000e+00 2.948291899282263367e-04 2.948291899282263367e-04 6.423740913248149331e-01 1.924759007834820901e+00 8.834668213009573556e-02 6.560864797936419635e+00 7.993459639262330718e+00 4.169202458561531432e-02
0.000000000000000000e+00 2.948291899282263367e-04 2.948291899282263367e-04 6.423740913248149331e-01 1.974800304208946367e+00 2.865988857300958564e-02 6.560864797936419635e+00 9.989939157625128630e+00 4.226644080030815542e-02
0.000000000000000000e+00 2.948291899282263367e-04 2.948291899282263367e-04 1.234193880780603436e+00 1.174501152745600185e+00 8.831483882257001872e-02 4.522589890157172832e+00 1.616072202126186141e+01 4.010788379376054036e-02
0.000000000000000000e+00 2.948291899282263367e-04 2.948291899282263367e-04 1.138200753347110350e+00 1.524689051929768446e+00 8.836189906605139421e-02 4.207364084266716375e+00 2.069817547208640818e+01 2.578298919010544796e-02
0.000000000000000000e+00 2.948291899282263367e-04 2.948291899282263367e-04 8.648280177171461247e-01 4.207107710704839354e-01 8.687838979855341814e-02 6.203779050385636928e+00 3.895452542490245751e+00 3.630471088030798321e-02
0.000000000000000000e+00 2.948291899282263367e-04 2.814481597841760052e-02 3.909803609956210568e-01 1.246679471398541572e-01 4.904336739220807595e-02 8.328991795067213454e-04 6.404604285614940492e-04 2.821325455292661172e-03
0.000000000000000000e+00 2.948291899282263367e-04 2.948291899282263367e-04 9.046557564750559166e-01 5.433072281447437479e-01 1.037006673330247430e-01 5.888558097592539120e+00 3.751393700167791501e+00 3.621916950874060764e-02
0.000000000000000000e+00 2.948291899282263367e-04 2.150356535994840277e-04 2.054134415160812355e-01 1.772972305659280545e-01 7.277411691007504811e-03 6.806443383717460929e-04 5.172051836286385186e-04 2.242299564634642542e-03
0.000000000000000000e+00 2.948291899282263367e-04 2.948291899282263367e-04 1.186197317063857115e+00 8.997112207045808718e-01 2.392460449911862699e-02 7.302990026261944934e+00 1.198640655152645884e+01 3.945577654954017521e-02
0.000000000000000000e+00 2.948291899282263367e-04 2.948291899282263367e-04 8.847418870961011317e-01 1.109130584321687429e+00 1.341767910663840935e+00 7.602221510882456457e-02 1.895575666783895441e+00 2.044433524311303069e-02
0.000000000000000000e+00 2.948291899282263367e-04 2.948291899282263367e-04 8.449141483381912288e-01 1.192895034139863197e+00 9.240735224229716938e-01 6.569163098950929758e-01 1.895625781842923629e+00 2.077719962296335071e-02
0.000000000000000000e+00 2.948291899282263367e-04 2.948291899282263367e-04 9.046557564750559166e-01 1.574676502484227747e+00 8.834668213009573556e-02 4.312439448521137031e+00 1.888319409175658592e+01 1.688058529983509914e-01
0.000000000000000000e+00 2.948291899282263367e-04 2.814930993113154770e-02 1.582990100921475296e+00 1.024513532271315253e+00 5.659779830103859322e-01 1.064500314680694615e+00 3.451259373660781060e-03 1.666646680139642969e-02
0.000000000000000000e+00 2.948291899282263367e-04 2.948291899282263367e-04 1.162199035205483844e+00 9.415960106961177578e-01 7.396590087324386720e-02 4.942889608245423894e+00 1.470873691699800645e+01 3.968133851273039636e-02
0.000000000000000000e+00 2.948291899282263367e-04 2.110139522177564885e-04 9.046557564750559166e-01 9.415290632069873711e-01 5.242895273109964283e-01 1.222218298440947981e-01 6.192268812882891632e-02 1.049623001449136173e-02
0.000000000000000000e+00 2.948291899282263367e-04 2.948291899282263367e-04 1.138200753347110350e+00 1.474647755555643203e+00 8.834668213009573556e-02 4.207352786500220709e+00 2.069816181632259955e+01 4.409853150913009556e-01
0.000000000000000000e+00 2.948291899282263367e-04 2.948291899282263367e-04 9.046557564750559166e-01 1.624717798858352769e+00 8.836189906605139421e-02 6.313470927270820710e+00 1.924633207284572833e+01 2.585445225029630451e-02
0.000000000000000000e+00 2.948291899282263367e-04 2.110139522177564885e-04 1.154942208950798938e-01 4.577254649210752216e-03 2.927750565721865526e-04 3.984302158402465736e-04 2.927750565721865526e-04 1.209972005747213383e-03
0.000000000000000000e+00 2.948291899282263367e-04 2.110139522177564885e-04 4.825080391836959748e-02 4.042573643504542881e-03 2.451691870160407796e-04 3.386108362579438457e-04 2.451691870160407796e-04 9.993702636559534825e-04
0.000000000000000000e+00 2.948291899282263367e-04 9.538800276441742818e-03 1.948540356374741656e-01 3.013891068041113508e-02 5.281721393531084094e-03 4.842497761741859771e-04 3.619158537072368273e-04 1.520872909479512253e-03
0.000000000000000000e+00 2.948291899282263367e-04 2.948291899282263367e-04 1.210195598922230609e+00 1.124435359839139226e+00 7.399583072721670207e-02 4.732739945114134095e+00 1.616072202126186141e+01 4.010788379376054036e-02
0.000000000000000000e+00 2.948291899282263367e-04 2.948291899282263367e-04 1.234193880780603436e+00 4.029134874989243054e-01 6.182685707921671547e-02 5.678397572080959854e+00 1.525321767533314699e+01 3.979103787238166823e-02
0.000000000000000000e+00 2.948291899282263367e-04 2.814930993113154770e-02 1.162288761519687741e+00 1.074418559997351030e+00 8.047052093938238393e-01 1.486185525732420243e-01 2.760570736226997720e-03 1.313868216488774110e-02
0.000000000000000000e+00 2.948291899282263367e-04 2.110139522177564885e-04 6.256579739715540933e-01 2.990851724038203763e-01 1.365826251456256531e-02 3.033495726735574438e-02 9.804859389871769821e-04 4.407431471981791173e-03
0.000000000000000000e+00 2.948291899282263367e-04 2.948291899282263367e-04 8.050864095802815479e-01 8.242108503388692053e-01 1.037486650208965522e-01 5.573336192892102581e+00 5.879293560424031284e+00 3.696861836892282455e-02
0.000000000000000000e+00 2.948291899282263367e-04 2.948291899282263367e-04 6.423740913248149331e-01 8.592929795177618457e-01 1.037330496216387760e-01 5.678410265617254815e+00 6.047078246685948955e+00 3.704907060444421335e-02
0.000000000000000000e+00 2.948291899282263367e-04 2.948291899282263367e-04 7.851725402013265409e-01 1.234725632746848101e+00 1.043439840800995277e+00 2.212325179049350055e-01 2.631172014170297224e+00 2.453504777888198748e-02
0.000000000000000000e+00 2.948291899282263367e-04 3.745231778211947915e-02 1.524861242487927537e+00 1.074533361464151016e+00 7.609979124955426055e-01 4.390862308726112273e-01 9.177449083631898652e-02 1.642467794467271022e-02
0.000000000000000000e+00 2.948291899282263367e-04 2.948291899282263367e-04 1.186197317063857115e+00 1.424658114488746685e+00 1.196681704485700326e+00 2.692734478506158546e-01 2.000731883905694009e+00 2.468770490968873188e-02
0.000000000000000000e+00 2.948291899282263367e-04 2.110139522177564885e-04 7.709594019327260794e-02 4.074277540307133516e-03 2.505961851431170485e-04 3.438563017090229138e-04 2.505961851431170485e-04 1.025095496569231653e-03
0.000000000000000000e+00 2.948291899282263367e-04 2.948291899282263367e-04 8.050864095802815479e-01 8.242108503388692053e-01 1.037486650208965522e-01 5.573336192892102581e+00 6.718216991733636512e+00 4.041924698373509928e-02
0.000000000000000000e+00 2.948291899282263367e-04 2.948291899282263367e-04 8.847418870961011317e-01 3.916453491189407776e-01 1.220040285947132513e-01 5.888532182476438059e+00 3.175136548676144699e+00 3.064653941224416284e-02
0.000000000000000000e+00 2.948291899282263367e-04 2.150356535994840277e-04 6.256579739715540933e-01 5.950960965682347004e-01 1.646099799103089081e-02 1.545846878761815077e-03 1.216493972168535692e-03 5.534214199823996733e-03
0.000000000000000000e+00 2.948291899282263367e-04 3.745231778211947915e-02 1.553943129694504321e+00 1.024513532271315253e+00 7.609979124955426055e-01 4.390862308726112273e-01 3.410571023223475922e-03 1.636338571531073191e-02
0.000000000000000000e+00 2.948291899282263367e-04 2.948291899282263367e-04 9.046557564750559166e-01 4.730559505524241093e-01 1.220187574495705668e-01 5.993631855323867441e+00 3.319217173200416759e+00 3.595911402116371697e-02
0.000000000000000000e+00 2.948291899282263367e-04 2.948291899282263367e-04 9.046557564750559166e-01 5.433072281447437479e-01 1.667029563276314560e-02 5.888532182476438059e+00 3.607313075643516775e+00 3.595911402116371697e-02
0.000000000000000000e+00 2.948291899282263367e-04 2.150356535994840277e-04 9.566783718770668909e-02 4.604201620876505197e-03 2.999574364926079558e-04 3.946536838716763196e-04 2.888232524900767074e-04 1.193047644123033588e-03
0.000000000000000000e+00 2.948291899282263367e-04 2.948291899282263367e-04 8.648280177171461247e-01 1.109106858346038171e+00 1.043458944123177412e+00 3.396563075379768846e-03 1.593901094470166813e+00 2.023995378515118515e-02
0.000000000000000000e+00 2.948291899282263367e-04 2.948291899282263367e-04 6.423740913248149331e-01 8.592929795177618457e-01 1.037330496216387760e-01 5.678410265617254815e+00 6.047078246685948955e+00 3.704907060444421335e-02
0.000000000000000000e+00 2.948291899282263367e-04 2.150356535994840277e-04 5.758015424873116211e-02 1.331328616391718941e-02 2.488032508368130950e-04 3.421278502646143168e-04 2.535821415569615455e-04 1.019681964196070354e-03
0.000000000000000000e+00 2.948291899282263367e-04 2.948291899282263367e-04 1.210195598922230609e+00 1.174476656213264469e+00 7.401017975732727960e-02 4.522578304267790728e+00 1.579771208943208549e+01 3.995175238582528848e-02
0.000000000000000000e+00 2.948291899282263367e-04 2.150356535994840277e-04 8.771272811702000849e-02 4.592884992866893071e-03 4.592884992866893071e-03 3.927333879877538316e-04 2.868212366135504594e-04 1.160068728134136529e-03
0.000000000000000000e+00 2.948291899282263367e-04 2.948291899282263367e-04 1.186197317063857115e+00 8.997112207045808718e-01 3.742136791179941357e-01 6.313457628016752032e+00 1.071590733648374005e+01 4.240154388318769646e-02
0.000000000000000000e+00 2.948291899282263367e-04 2.150356535994840277e-04 1.156217516699837994e-01 5.753959883077064408e-02 5.181667735279269806e-03 4.761641409028207188e-04 3.532955704160820423e-04 1.484875598076763328e-03
0.000000000000000000e+00 2.948291899282263367e-04 2.948291899282263367e-04 9.046557564750559166e-01 1.122016014317617043e-02 3.521844200154960330e-02 5.216401946628082875e+00 3.097496755825988490e+00 1.740761987961504109e-01
0.000000000000000000e+00 2.948291899282263367e-04 2.150356535994840277e-04 1.142064065755382662e-01 2.577188265797681135e-02 1.526959879190783326e-02 4.039401184700464205e-04 2.985754010969273527e-04 1.243087430515347471e-03
0.000000000000000000e+00 2.948291899282263367e-04 2.150356535994840277e-04 2.961869569228424426e-02 3.977530096105613873e-03 2.414694001053035045e-04 3.350111823022334438e-04 2.414694001053035045e-04 9.788473223678879464e-04
0.000000000000000000e+00 2.948291899282263367e-04 2.948291899282263367e-04 9.046557564750559166e-01 1.574676502484227747e+00 2.864467163705393740e-02 6.560851386361001403e+00 1.597936558825205466e+01 3.313181380476477866e-02
0.000000000000000000e+00 2.948291899282263367e-04 2.948291899282263367e-04 1.162199035205483844e+00 8.996898181536956418e-01 1.239916076153069063e-01 4.942889608245423894e+00 1.489023505503098299e+01 3.973644434216621474e-02
0.000000000000000000e+00 2.948291899282263367e-04 9.538800276441742818e-03 1.948540356374741656e-01 4.260822834906637796e-02 5.578978497133919162e-03 1.284015581846571774e-02 4.223864839361130431e-04 1.799998389042816328e-03
0.000000000000000000e+00 2.948291899282263367e-04 9.543294229155686523e-03 2.770950823550151210e-01 1.747242457409394212e-01 2.432832011906273240e-02 6.877640888384153536e-04 5.250174884530040822e-04 2.279015881350818836e-03
0.000000000000000000e+00 2.948291899282263367e-04 2.150356535994840277e-04 2.054134415160812355e-01 1.203531171437311753e-01 6.494585252464219437e-03 5.719429879440155297e-04 4.318402700316267915e-04 1.856488264156435112e-03
0.000000000000000000e+00 2.948291899282263367e-04 2.948291899282263367e-04 5.587935045585106231e-01 2.833463159442423329e+00 1.051505938520843841e+00 2.692800561314567243e-01 2.000741476037100508e+00 2.476335928159225860e-02
0.000000000000000000e+00 2.948291899282263367e-04 2.948291899282263367e-04 8.050864095802815479e-01 8.242108503388692053e-01 1.037486650208965522e-01 5.573336192892102581e+00 9.626789052074512298e+00 4.146489679856184274e-02
0.000000000000000000e+00 2.948291899282263367e-04 2.948291899282263367e-04 6.256579739715540933e-01 9.295218545555886669e-01 1.037486650208965522e-01 5.573336192892102581e+00 9.626789052074512298e+00 4.146489679856184274e-02
0.000000000000000000e+00 2.948291899282263367e-04 2.948291899282263367e-04 1.138200753347110350e+00 1.524689051929768446e+00 8.836189906605139421e-02 4.102277422245799166e+00 2.051666367828962123e+01 4.409605756289058931e-01
0.000000000000000000e+00 2.948291899282263367e-04 2.150356535994840277e-04 1.210195598922230609e+00 4.731475701660723954e-01 5.742607009383553507e-01 2.288515285183565211e-03 1.834209324272339505e-03 8.570006208826714406e-03
0.000000000000000000e+00 2.948291899282263367e-04 2.948291899282263367e-04 6.256579739715540933e-01 2.953027075286714265e+00 6.885258195984134133e-01 7.994701078807672223e-01 2.478968321381261664e+00 2.535255536906953766e-02
0.000000000000000000e+00 2.948291899282263367e-04 2.110139522177564885e-04 1.148512416097804273e-01 4.626223864846702553e-03 2.927750565721865526e-04 3.984302158402465736e-04 2.927750565721865526e-04 1.209972005747213383e-03
0.000000000000000000e+00 2.948291899282263367e-04 2.110139522177564885e-04 1.156217516699837994e-01 1.510137559735721252e-02 4.490679898087136801e-03 4.002871637097437166e-04 2.947252779117725554e-04 1.221067105634453601e-03
0.000000000000000000e+00 2.948291899282263367e-04 2.948291899282263367e-04 6.423740913248149331e-01 1.974800304208946367e+00 8.836189906605139421e-02 6.437174512230656731e+00 7.993459639262330718e+00 4.169202458561531432e-02
0.000000000000000000e+00 2.948291899282263367e-04 2.948291899282263367e-04 1.138200753347110350e+00 1.524689051929768446e+00 2.865988857300958564e-02 4.102266124479303500e+00 2.069814802893187533e+01 4.409605756289058931e-01
0.000000000000000000e+00 2.948291899282263367e-04 2.814481597841760052e-02 5.755721212026279066e-01 3.470817361205666973e-01 1.009327031401570790e-01 3.665965694899639415e-02 1.207468903425312377e-03 5.474744993484438951e-03
0.000000000000000000e+00 2.948291899282263367e-04 2.948291899282263367e-04 6.256579739715540933e-01 1.974768388693461274e+00 1.480486926231375511e-01 6.437174512230656731e+00 9.263946605493199371e+00 4.198938039493007451e-02
0.000000000000000000e+00 2.948291899282263367e-04 9.538800276441742818e-03 1.947570125031518051e-01 1.631777181341998451e-01 7.576396489430537763e-03 6.782215865773058355e-04 5.145576393881573420e-04 2.226190730137007131e-03
0.000000000000000000e+00 2.948291899282263367e-04 2.110139522177564885e-04 1.142064065755382662e-01 4.626223864846702553e-03 3.040846749587405753e-04 3.984302158402465736e-04 2.927750565721865526e-04 1.209972005747213383e-03
0.000000000000000000e+00 2.948291899282263367e-04 2.948291899282263367e-04 8.250002789592363328e-01 1.025245564822801603e+00 6.187257336268132957e-02 5.468262016668179015e+00 7.053786364257479846e+00 4.058666826352855944e-02
0.000000000000000000e+00 2.948291899282263367e-04 1.884630208014361624e-02 8.449642465257470869e-01 1.025318199236843197e+00 1.239755955078559319e-01 2.024347596620722223e-01 1.834209324272339505e-03 8.570006208826714406e-03
0.000000000000000000e+00 2.948291899282263367e-04 2.948291899282263367e-04 9.046557564750559166e-01 5.433072281447437479e-01 6.179447479060268256e-02 5.993631855323867441e+00 3.607334857845330589e+00 3.613305701944066056e-02
0.000000000000000000e+00 2.948291899282263367e-04 2.948291899282263367e-04 9.046557564750559166e-01 1.122016014317617043e-02 1.122016014317617043e-02 5.393117415844149498e+00 2.231582075378979901e+00 2.535255536906953766e-02
0.000000000000000000e+00 2.948291899282263367e-04 2.948291899282263367e-04 1.234193880780603436e+00 8.159403053686695717e-01 7.396590087324386720e-02 4.942889608245423894e+00 1.724971084945974553e+01 3.297756135229712449e-02
0.000000000000000000e+00 2.948291899282263367e-04 2.814930993113154770e-02 1.162288761519687741e+00 1.074418559997351030e+00 8.047052093938238393e-01 7.600458724154904311e-02 2.753339130584667692e-03 1.308634224674862061e-02
0.000000000000000000e+00 2.948291899282263367e-04 2.110139522177564885e-04 2.054134415160812355e-01 2.247361194308883925e-01 7.600491948011068102e-03 6.830421346843746798e-04 5.198308652891495650e-04 2.258327171501667546e-03
0.000000000000000000e+00 2.948291899282263367e-04 2.150356535994840277e-04 2.054134415160812355e-01 7.961220509082636565e-02 6.404993599164721628e-03 5.676130926118165597e-04 4.271530089748412098e-04 1.819695775028054184e-03
0.000000000000000000e+00 2.948291899282263367e-04 1.884630208014361624e-02 8.449642465257470869e-01 9.834120066944211924e-01 2.387656356974519889e-02 2.254837397582940949e-03 1.794274654062986930e-03 8.294977828624228514e-03
0.000000000000000000e+00 2.948291899282263367e-04 2.948291899282263367e-04 6.089418566182930315e-01 2.952988250480228061e+00 3.498649889508723132e-02 1.851967380161773846e+01 1.411842550309060229e+01 1.228451110794354442e-02
0.000000000000000000e+00 2.948291899282263367e-04 2.948291899282263367e-04 9.046557564750559166e-01 1.122016014317617043e-02 3.521844200154960330e-02 5.304765866441177202e+00 2.355285660338815035e+00 2.960773595990590437e-02
0.000000000000000000e+00 2.948291899282263367e-04 2.948291899282263367e-04 9.046557564750559166e-01 1.574676502484227747e+00 2.864467163705393740e-02 4.417514717358148602e+00 1.888319409175658592e+01 3.331545639524672447e-02
0.000000000000000000e+00 2.948291899282263367e-04 2.150356535994840277e-04 1.156217516699837994e-01 1.289449436423921180e-01 5.521028988543403258e-03 4.862176428240491959e-04 3.640255868294906254e-04 1.547811838977159078e-03
0.000000000000000000e+00 2.948291899282263367e-04 2.150356535994840277e-04 6.256579739715540933e-01 5.950960965682347004e-01 1.220040285947132513e-01 2.952012859400160449e-01 1.794274654062986930e-03 8.294977828624228514e-03
0.000000000000000000e+00 2.948291899282263367e-04 2.948291899282263367e-04 9.046557564750559166e-01 1.122016014317617043e-02 1.122016014317617043e-02 5.304753496031054283e+00 2.973793170866153801e+00 2.993644711358812299e-02
0.000000000000000000e+00 2.948291899282263367e-04 2.948291899282263367e-04 1.138200753347110350e+00 1.474647755555643203e+00 1.196663196531767115e+00 1.809028438569838804e-01 2.421059091947497244e+00 2.483856564570122508e-02
0.000000000000000000e+00 2.948291899282263367e-04 2.150356535994840277e-04 4.336849464394381681e-01 2.280783056220438421e-01 2.880514443832608157e-02 8.407127398603329079e-04 6.491738165793811124e-04 2.876056901340858819e-03
0.000000000000000000e+00 2.948291899282263367e-04 2.110139522177564885e-04 9.046557564750559166e-01 1.067247640834253497e+00 6.255634699577625746e-01 1.221664917382378757e-01 7.533775092264419215e-02 1.292760839839581129e-02
0.000000000000000000e+00 2.948291899282263367e-04 2.150356535994840277e-04 1.058216726132588520e-01 4.615313282787527130e-03 2.964165495733596151e-04 3.965525059211700773e-04 2.908077860167684056e-04 1.187723594159886776e-03
0.000000000000000000e+00 2.948291899282263367e-04 2.948291899282263367e-04 8.648280177171461247e-01 1.025294473261193939e+00 4.742482309368712401e-01 6.684554971320837424e+00 3.698234845611906962e+00 3.688760509673484622e-02
0.000000000000000000e+00 3.025061749050248915e-04 2.150356535994840277e-04 7.706182148573093027e-02 4.031127403592036328e-03 2.602364795406539376e-04 3.438563017090229138e-04 2.505961851431170485e-04 1.029759522174994533e-03
0.000000000000000000e+00 2.948291899282263367e-04 2.948291899282263367e-04 1.670127029317528988e+00 5.175275100239359188e-02 8.689311865341076135e-02 8.663581839441983234e+00 5.376081708231123635e+00 4.075169389799352532e-02
0.000000000000000000e+00 2.948291899282263367e-04 2.948291899282263367e-04 9.046557564750559166e-01 1.122016014317617043e-02 3.521844200154960330e-02 5.304765866441177202e+00 2.726396415218319547e+00 2.985503151742381622e-02
0.000000000000000000e+00 2.948291899282263367e-04 2.150356535994840277e-04 1.155790050744989889e-01 2.582111064107547524e-02 4.404791685213612328e-03 4.021236884853710350e-04 2.966586583774235338e-04 1.226366849628684466e-03
0.000000000000000000e+00 2.948291899282263367e-04 2.948291899282263367e-04 9.046557564750559166e-01 1.574676502484227747e+00 8.834668213009573556e-02 6.437161212976585389e+00 1.616086372628504009e+01 3.316935579616556856e-02
0.000000000000000000e+00 2.948291899282263367e-04 2.948291899282263367e-04 8.250002789592363328e-01 7.891063304956705826e-01 6.184247247847449863e-02 5.573323603596339382e+00 9.082280982211758058e+00 4.115383463359809785e-02
0.000000000000000000e+00 2.948291899282263367e-04 2.948291899282263367e-04 8.449141483381912288e-01 6.486244780586818415e-01 3.970440151299791109e-01 7.550382977297721787e+00 3.530450159349988848e+00 3.680602970181413164e-02
0.000000000000000000e+00 2.948291899282263367e-04 2.948291899282263367e-04 1.186197317063857115e+00 8.997112207045808718e-01 7.396590087324386720e-02 7.303004127482080499e+00 1.180492053795494733e+01 3.945577654954017521e-02
0.000000000000000000e+00 2.948291899282263367e-04 2.948291899282263367e-04 8.648280177171461247e-01 4.207107710704839354e-01 8.687838979855341814e-02 5.993605726343802509e+00 4.039489602610892405e+00 3.621916950874060764e-02
0.000000000000000000e+00 2.948291899282263367e-04 2.948291899282263367e-04 1.210195598922230609e+00 7.740135986414615754e-01 1.239755955078559319e-01 5.047964291226648470e+00 1.271225739863520054e+01 4.246824189314987730e-02
0.000000000000000000e+00 2.948291899282263367e-04 2.948291899282263367e-04 1.234193880780603436e+00 4.029134874989243054e-01 1.037330496216387760e-01 5.678410265617254815e+00 1.452723877896502103e+01 2.056382902230768361e-01
0.000000000000000000e+00 2.948291899282263367e-04 2.948291899282263367e-04 1.210195598922230609e+00 8.578259837263055854e-01 7.396590087324386720e-02 4.942889608245423894e+00 1.743120898749273451e+01 3.301673829314679537e-02
0.000000000000000000e+00 2.948291899282263367e-04 2.948291899282263367e-04 1.670127029317528988e+00 8.687838979855341814e-02 5.178187302995198443e-02 8.663581839441983234e+00 5.543866394493049299e+00 4.083331111082222353e-02
0.000000000000000000e+00 2.948291899282263367e-04 9.538800276441742818e-03 4.337030419138188098e-01 2.481004900363990295e-01 1.119325910642839095e-02 2.501450329798489067e-02 7.891801476289732852e-04 3.509364613767833492e-03
0.000000000000000000e+00 2.948291899282263367e-04 2.150356535994840277e-04 1.148895395350790216e-01 4.528546200792157687e-03 2.927750565721865526e-04 3.984302158402465736e-04 2.927750565721865526e-04 1.193080673363076678e-03
0.000000000000000000e+00 2.948291899282263367e-04 9.543294229155686523e-03 6.089630798020846392e-01 5.950960965682347004e-01 4.808048807820441972e-01 3.525488756468332929e-01 2.194894494101930129e-03 1.027038178125511125e-02
0.000000000000000000e+00 2.948291899282263367e-04 2.948291899282263367e-04 9.046557564750559166e-01 1.624717798858352769e+00 2.865988857300958564e-02 6.560864797936419635e+00 1.579787957468054138e+01 3.313181380476477866e-02
0.000000000000000000e+00 2.948291899282263367e-04 2.948291899282263367e-04 8.449141483381912288e-01 1.067176456512596738e+00 5.242895273109964283e-01 6.437161212976585389e+00 4.033793009762016268e+00 3.696861836892282455e-02
0.000000000000000000e+00 2.948291899282263367e-04 2.814930993113154770e-02 1.138290479661315135e+00 8.578259837263055854e-01 8.643715119299297811e-01 7.599858026465737548e-02 2.746045194578721534e-03 1.303371722198753968e-02
0.000000000000000000e+00 2.948291899282263367e-04 1.884630208014361624e-02 8.648781159047019829e-01 1.025341448291831270e+00 2.390901486705641552e-02 2.264713145983220967e-03 1.805922574106956372e-03 8.374591539619388042e-03
0.000000000000000000e+00 2.948291899282263367e-04 2.150356535994840277e-04 1.156217516699837994e-01 1.519905326141175739e-02 1.496732066998989266e-02 4.021236884853710350e-04 2.966586583774235338e-04 1.237815217669897697e-03
0.000000000000000000e+00 2.948291899282263367e-04 2.150356535994840277e-04 6.423740913248149331e-01 3.230987599715125502e-01 4.378729831447477072e-01 4.377740061443768926e-02 4.339383844544891788e-02 6.879110310892862581e-03
0.000000000000000000e+00 2.948291899282263367e-04 1.884630208014361624e-02 8.648781159047019829e-01 9.834352557494092650e-01 1.740168918819811894e-01 1.023569772415530849e-01 1.828645894653435806e-03 8.531334133892544414e-03
0.000000000000000000e+00 2.948291899282263367e-04 2.110139522177564885e-04 1.149075075187189904e-02 3.869767432899196610e-03 2.377020460513788378e-04 3.313257082961330521e-04 2.377020460513788378e-04 9.581100699938390397e-04
0.000000000000000000e+00 2.948291899282263367e-04 2.948291899282263367e-04 1.641045142110952204e+00 8.686332127494232613e-02 5.176747985725091428e-02 8.416159227385405117e+00 6.214971169026409115e+00 4.091433271144631623e-02
0.000000000000000000e+00 2.948291899282263367e-04 2.150356535994840277e-04 1.162199035205483844e+00 9.415960106961177578e-01 3.742136791179941357e-01 4.206607288492767993e-01 2.738688549433843881e-03 1.298080622941845050e-02
0.000000000000000000e+00 2.948291899282263367e-04 2.948291899282263367e-04 9.046557564750559166e-01 1.574676502484227747e+00 1.480486926231375511e-01 6.437174512230656731e+00 1.870184978320825664e+01 2.580711586647806491e-02
0.000000000000000000e+00 2.948291899282263367e-04 2.150356535994840277e-04 7.621276317377372045e-02 1.324852787497975831e-02 2.923418692625123381e-04 3.927333879877538316e-04 2.868212366135504594e-04 1.176342543560398657e-03
0.000000000000000000e+00 2.948291899282263367e-04 1.884630208014361624e-02 8.648781159047019829e-01 1.025341448291831270e+00 2.390901486705641552e-02 5.230600952010846377e-02 1.811674480029838025e-03 8.414086724965760475e-03
0.000000000000000000e+00 2.948291899282263367e-04 2.814930993113154770e-02 5.922882385558887464e-01 4.206233212779423303e-01 1.009466369928443130e-01 2.825431117836195161e-01 1.482584006818539772e-03 6.811034087746523254e-03
0.000000000000000000e+00 2.948291899282263367e-04 9.543294229155686523e-03 1.948540356374741656e-01 4.260822834906637796e-02 1.753351727042704034e-02 5.631911273330013432e-04 4.223864839361130431e-04 1.782934242016771765e-03
0.000000000000000000e+00 2.948291899282263367e-04 2.150356535994840277e-04 1.145182142719732565e-01 3.634471205454187226e-02 4.414909320340235088e-03 4.039401184700464205e-04 2.985754010969273527e-04 1.243087430515347471e-03
0.000000000000000000e+00 2.948291899282263367e-04 2.150356535994840277e-04 2.039471606784613519e-02 4.009061439709705674e-03 2.441711991541659272e-04 3.331793805321401031e-04 2.395942883845946436e-04 9.642056419042631301e-04
0.000000000000000000e+00 2.948291899282263367e-04 2.110139522177564885e-04 7.658162743603837141e-02 1.324852787497975831e-02 2.923418692625123381e-04 3.927333879877538316e-04 2.868212366135504594e-04 1.176342543560398657e-03
0.000000000000000000e+00 2.948291899282263367e-04 2.948291899282263367e-04 6.423740913248149331e-01 1.974800304208946367e+00 8.836189906605139421e-02 6.437174512230656731e+00 9.989939157625128630e+00 4.226644080030815542e-02
0.000000000000000000e+00 2.948291899282263367e-04 2.150356535994840277e-04 2.054134415160812355e-01 1.772972305659280545e-01 2.430467499888700270e-02 6.830421346843746798e-04 5.198308652891495650e-04 2.225420715091127894e-03
0.000000000000000000e+00 2.948291899282263367e-04 1.884630208014361624e-02 8.648781159047019829e-01 8.996228706645652551e-01 1.998087469300724103e-02 1.884073230875489080e-03 1.497645284917316875e-03 6.912883708938069582e-03
0.000000000000000000e+00 2.948291899282263367e-04 2.150356535994840277e-04 1.156217516699837994e-01 4.577254649210752216e-03 1.086560445313724220e-02 4.106799241893404023e-04 2.947252779117725554e-04 1.226709010359095615e-03
0.000000000000000000e+00 2.948291899282263367e-04 2.948291899282263367e-04 1.234193880780603436e+00 8.159403053686695717e-01 1.240071972473690970e-01 4.837814825985525147e+00 1.743120898749273451e+01 3.301673829314679537e-02
0.000000000000000000e+00 3.025061749050248915e-04 2.110139522177564885e-04 5.870016716604578577e-02 3.924857777521408714e-03 2.897949025162884396e-04 3.403794831357770737e-04 2.469943230828653660e-04 1.009552332408318251e-03
0.000000000000000000e+00 2.948291899282263367e-04 2.814930993113154770e-02 1.138290479661315135e+00 8.578259837263055854e-01 6.852654804508043762e-01 8.747337784786907156e-01 3.410571023223475922e-03 1.636338571531073191e-02
0.000000000000000000e+00 2.948291899282263367e-04 2.150356535994840277e-04 2.053165468626294010e-01 5.496216652470804070e-02 6.381589532665182807e-03 5.631911273330013432e-04 4.223864839361130431e-04 1.791486752992506358e-03
0.000000000000000000e+00 2.948291899282263367e-04 2.948291899282263367e-04 8.847418870961011317e-01 1.624690036544945260e+00 8.834668213009573556e-02 4.312439448521137031e+00 1.997218291995448425e+01 3.352246662789039322e-02
0.000000000000000000e+00 2.948291899282263367e-04 9.538800276441742818e-03 1.186227785858481987e+00 4.380219313699126316e-01 7.744072396722931906e-01 6.244866589102592708e-02 2.214312990852456905e-03 1.040661240451013457e-02
0.000000000000000000e+00 2.948291899282263367e-04 2.948291899282263367e-04 1.234193880780603436e+00 1.074418559997351030e+00 7.399583072721670207e-02 7.055624810188058760e+00 1.779435909304335084e+01 3.352246662789039322e-02
0.000000000000000000e+00 2.948291899282263367e-04 2.150356535994840277e-04 1.141400150546970360e-01 2.577188265797681135e-02 4.452798397423922763e-03 4.021236884853710350e-04 2.966586583774235338e-04 1.191350146003554824e-03
0.000000000000000000e+00 2.948291899282263367e-04 2.814930993113154770e-02 1.090293915944568148e+00 9.415960106961177578e-01 6.852654804508043762e-01 1.221716508537762647e-01 2.731268811260671725e-03 1.292760839839581129e-02
0.000000000000000000e+00 2.948291899282263367e-04 2.948291899282263367e-04 7.851725402013265409e-01 8.241893094405369213e-01 1.037330496216387760e-01 5.678410265617254815e+00 6.718216991733636512e+00 4.041924698373509928e-02
0.000000000000000000e+00 2.948291899282263367e-04 2.110139522177564885e-04 1.156217516699837994e-01 7.868525762390074507e-02 1.761414817663447749e-02 4.822608070889896422e-04 3.597881882562314502e-04 1.515684947440144566e-03
0.000000000000000000e+00 2.948291899282263367e-04 2.150356535994840277e-04 1.155790050744989889e-01 1.524828124451041780e-02 3.409689021239774298e-03 4.002871637097437166e-04 2.947252779117725554e-04 1.221067105634453601e-03
0.000000000000000000e+00 2.948291899282263367e-04 9.543294229155686523e-03 1.976813108883097858e-02 2.262645584206544186e-02 2.639844892278834501e-04 3.386108362579438457e-04 2.451691870160407796e-04 9.993702636559534825e-04
0.000000000000000000e+00 2.948291899282263367e-04 9.632457581951780687e-03 8.051116927067933915e-01 1.524520709115745332e+00 8.643896125771068917e-01 7.295302752267859292e-01 2.315982192737906065e+00 2.483856564570122508e-02
0.000000000000000000e+00 2.948291899282263367e-04 2.110139522177564885e-04 2.054134415160812355e-01 1.344733155796262458e-01 6.239316225262503922e-03 5.740741785207701536e-04 4.341546898963248189e-04 1.870433015797393029e-03
0.000000000000000000e+00 2.948291899282263367e-04 2.110139522177564885e-04 5.045795011758357623e-02 1.420411501426074030e-01 5.535153773280689603e-03 4.782183133298798178e-04 3.554782541688216780e-04 1.497591008787294399e-03
0.000000000000000000e+00 2.948291899282263367e-04 2.948291899282263367e-04 8.050864095802815479e-01 8.242108503388692053e-01 1.037486650208965522e-01 5.573336192892102581e+00 9.989785328140476039e+00 4.161690078064682330e-02
0.000000000000000000e+00 2.948291899282263367e-04 2.150356535994840277e-04 1.156217516699837994e-01 2.582111064107547524e-02 4.696769395342777556e-03 4.021236884853710350e-04 2.966586583774235338e-04 1.232105461049703456e-03
0.000000000000000000e+00 2.948291899282263367e-04 2.150356535994840277e-04 1.063187438189958645e-01 4.664496637787876945e-03 3.688480120875723550e-03 3.965525059211700773e-04 2.908077860167684056e-04 1.198819795595397779e-03
0.000000000000000000e+00 2.948291899282263367e-04 2.948291899282263367e-04 9.046557564750559166e-01 1.624717798858352769e+00 2.865988857300958564e-02 6.437161212976585389e+00 1.942783021087871020e+01 1.296843524465776942e-01
0.000000000000000000e+00 2.948291899282263367e-04 2.948291899282263367e-04 8.449141483381912288e-01 9.414578788853307234e-01 1.995151728605681907e-02 5.573323603596339382e+00 7.557127799067755447e+00 4.075169389799352532e-02
0.000000000000000000e+00 2.948291899282263367e-04 9.632457581951780687e-03 6.256791971553454790e-01 2.833661131260629684e+00 8.337401175437101353e-01 7.111126460109845615e-01 2.726375491300931486e+00 2.969067708558669957e-02
0.000000000000000000e+00 2.948291899282263367e-04 2.948291899282263367e-04 1.162199035205483844e+00 9.415960106961177578e-01 7.396590087324386720e-02 4.942889608245423894e+00 1.452723877896502103e+01 2.056382902230768361e-01
0.000000000000000000e+00 2.948291899282263367e-04 2.948291899282263367e-04 8.847418870961011317e-01 5.920340989984469032e-02 3.523148642593681990e-02 5.216414216224469769e+00 2.478989245298649724e+00 2.969067708558669957e-02
0.000000000000000000e+00 2.948291899282263367e-04 2.948291899282263367e-04 1.641045142110952204e+00 8.686332127494232613e-02 8.689311865341076135e-02 8.416174669522314744e+00 6.047197921576497492e+00 2.224124707444239957e-01
0.000000000000000000e+00 2.948291899282263367e-04 2.150356535994840277e-04 3.887026517119530900e-02 3.903426785330857407e-03 2.433276217459231887e-04 3.368215327497330069e-04 2.433276217459231887e-04 9.345693370321734401e-04
0.000000000000000000e+00 2.948291899282263367e-04 2.150356535994840277e-04 1.148132008824831463e-01 7.868525762390074507e-02 1.772772933661369288e-02 4.822608070889896422e-04 3.597881882562314502e-04 1.515684947440144566e-03
0.000000000000000000e+00 3.025061749050248915e-04 2.150356535994840277e-04 5.895737099571937007e-02 3.882499271518121114e-03 2.517334221026391611e-04 3.403794831357770737e-04 2.469943230828653660e-04 1.009552332408318251e-03
0.000000000000000000e+00 2.948291899282263367e-04 2.948291899282263367e-04 7.851725402013265409e-01 2.833698470843149408e+00 1.456414370132822489e+00 5.040615501912253972e-03 2.355243428970542841e+00 2.513493245052919947e-02
0.000000000000000000e+00 2.948291899282263367e-04 2.948291899282263367e-04 1.234193880780603436e+00 1.074418559997351030e+00 7.399583072721670207e-02 4.522566621072300563e+00 1.815717409647012559e+01 3.309386394034211087e-02
0.000000000000000000e+00 2.948291899282263367e-04 2.110139522177564885e-04 1.155364942910957898e-01 5.753959883077064408e-02 5.523685266858015253e-03 4.761641409028207188e-04 3.532955704160820423e-04 1.477967092775624592e-03
0.000000000000000000e+00 2.948291899282263367e-04 2.150356535994840277e-04 2.054134415160812355e-01 1.772972305659280545e-01 7.667318389560481319e-03 6.806443383717460929e-04 5.172051836286385186e-04 2.242299564634642542e-03
0.000000000000000000e+00 2.948291899282263367e-04 2.948291899282263367e-04 8.648280177171461247e-01 1.067200665803615944e+00 1.103141851294036968e+00 3.396563075379768846e-03 1.682265014283262250e+00 2.030847184281263720e-02
0.000000000000000000e+00 2.948291899282263367e-04 2.110139522177564885e-04 2.054134415160812355e-01 2.415304971081465579e-01 7.455720107319835192e-03 6.854152844903058615e-04 5.224348973519079556e-04 2.263252051550725813e-03
0.000000000000000000e+00 2.948291899282263367e-04 2.948291899282263367e-04 6.256579739715540933e-01 1.974768388693461274e+00 8.834668213009573556e-02 6.560864797936419635e+00 9.263946605493199371e+00 4.198938039493007451e-02
0.000000000000000000e+00 2.948291899282263367e-04 2.948291899282263367e-04 8.050864095802815479e-01 8.242108503388692053e-01 6.184247247847449863e-02 5.573323603596339382e+00 9.263779120244743481e+00 4.123248454049513456e-02
0.000000000000000000e+00 2.948291899282263367e-04 2.948291899282263367e-04 9.046557564750559166e-01 1.624717798858352769e+00 8.836189906605139421e-02 4.207364084266716375e+00 1.852019781569062218e+01 3.324321843920186731e-02
0.000000000000000000e+00 2.948291899282263367e-04 2.814930993113154770e-02 4.052329856857628809e-01 1.882650544195189901e-01 2.916686577150325380e-02 8.381347536858466249e-04 2.056016252679601641e-02 2.861838262961920697e-03
0.000000000000000000e+00 2.948291899282263367e-04 2.948291899282263367e-04 8.847418870961011317e-01 3.916453491189407776e-01 1.220040285947132513e-01 5.888532182476438059e+00 3.751371917965977243e+00 3.604637224810126189e-02
0.000000000000000000e+00 2.948291899282263367e-04 2.948291899282263367e-04 1.670127029317528988e+00 1.662711220623376909e-02 5.175275100239359188e-02 8.663550827882115613e+00 5.879413235314578934e+00 4.083331111082222353e-02
0.000000000000000000e+00 2.948291899282263367e-04 2.150356535994840277e-04 1.947920307930695316e-01 3.250958478990488842e-01 9.215628634298294458e-03 8.275554730395142441e-04 6.345310980986808985e-04 2.770755902043837808e-03
0.000000000000000000e+00 2.948291899282263367e-04 2.150356535994840277e-04 2.053648601896345682e-01 6.731610470034971039e-02 6.260545322102547931e-03 5.654137768741487402e-04 4.247797594009869926e-04 1.805627091927890834e-03
0.000000000000000000e+00 2.948291899282263367e-04 2.150356535994840277e-04 1.148895395350790216e-01 4.696676943420558664e-02 4.282168995172362311e-03 4.057367717618593547e-04 3.004757041738715826e-04 1.254013365508174294e-03
0.000000000000000000e+00 2.948291899282263367e-04 2.150356535994840277e-04 1.148132008824831463e-01 6.811242822733569457e-02 5.025865655249579442e-03 4.906267002073407598e-04 3.554782541688216780e-04 1.490603873239336376e-03
0.000000000000000000e+00 2.948291899282263367e-04 2.948291899282263367e-04 1.186197317063857115e+00 8.997112207045808718e-01 2.392460449911862699e-02 4.942877629205732148e+00 1.289374188090437556e+01 4.246824189314987730e-02
0.000000000000000000e+00 2.948291899282263367e-04 2.110139522177564885e-04 4.479375711295799367e-01 2.281866206574441336e-01 9.276706477595465794e-03 2.501142806864311771e-02 7.857650720582636623e-04 3.487711104656445512e-03
0.000000000000000000e+00 2.948291899282263367e-04 2.948291899282263367e-04 8.250002789592363328e-01 1.025245564822801603e+00 1.996638082025926561e-02 5.573336192892102581e+00 7.053786364257479846e+00 4.058666826352855944e-02
0.000000000000000000e+00 2.948291899282263367e-04 9.543294229155686523e-03 1.582918290759783408e+00 1.074511404584064245e+00 5.659627660744301902e-01 8.021442405584789936e-01 9.179911892784202443e-02 1.660652471018234447e-02
0.000000000000000000e+00 2.948291899282263367e-04 2.150356535994840277e-04 7.840972026603217071e-02 4.074277540307133516e-03 4.074277540307133516e-03 3.438563017090229138e-04 2.505961851431170485e-04 1.029759522174994533e-03
0.000000000000000000e+00 2.948291899282263367e-04 2.948291899282263367e-04 8.648280177171461247e-01 9.833882807187720454e-01 3.741487672243277163e-01 4.732739945114134095e+00 7.221571050519404622e+00 4.066947998189569119e-02
0.000000000000000000e+00 2.948291899282263367e-04 2.150356535994840277e-04 1.155364942910957898e-01 3.634471205454187226e-02 4.657786179108815150e-03 4.039401184700464205e-04 2.985754010969273527e-04 1.243087430515347471e-03
0.000000000000000000e+00 2.948291899282263367e-04 2.150356535994840277e-04 1.149669037530958171e-01 5.753959883077064408e-02 5.351314677680018249e-03 4.761641409028207188e-04 3.532955704160820423e-04 1.477967092775624592e-03
0.000000000000000000e+00 2.948291899282263367e-04 2.948291899282263367e-04 8.050864095802815479e-01 8.242108503388692053e-01 6.184247247847449863e-02 5.678410265617254815e+00 7.389355736781322292e+00 4.075169389799352532e-02
0.000000000000000000e+00 2.948291899282263367e-04 2.948291899282263367e-04 8.449141483381912288e-01 9.414578788853307234e-01 6.185770982847887955e-02 5.468249530871184483e+00 7.557127799067755447e+00 4.075169389799352532e-02
0.000000000000000000e+00 2.948291899282263367e-04 2.948291899282263367e-04 6.423740913248149331e-01 1.924759007834820901e+00 8.834668213009573556e-02 6.560864797936419635e+00 9.808441019592152088e+00 4.219803388028704749e-02
0.000000000000000000e+00 2.948291899282263367e-04 2.948291899282263367e-04 1.210195598922230609e+00 8.578259837263055854e-01 7.396590087324386720e-02 4.837802946224507572e+00 1.616070836549804923e+01 4.005634796601099251e-02
0.000000000000000000e+00 2.948291899282263367e-04 2.948291899282263367e-04 6.423740913248149331e-01 8.592929795177618457e-01 1.992066453679465499e-02 5.678384773550703812e+00 6.382622249577227791e+00 3.704907060444421335e-02
0.000000000000000000e+00 2.948291899282263367e-04 2.150356535994840277e-04 1.145182142719732565e-01 3.639394003764052227e-02 4.608689847931676277e-03 4.039401184700464205e-04 2.985754010969273527e-04 1.243087430515347471e-03
0.000000000000000000e+00 2.948291899282263367e-04 2.948291899282263367e-04 8.648280177171461247e-01 1.109106858346038171e+00 9.240549231370936978e-01 3.384614932964378261e-03 1.682247185994004912e+00 2.017104345865263978e-02
0.000000000000000000e+00 2.948291899282263367e-04 1.884180812742967601e-02 8.648781159047019829e-01 4.730559505524241093e-01 5.176747985725091428e-02 3.667917217533323004e-02 1.229757060097665285e-03 5.622277937488985057e-03
0.000000000000000000e+00 2.948291899282263367e-04 2.110139522177564885e-04 8.713626306456855042e-02 4.592884992866893071e-03 2.923418692625123381e-04 3.927333879877538316e-04 2.868212366135504594e-04 1.181711701757699262e-03
0.000000000000000000e+00 2.948291899282263367e-04 2.948291899282263367e-04 1.186197317063857115e+00 1.424658114488746685e+00 1.051453773822314419e+00 7.110796021586510696e-01 2.000760406899360966e+00 2.491332508057146969e-02
0.000000000000000000e+00 2.948291899282263367e-04 2.110139522177564885e-04 1.146636242257724758e-01 5.753959883077064408e-02 5.351314677680018249e-03 4.761641409028207188e-04 3.532955704160820423e-04 1.484875598076763328e-03
0.000000000000000000e+00 2.948291899282263367e-04 2.150356535994840277e-04 4.479375711295799367e-01 4.428634899847571083e-01 1.352071533998467322e-02 1.253070060778923136e-03 9.765457246796063577e-04 4.381980118300221778e-03
0.000000000000000000e+00 2.948291899282263367e-04 9.543294229155686523e-03 1.612000177966360193e+00 1.024492065090025772e+00 5.659627660744301902e-01 8.021442405584789936e-01 3.435199114746509061e-03 1.049101663073173374e-01
0.000000000000000000e+00 2.948291899282263367e-04 2.150356535994840277e-04 1.147754181016468478e-01 2.582111064107547524e-02 4.404791685213612328e-03 4.021236884853710350e-04 2.966586583774235338e-04 1.226366849628684466e-03
0.000000000000000000e+00 2.948291899282263367e-04 2.150356535994840277e-04 1.063187438189958645e-01 4.517727166789613398e-03 2.908077860167684056e-04 3.965525059211700773e-04 2.908077860167684056e-04 1.165202710060678389e-03
0.000000000000000000e+00 2.948291899282263367e-04 2.948291899282263367e-04 8.050864095802815479e-01 8.242108503388692053e-01 6.184247247847449863e-02 5.678410265617254815e+00 7.389355736781322292e+00 4.075169389799352532e-02
0.000000000000000000e+00 2.948291899282263367e-04 2.948291899282263367e-04 8.050864095802815479e-01 8.242108503388692053e-01 6.184247247847449863e-02 5.573323603596339382e+00 7.724912485329680223e+00 4.083331111082222353e-02
0.000000000000000000e+00 2.948291899282263367e-04 2.948291899282263367e-04 8.449141483381912288e-01 9.833640714277529504e-01 6.187257336268132957e-02 5.468262016668179015e+00 7.221571050519404622e+00 4.066947998189569119e-02
0.000000000000000000e+00 2.948291899282263367e-04 2.948291899282263367e-04 8.250002789592363328e-01 1.192870334992489845e+00 7.395031124118164878e-02 2.469031765630891684e+01 5.561179508198576649e+00 2.016500529005249218e-02
0.000000000000000000e+00 2.948291899282263367e-04 2.150356535994840277e-04 1.154103923435550599e-01 6.806320024423702375e-02 4.807607732815340727e-03 4.906267002073407598e-04 3.554782541688216780e-04 1.490603873239336376e-03
0.000000000000000000e+00 2.948291899282263367e-04 2.948291899282263367e-04 1.234193880780603436e+00 4.029134874989243054e-01 4.741594614275429498e-01 4.942889608245423894e+00 1.271225739863520054e+01 4.246824189314987730e-02
0.000000000000000000e+00 2.948291899282263367e-04 2.110139522177564885e-04 7.629405504030288554e-02 1.337728539129495742e-02 3.927333879877538316e-04 3.927333879877538316e-04 2.868212366135504594e-04 1.176342543560398657e-03
0.000000000000000000e+00 2.948291899282263367e-04 2.948291899282263367e-04 6.256579739715540933e-01 2.893325064793672130e+00 8.337401175437101353e-01 8.878404856371755471e-01 2.231582075378979901e+00 2.535255536906953766e-02
0.000000000000000000e+00 2.948291899282263367e-04 2.948291899282263367e-04 8.250002789592363328e-01 7.891063304956705826e-01 1.037486650208965522e-01 5.363162868850267273e+00 6.885976308362995901e+00 4.033463518377265744e-02
0.000000000000000000e+00 2.948291899282263367e-04 2.948291899282263367e-04 8.449141483381912288e-01 1.109082649055018965e+00 4.742646701267314024e-01 6.560864797936419635e+00 4.872727649445361742e+00 4.050325763586049704e-02
0.000000000000000000e+00 2.948291899282263367e-04 2.150356535994840277e-04 2.054134415160812355e-01 7.961220509082636565e-02 5.945759884018914608e-03 5.676130926118165597e-04 4.271530089748412098e-04 1.810964005985226180e-03
0.000000000000000000e+00 2.948291899282263367e-04 2.948291899282263367e-04 6.423740913248149331e-01 1.974800304208946367e+00 2.865988857300958564e-02 6.437161212976585389e+00 9.989927033163661818e+00 4.219803388028704749e-02
0.000000000000000000e+00 2.948291899282263367e-04 2.150356535994840277e-04 1.156217516699837994e-01 3.624703439048732739e-02 4.414909320340235088e-03 4.039401184700464205e-04 2.985754010969273527e-04 1.243087430515347471e-03
0.000000000000000000e+00 2.948291899282263367e-04 2.948291899282263367e-04 1.138200753347110350e+00 1.474647755555643203e+00 1.269277161863460179e+00 1.809095280375203063e-01 2.421068854758823274e+00 2.491332508057146969e-02
0.000000000000000000e+00 2.948291899282263367e-04 2.948291899282263367e-04 1.162199035205483844e+00 9.415960106961177578e-01 7.396590087324386720e-02 4.837802946224507572e+00 1.398273070910226856e+01 3.939809744101209488e-02
0.000000000000000000e+00 2.948291899282263367e-04 2.948291899282263367e-04 1.138200753347110350e+00 1.524689051929768446e+00 8.836189906605139421e-02 6.313470927270820710e+00 1.979082648694465618e+01 2.592317036245956816e-02
0.000000000000000000e+00 2.948291899282263367e-04 2.110139522177564885e-04 8.671785623413805211e-02 4.641974364475995492e-03 2.923418692625123381e-04 3.927333879877538316e-04 2.868212366135504594e-04 1.181711701757699262e-03
0.000000000000000000e+00 2.948291899282263367e-04 1.884630208014361624e-02 8.648781159047019829e-01 9.834352557494092650e-01 2.389300275960544104e-02 2.259801027957773333e-03 1.800122742865291770e-03 8.334888814825218081e-03
0.000000000000000000e+00 2.948291899282263367e-04 2.948291899282263367e-04 8.449141483381912288e-01 9.414578788853307234e-01 6.185770982847887955e-02 5.573336192892102581e+00 7.724925109305165627e+00 4.091433271144631623e-02
0.000000000000000000e+00 2.948291899282263367e-04 2.150356535994840277e-04 1.148895395350790216e-01 1.510137559735721252e-02 2.947252779117725554e-04 4.002871637097437166e-04 2.947252779117725554e-04 1.221067105634453601e-03
0.000000000000000000e+00 2.948291899282263367e-04 2.948291899282263367e-04 1.186197317063857115e+00 8.997112207045808718e-01 1.240071972473690970e-01 4.837814825985525147e+00 1.380124622683309177e+01 2.054106680590155054e-01
0.000000000000000000e+00 2.948291899282263367e-04 2.150356535994840277e-04 9.566783718770668909e-02 4.604201620876505197e-03 2.999574364926079558e-04 3.946536838716763196e-04 2.888232524900767074e-04 1.193047644123033588e-03
0.000000000000000000e+00 2.948291899282263367e-04 2.150356535994840277e-04 9.598438063999686909e-02 4.653338783018354935e-03 2.999574364926079558e-04 3.946536838716763196e-04 2.888232524900767074e-04 1.182144424277446282e-03
0.000000000000000000e+00 2.948291899282263367e-04 2.948291899282263367e-04 6.423740913248149331e-01 8.944186183139216650e-01 6.184247247847449863e-02 5.678410265617254815e+00 1.035278160420643978e+01 4.155654038125050631e-02
0.000000000000000000e+00 2.948291899282263367e-04 2.948291899282263367e-04 8.050864095802815479e-01 8.242108503388692053e-01 1.037486650208965522e-01 5.573336192892102581e+00 7.053786364257479846e+00 4.058666826352855944e-02
0.000000000000000000e+00 2.948291899282263367e-04 2.948291899282263367e-04 9.046557564750559166e-01 1.624717798858352769e+00 8.836189906605139421e-02 6.437174512230656731e+00 1.942784233534018057e+01 2.590056866082306869e-02
0.000000000000000000e+00 2.948291899282263367e-04 2.150356535994840277e-04 1.083696369994386136e-02 3.997468780175705838e-03 2.513155679048794289e-04 3.313257082961330521e-04 2.377020460513788378e-04 9.581100699938390397e-04
0.000000000000000000e+00 2.948291899282263367e-04 2.150356535994840277e-04 2.054134415160812355e-01 2.582466144614074532e-01 2.433981073755850377e-02 6.900888411347994500e-04 5.275788430121546675e-04 2.294699941076347362e-03
0.000000000000000000e+00 2.948291899282263367e-04 2.948291899282263367e-04 8.449141483381912288e-01 9.414578788853307234e-01 1.995151728605681907e-02 5.678410265617254815e+00 7.557140423043248845e+00 4.083331111082222353e-02
0.000000000000000000e+00 2.948291899282263367e-04 2.948291899282263367e-04 1.234193880780603436e+00 1.024377263623225787e+00 2.393977617997950294e-02 4.837802946224507572e+00 1.652370464156401653e+01 4.015891264318949966e-02
0.000000000000000000e+00 2.948291899282263367e-04 2.948291899282263367e-04 1.234193880780603436e+00 1.124459856371476274e+00 2.396888338320321207e-02 4.627653283093217773e+00 1.579771208943208549e+01 3.995175238582528848e-02
0.000000000000000000e+00 2.948291899282263367e-04 2.948291899282263367e-04 6.423740913248149331e-01 2.893363141753671819e+00 1.102958690880440296e+00 1.809418201338029164e-01 2.973739658646741724e+00 2.535255536906953766e-02
0.000000000000000000e+00 2.948291899282263367e-04 2.948291899282263367e-04 8.050864095802815479e-01 8.242108503388692053e-01 6.184247247847449863e-02 5.678410265617254815e+00 9.626789052074512298e+00 4.146489679856184274e-02
0.000000000000000000e+00 2.948291899282263367e-04 2.948291899282263367e-04 9.046557564750559166e-01 1.624717798858352769e+00 2.865988857300958564e-02 6.437161212976585389e+00 1.960932834891169563e+01 2.590056866082306869e-02
0.000000000000000000e+00 2.948291899282263367e-04 2.948291899282263367e-04 9.046557564750559166e-01 1.574676502484227747e+00 2.864467163705393740e-02 4.417514717358148602e+00 1.852019781569062218e+01 1.687336150423061343e-01
0.000000000000000000e+00 2.948291899282263367e-04 9.543294229155686523e-03 1.612000177966360193e+00 1.024492065090025772e+00 5.659627660744301902e-01 8.021442405584789936e-01 3.435199114746509061e-03 1.654624649422182375e-02
0.000000000000000000e+00 2.948291899282263367e-04 2.150356535994840277e-04 2.054134415160812355e-01 1.631777181341998451e-01 7.655125667028372244e-03 5.082657364635975727e-02 5.224348973519079556e-04 2.263252051550725813e-03
0.000000000000000000e+00 2.948291899282263367e-04 9.543294229155686523e-03 1.612000177966360193e+00 1.074533361464151016e+00 4.465739620243023289e-01 5.116823722548153874e-01 2.788881257295960144e-03 1.334520767287350126e-02
0.000000000000000000e+00 2.948291899282263367e-04 2.948291899282263367e-04 8.847418870961011317e-01 1.674731332919070281e+00 2.865988857300958564e-02 4.312439448521137031e+00 1.979068478192149527e+01 3.348897251535030289e-02
0.000000000000000000e+00 2.948291899282263367e-04 2.948291899282263367e-04 1.162199035205483844e+00 1.474673853509005150e+00 8.836189906605139421e-02 4.102277422245799166e+00 2.015366740222365394e+01 3.352246662789039322e-02
0.000000000000000000e+00 2.948291899282263367e-04 2.150356535994840277e-04 6.256579739715540933e-01 5.660142093616579162e-01 1.644591835657597395e-02 1.541944198748227681e-03 1.211999925202578892e-03 5.504555992632732472e-03
0.000000000000000000e+00 2.948291899282263367e-04 2.948291899282263367e-04 1.186197317063857115e+00 8.997112207045808718e-01 7.396590087324386720e-02 4.942889608245423894e+00 1.271225739863520054e+01 4.246824189314987730e-02
0.000000000000000000e+00 2.948291899282263367e-04 2.150356535994840277e-04 9.046557564750559166e-01 8.996228706645652551e-01 5.743139527208274142e-01 6.244866589102592708e-02 2.214312990852456905e-03 1.040661240451013457e-02
0.000000000000000000e+00 2.948291899282263367e-04 2.948291899282263367e-04 1.186197317063857115e+00 8.997112207045808718e-01 7.396590087324386720e-02 4.942889608245423894e+00 1.361974808880011345e+01 2.233787044996649318e-01
0.000000000000000000e+00 2.948291899282263367e-04 2.948291899282263367e-04 6.089418566182930315e-01 3.012690260973269751e+00 3.500013161317662436e-02 1.851969203276373932e+01 1.395241816989936368e+01 1.228451110794354442e-02
0.000000000000000000e+00 2.948291899282263367e-04 2.110139522177564885e-04 7.676661417595381787e-02 4.074277540307133516e-03 4.091325723328749259e-04 3.438563017090229138e-04 2.505961851431170485e-04 1.029759522174994533e-03
0.000000000000000000e+00 2.948291899282263367e-04 9.538800276441742818e-03 1.948540356374741656e-01 7.967004287599137313e-02 6.471962965077282352e-03 1.482023778275360325e-02 4.295064437089658000e-04 1.833693195285898301e-03
0.000000000000000000e+00 2.948291899282263367e-04 2.948291899282263367e-04 1.162199035205483844e+00 1.474673853509005150e+00 8.836189906605139421e-02 4.207364084266716375e+00 2.015368105798745901e+01 3.355555896804935517e-02
0.000000000000000000e+00 2.948291899282263367e-04 2.110139522177564885e-04 2.082419744101342632e-02 3.881194671220279582e-03 2.395942883845946436e-04 3.331793805321401031e-04 2.395942883845946436e-04 9.642056419042631301e-04
0.000000000000000000e+00 2.948291899282263367e-04 2.948291899282263367e-04 6.423740913248149331e-01 2.833661131260629684e+00 7.611261522120170708e-01 5.343783484414805773e-01 3.344861309809300298e+00 2.985503151742381622e-02
0.000000000000000000e+00 2.948291899282263367e-04 2.948291899282263367e-04 9.046557564750559166e-01 1.624717798858352769e+00 2.865988857300958564e-02 6.560864797936419635e+00 1.870184978320825664e+01 1.296138055586434357e-01
0.000000000000000000e+00 2.948291899282263367e-04 2.150356535994840277e-04 7.706182148573093027e-02 3.945520023991937880e-03 2.602364795406539376e-04 3.438563017090229138e-04 2.505961851431170485e-04 1.025095496569231653e-03
0.000000000000000000e+00 2.948291899282263367e-04 2.150356535994840277e-04 1.148895395350790216e-01 4.696676943420558664e-02 4.095728937160739505e-03 4.057367717618593547e-04 3.004757041738715826e-04 1.254013365508174294e-03
0.000000000000000000e+00 2.948291899282263367e-04 2.814930993113154770e-02 1.114292197802941642e+00 8.997112207045808718e-01 5.658614594647206619e-01 1.221612765621043206e-01 2.233246708589746270e-03 1.054068027445460853e-02
0.000000000000000000e+00 2.948291899282263367e-04 9.543294229155686523e-03 1.948540356374741656e-01 3.251110838744507570e-01 9.134293848249394263e-03 8.302409961798260137e-04 6.375079494680861237e-04 2.775358960027792844e-03
0.000000000000000000e+00 2.948291899282263367e-04 2.150356535994840277e-04 6.423740913248149331e-01 3.230987599715125502e-01 4.276892872700342740e-02 1.175909247236255478e-01 1.211999925202578892e-03 5.448491843251674835e-03
0.000000000000000000e+00 2.948291899282263367e-04 2.948291899282263367e-04 1.162199035205483844e+00 8.996898181536956418e-01 7.395031124118164878e-02 5.047964291226648470e+00 1.452723877896502103e+01 3.962571960507345337e-02
0.000000000000000000e+00 2.948291899282263367e-04 2.948291899282263367e-04 6.089418566182930315e-01 2.893286239987185926e+00 3.497234560373509854e-02 1.833815727569766096e+01 1.395240218585951020e+01 1.589409396446590794e-02
0.000000000000000000e+00 2.948291899282263367e-04 2.150356535994840277e-04 2.054134415160812355e-01 3.251110838744507570e-01 9.228329372540122408e-03 8.302409961798260137e-04 6.375079494680861237e-04 2.789157947159816298e-03
0.000000000000000000e+00 2.948291899282263367e-04 2.150356535994840277e-04 1.148895395350790216e-01 1.524828124451041780e-02 4.252219397836684393e-03 4.002871637097437166e-04 2.947252779117725554e-04 1.221067105634453601e-03
0.000000000000000000e+00 2.948291899282263367e-04 2.150356535994840277e-04 1.156217516699837994e-01 7.868525762390074507e-02 5.373791160972024063e-03 4.802504258204194436e-04 3.576423901116470086e-04 1.503176364737761860e-03
0.000000000000000000e+00 2.948291899282263367e-04 2.948291899282263367e-04 6.256579739715540933e-01 2.024809685067586962e+00 3.271699410382186146e-01 5.942412260449143169e+00 1.053443357172406891e+01 4.246824189314987730e-02
0.000000000000000000e+00 2.948291899282263367e-04 2.150356535994840277e-04 2.054134415160812355e-01 5.496216652470804070e-02 6.448484861154244255e-03 5.631911273330013432e-04 4.223864839361130431e-04 1.799998389042816328e-03
0.000000000000000000e+00 2.948291899282263367e-04 2.948291899282263367e-04 1.234193880780603436e+00 4.380391262950841247e-01 1.993627993605243814e-02 5.783484234101877064e+00 1.470873691699800645e+01 3.968133851273039636e-02
0.000000000000000000e+00 2.948291899282263367e-04 9.543294229155686523e-03 1.948540356374741656e-01 4.260822834906637796e-02 5.521028988543403258e-03 4.862176428240491959e-04 3.640255868294906254e-04 1.547811838977159078e-03
0.000000000000000000e+00 2.948291899282263367e-04 9.538800276441742818e-03 1.948540356374741656e-01 1.631777181341998451e-01 7.265388593758147044e-03 6.782215865773058355e-04 5.145576393881573420e-04 2.226190730137007131e-03
0.000000000000000000e+00 2.948291899282263367e-04 2.948291899282263367e-04 7.851725402013265409e-01 2.833698470843149408e+00 1.368050450319726830e+00 4.232469740018197750e-03 2.355232630130621008e+00 2.506150742842171847e-02
0.000000000000000000e+00 2.948291899282263367e-04 2.150356535994840277e-04 1.148895395350790216e-01 1.524828124451041780e-02 2.947252779117725554e-04 4.002871637097437166e-04 2.947252779117725554e-04 1.221067105634453601e-03
0.000000000000000000e+00 2.948291899282263367e-04 2.150356535994840277e-04 1.641045142110952204e+00 1.074533361464151016e+00 5.659779830103859322e-01 7.601052840707275826e-02 7.537453606791999494e-02 1.319073782829451556e-02
0.000000000000000000e+00 2.948291899282263367e-04 2.110139522177564885e-04 6.256579739715540933e-01 2.990851724038203763e-01 1.009039241342923471e-01 1.263375897318236383e-03 9.882703292727538884e-04 4.457945969159948091e-03
0.000000000000000000e+00 2.948291899282263367e-04 2.948291899282263367e-04 8.847418870961011317e-01 1.674731332919070281e+00 2.865988857300958564e-02 4.312439448521137031e+00 1.960918664388851695e+01 3.044358692976484870e-01
0.000000000000000000e+00 2.948291899282263367e-04 2.948291899282263367e-04 9.046557564750559166e-01 5.081815893485840396e-01 8.690751182611179682e-02 5.993631855323867441e+00 2.742981803910586880e+00 3.056964036550745972e-02
0.000000000000000000e+00 2.948291899282263367e-04 2.948291899282263367e-04 8.847418870961011317e-01 5.081621020638101838e-01 8.689311865341076135e-02 5.993618844497355269e+00 2.742970965047190290e+00 3.049224379268071841e-02
0.000000000000000000e+00 2.948291899282263367e-04 2.150356535994840277e-04 6.423740913248149331e-01 3.230987599715125502e-01 4.378729831447477072e-01 8.568359315685974975e-02 4.339885877288206240e-02 6.912883708938069582e-03
0.000000000000000000e+00 2.948291899282263367e-04 2.948291899282263367e-04 9.046557564750559166e-01 1.574676502484227747e+00 8.834668213009573556e-02 6.437161212976585389e+00 1.924633207284572833e+01 2.585445225029630451e-02
0.000000000000000000e+00 2.948291899282263367e-04 2.948291899282263367e-04 1.210195598922230609e+00 8.578259837263055854e-01 7.396590087324386720e-02 4.942889608245423894e+00 1.289375553666818774e+01 4.253437210351613401e-02
0.000000000000000000e+00 2.948291899282263367e-04 2.948291899282263367e-04 1.162199035205483844e+00 1.474673853509005150e+00 8.836189906605139421e-02 4.207364084266716375e+00 1.997218291995448425e+01 3.352246662789039322e-02
0.000000000000000000e+00 2.948291899282263367e-04 2.150356535994840277e-04 1.141730789872383994e-01 5.753959883077064408e-02 5.181667735279269806e-03 4.761641409028207188e-04 3.532955704160820423e-04 1.484875598076763328e-03
0.000000000000000000e+00 2.948291899282263367e-04 2.948291899282263367e-04 9.046557564750559166e-01 1.122016014317617043e-02 3.521844200154960330e-02 5.216401946628082875e+00 3.097496755825988490e+00 1.740761987961504109e-01
0.000000000000000000e+00 2.948291899282263367e-04 2.948291899282263367e-04 9.046557564750559166e-01 1.122016014317617043e-02 1.122016014317617043e-02 5.216389576217959068e+00 3.221189831140268467e+00 1.740761987961504109e-01
0.000000000000000000e+00 2.948291899282263367e-04 2.150356535994840277e-04 8.449141483381912288e-01 7.538353893080430579e-01 6.184247247847449863e-02 4.378173346595869153e-02 1.492666230459998656e-03 6.879110310892862581e-03
0.000000000000000000e+00 2.948291899282263367e-04 2.150356535994840277e-04 6.653682130601037970e-02 4.020798513201816020e-03 9.551811101824745145e-03 3.438563017090229138e-04 2.554145723384617034e-04 1.025095496569231653e-03
0.000000000000000000e+00 2.948291899282263367e-04 2.948291899282263367e-04 7.851725402013265409e-01 8.593149482366967407e-01 1.993627993605243814e-02 5.783484234101877064e+00 9.626789052074512298e+00 4.146489679856184274e-02
0.000000000000000000e+00 2.948291899282263367e-04 2.150356535994840277e-04 1.150452866175323274e-01 7.868525762390074507e-02 5.488576036976485460e-03 4.802504258204194436e-04 3.576423901116470086e-04 1.496076069013879510e-03
0.000000000000000000e+00 2.948291899282263367e-04 9.543294229155686523e-03 1.948540356374741656e-01 2.916788491679290218e-01 2.902256220501848658e-02 8.275554730395142441e-04 6.345310980986808985e-04 2.757078064231284834e-03
0.000000000000000000e+00 2.948291899282263367e-04 2.948291899282263367e-04 8.648280177171461247e-01 1.109106858346038171e+00 1.043458944123177412e+00 3.396563075379768846e-03 1.682265014283262250e+00 2.030847184281263720e-02
0.000000000000000000e+00 2.948291899282263367e-04 2.948291899282263367e-04 8.648280177171461247e-01 1.025294473261193939e+00 5.242895273109964283e-01 6.560864797936419635e+00 3.866019531873832626e+00 3.696861836892282455e-02
0.000000000000000000e+00 2.948291899282263367e-04 2.948291899282263367e-04 8.648280177171461247e-01 1.067200665803615944e+00 1.103141851294036968e+00 3.396563075379768846e-03 1.770628934096357909e+00 2.037659865697575776e-02
0.000000000000000000e+00 2.948291899282263367e-04 2.948291899282263367e-04 6.256579739715540933e-01 2.024809685067586962e+00 3.868719515312604162e-01 5.818721423742004184e+00 1.053443357172406891e+01 4.246824189314987730e-02
0.000000000000000000e+00 2.948291899282263367e-04 2.948291899282263367e-04 6.423740913248149331e-01 1.974800304208946367e+00 3.271699410382186146e-01 5.818708675489308035e+00 1.035292330922962734e+01 2.229197486247629922e-01
0.000000000000000000e+00 2.948291899282263367e-04 2.948291899282263367e-04 6.423740913248149331e-01 2.893363141753671819e+00 7.611397849301064777e-01 9.256520731931802692e-02 2.973706379775097997e+00 2.513493245052919947e-02
0.000000000000000000e+00 2.948291899282263367e-04 2.150356535994840277e-04 5.884557711984499118e-02 4.053337044326792843e-03 2.564756348826984834e-04 3.403794831357770737e-04 2.469943230828653660e-04 1.005009207917025461e-03
0.000000000000000000e+00 2.948291899282263367e-04 2.948291899282263367e-04 8.050864095802815479e-01 8.242108503388692053e-01 6.184247247847449863e-02 5.678410265617254815e+00 6.214862932947874619e+00 3.712896288119708205e-02
0.000000000000000000e+00 2.948291899282263367e-04 2.948291899282263367e-04 6.423740913248149331e-01 1.974800304208946367e+00 3.271699410382186146e-01 5.818708675489308035e+00 1.035292330922962734e+01 2.229197486247629922e-01
0.000000000000000000e+00 2.948291899282263367e-04 2.948291899282263367e-04 1.162199035205483844e+00 1.474673853509005150e+00 8.836189906605139421e-02 4.207364084266716375e+00 2.015368105798745901e+01 3.355555896804935517e-02
0.000000000000000000e+00 2.948291899282263367e-04 2.110139522177564885e-04 1.234193880780603436e+00 1.324625041867976138e+00 1.124067739154007484e+00 1.809028438569838804e-01 9.178277243564632315e-02 1.648563122005989798e-02
0.000000000000000000e+00 2.948291899282263367e-04 2.150356535994840277e-04 2.054134415160812355e-01 1.774303428243416692e-01 2.438343574282136189e-02 5.083139419446662532e-02 5.275788430121546675e-04 2.283422657100561692e-03
0.000000000000000000e+00 2.948291899282263367e-04 2.948291899282263367e-04 8.050864095802815479e-01 8.242108503388692053e-01 1.037486650208965522e-01 5.573336192892102581e+00 9.263792776008548557e+00 4.131054417462418776e-02
0.000000000000000000e+00 2.948291899282263367e-04 2.150356535994840277e-04 9.046557564750559166e-01 9.415290632069873711e-01 4.740119202646684293e-01 2.741269557125495214e-03 2.201421770093261576e-03 1.031603358551348541e-02
0.000000000000000000e+00 2.948291899282263367e-04 2.948291899282263367e-04 1.138200753347110350e+00 1.524689051929768446e+00 2.865988857300958564e-02 4.102266124479303500e+00 2.069814802893187533e+01 5.447672653210663407e-01
0.000000000000000000e+00 2.948291899282263367e-04 2.948291899282263367e-04 1.234193880780603436e+00 1.074418559997351030e+00 2.395453435309146881e-02 7.055610941915876566e+00 1.779434696858187337e+01 3.348897251535030289e-02
0.000000000000000000e+00 2.948291899282263367e-04 2.150356535994840277e-04 1.156217516699837994e-01 1.660642791447251021e-01 2.065761828930650842e-02 5.697893930612574947e-04 4.295064437089658000e-04 1.833693195285898301e-03
0.000000000000000000e+00 2.948291899282263367e-04 2.110139522177564885e-04 2.054134415160812355e-01 1.344733155796262458e-01 6.371779440789991471e-03 5.740741785207701536e-04 4.341546898963248189e-04 1.870433015797393029e-03
0.000000000000000000e+00 2.948291899282263367e-04 2.150356535994840277e-04 4.479375711295799367e-01 4.669748437061935209e-01 1.326205129968137386e-02 1.256540380903994327e-03 9.804859389871769821e-04 4.407431471981791173e-03
0.000000000000000000e+00 2.948291899282263367e-04 9.538800276441742818e-03 1.948540356374741656e-01 7.961220509082636565e-02 3.497721234536085161e-02 5.719429879440155297e-04 4.318402700316267915e-04 1.847619738819852300e-03
0.000000000000000000e+00 2.948291899282263367e-04 2.948291899282263367e-04 6.256579739715540933e-01 9.295218545555886669e-01 1.456548575633186127e-01 5.468262016668179015e+00 9.626789052074512298e+00 4.146489679856184274e-02
0.000000000000000000e+00 2.948291899282263367e-04 2.150356535994840277e-04 6.089418566182930315e-01 6.241590715366185371e-01 5.646172658668883182e-01 3.025173524103227374e-01 2.201421770093261576e-03 1.031603358551348541e-02
0.000000000000000000e+00 2.948291899282263367e-04 2.110139522177564885e-04 1.062759972235110539e-01 4.615313282787527130e-03 4.615313282787527130e-03 3.965525059211700773e-04 2.908077860167684056e-04 1.198819795595397779e-03
0.000000000000000000e+00 2.948291899282263367e-04 2.150356535994840277e-04 4.336849464394381681e-01 3.949624938036170319e-01 3.523148642593681990e-02 1.028213886099563993e-03 7.992592202041653125e-04 3.573668886752216691e-03
0.000000000000000000e+00 2.948291899282263367e-04 2.150356535994840277e-04 9.701573596800794341e-02 4.653338783018354935e-03 4.410275455440010317e-03 3.946536838716763196e-04 2.888232524900767074e-04 1.193047644123033588e-03
0.000000000000000000e+00 2.948291899282263367e-04 2.948291899282263367e-04 9.046557564750559166e-01 1.624717798858352769e+00 2.865988857300958564e-02 6.560864797936419635e+00 1.579787957468054138e+01 3.313181380476477866e-02
0.000000000000000000e+00 2.948291899282263367e-04 2.948291899282263367e-04 1.234193880780603436e+00 1.124459856371476274e+00 7.401017975732727960e-02 4.417491642246873518e+00 1.797567595843714017e+01 3.305550562891653582e-02
0.000000000000000000e+00 2.948291899282263367e-04 2.150356535994840277e-04 2.054134415160812355e-01 3.025429017342470134e-02 1.780672765811975797e-02 4.862176428240491959e-04 3.640255868294906254e-04 1.547811838977159078e-03
0.000000000000000000e+00 2.948291899282263367e-04 2.150356535994840277e-04 1.155790050744989889e-01 6.811242822733569457e-02 5.192871640640884037e-03 4.782183133298798178e-04 3.554782541688216780e-04 1.490603873239336376e-03
0.000000000000000000e+00 2.948291899282263367e-04 2.110139522177564885e-04 5.976095796857151116e-02 4.010278312929256225e-03 3.592698340451752365e-03 3.403794831357770737e-04 2.469943230828653660e-04 1.005009207917025461e-03
0.000000000000000000e+00 2.948291899282263367e-04 2.150356535994840277e-04 8.766998152153519797e-02 4.544056697263309033e-03 4.256675207358428734e-03 3.927333879877538316e-04 2.868212366135504594e-04 1.181711701757699262e-03
0.000000000000000000e+00 2.948291899282263367e-04 2.150356535994840277e-04 6.423740913248149331e-01 4.206233212779423303e-01 1.370097537311382001e-02 1.175909247236255478e-01 1.211999925202578892e-03 5.504555992632732472e-03
0.000000000000000000e+00 2.948291899282263367e-04 2.150356535994840277e-04 6.423740913248149331e-01 3.230987599715125502e-01 4.276892872700342740e-02 1.175909247236255478e-01 3.633763872136240580e-02 5.477744861912389220e-03
0.000000000000000000e+00 2.948291899282263367e-04 2.948291899282263367e-04 8.050864095802815479e-01 1.109032754211868754e+00 6.188706723542929805e-02 5.363187737675859879e+00 9.989785328140476039e+00 4.161690078064682330e-02
0.000000000000000000e+00 2.948291899282263367e-04 2.150356535994840277e-04 1.150452866175323274e-01 4.675451847945363837e-03 4.528546200792157687e-03 3.984302158402465736e-04 2.927750565721865526e-04 1.209972005747213383e-03
0.000000000000000000e+00 2.948291899282263367e-04 2.948291899282263367e-04 6.256579739715540933e-01 2.893325064793672130e+00 8.337401175437101353e-01 7.994765658240801098e-01 2.973793170866153801e+00 2.993644711358812299e-02
0.000000000000000000e+00 2.948291899282263367e-04 2.948291899282263367e-04 1.162199035205483844e+00 9.415960106961177578e-01 7.396590087324386720e-02 4.942889608245423894e+00 1.398274436486607897e+01 3.945577654954017521e-02
0.000000000000000000e+00 2.948291899282263367e-04 9.538800276441742818e-03 4.337030419138188098e-01 2.879282287943087937e-01 1.122016014317617043e-02 2.502056056580370322e-02 7.959269864937089552e-04 3.552343030847155900e-03
0.000000000000000000e+00 2.948291899282263367e-04 2.110139522177564885e-04 1.062759972235110539e-01 1.518814267935258283e-02 4.626223864846702553e-03 3.984302158402465736e-04 2.927750565721865526e-04 1.209972005747213383e-03
0.000000000000000000e+00 2.948291899282263367e-04 2.814930993113154770e-02 1.582990100921475296e+00 1.024513532271315253e+00 5.062759725173441305e-01 1.064493084877565332e+00 3.443264822745008107e-03 1.660652471018234447e-02
0.000000000000000000e+00 2.948291899282263367e-04 9.538800276441742818e-03 4.335722505931712822e-01 2.082727512784892654e-01 2.917883879420409346e-02 2.501142806864311771e-02 7.857650720582636623e-04 3.487711104656445512e-03
0.000000000000000000e+00 2.948291899282263367e-04 2.150356535994840277e-04 2.843237368190843894e-03 6.910671241504423579e-02 4.020798513201816020e-03 3.421278502646143168e-04 2.488032508368130950e-04 1.015078334240027353e-03
0.000000000000000000e+00 2.948291899282263367e-04 9.543294229155686523e-03 6.256022869401460795e-01 8.241673407216020264e-01 6.181085931599420574e-02 4.377302279331066193e-02 1.482584006818539772e-03 6.811034087746523254e-03
0.000000000000000000e+00 2.948291899282263367e-04 2.948291899282263367e-04 8.847418870961011317e-01 1.674731332919070281e+00 2.865988857300958564e-02 4.312439448521137031e+00 1.960918664388851695e+01 3.044358692976484870e-01
0.000000000000000000e+00 2.948291899282263367e-04 2.948291899282263367e-04 9.046557564750559166e-01 1.624717798858352769e+00 2.865988857300958564e-02 4.207352786500220709e+00 1.852018415992681355e+01 3.320649048519419555e-02
0.000000000000000000e+00 2.948291899282263367e-04 2.948291899282263367e-04 8.050864095802815479e-01 8.242108503388692053e-01 1.037486650208965522e-01 5.573336192892102581e+00 5.879293560424031284e+00 3.696861836892282455e-02
0.000000000000000000e+00 2.948291899282263367e-04 1.884630208014361624e-02 1.138261126868834294e+00 8.578050281621588669e-01 9.837569336301356104e-01 5.116883792317069579e-01 3.402216636359461661e-03 1.630175356933730516e-02
0.000000000000000000e+00 2.948291899282263367e-04 9.538800276441742818e-03 4.337030419138188098e-01 2.680143594153539532e-01 1.120684618309782284e-02 2.501754735357745660e-02 7.925673733224438029e-04 3.530908430017918979e-03
0.000000000000000000e+00 2.948291899282263367e-04 2.110139522177564885e-04 7.621276317377372045e-02 1.337728539129495742e-02 3.089312663166172783e-04 3.927333879877538316e-04 2.868212366135504594e-04 1.176342543560398657e-03
0.000000000000000000e+00 2.948291899282263367e-04 2.150356535994840277e-04 4.336849464394381681e-01 4.429590575203639080e-01 1.114500182864361019e-02 1.031136476814329111e-03 8.025643033361913115e-04 3.594886461443551600e-03
0.000000000000000000e+00 2.948291899282263367e-04 2.948291899282263367e-04 6.089418566182930315e-01 3.012690260973269751e+00 3.500013161317662436e-02 1.851969203276373932e+01 1.395241816989936368e+01 1.228451110794354442e-02
0.000000000000000000e+00 2.948291899282263367e-04 2.948291899282263367e-04 7.851725402013265409e-01 8.593149482366967407e-01 1.037486650208965522e-01 5.573336192892102581e+00 7.221571050519404622e+00 4.066947998189569119e-02
0.000000000000000000e+00 2.948291899282263367e-04 2.948291899282263367e-04 1.234193880780603436e+00 8.159403053686695717e-01 1.240071972473690970e-01 4.732728163964607937e+00 1.616070836549804923e+01 4.005634796601099251e-02
0.000000000000000000e+00 2.948291899282263367e-04 2.150356535994840277e-04 8.647365150405372791e-01 7.188960478025967493e-01 1.993627993605243814e-02 1.871208072015628993e-03 1.482584006818539772e-03 6.811034087746523254e-03
0.000000000000000000e+00 2.948291899282263367e-04 2.150356535994840277e-04 2.054134415160812355e-01 1.203531171437311753e-01 6.228449421405254059e-03 5.719429879440155297e-04 4.318402700316267915e-04 1.856488264156435112e-03
0.000000000000000000e+00 2.948291899282263367e-04 2.948291899282263367e-04 9.046557564750559166e-01 5.433072281447437479e-01 1.037006673330247430e-01 5.888558097592539120e+00 3.751393700167791501e+00 3.621916950874060764e-02
0.000000000000000000e+00 2.948291899282263367e-04 2.150356535994840277e-04 1.147754181016468478e-01 4.681986378705239177e-02 4.004165136944463216e-03 4.162668306416771199e-04 3.004757041738715826e-04 1.254013365508174294e-03
0.000000000000000000e+00 2.948291899282263367e-04 2.110139522177564885e-04 1.062759972235110539e-01 4.615313282787527130e-03 4.138064804803350157e-03 3.965525059211700773e-04 2.908077860167684056e-04 1.198819795595397779e-03
0.000000000000000000e+00 2.948291899282263367e-04 2.150356535994840277e-04 1.062759972235110539e-01 4.615313282787527130e-03 2.908077860167684056e-04 3.965525059211700773e-04 2.908077860167684056e-04 1.198819795595397779e-03
0.000000000000000000e+00 2.948291899282263367e-04 9.538800276441742818e-03 4.337030419138188098e-01 2.879282287943087937e-01 1.122016014317617043e-02 2.502056056580370322e-02 7.959269864937089552e-04 2.755062488922058878e-02
0.000000000000000000e+00 2.948291899282263367e-04 2.150356535994840277e-04 8.847418870961011317e-01 9.415058141519991874e-01 4.241900635984517942e-01 3.609423871798304595e-01 2.226988762370240779e-03 1.049623001449136173e-02
0.000000000000000000e+00 2.948291899282263367e-04 2.150356535994840277e-04 1.149669037530958171e-01 1.519905326141175739e-02 3.578443659079902361e-03 4.106799241893404023e-04 2.947252779117725554e-04 1.226709010359095615e-03
0.000000000000000000e+00 2.948291899282263367e-04 2.110139522177564885e-04 9.046557564750559166e-01 8.996228706645652551e-01 5.743139527208274142e-01 3.012567078631931405e-01 7.533775092264419215e-02 1.292760839839581129e-02
0.000000000000000000e+00 2.948291899282263367e-04 2.948291899282263367e-04 9.046557564750559166e-01 5.081815893485840396e-01 8.690751182611179682e-02 5.993631855323867441e+00 2.742981803910586880e+00 1.746284826879647700e-01
0.000000000000000000e+00 2.948291899282263367e-04 2.150356535994840277e-04 1.147754181016468478e-01 4.691754145110692276e-02 4.004165136944463216e-03 4.162668306416771199e-04 3.004757041738715826e-04 1.254013365508174294e-03
0.000000000000000000e+00 2.948291899282263367e-04 2.150356535994840277e-04 2.051260085948574674e-01 1.061672193736327152e-01 6.483379379375300323e-03 5.697893930612574947e-04 4.295064437089658000e-04 1.842472806916435526e-03
0.000000000000000000e+00 2.948291899282263367e-04 2.150356535994840277e-04 1.142064065755382662e-01 2.577188265797681135e-02 4.696769395342777556e-03 4.021236884853710350e-04 2.966586583774235338e-04 1.232105461049703456e-03
0.000000000000000000e+00 2.948291899282263367e-04 9.538800276441742818e-03 4.335722505931712822e-01 2.082727512784892654e-01 9.264969415249202714e-03 2.075200413264073965e-02 2.478060376321689420e-02 3.487711104656445512e-03
0.000000000000000000e+00 2.948291899282263367e-04 2.948291899282263367e-04 1.210195598922230609e+00 1.124435359839139226e+00 7.399583072721670207e-02 4.627653283093217773e+00 1.815718788386084981e+01 3.313181380476477866e-02
0.000000000000000000e+00 2.948291899282263367e-04 2.948291899282263367e-04 9.046557564750559166e-01 5.433072281447437479e-01 1.667029563276314560e-02 5.888532182476438059e+00 3.607313075643516775e+00 3.595911402116371697e-02
0.000000000000000000e+00 2.948291899282263367e-04 2.948291899282263367e-04 1.138200753347110350e+00 1.474647755555643203e+00 1.269277161863460179e+00 1.809095280375203063e-01 2.421068854758823274e+00 2.491332508057146969e-02
0.000000000000000000e+00 2.948291899282263367e-04 2.814930993113154770e-02 1.138290479661315135e+00 8.578259837263055854e-01 8.643715119299297811e-01 7.599858026465737548e-02 2.746045194578721534e-03 1.303371722198753968e-02
0.000000000000000000e+00 2.948291899282263367e-04 2.110139522177564885e-04 1.156217516699837994e-01 7.853835197674755020e-02 5.316848936521226775e-03 1.283418860146208831e-02 3.597881882562314502e-04 1.515684947440144566e-03
0.000000000000000000e+00 2.948291899282263367e-04 2.814930993113154770e-02 1.162178069650286583e+00 1.174501152745600185e+00 6.256329332599462889e-01 2.212265109280433795e-01 2.760570736226997720e-03 1.313868216488774110e-02
0.000000000000000000e+00 2.948291899282263367e-04 2.150356535994840277e-04 2.054134415160812355e-01 5.546413822141509423e-03 5.546413822141509423e-03 4.802504258204194436e-04 3.576423901116470086e-04 1.510241963192741335e-03
0.000000000000000000e+00 2.948291899282263367e-04 2.110139522177564885e-04 1.148132008824831463e-01 5.734424745192848172e-02 4.959812923198231478e-03 4.761641409028207188e-04 3.532955704160820423e-04 1.484875598076763328e-03
0.000000000000000000e+00 2.948291899282263367e-04 2.948291899282263367e-04 8.449141483381912288e-01 1.192895034139863197e+00 8.643715119299297811e-01 5.842963375865083409e-01 2.000692659541665197e+00 2.071139927984671711e-02
0.000000000000000000e+00 2.948291899282263367e-04 2.150356535994840277e-04 1.156217516699837994e-01 7.863602964080208813e-02 2.991175299167618193e-02 4.842497761741859771e-04 3.619158537072368273e-04 1.528129994441628252e-03
0.000000000000000000e+00 2.948291899282263367e-04 2.948291899282263367e-04 8.449141483381912288e-01 1.067176456512596738e+00 5.242895273109964283e-01 6.560864797936419635e+00 4.033804218135750297e+00 3.704907060444421335e-02
0.000000000000000000e+00 2.948291899282263367e-04 2.110139522177564885e-04 9.046557564750559166e-01 9.415290632069873711e-01 5.242895273109964283e-01 1.818526868771095650e-01 6.192899925541205108e-02 1.054068027445460853e-02
0.000000000000000000e+00 2.948291899282263367e-04 2.150356535994840277e-04 1.152864667311427616e-01 6.806320024423702375e-02 5.192871640640884037e-03 4.906267002073407598e-04 3.554782541688216780e-04 1.490603873239336376e-03
0.000000000000000000e+00 2.948291899282263367e-04 2.150356535994840277e-04 1.156217516699837994e-01 7.863602964080208813e-02 5.203876640392986544e-03 4.927102825707362771e-04 3.576423901116470086e-04 1.510241963192741335e-03
0.000000000000000000e+00 2.948291899282263367e-04 2.110139522177564885e-04 3.955458277200208511e-02 3.945920129253695750e-03 2.433276217459231887e-04 3.368215327497330069e-04 2.433276217459231887e-04 9.847135955822602840e-04
0.000000000000000000e+00 2.948291899282263367e-04 2.948291899282263367e-04 8.847418870961011317e-01 5.784133796561298224e-01 1.037006673330247430e-01 5.888558097592539120e+00 3.607334857845330589e+00 3.613305701944066056e-02
0.000000000000000000e+00 2.948291899282263367e-04 2.948291899282263367e-04 6.423740913248149331e-01 1.924759007834820901e+00 1.480486926231375511e-01 6.437174512230656731e+00 9.808441019592152088e+00 4.219803388028704749e-02
0.000000000000000000e+00 2.948291899282263367e-04 2.150356535994840277e-04 1.156217516699837994e-01 1.536528199936754435e-01 6.393399450917046020e-03 5.654137768741487402e-04 4.247797594009869926e-04 1.814228257336485215e-03
0.000000000000000000e+00 2.948291899282263367e-04 2.948291899282263367e-04 1.234193880780603436e+00 8.159403053686695717e-01 7.396590087324386720e-02 4.732716284203589474e+00 1.670518899220627418e+01 4.015891264318949966e-02
0.000000000000000000e+00 2.948291899282263367e-04 2.150356535994840277e-04 6.423740913248149331e-01 5.660327573108263621e-01 4.808048807820441972e-01 2.259801027957773333e-03 5.184141911699053501e-02 8.374591539619388042e-03
0.000000000000000000e+00 2.948291899282263367e-04 2.150356535994840277e-04 1.150452866175323274e-01 1.524828124451041780e-02 4.686208208414921472e-03 4.002871637097437166e-04 2.947252779117725554e-04 1.221067105634453601e-03
0.000000000000000000e+00 2.948291899282263367e-04 9.538800276441742818e-03 4.337030419138188098e-01 1.684450125205794735e-01 9.240784155265363217e-03 2.074676855846161252e-02 6.433887559117512167e-04 2.839661799121634585e-03
0.000000000000000000e+00 2.948291899282263367e-04 2.150356535994840277e-04 1.150452866175323274e-01 7.868525762390074507e-02 1.784251421261815254e-02 4.822608070889896422e-04 3.597881882562314502e-04 1.508506170369037407e-03
0.000000000000000000e+00 2.948291899282263367e-04 2.150356535994840277e-04 2.052207313176535874e-01 1.061672193736327152e-01 6.483379379375300323e-03 5.697893930612574947e-04 4.295064437089658000e-04 1.842472806916435526e-03
0.000000000000000000e+00 2.948291899282263367e-04 2.150356535994840277e-04 6.256579739715540933e-01 3.230834542621937588e-01 1.367280517081201699e-02 3.033842758748013166e-02 9.843940543840250419e-04 4.432753245320436054e-03
0.000000000000000000e+00 2.948291899282263367e-04 2.150356535994840277e-04 6.256579739715540933e-01 3.230834542621937588e-01 1.009184667905418109e-01 1.266741771619090936e-03 9.921150176167147384e-04 4.483010166993474550e-03
0.000000000000000000e+00 2.948291899282263367e-04 2.110139522177564885e-04 1.148132008824831463e-01 5.734424745192848172e-02 4.959812923198231478e-03 4.761641409028207188e-04 3.532955704160820423e-04 1.484875598076763328e-03
0.000000000000000000e+00 2.948291899282263367e-04 2.150356535994840277e-04 9.046557564750559166e-01 8.996228706645652551e-01 5.743139527208274142e-01 2.746655397984113303e-03 2.207894484821978746e-03 1.036144353218078525e-02
0.000000000000000000e+00 2.948291899282263367e-04 2.948291899282263367e-04 1.234193880780603436e+00 8.159403053686695717e-01 7.396590087324386720e-02 4.837802946224507572e+00 1.688670091762998027e+01 4.025945236986503556e-02
0.000000000000000000e+00 2.948291899282263367e-04 2.948291899282263367e-04 8.050864095802815479e-01 8.242108503388692053e-01 6.184247247847449863e-02 5.678410265617254815e+00 6.886001677995561288e+00 4.050325763586049704e-02
0.000000000000000000e+00 2.948291899282263367e-04 9.543294229155686523e-03 1.948540356374741656e-01 2.916788491679290218e-01 9.108692826063594095e-03 8.248422938799761283e-04 6.315296495871500519e-04 2.752260196313117101e-03
0.000000000000000000e+00 2.948291899282263367e-04 2.948291899282263367e-04 8.847418870961011317e-01 3.916453491189407776e-01 8.687838979855341814e-02 6.203779050385636928e+00 3.175158330877958957e+00 3.587128115569905573e-02
0.000000000000000000e+00 2.948291899282263367e-04 2.150356535994840277e-04 1.611963254904375198e+00 1.074511404584064245e+00 4.465587450883466425e-01 8.747461256650711503e-01 3.427061849683639763e-03 1.648563122005989798e-02
0.000000000000000000e+00 2.948291899282263367e-04 2.150356535994840277e-04 2.843237368190843894e-03 6.910671241504423579e-02 4.020798513201816020e-03 3.421278502646143168e-04 2.488032508368130950e-04 1.010450448260508333e-03
0.000000000000000000e+00 2.948291899282263367e-04 2.948291899282263367e-04 6.256579739715540933e-01 9.295218545555886669e-01 1.037486650208965522e-01 5.573336192892102581e+00 9.808287190107497722e+00 4.154119185713806006e-02
0.000000000000000000e+00 2.948291899282263367e-04 2.150356535994840277e-04 2.054134415160812355e-01 7.961220509082636565e-02 3.497721234536085161e-02 5.719429879440155297e-04 4.318402700316267915e-04 1.847619738819852300e-03
0.000000000000000000e+00 2.948291899282263367e-04 2.150356535994840277e-04 1.155364942910957898e-01 4.677141805536342428e-02 4.282168995172362311e-03 4.057367717618593547e-04 3.004757041738715826e-04 1.254013365508174294e-03
0.000000000000000000e+00 2.948291899282263367e-04 2.150356535994840277e-04 2.054134415160812355e-01 5.488576036976485460e-03 1.778497250476961458e-02 4.822608070889896422e-04 3.597881882562314502e-04 1.508506170369037407e-03
0.000000000000000000e+00 2.948291899282263367e-04 2.110139522177564885e-04 1.154942208950798938e-01 4.675451847945363837e-03 2.927750565721865526e-04 3.984302158402465736e-04 2.927750565721865526e-04 1.209972005747213383e-03
0.000000000000000000e+00 2.948291899282263367e-04 2.150356535994840277e-04 2.809425027125608560e-03 6.906396581955943914e-02 3.808771778947238167e-03 3.421278502646143168e-04 2.488032508368130950e-04 1.010450448260508333e-03
0.000000000000000000e+00 2.948291899282263367e-04 2.948291899282263367e-04 9.046557564750559166e-01 5.081815893485840396e-01 1.665623423379215470e-02 6.203779050385636928e+00 2.887040646233044239e+00 3.064653941224416284e-02
0.000000000000000000e+00 2.948291899282263367e-04 2.110139522177564885e-04 4.825080391836959748e-02 1.330257074719999252e-02 2.707254564970315623e-04 3.403794831357770737e-04 2.469943230828653660e-04 9.912364551165921394e-04
0.000000000000000000e+00 2.948291899282263367e-04 2.150356535994840277e-04 2.054134415160812355e-01 1.489250934440580765e-01 7.485697700726301994e-03 6.757735621039013575e-04 5.118880151038018378e-04 2.210000253932856672e-03
0.000000000000000000e+00 2.948291899282263367e-04 2.948291899282263367e-04 8.648280177171461247e-01 4.207107710704839354e-01 8.687838979855341814e-02 6.203779050385636928e+00 3.895452542490245751e+00 3.630471088030798321e-02
0.000000000000000000e+00 2.948291899282263367e-04 2.948291899282263367e-04 9.046557564750559166e-01 3.521844200154960330e-02 2.171859678146774719e-01 4.686302244003595519e+00 2.355285660338815035e+00 2.960773595990590437e-02
0.000000000000000000e+00 2.948291899282263367e-04 2.150356535994840277e-04 2.028984447648633435e-02 3.966204187646947543e-03 2.395942883845946436e-04 3.331793805321401031e-04 2.395942883845946436e-04 9.199642374246358358e-04
0.000000000000000000e+00 2.948291899282263367e-04 2.948291899282263367e-04 9.046557564750559166e-01 5.081815893485840396e-01 8.690751182611179682e-02 5.993631855323867441e+00 2.742981803910586880e+00 1.746284826879647700e-01
0.000000000000000000e+00 2.948291899282263367e-04 2.948291899282263367e-04 9.046557564750559166e-01 5.081815893485840396e-01 5.178187302995198443e-02 6.098705506518272479e+00 2.742981803910586880e+00 3.056964036550745972e-02
0.000000000000000000e+00 2.948291899282263367e-04 2.150356535994840277e-04 1.149669037530958171e-01 1.519905326141175739e-02 3.578443659079902361e-03 4.106799241893404023e-04 2.947252779117725554e-04 1.226709010359095615e-03
0.000000000000000000e+00 2.948291899282263367e-04 2.948291899282263367e-04 1.162199035205483844e+00 8.996898181536956418e-01 7.395031124118164878e-02 4.942877629205732148e+00 1.507171953730015979e+01 3.973644434216621474e-02
0.000000000000000000e+00 2.948291899282263367e-04 9.632457581951780687e-03 1.138231222141735000e+00 1.474673853509005150e+00 1.051453773822314419e+00 1.808960832800800278e-01 2.421049243067644685e+00 2.476335928159225860e-02
0.000000000000000000e+00 2.948291899282263367e-04 2.150356535994840277e-04 1.103877251441786125e-02 3.954665997645479686e-03 2.422376362837622968e-04 3.313257082961330521e-04 2.377020460513788378e-04 9.538710565126549230e-04
0.000000000000000000e+00 2.948291899282263367e-04 2.948291899282263367e-04 8.648280177171461247e-01 4.207107710704839354e-01 1.662711220623376909e-02 6.203752488872531501e+00 5.208129445743779229e+00 3.647408488191293541e-02
0.000000000000000000e+00 2.948291899282263367e-04 2.150356535994840277e-04 1.145182142719732565e-01 2.577188265797681135e-02 4.404791685213612328e-03 4.021236884853710350e-04 2.966586583774235338e-04 1.232105461049703456e-03
0.000000000000000000e+00 2.948291899282263367e-04 2.948291899282263367e-04 8.449141483381912288e-01 1.025270263970174955e+00 3.241074708502024726e-01 4.732728163964607937e+00 7.221558426543910336e+00 4.058666826352855944e-02
0.000000000000000000e+00 2.948291899282263367e-04 2.948291899282263367e-04 1.162199035205483844e+00 1.474673853509005150e+00 8.836189906605139421e-02 4.102277422245799166e+00 2.015366740222365394e+01 3.352246662789039322e-02
0.000000000000000000e+00 2.948291899282263367e-04 2.150356535994840277e-04 1.641045142110952204e+00 1.074533361464151016e+00 5.659779830103859322e-01 7.601052840707275826e-02 7.537453606791999494e-02 1.319073782829451556e-02
0.000000000000000000e+00 2.948291899282263367e-04 2.948291899282263367e-04 1.842677827229511345e-01 2.239569361439305517e+00 9.240735224229716938e-01 7.600458724154904311e-02 7.536730446227765667e-02 1.313868216488774110e-02
0.000000000000000000e+00 2.948291899282263367e-04 3.745231778211947915e-02 1.495779355281350531e+00 1.074511404584064245e+00 6.256647765674719919e-01 4.390803550655377752e-01 9.176613644945498527e-02 1.636338571531073191e-02
0.000000000000000000e+00 2.948291899282263367e-04 2.110139522177564885e-04 1.149280938633772675e-01 1.515008404577580792e-02 4.587924050204061563e-03 4.106799241893404023e-04 2.947252779117725554e-04 1.221067105634453601e-03
0.000000000000000000e+00 2.948291899282263367e-04 1.884630208014361624e-02 8.449642465257470869e-01 9.834120066944211924e-01 7.391785994387044256e-02 2.024249865244587276e-01 1.823035820227693685e-03 8.492457321647965338e-03
0.000000000000000000e+00 2.948291899282263367e-04 9.543294229155686523e-03 1.612000177966360193e+00 1.074533361464151016e+00 5.062759725173441305e-01 5.116883792317069579e-01 3.402216636359461661e-03 1.630175356933730516e-02
0.000000000000000000e+00 2.948291899282263367e-04 2.948291899282263367e-04 1.234193880780603436e+00 1.074418559997351030e+00 2.395453435309146881e-02 7.179314526875711699e+00 1.779435909304335084e+01 3.352246662789039322e-02
0.000000000000000000e+00 2.948291899282263367e-04 2.948291899282263367e-04 6.256579739715540933e-01 2.024809685067586962e+00 1.480639095590932097e-01 6.313484114923779700e+00 9.263946605493199371e+00 4.198938039493007451e-02
0.000000000000000000e+00 2.948291899282263367e-04 2.948291899282263367e-04 6.423740913248149331e-01 1.974800304208946367e+00 1.480639095590932097e-01 6.189780529963945455e+00 9.989927033163661818e+00 4.219803388028704749e-02
0.000000000000000000e+00 2.948291899282263367e-04 2.150356535994840277e-04 2.054134415160812355e-01 1.345393564955027210e-01 2.049194091540429072e-02 6.757735621039013575e-04 5.118880151038018378e-04 2.199391020437631381e-03
0.000000000000000000e+00 2.948291899282263367e-04 2.948291899282263367e-04 9.046557564750559166e-01 4.730559505524241093e-01 1.220187574495705668e-01 5.993631855323867441e+00 3.319217173200416759e+00 3.595911402116371697e-02
0.000000000000000000e+00 2.948291899282263367e-04 2.150356535994840277e-04 6.256579739715540933e-01 5.660142093616579162e-01 4.807869034733483482e-01 2.254837397582940949e-03 5.183557102818822648e-02 8.334888814825218081e-03
0.000000000000000000e+00 2.948291899282263367e-04 2.948291899282263367e-04 9.046557564750559166e-01 3.521844200154960330e-02 3.523148642593681990e-02 5.216414216224469769e+00 2.850100000178151571e+00 2.993644711358812299e-02
0.000000000000000000e+00 2.948291899282263367e-04 9.543294229155686523e-03 8.847671702226129753e-01 5.433072281447437479e-01 1.037006673330247430e-01 4.377302279331066193e-02 1.482584006818539772e-03 6.811034087746523254e-03
0.000000000000000000e+00 2.948291899282263367e-04 2.948291899282263367e-04 8.250002789592363328e-01 1.025245564822801603e+00 1.996638082025926561e-02 5.573336192892102581e+00 6.886001677995561288e+00 4.050325763586049704e-02
0.000000000000000000e+00 2.948291899282263367e-04 2.150356535994840277e-04 1.156217516699837994e-01 7.868525762390074507e-02 4.255039056390134966e-02 1.284015581846571774e-02 4.223864839361130431e-04 1.782934242016771765e-03
0.000000000000000000e+00 2.948291899282263367e-04 2.150356535994840277e-04 9.046557564750559166e-01 9.415290632069873711e-01 4.742482309368712401e-01 2.741269557125495214e-03 2.201421770093261576e-03 1.031603358551348541e-02
0.000000000000000000e+00 2.948291899282263367e-04 2.110139522177564885e-04 9.046557564750559166e-01 9.415290632069873711e-01 5.242895273109964283e-01 1.818526868771095650e-01 6.192899925541205108e-02 7.024269076749642404e-02
0.000000000000000000e+00 2.948291899282263367e-04 2.948291899282263367e-04 9.046557564750559166e-01 1.624717798858352769e+00 8.836189906605139421e-02 6.313470927270820710e+00 1.924633207284572833e+01 2.585445225029630451e-02
0.000000000000000000e+00 2.948291899282263367e-04 2.150356535994840277e-04 2.054134415160812355e-01 3.251110838744507570e-01 2.904816322720428848e-02 8.328991795067213454e-04 6.404604285614940492e-04 2.807466773819256717e-03
0.000000000000000000e+00 2.948291899282263367e-04 2.948291899282263367e-04 6.256579739715540933e-01 2.953027075286714265e+00 6.885258195984134133e-01 7.994701078807672223e-01 2.478968321381261664e+00 2.535255536906953766e-02
0.000000000000000000e+00 2.948291899282263367e-04 2.948291899282263367e-04 1.162199035205483844e+00 8.996898181536956418e-01 7.395031124118164878e-02 4.942877629205732148e+00 1.434572698516823053e+01 3.951293941473139198e-02
0.000000000000000000e+00 2.948291899282263367e-04 2.814481597841760052e-02 5.755721212026279066e-01 3.470817361205666973e-01 4.276892872700342740e-02 1.263375897318236383e-03 9.882703292727538884e-04 4.457945969159948091e-03
0.000000000000000000e+00 2.948291899282263367e-04 2.948291899282263367e-04 8.050864095802815479e-01 8.242108503388692053e-01 6.184247247847449863e-02 5.678410265617254815e+00 6.886001677995561288e+00 4.050325763586049704e-02
0.000000000000000000e+00 2.948291899282263367e-04 2.948291899282263367e-04 9.046557564750559166e-01 5.081815893485840396e-01 5.178187302995198443e-02 6.098705506518272479e+00 2.742981803910586880e+00 3.056964036550745972e-02
0.000000000000000000e+00 2.948291899282263367e-04 2.150356535994840277e-04 2.054134415160812355e-01 1.489250934440580765e-01 7.407782479271119228e-03 6.757735621039013575e-04 5.118880151038018378e-04 2.199391020437631381e-03
0.000000000000000000e+00 2.948291899282263367e-04 2.948291899282263367e-04 1.234193880780603436e+00 8.159403053686695717e-01 1.240071972473690970e-01 4.837814825985525147e+00 1.743120898749273451e+01 3.301673829314679537e-02
0.000000000000000000e+00 2.948291899282263367e-04 2.150356535994840277e-04 4.336849464394381681e-01 3.078275730129799159e-01 1.110669440704410184e-02 1.022278707430273595e-03 7.925673733224438029e-04 3.530908430017918979e-03
0.000000000000000000e+00 2.948291899282263367e-04 2.150356535994840277e-04 2.054134415160812355e-01 2.916788491679290218e-01 9.108692826063594095e-03 8.248422938799761283e-04 6.315296495871500519e-04 2.752260196313117101e-03
0.000000000000000000e+00 2.948291899282263367e-04 2.150356535994840277e-04 1.054348861182599628e-01 4.615313282787527130e-03 2.908077860167684056e-04 3.965525059211700773e-04 2.908077860167684056e-04 1.198819795595397779e-03
0.000000000000000000e+00 2.948291899282263367e-04 2.948291899282263367e-04 9.046557564750559166e-01 4.730559505524241093e-01 1.220187574495705668e-01 5.783458531282033022e+00 4.039489602610892405e+00 7.073579145564273807e-01
0.000000000000000000e+00 2.948291899282263367e-04 2.150356535994840277e-04 1.234193880780603436e+00 4.380391262950841247e-01 1.037486650208965522e-01 1.879829185496945674e-03 1.492666230459998656e-03 6.879110310892862581e-03
0.000000000000000000e+00 2.948291899282263367e-04 2.948291899282263367e-04 1.162199035205483844e+00 9.415960106961177578e-01 7.396590087324386720e-02 4.732716284203589474e+00 1.398271692171154612e+01 4.279323303398513412e-02
0.000000000000000000e+00 2.948291899282263367e-04 2.150356535994840277e-04 1.103877251441786125e-02 3.954665997645479686e-03 2.422376362837622968e-04 3.313257082961330521e-04 2.377020460513788378e-04 9.538710565126549230e-04
0.000000000000000000e+00 2.948291899282263367e-04 9.543294229155686523e-03 4.337030419138188098e-01 3.709817162726998241e-01 5.922976828431024410e-02 1.031136476814329111e-03 8.025643033361913115e-04 3.594886461443551600e-03
0.000000000000000000e+00 2.948291899282263367e-04 2.150356535994840277e-04 1.156217516699837994e-01 7.868525762390074507e-02 3.019645238825967651e-02 4.842497761741859771e-04 3.619158537072368273e-04 1.528129994441628252e-03
0.000000000000000000e+00 2.948291899282263367e-04 2.110139522177564885e-04 1.148512416097804273e-01 4.626223864846702553e-03 2.927750565721865526e-04 3.984302158402465736e-04 2.927750565721865526e-04 1.209972005747213383e-03
0.000000000000000000e+00 2.948291899282263367e-04 2.150356535994840277e-04 1.145182142719732565e-01 3.639394003764052227e-02 2.575434864106178681e-02 4.761641409028207188e-04 3.532955704160820423e-04 1.477967092775624592e-03
0.000000000000000000e+00 2.948291899282263367e-04 2.814930993113154770e-02 1.582990100921475296e+00 1.024513532271315253e+00 5.062759725173441305e-01 1.064493084877565332e+00 3.443264822745008107e-03 1.660652471018234447e-02
0.000000000000000000e+00 2.948291899282263367e-04 2.948291899282263367e-04 9.046557564750559166e-01 1.122016014317617043e-02 1.122016014317617043e-02 5.393117415844149498e+00 2.231582075378979901e+00 2.535255536906953766e-02
0.000000000000000000e+00 2.948291899282263367e-04 2.948291899282263367e-04 9.046557564750559166e-01 1.122016014317617043e-02 5.921672385992302751e-02 5.216414216224469769e+00 2.478989245298649724e+00 2.969067708558669957e-02
0.000000000000000000e+00 2.948291899282263367e-04 1.884630208014361624e-02 1.582954530266660553e+00 1.074533361464151016e+00 5.062759725173441305e-01 4.390744139000140045e-01 2.788881257295960144e-03 1.334520767287350126e-02
0.000000000000000000e+00 2.948291899282263367e-04 1.884630208014361624e-02 1.842943812498383793e-01 7.961220509082636565e-02 6.075235796260266934e-03 5.676130926118165597e-04 4.271530089748412098e-04 1.828386266163348293e-03
0.000000000000000000e+00 2.948291899282263367e-04 2.110139522177564885e-04 7.621276317377372045e-02 4.074277540307133516e-03 2.505961851431170485e-04 3.438563017090229138e-04 2.505961851431170485e-04 1.025095496569231653e-03
0.000000000000000000e+00 2.948291899282263367e-04 2.150356535994840277e-04 9.046557564750559166e-01 8.996228706645652551e-01 5.743139527208274142e-01 2.746655397984113303e-03 2.207894484821978746e-03 1.030688323987608707e-02
0.000000000000000000e+00 2.948291899282263367e-04 2.150356535994840277e-04 2.054134415160812355e-01 7.967004287599137313e-02 5.691083278075836221e-03 5.676130926118165597e-04 4.271530089748412098e-04 1.810964005985226180e-03
0.000000000000000000e+00 2.948291899282263367e-04 2.150356535994840277e-04 2.894333356742449515e-01 1.913619052532258280e-01 2.433981073755850377e-02 6.900888411347994500e-04 5.275788430121546675e-04 2.305926665829942206e-03
0.000000000000000000e+00 2.948291899282263367e-04 2.150356535994840277e-04 2.054134415160812355e-01 5.546413822141509423e-03 5.546413822141509423e-03 4.802504258204194436e-04 3.576423901116470086e-04 1.503176364737761860e-03
0.000000000000000000e+00 2.948291899282263367e-04 2.948291899282263367e-04 9.046557564750559166e-01 1.122016014317617043e-02 5.921672385992302751e-02 5.216414216224469769e+00 2.850100000178151571e+00 2.976780348445843757e-02
0.000000000000000000e+00 2.948291899282263367e-04 2.948291899282263367e-04 8.847418870961011317e-01 3.520512804147125918e-02 3.521844200154960330e-02 5.304765866441177202e+00 2.973803585137986705e+00 3.001735647369310409e-02
0.000000000000000000e+00 2.948291899282263367e-04 2.948291899282263367e-04 8.449141483381912288e-01 1.067176456512596738e+00 5.242895273109964283e-01 6.560864797936419635e+00 4.033804218135750297e+00 3.704907060444421335e-02
0.000000000000000000e+00 2.948291899282263367e-04 2.110139522177564885e-04 1.156217516699837994e-01 6.811242822733569457e-02 5.305755497960363588e-03 4.782183133298798178e-04 3.554782541688216780e-04 1.497591008787294399e-03
0.000000000000000000e+00 2.948291899282263367e-04 2.150356535994840277e-04 1.141400150546970360e-01 2.577188265797681135e-02 4.452798397423922763e-03 4.021236884853710350e-04 2.966586583774235338e-04 1.226366849628684466e-03
0.000000000000000000e+00 2.948291899282263367e-04 2.150356535994840277e-04 1.156217516699837994e-01 6.811242822733569457e-02 5.081222165287949816e-03 4.782183133298798178e-04 3.554782541688216780e-04 1.476526536465968577e-03
0.000000000000000000e+00 2.948291899282263367e-04 9.538800276441742818e-03 4.337030419138188098e-01 2.680143594153539532e-01 1.120684618309782284e-02 9.701239292869773267e-02 8.025643033361913115e-04 3.594886461443551600e-03
0.000000000000000000e+00 2.948291899282263367e-04 2.150356535994840277e-04 2.054134415160812355e-01 3.251110838744507570e-01 2.914219875149501662e-02 8.328991795067213454e-04 6.404604285614940492e-04 2.807466773819256717e-03
0.000000000000000000e+00 2.948291899282263367e-04 2.150356535994840277e-04 1.150452866175323274e-01 3.639394003764052227e-02 4.414909320340235088e-03 4.039401184700464205e-04 2.985754010969273527e-04 1.243087430515347471e-03
0.000000000000000000e+00 2.948291899282263367e-04 2.948291899282263367e-04 8.648280177171461247e-01 1.025294473261193939e+00 5.242895273109964283e-01 6.560864797936419635e+00 3.866019531873832626e+00 3.696861836892282455e-02
0.000000000000000000e+00 2.948291899282263367e-04 2.948291899282263367e-04 8.250002789592363328e-01 7.891063304956705826e-01 1.037486650208965522e-01 5.363162868850267273e+00 6.885976308362995901e+00 4.033463518377265744e-02
0.000000000000000000e+00 2.948291899282263367e-04 2.110139522177564885e-04 5.976095796857151116e-02 4.010278312929256225e-03 4.053337044326792843e-03 3.403794831357770737e-04 2.469943230828653660e-04 1.005009207917025461e-03
0.000000000000000000e+00 2.948291899282263367e-04 2.110139522177564885e-04 1.062759972235110539e-01 4.615313282787527130e-03 4.138064804803350157e-03 3.965525059211700773e-04 2.908077860167684056e-04 1.198819795595397779e-03
0.000000000000000000e+00 2.948291899282263367e-04 9.538800276441742818e-03 4.337030419138188098e-01 2.679205319353385462e-01 1.120684618309782284e-02 9.701239292869773267e-02 8.025643033361913115e-04 3.594886461443551600e-03
0.000000000000000000e+00 2.948291899282263367e-04 2.948291899282263367e-04 6.256579739715540933e-01 2.024809685067586962e+00 3.868719515312604162e-01 5.818721423742004184e+00 1.053443357172406891e+01 4.246824189314987730e-02
0.000000000000000000e+00 2.948291899282263367e-04 2.948291899282263367e-04 6.089418566182930315e-01 8.241220956176253942e-01 8.243898351024863125e-01 2.735825977406862800e-03 1.527562863682569105e+00 1.654624649422182375e-02
0.000000000000000000e+00 2.948291899282263367e-04 2.150356535994840277e-04 2.054134415160812355e-01 1.345393564955027210e-01 2.049194091540429072e-02 6.757735621039013575e-04 5.118880151038018378e-04 2.199391020437631381e-03
0.000000000000000000e+00 2.948291899282263367e-04 2.948291899282263367e-04 1.210195598922230609e+00 1.074394063465013982e+00 7.398107255410475702e-02 4.732728163964607937e+00 1.815718788386084981e+01 3.313181380476477866e-02
0.000000000000000000e+00 2.948291899282263367e-04 2.948291899282263367e-04 8.449141483381912288e-01 9.414578788853307234e-01 6.185770982847887955e-02 5.468249530871184483e+00 7.557127799067755447e+00 4.075169389799352532e-02
0.000000000000000000e+00 2.948291899282263367e-04 2.948291899282263367e-04 6.423740913248149331e-01 8.944186183139216650e-01 1.037486650208965522e-01 5.573336192892102581e+00 1.035278160420643978e+01 4.155654038125050631e-02
0.000000000000000000e+00 2.948291899282263367e-04 2.150356535994840277e-04 2.054134415160812355e-01 3.013891068041113508e-02 5.568322757890861729e-03 4.842497761741859771e-04 3.619158537072368273e-04 1.528129994441628252e-03
0.000000000000000000e+00 2.948291899282263367e-04 2.150356535994840277e-04 1.156217516699837994e-01 7.863602964080208813e-02 2.991175299167618193e-02 4.842497761741859771e-04 3.619158537072368273e-04 1.535352010195604588e-03
0.000000000000000000e+00 2.948291899282263367e-04 2.150356535994840277e-04 1.150452866175323274e-01 3.639394003764052227e-02 4.414909320340235088e-03 4.039401184700464205e-04 2.985754010969273527e-04 1.243087430515347471e-03
0.000000000000000000e+00 2.948291899282263367e-04 2.150356535994840277e-04 1.152864667311427616e-01 4.696676943420558664e-02 4.424847459899797913e-03 4.162668306416771199e-04 3.004757041738715826e-04 1.242236053073913181e-03
0.000000000000000000e+00 2.948291899282263367e-04 2.948291899282263367e-04 1.162199035205483844e+00 1.424632557134879907e+00 1.124049231200074050e+00 1.808960832800800278e-01 2.421049243067644685e+00 2.476335928159225860e-02
0.000000000000000000e+00 2.948291899282263367e-04 2.110139522177564885e-04 8.701907031041344887e-02 4.641974364475995492e-03 3.979140062495758502e-03 3.927333879877538316e-04 2.868212366135504594e-04 1.176342543560398657e-03
0.000000000000000000e+00 2.948291899282263367e-04 2.150356535994840277e-04 2.054134415160812355e-01 1.784251421261815254e-02 1.768168192026968802e-02 4.842497761741859771e-04 3.619158537072368273e-04 1.535352010195604588e-03
