0.000000000000000000e+00 2.948291899282263367e-04 2.110139522177564885e-04 2.473623232904630598e+01 4.437304833507938895e+01 2.010839401155791739e-01 1.173181201448080142e-03 1.092801686515678522e-03 6.642552693555035803e-03
0.000000000000000000e+00 2.948291899282263367e-04 2.110139522177564885e-04 2.948291899282263367e-04 2.877280549165753092e-03 8.480743105193053492e-04 9.570312686497607982e-03 2.377020460513788378e-04 9.581100699938390397e-04
0.000000000000000000e+00 2.948291899282263367e-04 2.110139522177564885e-04 1.979778006041023986e+01 3.584287298571542379e+01 1.440291664801189864e+00 1.173181201448080142e-03 1.092801686515678522e-03 6.642552693555035803e-03
0.000000000000000000e+00 2.948291899282263367e-04 2.110139522177564885e-04 2.095025079898989873e+01 4.401010594790121644e+01 2.663139888422812462e-01 9.558319148389736496e-04 2.262791045507099585e-02 6.642552693555035803e-03
0.000000000000000000e+00 2.948291899282263367e-04 2.110139522177564885e-04 2.022995658737761460e+01 3.910977690994658218e+01 9.620248676833919044e-01 2.269362509864800148e-02 1.092801686515678522e-03 6.642552693555035803e-03
0.000000000000000000e+00 2.948291899282263367e-04 2.110139522177564885e-04 2.456844764278438831e+01 4.437307567486939774e+01 2.228259827964096940e-01 1.173181201448080142e-03 1.092801686515678522e-03 6.642552693555035803e-03
0.000000000000000000e+00 2.948291899282263367e-04 2.110139522177564885e-04 2.948291899282263367e-04 3.490522795068585430e-03 8.443354598050361540e-04 2.201520810765312391e-02 9.542602139372528131e-03 9.788473223678879464e-04
0.000000000000000000e+00 2.948291899282263367e-04 2.110139522177564885e-04 2.110139522177564885e-04 2.877280549165753092e-03 1.955367578104047488e-02 1.331206929069763886e-02 2.414694001053035045e-04 9.788473223678879464e-04
0.000000000000000000e+00 2.948291899282263367e-04 2.110139522177564885e-04 2.037401542970006929e+01 4.528069109183195451e+01 2.010881896126006929e-01 9.558319148389736496e-04 2.262791045507099585e-02 6.642552693555035803e-03
0.000000000000000000e+00 2.948291899282263367e-04 9.538800276441742818e-03 2.051825717258626369e+01 3.874671064883969507e+01 9.620225612231610990e-01 1.173181201448080142e-03 1.092801686515678522e-03 6.642552693555035803e-03
0.000000000000000000e+00 2.948291899282263367e-04 2.110139522177564885e-04 2.948291899282263367e-04 2.877280549165753092e-03 1.955367578104047488e-02 2.716960909813909142e-04 2.395942883845946436e-04 9.685056823984724032e-04
0.000000000000000000e+00 2.948291899282263367e-04 9.538800276441742818e-03 2.422376362837622968e-04 3.954665997645479686e-03 1.026111792098177017e-02 4.667105718927717006e-04 2.395942883845946436e-04 9.685056823984724032e-04
0.000000000000000000e+00 2.948291899282263367e-04 2.110139522177564885e-04 2.110139522177564885e-04 3.490522795068585430e-03 1.024649004196001578e-02 3.954665997645479686e-03 2.377020460513788378e-04 9.581100699938390397e-04
0.000000000000000000e+00 2.948291899282263367e-04 2.110139522177564885e-04 1.613446397016884859e+01 3.656898171493337912e+01 1.505508039195637693e+00 1.173181201448080142e-03 1.092801686515678522e-03 6.642552693555035803e-03
0.000000000000000000e+00 2.948291899282263367e-04 2.110139522177564885e-04 3.025061749050248915e-04 2.877280549165753092e-03 1.024649004196001578e-02 1.313068264086276506e-02 2.395942883845946436e-04 9.685056823984724032e-04
0.000000000000000000e+00 2.948291899282263367e-04 2.110139522177564885e-04 3.025061749050248915e-04 3.490522795068585430e-03 8.443354598050361540e-04 1.271220025666519073e-02 2.377020460513788378e-04 9.581100699938390397e-04
0.000000000000000000e+00 2.948291899282263367e-04 2.110139522177564885e-04 2.948291899282263367e-04 2.877280549165753092e-03 8.480743105193053492e-04 9.570312686497607982e-03 2.377020460513788378e-04 9.581100699938390397e-04
0.000000000000000000e+00 2.948291899282263367e-04 2.110139522177564885e-04 3.025061749050248915e-04 3.528566292015173668e-03 8.443354598050361540e-04 1.271220025666519073e-02 2.377020460513788378e-04 9.581100699938390397e-04
0.000000000000000000e+00 2.948291899282263367e-04 2.110139522177564885e-04 2.150356535994840277e-04 3.415074495009799357e-03 1.024228915452447819e-02 3.539818518010568165e-03 2.377020460513788378e-04 9.581100699938390397e-04
0.000000000000000000e+00 2.948291899282263367e-04 2.110139522177564885e-04 1.539224246040983957e+01 3.475406537076929681e+01 1.853319921661602310e+00 1.173181201448080142e-03 1.092801686515678522e-03 6.642552693555035803e-03
0.000000000000000000e+00 2.948291899282263367e-04 2.110139522177564885e-04 1.613446397016884859e+01 3.620598543886742249e+01 1.548985334523989010e+00 1.173181201448080142e-03 1.092801686515678522e-03 6.642552693555035803e-03
0.000000000000000000e+00 2.948291899282263367e-04 2.110139522177564885e-04 2.948291899282263367e-04 1.248011452161600435e-02 2.886289460947645200e-02 1.312215852582434769e-02 2.451691870160407796e-04 9.948877526867220492e-04
0.000000000000000000e+00 2.948291899282263367e-04 2.110139522177564885e-04 3.025061749050248915e-04 2.877280549165753092e-03 1.025066793005254343e-02 1.325767384863341287e-02 2.395942883845946436e-04 9.685056823984724032e-04
0.000000000000000000e+00 2.948291899282263367e-04 2.110139522177564885e-04 2.150356535994840277e-04 3.566820820504548045e-03 1.954529700551240964e-02 3.550777511934432532e-03 2.395942883845946436e-04 9.685056823984724032e-04
0.000000000000000000e+00 2.948291899282263367e-04 2.110139522177564885e-04 2.110139522177564885e-04 3.528566292015173668e-03 4.745852144591174854e-02 4.042573643504542881e-03 2.451691870160407796e-04 9.993702636559534825e-04
0.000000000000000000e+00 2.948291899282263367e-04 7.771456392628879328e-01 5.784658969136479811e+00 2.477163356216199830e+01 4.108305521601074872e+00 1.996275616986520562e+00 1.225428687173544390e-02 2.997284925097141485e-03
0.000000000000000000e+00 2.948291899282263367e-04 2.110139522177564885e-04 2.110139522177564885e-04 3.185193441560771332e-02 7.540291013027122791e-02 4.664496637787876945e-03 2.908077860167684056e-04 1.204325591441321062e-03
0.000000000000000000e+00 2.948291899282263367e-04 2.110139522177564885e-04 1.244524805599016304e+01 2.803866583758896880e+01 5.880138265878891879e+00 1.096524929424473466e-01 2.262791045507099585e-02 6.642552693555035803e-03
0.000000000000000000e+00 2.948291899282263367e-04 2.110139522177564885e-04 1.160455475982283780e+01 2.840164934714748668e+01 4.966255466976933874e+00 6.531333359719091458e-01 8.901172712619649869e-04 5.407838579360856046e-03
0.000000000000000000e+00 2.948291899282263367e-04 2.110139522177564885e-04 9.404432967544240185e+00 3.112409034585212453e+01 3.219614906010790811e+00 7.618276733519655508e-01 1.092801686515678522e-03 6.642552693555035803e-03
0.000000000000000000e+00 2.948291899282263367e-04 2.110139522177564885e-04 2.150356535994840277e-04 2.911553900243270005e-03 2.884408121892293245e-02 4.020440140089575481e-03 2.414694001053035045e-04 9.788473223678879464e-04
0.000000000000000000e+00 2.948291899282263367e-04 2.110139522177564885e-04 1.551594604536967381e+01 2.876461825824233998e+01 4.095166114138935498e+00 8.791317361610456738e-02 2.262791045507099585e-02 6.642552693555035803e-03
0.000000000000000000e+00 2.948291899282263367e-04 2.110139522177564885e-04 2.110139522177564885e-04 2.946056709965222311e-03 5.676152929689967652e-02 3.840377397729070885e-03 2.517334221026391611e-04 1.009552332408318251e-03
0.000000000000000000e+00 2.948291899282263367e-04 2.110139522177564885e-04 1.244524805599016304e+01 2.513469562906126242e+01 4.128876279340751410e+00 1.696603318403230976e+00 1.092801686515678522e-03 6.642552693555035803e-03
0.000000000000000000e+00 2.948291899282263367e-04 2.110139522177564885e-04 7.002050437320986198e+00 2.331951610865152347e+01 3.035972919763633815e+00 1.311884678327687181e+00 2.173859201871802035e-03 1.229566912195890864e-02
0.000000000000000000e+00 2.948291899282263367e-04 2.110139522177564885e-04 1.588705680024918010e+01 3.148705915202543792e+01 2.076755987864104203e+00 1.096524929424473466e-01 8.901172712619649869e-04 5.407838579360856046e-03
0.000000000000000000e+00 2.948291899282263367e-04 2.110139522177564885e-04 1.502113170553033505e+01 2.858314874550869433e+01 4.241070463219534403e+00 1.096524929424473466e-01 2.262791045507099585e-02 6.642552693555035803e-03
0.000000000000000000e+00 2.948291899282263367e-04 2.110139522177564885e-04 2.110139522177564885e-04 3.528566292015173668e-03 6.606871503598013562e-02 3.977924404514403614e-03 2.488032508368130950e-04 1.019681964196070354e-03
0.000000000000000000e+00 2.948291899282263367e-04 2.110139522177564885e-04 9.404432967544240185e+00 3.094259220781913555e+01 3.219611032152426944e+00 7.400912058026123397e-01 8.913350253510659085e-04 5.412524783431905441e-03
0.000000000000000000e+00 9.632457581951780687e-03 1.588625883266538974e-01 5.841515681708041363e+00 2.313717029540725534e+01 5.838726644326031057e+00 2.993273029936206697e+00 5.034181764079257533e-04 1.205074008738367675e-01
0.000000000000000000e+00 2.948291899282263367e-04 2.110139522177564885e-04 2.110139522177564885e-04 1.328866530911664706e-02 2.886713362295763655e-02 4.031609416350501185e-03 2.433276217459231887e-04 9.891353867860623074e-04
0.000000000000000000e+00 2.190590579645674359e-04 2.110139522177564885e-04 2.948291899282263367e-04 2.676496003864652952e-03 1.954949789294794724e-02 2.257221988962281392e-02 2.433276217459231887e-04 9.891353867860623074e-04
0.000000000000000000e+00 2.948291899282263367e-04 2.110139522177564885e-04 2.150356535994840277e-04 3.415074495009799357e-03 2.884830485650034457e-02 1.290505330521020053e-02 2.433276217459231887e-04 9.891353867860623074e-04
0.000000000000000000e+00 2.948291899282263367e-04 2.110139522177564885e-04 6.783874885818753420e+00 2.404543993967967097e+01 2.932192817711567479e+00 1.685802877869478689e+00 2.170660504962362760e-03 1.232591177424883187e-02
0.000000000000000000e+00 2.948291899282263367e-04 2.110139522177564885e-04 1.526853887545000710e+01 3.457257486094030696e+01 1.896795360271740671e+00 1.173181201448080142e-03 1.092801686515678522e-03 6.642552693555035803e-03
0.000000000000000000e+00 2.948291899282263367e-04 2.110139522177564885e-04 3.025061749050248915e-04 2.843237368190843894e-03 1.032765685518392262e-01 4.615313282787527130e-03 2.908077860167684056e-04 1.204325591441321062e-03
0.000000000000000000e+00 2.948291899282263367e-04 2.110139522177564885e-04 2.110139522177564885e-04 3.452691739427951080e-03 3.815551359492382055e-02 1.312215852582434769e-02 2.451691870160407796e-04 9.993702636559534825e-04
0.000000000000000000e+00 3.025061749050248915e-04 2.110139522177564885e-04 2.948291899282263367e-04 2.676496003864652952e-03 1.954949789294794724e-02 2.240315133875854861e-02 2.433276217459231887e-04 9.891353867860623074e-04
0.000000000000000000e+00 2.948291899282263367e-04 2.110139522177564885e-04 2.190590579645674359e-04 2.980788225190484156e-03 7.536754499887554637e-02 4.031127403592036328e-03 2.505961851431170485e-04 1.029759522174994533e-03
0.000000000000000000e+00 2.948291899282263367e-04 2.110139522177564885e-04 2.150356535994840277e-04 3.415074495009799357e-03 2.884830485650034457e-02 1.290505330521020053e-02 2.433276217459231887e-04 9.891353867860623074e-04
0.000000000000000000e+00 2.948291899282263367e-04 2.110139522177564885e-04 2.150356535994840277e-04 3.415074495009799357e-03 3.814708906991085696e-02 3.694535541121169667e-03 2.433276217459231887e-04 9.891353867860623074e-04
0.000000000000000000e+00 2.948291899282263367e-04 2.110139522177564885e-04 2.110139522177564885e-04 2.877280549165753092e-03 1.955367578104047488e-02 1.331206929069763886e-02 2.414694001053035045e-04 9.788473223678879464e-04
0.000000000000000000e+00 2.948291899282263367e-04 2.110139522177564885e-04 2.948291899282263367e-04 8.050864095802815479e-01 8.211744700255932727e+00 7.631618030645930695e+00 7.338678928276490820e-01 4.115383463359809785e-02
0.000000000000000000e+00 2.948291899282263367e-04 2.110139522177564885e-04 2.948291899282263367e-04 1.248011452161600435e-02 8.468094171540394011e-02 4.653338783018354935e-03 2.888232524900767074e-04 1.187610101881930811e-03
0.000000000000000000e+00 2.948291899282263367e-04 9.538800276441742818e-03 1.601091744224945757e+01 3.312051709230673424e+01 1.918532991823538092e+00 1.173181201448080142e-03 1.092801686515678522e-03 6.642552693555035803e-03
0.000000000000000000e+00 2.948291899282263367e-04 9.538800276441742818e-03 6.856914699090776111e+00 2.676795901258002885e+01 5.070280641486365703e+00 2.116653361018339563e+00 1.092801686515678522e-03 6.597886386705950103e-03
0.000000000000000000e+00 2.948291899282263367e-04 9.538800276441742818e-03 6.929528664422468509e+00 2.622348631717920853e+01 4.909923731940669001e+00 2.072118898797632891e+00 2.263392775753411690e-02 5.389845017821843706e-03
0.000000000000000000e+00 2.948291899282263367e-04 2.110139522177564885e-04 1.170964142184375767e+01 3.239461353038939961e+01 3.142041441477074315e+00 9.558319148389736496e-04 2.262791045507099585e-02 6.642552693555035803e-03
0.000000000000000000e+00 2.948291899282263367e-04 2.110139522177564885e-04 2.110139522177564885e-04 1.328866530911664706e-02 8.468518072888513160e-02 4.410275455440010317e-03 2.888232524900767074e-04 1.193047644123033588e-03
0.000000000000000000e+00 2.948291899282263367e-04 1.588604180508556285e-01 5.768831790611495869e+00 2.640493983309575299e+01 4.268612179058824729e+00 2.309969361042179870e+00 1.503007325501912010e-02 1.334355989637239781e-01
0.000000000000000000e+00 2.948291899282263367e-04 8.966288555366171975e-01 7.720458560565321093e+00 2.477169935299529868e+01 3.256379660960001310e+00 1.671272331035543735e+00 1.833525510646102571e-02 4.436386399580473372e-03
0.000000000000000000e+00 2.948291899282263367e-04 2.110139522177564885e-04 2.948291899282263367e-04 6.910671241504423579e-02 6.325374038819236766e+00 2.495295472883191579e+01 4.693394332185295802e-03 2.575855632264922521e-02
0.000000000000000000e+00 2.948291899282263367e-04 2.110139522177564885e-04 2.110139522177564885e-04 1.328866530911664706e-02 1.955988675848852401e-02 4.020440140089575481e-03 2.414694001053035045e-04 9.788473223678879464e-04
0.000000000000000000e+00 2.948291899282263367e-04 2.110139522177564885e-04 1.170964142184375767e+01 3.239461353038939961e+01 3.142041441477074315e+00 9.558319148389736496e-04 2.262791045507099585e-02 6.642552693555035803e-03
0.000000000000000000e+00 2.948291899282263367e-04 2.110139522177564885e-04 2.110139522177564885e-04 3.528566292015173668e-03 6.606453714788761145e-02 3.850705169276900063e-03 2.488032508368130950e-04 1.019681964196070354e-03
0.000000000000000000e+00 2.948291899282263367e-04 2.110139522177564885e-04 2.150356535994840277e-04 1.259500750251011346e-02 5.677191816244026024e-02 4.020798513201816020e-03 2.488032508368130950e-04 1.019681964196070354e-03
0.000000000000000000e+00 2.948291899282263367e-04 6.535684738236934022e-02 6.494363425442266191e+00 2.622348631717920853e+01 5.070247374008586938e+00 2.050048321960113995e+00 8.949454318686140761e-04 5.426256561683382058e-03
0.000000000000000000e+00 2.948291899282263367e-04 2.110139522177564885e-04 2.110139522177564885e-04 3.528566292015173668e-03 4.745852144591174854e-02 3.829860535013522669e-03 2.451691870160407796e-04 9.993702636559534825e-04
0.000000000000000000e+00 2.948291899282263367e-04 2.110139522177564885e-04 2.948291899282263367e-04 6.910671241504423579e-02 6.470601969482621563e+00 2.422700679881642571e+01 1.416136086204469458e-01 3.358825007181417271e-02
0.000000000000000000e+00 2.948291899282263367e-04 2.110139522177564885e-04 9.227705127918047978e+00 2.713110935659076262e+01 3.817246282448933048e+00 1.848775751091074504e+00 2.262791045507099585e-02 6.642552693555035803e-03
0.000000000000000000e+00 2.948291899282263367e-04 2.110139522177564885e-04 9.404432967544240185e+00 2.767562572322546899e+01 3.879617585590492190e+00 1.718343128176151202e+00 8.901172712619649869e-04 5.407838579360856046e-03
0.000000000000000000e+00 2.948291899282263367e-04 2.110139522177564885e-04 9.227705127918047978e+00 2.477163356216199830e+01 5.631380121246304604e+00 1.461481971835344895e+00 4.437290289870963328e-02 5.426256561683382058e-03
0.000000000000000000e+00 9.632457581951780687e-03 1.694354177232189895e-01 7.815534165231665220e+00 2.477164508076114302e+01 4.829654403513205629e+00 1.893966850054514151e+00 7.329559416655675487e-04 4.423781118488710057e-03
0.000000000000000000e+00 2.948291899282263367e-04 2.110139522177564885e-04 2.110139522177564885e-04 3.528566292015173668e-03 3.815969148301633085e-02 1.312215852582434769e-02 2.451691870160407796e-04 9.993702636559534825e-04
0.000000000000000000e+00 2.948291899282263367e-04 2.110139522177564885e-04 9.315663022411568406e+00 2.803861156535480958e+01 4.378184970917182284e+00 1.522693673953787963e+00 8.901172712619649869e-04 5.407838579360856046e-03
0.000000000000000000e+00 2.948291899282263367e-04 6.189200258853955194e-01 6.049221948124841930e+00 2.241216928633240002e+01 5.112211211439949388e+00 2.592181450193607795e+00 4.045625911811425801e-04 2.392797526427562459e-03
0.000000000000000000e+00 2.948291899282263367e-04 2.110139522177564885e-04 2.110139522177564885e-04 2.185946102519981463e-02 4.747924489684392929e-02 4.020798513201816020e-03 2.535821415569615455e-04 1.019681964196070354e-03
0.000000000000000000e+00 2.948291899282263367e-04 1.588604180508556285e-01 5.841445755943188267e+00 2.658646087454705054e+01 4.028160451164116473e+00 2.338208895047748648e+00 6.099183960411786766e-04 1.478579512564202336e-01
0.000000000000000000e+00 2.948291899282263367e-04 2.110139522177564885e-04 2.948291899282263367e-04 6.423740913248149331e-01 8.421724009092265817e+00 7.463833344384005919e+00 7.867033153448976454e-03 4.075169389799352532e-02
0.000000000000000000e+00 2.110139522177564885e-04 2.110139522177564885e-04 2.948291899282263367e-04 3.566820820504548045e-03 1.954949789294794724e-02 3.797135636782683534e-03 2.395942883845946436e-04 9.685056823984724032e-04
0.000000000000000000e+00 2.948291899282263367e-04 9.538800276441742818e-03 1.576351027232979263e+01 3.203155356612438709e+01 2.143565311228979642e+00 1.173181201448080142e-03 1.092801686515678522e-03 6.642552693555035803e-03
0.000000000000000000e+00 2.948291899282263367e-04 2.110139522177564885e-04 2.110139522177564885e-04 3.189468101109250997e-02 8.470591798125917671e-02 4.626223864846702553e-03 2.927750565721865526e-04 1.209972005747213383e-03
0.000000000000000000e+00 2.948291899282263367e-04 2.110139522177564885e-04 6.929436471989293800e+00 2.458998135618426772e+01 3.036127817932962270e+00 2.620590461736008958e+00 2.977356714891072828e-02 7.344461439001618089e-03
0.000000000000000000e+00 2.948291899282263367e-04 2.110139522177564885e-04 9.404432967544240185e+00 2.767562572322546899e+01 3.879617585590492190e+00 1.718343128176151202e+00 8.901172712619649869e-04 5.407838579360856046e-03
0.000000000000000000e+00 2.948291899282263367e-04 2.110139522177564885e-04 1.588705680024918010e+01 3.257604798022332915e+01 2.054491047576556984e+00 9.558319148389736496e-04 8.901172712619649869e-04 5.407838579360856046e-03
0.000000000000000000e+00 2.948291899282263367e-04 2.110139522177564885e-04 2.150356535994840277e-04 3.415074495009799357e-03 1.024228915452447819e-02 3.539818518010568165e-03 2.377020460513788378e-04 9.581100699938390397e-04
0.000000000000000000e+00 2.948291899282263367e-04 2.110139522177564885e-04 2.948291899282263367e-04 2.911553900243270005e-03 1.023806551694706433e-02 3.997468780175705838e-03 2.377020460513788378e-04 9.581100699938390397e-04
0.000000000000000000e+00 2.948291899282263367e-04 9.538800276441742818e-03 6.856914699090776111e+00 2.622346459848108680e+01 5.230554031466336795e+00 2.072116248726444621e+00 8.925456451359593162e-04 5.417156542267445585e-03
0.000000000000000000e+00 2.948291899282263367e-04 2.110139522177564885e-04 2.190590579645674359e-04 2.980788225190484156e-03 7.536754499887554637e-02 4.074277540307133516e-03 2.505961851431170485e-04 1.029759522174994533e-03
0.000000000000000000e+00 2.948291899282263367e-04 2.110139522177564885e-04 2.948291899282263367e-04 8.847418870961011317e-01 5.491484837362905047e+00 3.671246052837513485e+00 5.995422627943444889e-03 3.009776071859974686e-02
0.000000000000000000e+00 2.948291899282263367e-04 2.110139522177564885e-04 2.948291899282263367e-04 6.423740913248149331e-01 8.421724009092265817e+00 2.313821611069845829e+01 8.379309710896359897e-02 1.001863102002338579e-01
0.000000000000000000e+00 2.948291899282263367e-04 2.110139522177564885e-04 2.948291899282263367e-04 6.910671241504423579e-02 6.470601969482621563e+00 2.531599562701432049e+01 4.696929291791438962e-03 1.296611419424567868e-01
0.000000000000000000e+00 2.948291899282263367e-04 2.110139522177564885e-04 9.404026942224664509e+00 3.348356614028088529e+01 3.113546013278740698e+00 2.269362509864800148e-02 1.092801686515678522e-03 6.642552693555035803e-03
0.000000000000000000e+00 2.948291899282263367e-04 4.675083168039347037e-02 6.566810900562888520e+00 2.404548694208531856e+01 2.932245066211641493e+00 2.807635370568164035e+00 1.722612866136805643e-01 5.741960508898264620e-03
0.000000000000000000e+00 2.948291899282263367e-04 2.110139522177564885e-04 2.110139522177564885e-04 3.528566292015173668e-03 7.536754499887554637e-02 3.860847623879554505e-03 2.505961851431170485e-04 1.029759522174994533e-03
0.000000000000000000e+00 2.948291899282263367e-04 2.110139522177564885e-04 2.110139522177564885e-04 3.528566292015173668e-03 7.537172288696805666e-02 3.860847623879554505e-03 9.553604036130940516e-03 1.181711701757699262e-03
0.000000000000000000e+00 2.948291899282263367e-04 2.110139522177564885e-04 2.948291899282263367e-04 3.528566292015173668e-03 1.125837542909196853e-01 2.562575926223331288e-02 2.966586583774235338e-04 1.237815217669897697e-03
0.000000000000000000e+00 2.948291899282263367e-04 9.538800276441742818e-03 6.784300733759083712e+00 2.350012106025024394e+01 5.942377062168956670e+00 2.414145427903672918e-03 2.170660504962362760e-03 6.042307369860210053e-02
0.000000000000000000e+00 2.948291899282263367e-04 2.110139522177564885e-04 2.110139522177564885e-04 1.153688401150459869e-01 3.293403411268757547e-02 4.462959839933673678e-03 2.985754010969273527e-04 1.248864901831533850e-03
0.000000000000000000e+00 2.948291899282263367e-04 2.110139522177564885e-04 2.948291899282263367e-04 1.641045142110952204e+00 6.321667903329362126e+00 1.079550838472620278e+01 7.926670202657252334e-03 4.155654038125050631e-02
0.000000000000000000e+00 2.948291899282263367e-04 2.110139522177564885e-04 2.948291899282263367e-04 6.910671241504423579e-02 6.397988004150928276e+00 1.165824725401998130e+01 1.893816783849636143e-01 4.099475978308492891e-02
0.000000000000000000e+00 2.948291899282263367e-04 2.110139522177564885e-04 2.150356535994840277e-04 3.566820820504548045e-03 1.954949789294794724e-02 3.550777511934432532e-03 2.395942883845946436e-04 9.685056823984724032e-04
0.000000000000000000e+00 2.948291899282263367e-04 2.110139522177564885e-04 2.110139522177564885e-04 3.528566292015173668e-03 7.536754499887554637e-02 1.337728539129495742e-02 2.868212366135504594e-04 1.181711701757699262e-03
0.000000000000000000e+00 2.948291899282263367e-04 2.110139522177564885e-04 2.037401542970006929e+01 4.509919295379896198e+01 2.010923843353864537e-01 4.443297015517644333e-02 1.092801686515678522e-03 6.642552693555035803e-03
0.000000000000000000e+00 2.948291899282263367e-04 2.110139522177564885e-04 2.948291899282263367e-04 1.138200753347110350e+00 7.476801829375764541e+00 1.315581851888447851e+01 8.019609731100862601e-03 4.259993542290963636e-02
0.000000000000000000e+00 2.948291899282263367e-04 2.110139522177564885e-04 2.948291899282263367e-04 6.906396581955943914e-02 4.723002633309178577e+00 1.300029352382109238e+01 7.875340695729756563e-03 4.083331111082222353e-02
0.000000000000000000e+00 2.948291899282263367e-04 2.110139522177564885e-04 2.948291899282263367e-04 6.423740913248149331e-01 8.421724009092265817e+00 7.463833344384005919e+00 7.867033153448976454e-03 2.222498319309797743e-01
0.000000000000000000e+00 2.948291899282263367e-04 2.110139522177564885e-04 1.489742812057049903e+01 2.912764795630036829e+01 4.204597280815135285e+00 8.791317361610456738e-02 2.262791045507099585e-02 6.642552693555035803e-03
0.000000000000000000e+00 2.948291899282263367e-04 2.110139522177564885e-04 2.948291899282263367e-04 2.894333356742449515e-01 4.406200969884493390e-01 3.625795961959579206e-01 1.216493972168535692e-03 5.534214199823996733e-03
0.000000000000000000e+00 2.948291899282263367e-04 2.110139522177564885e-04 2.110139522177564885e-04 3.528566292015173668e-03 6.606871503598013562e-02 2.258394010649015723e-02 2.868212366135504594e-04 1.181711701757699262e-03
0.000000000000000000e+00 2.948291899282263367e-04 2.110139522177564885e-04 2.948291899282263367e-04 2.825668634395154033e+00 5.376839206500648949e+00 7.799402716907849253e+00 1.893816783849636143e-01 4.099475978308492891e-02
0.000000000000000000e+00 2.948291899282263367e-04 2.110139522177564885e-04 2.948291899282263367e-04 3.452691739427951080e-03 1.125837542909196853e-01 1.500474874963821613e-02 2.947252779117725554e-04 1.226709010359095615e-03
0.000000000000000000e+00 2.948291899282263367e-04 2.110139522177564885e-04 2.110139522177564885e-04 3.123983309420454851e-02 8.470591798125917671e-02 4.675451847945363837e-03 2.927750565721865526e-04 1.215545922992410967e-03
0.000000000000000000e+00 2.948291899282263367e-04 2.110139522177564885e-04 2.948291899282263367e-04 1.162199035205483844e+00 7.161634753468566927e+00 1.460780643610045182e+01 1.734134871194953353e-01 3.956958683533141896e-02
0.000000000000000000e+00 2.948291899282263367e-04 2.110139522177564885e-04 2.150356535994840277e-04 1.154942208950798938e-01 4.350686350925263984e-02 4.472940343689957472e-03 3.004757041738715826e-04 1.259858412751593956e-03
0.000000000000000000e+00 2.948291899282263367e-04 2.110139522177564885e-04 2.948291899282263367e-04 1.156217516699837994e-01 1.620215142151886500e-01 6.272064008392950335e-03 4.271530089748412098e-04 1.828386266163348293e-03
0.000000000000000000e+00 2.948291899282263367e-04 2.110139522177564885e-04 2.110139522177564885e-04 3.566820820504548045e-03 7.537172288696805666e-02 4.074277540307133516e-03 2.505961851431170485e-04 1.029759522174994533e-03
0.000000000000000000e+00 2.948291899282263367e-04 2.110139522177564885e-04 2.110139522177564885e-04 3.566820820504548045e-03 5.676570718499220070e-02 4.053337044326792843e-03 2.469943230828653660e-04 1.009552332408318251e-03
0.000000000000000000e+00 2.948291899282263367e-04 2.110139522177564885e-04 2.110139522177564885e-04 2.946056709965222311e-03 5.676152929689967652e-02 4.010278312929256225e-03 2.469943230828653660e-04 1.009552332408318251e-03
0.000000000000000000e+00 2.948291899282263367e-04 2.110139522177564885e-04 9.632457581951780687e-03 8.250255620857481764e-01 1.758672578066456271e+00 5.062759725173441305e-01 7.536001052627172569e-02 8.570030757844160352e-02
0.000000000000000000e+00 2.948291899282263367e-04 2.110139522177564885e-04 2.948291899282263367e-04 2.843237368190843894e-03 5.676152929689967652e-02 1.331328616391718941e-02 2.488032508368130950e-04 1.019681964196070354e-03
0.000000000000000000e+00 2.948291899282263367e-04 2.110139522177564885e-04 2.948291899282263367e-04 8.050864095802815479e-01 8.211744700255932727e+00 7.463833344384005919e+00 5.523614472523905583e-01 4.099475978308492891e-02
0.000000000000000000e+00 2.948291899282263367e-04 9.538800276441742818e-03 6.929528664422468509e+00 2.368251238471748366e+01 2.413185647824930502e+00 6.453794989881832533e-01 3.631493775319036797e-03 2.030582078929088138e-02
0.000000000000000000e+00 2.948291899282263367e-04 2.110139522177564885e-04 2.150356535994840277e-04 1.154521864172312756e-01 7.521417536397084769e-02 5.316848936521226775e-03 3.576423901116470086e-04 1.510241963192741335e-03
0.000000000000000000e+00 9.632457581951780687e-03 1.588625883266538974e-01 5.841515681708041363e+00 2.331951610865152347e+01 5.838753541452030404e+00 2.956791448348908169e+00 5.034181764079257533e-04 1.205074008738367675e-01
0.000000000000000000e+00 2.948291899282263367e-04 2.110139522177564885e-04 3.025061749050248915e-04 3.415074495009799357e-03 5.676152929689967652e-02 3.840377397729070885e-03 2.469943230828653660e-04 1.009552332408318251e-03
0.000000000000000000e+00 2.948291899282263367e-04 2.110139522177564885e-04 2.948291899282263367e-04 5.980370456405630086e-02 6.543136868694706898e+00 7.128535796046562290e+00 1.749111086990766950e-01 3.638968228931507842e-02
0.000000000000000000e+00 2.948291899282263367e-04 2.110139522177564885e-04 2.948291899282263367e-04 2.951387212022420048e+00 5.061829348976533360e+00 6.121555854288632581e+00 7.207547959644282354e-03 2.048337568663698427e-01
0.000000000000000000e+00 2.948291899282263367e-04 2.110139522177564885e-04 2.948291899282263367e-04 7.840972026603217071e-02 6.398066663812129740e+00 6.696359269079193766e+00 1.748821533801789285e-01 3.613305701944066056e-02
0.000000000000000000e+00 2.948291899282263367e-04 2.110139522177564885e-04 2.948291899282263367e-04 1.210195598922230609e+00 7.056732497270647109e+00 1.860076455731804401e+01 6.105835513011830494e-03 3.320649048519419555e-02
0.000000000000000000e+00 2.948291899282263367e-04 2.110139522177564885e-04 9.632457581951780687e-03 2.894490205306567976e-01 6.510083711075962398e-01 1.881783647598875286e-01 1.216493972168535692e-03 5.534214199823996733e-03
0.000000000000000000e+00 2.948291899282263367e-04 2.110139522177564885e-04 2.110139522177564885e-04 1.303575375417884152e-02 1.956412577196970509e-02 3.850209116003636221e-03 2.414694001053035045e-04 9.788473223678879464e-04
0.000000000000000000e+00 2.948291899282263367e-04 2.110139522177564885e-04 2.948291899282263367e-04 3.528566292015173668e-03 1.125837542909196853e-01 4.480100469103198875e-03 2.927750565721865526e-04 1.209972005747213383e-03
0.000000000000000000e+00 2.948291899282263367e-04 2.110139522177564885e-04 2.948291899282263367e-04 2.843237368190843894e-03 5.676152929689967652e-02 1.331328616391718941e-02 2.488032508368130950e-04 1.019681964196070354e-03
0.000000000000000000e+00 2.948291899282263367e-04 5.605383953138140529e-02 8.786528378307668419e+00 2.694962273715691836e+01 3.754926582525302869e+00 1.892252287427993451e+00 1.092801686515678522e-03 6.642552693555035803e-03
0.000000000000000000e+00 2.948291899282263367e-04 2.110139522177564885e-04 2.110139522177564885e-04 2.946056709965222311e-03 5.676152929689967652e-02 3.840377397729070885e-03 2.517334221026391611e-04 1.009552332408318251e-03
0.000000000000000000e+00 2.948291899282263367e-04 2.110139522177564885e-04 2.948291899282263367e-04 2.192838368781426350e+00 5.691673512824677594e+00 2.374753500001316020e+00 6.004850008960871920e-03 3.017766095974518115e-02
0.000000000000000000e+00 2.948291899282263367e-04 2.110139522177564885e-04 1.588705680024918010e+01 3.312054239432227831e+01 1.940270285952312435e+00 9.558319148389736496e-04 8.901172712619649869e-04 5.407838579360856046e-03
0.000000000000000000e+00 2.948291899282263367e-04 2.110139522177564885e-04 2.110139522177564885e-04 9.701573596800794341e-02 7.520285342007841656e-02 5.523685266858015253e-03 3.532955704160820423e-04 1.484875598076763328e-03
0.000000000000000000e+00 2.948291899282263367e-04 2.110139522177564885e-04 2.948291899282263367e-04 6.256579739715540933e-01 5.566221095119494588e-01 1.920741123373751191e-01 1.472334301512893484e-03 6.742247685923664913e-03
0.000000000000000000e+00 2.948291899282263367e-04 2.110139522177564885e-04 2.948291899282263367e-04 2.877280549165753092e-03 1.954529700551240964e-02 3.964960488609699913e-04 2.395942883845946436e-04 9.685056823984724032e-04
0.000000000000000000e+00 2.948291899282263367e-04 6.356361432386563592e-01 6.048038466339725971e+00 2.241217972026901251e+01 5.008429875620624472e+00 2.592181450193607795e+00 4.045625911811425801e-04 1.172012336171329716e-02
0.000000000000000000e+00 2.948291899282263367e-04 2.110139522177564885e-04 2.948291899282263367e-04 1.210195598922230609e+00 3.206019299482053331e+00 1.103069312481643527e+00 1.092641359830290454e-01 2.044433524311303069e-02
0.000000000000000000e+00 2.948291899282263367e-04 2.110139522177564885e-04 2.948291899282263367e-04 8.771272811702000849e-02 6.325530954457487809e+00 2.241202541848660346e+01 6.105835513011830494e-03 1.686968870883048532e-01
0.000000000000000000e+00 2.948291899282263367e-04 2.110139522177564885e-04 9.632457581951780687e-03 8.449394314647030724e-01 1.137557496857017458e+00 2.738949395060424341e-01 2.194894494101930129e-03 1.027038178125511125e-02
0.000000000000000000e+00 2.948291899282263367e-04 2.110139522177564885e-04 2.948291899282263367e-04 2.192838368781426350e+00 5.901846836866511126e+00 1.115933900052167971e+01 7.953662660712571691e-03 4.184740799986713666e-02
0.000000000000000000e+00 2.948291899282263367e-04 2.110139522177564885e-04 9.632457581951780687e-03 1.063305551410428373e-01 2.724384768291552850e-01 7.453178780260362457e-02 5.275788430121546675e-04 2.305926665829942206e-03
0.000000000000000000e+00 2.948291899282263367e-04 2.110139522177564885e-04 2.110139522177564885e-04 5.050069671306837288e-02 9.629124468137589821e-02 4.647456723995821090e-03 2.966586583774235338e-04 1.232105461049703456e-03
0.000000000000000000e+00 2.948291899282263367e-04 2.110139522177564885e-04 2.150356535994840277e-04 1.154521864172312756e-01 3.292285777771061794e-02 1.503578923649872764e-02 3.004757041738715826e-04 1.259858412751593956e-03
0.000000000000000000e+00 2.948291899282263367e-04 2.110139522177564885e-04 9.632457581951780687e-03 3.017461187102892795e-01 2.194539389939041962e-01 6.896993750940480505e-02 6.462931478411279443e-04 2.857905474262438777e-03
0.000000000000000000e+00 2.948291899282263367e-04 2.110139522177564885e-04 2.948291899282263367e-04 9.701573596800794341e-02 1.743491640307532065e-01 6.460332620020116032e-03 4.247797594009869926e-04 1.814228257336485215e-03
0.000000000000000000e+00 2.948291899282263367e-04 2.110139522177564885e-04 2.948291899282263367e-04 1.186197317063857115e+00 7.056640529449462740e+00 1.424481016003448808e+01 3.394169207340868577e-01 3.951293941473139198e-02
0.000000000000000000e+00 2.948291899282263367e-04 2.110139522177564885e-04 2.948291899282263367e-04 1.234193880780603436e+00 7.056823996856549819e+00 1.478930176118132067e+01 1.734265348898860193e-01 3.973644434216621474e-02
0.000000000000000000e+00 2.948291899282263367e-04 2.110139522177564885e-04 2.948291899282263367e-04 7.851725402013265409e-01 8.316734600310100589e+00 7.631618030645930695e+00 1.893734787287074672e-01 4.091433271144631623e-02
0.000000000000000000e+00 2.948291899282263367e-04 9.538800276441742818e-03 6.856580605019639840e+00 2.350099252798637650e+01 2.309326091918495916e+00 1.687487381240794448e+00 2.820311082567585840e-03 1.587788246980471885e-02
0.000000000000000000e+00 2.948291899282263367e-04 2.110139522177564885e-04 9.632457581951780687e-03 1.641082065172937199e+00 2.698157398547540442e+00 2.362690182038349462e+00 1.242052400520540667e+00 2.969067708558669957e-02
0.000000000000000000e+00 2.948291899282263367e-04 2.110139522177564885e-04 1.613446397016884859e+01 3.130553571197691554e+01 2.076756816812477702e+00 8.791317361610456738e-02 8.901172712619649869e-04 5.407838579360856046e-03
0.000000000000000000e+00 2.948291899282263367e-04 2.110139522177564885e-04 2.948291899282263367e-04 9.046557564750559166e-01 7.476614584568356037e+00 1.533379898823238108e+01 7.418139276848493592e-03 3.949751998402219882e-02
0.000000000000000000e+00 2.948291899282263367e-04 2.110139522177564885e-04 2.948291899282263367e-04 1.234193880780603436e+00 2.098670336556437199e+00 1.721506129572109023e+00 4.168626998908236438e-03 2.030847184281263720e-02
0.000000000000000000e+00 2.948291899282263367e-04 2.110139522177564885e-04 2.110139522177564885e-04 3.566820820504548045e-03 8.467473073795588057e-02 4.495491428202537561e-03 2.868212366135504594e-04 1.181711701757699262e-03
0.000000000000000000e+00 2.948291899282263367e-04 2.110139522177564885e-04 9.632457581951780687e-03 8.847671702226129753e-01 7.476614584568356037e+00 1.569679526429834304e+01 7.426229599621183772e-03 3.984511987756613610e-02
0.000000000000000000e+00 2.948291899282263367e-04 2.110139522177564885e-04 2.948291899282263367e-04 8.771272811702000849e-02 6.252916989125795411e+00 2.513447577028320978e+01 4.695259878704666559e-03 1.296138055586434357e-01
0.000000000000000000e+00 2.948291899282263367e-04 2.110139522177564885e-04 2.110139522177564885e-04 3.123983309420454851e-02 8.470591798125917671e-02 4.626223864846702553e-03 2.927750565721865526e-04 1.209972005747213383e-03
0.000000000000000000e+00 2.948291899282263367e-04 2.110139522177564885e-04 6.929436471989293800e+00 2.622346459848108680e+01 2.344728474243799710e+00 4.353051221753108657e-01 2.172350926266076836e-03 1.231139521650556796e-02
0.000000000000000000e+00 2.948291899282263367e-04 2.110139522177564885e-04 2.948291899282263367e-04 8.648280177171461247e-01 1.137557496857017458e+00 3.241723827438688921e-01 2.201421770093261576e-03 1.031603358551348541e-02
0.000000000000000000e+00 2.948291899282263367e-04 2.110139522177564885e-04 2.110139522177564885e-04 3.528566292015173668e-03 6.606453714788761145e-02 2.258394010649015723e-02 2.868212366135504594e-04 1.181711701757699262e-03
0.000000000000000000e+00 2.948291899282263367e-04 2.110139522177564885e-04 2.948291899282263367e-04 4.479375711295799367e-01 4.511806286062554072e+00 4.636796550449651555e+00 5.985897441286278792e-03 1.740761987961504109e-01
0.000000000000000000e+00 2.948291899282263367e-04 2.110139522177564885e-04 2.948291899282263367e-04 8.847418870961011317e-01 5.491484837362905047e+00 3.028801951556246319e+00 5.985897441286278792e-03 3.001735647369310409e-02
0.000000000000000000e+00 2.948291899282263367e-04 2.110139522177564885e-04 9.632457581951780687e-03 8.449394314647030724e-01 1.137557496857017458e+00 2.368845763541741270e-02 1.811674480029838025e-03 8.414086724965760475e-03
0.000000000000000000e+00 2.948291899282263367e-04 2.110139522177564885e-04 9.632457581951780687e-03 1.186227785858481987e+00 8.444748373085153581e-01 9.837755329160133844e-01 2.753339130584667692e-03 8.570030757844160352e-02
0.000000000000000000e+00 2.948291899282263367e-04 2.110139522177564885e-04 2.110139522177564885e-04 1.156217516699837994e-01 1.178837531955746580e-02 4.686208208414921472e-03 2.947252779117725554e-04 1.226709010359095615e-03
0.000000000000000000e+00 2.948291899282263367e-04 9.538800276441742818e-03 3.313257082961330521e-04 1.736597316615559605e-01 1.869972082732402618e-01 7.655125667028372244e-03 5.145576393881573420e-04 2.226190730137007131e-03
0.000000000000000000e+00 2.948291899282263367e-04 2.110139522177564885e-04 2.948291899282263367e-04 6.423740913248149331e-01 8.421724009092265817e+00 2.331971424873144372e+01 3.631493319244351401e-03 1.003114736253102324e-01
0.000000000000000000e+00 2.948291899282263367e-04 2.110139522177564885e-04 7.002050437320986198e+00 2.168603286635467597e+01 4.097767403722120783e+00 1.847812355950562369e+00 2.819872280697389554e-03 1.588607616597680419e-02
0.000000000000000000e+00 2.948291899282263367e-04 2.110139522177564885e-04 6.711260920487060133e+00 2.386391649607483956e+01 3.347366091714119918e+00 1.623480645876050454e+00 2.170056783212379568e-03 1.233048252853582646e-02
0.000000000000000000e+00 2.948291899282263367e-04 2.110139522177564885e-04 2.948291899282263367e-04 1.234083610547216381e+00 6.846650672814716287e+00 1.896376174889202204e+01 6.107869916275064648e-03 1.687336150423061343e-01
0.000000000000000000e+00 2.948291899282263367e-04 2.110139522177564885e-04 2.948291899282263367e-04 1.155790050744989889e-01 1.620215142151886500e-01 3.477731338867651872e-02 4.318402700316267915e-04 1.856488264156435112e-03
0.000000000000000000e+00 2.948291899282263367e-04 2.110139522177564885e-04 6.784208541325907227e+00 2.368244366361370723e+01 5.942533334018190949e+00 2.414145427903672918e-03 2.170660504962362760e-03 1.232591177424883187e-02
0.000000000000000000e+00 2.948291899282263367e-04 9.538800276441742818e-03 3.313257082961330521e-04 6.256791971553454790e-01 1.958653918550552486e+00 1.414523600480779519e+00 3.435199114746509061e-03 1.049101663073173374e-01
0.000000000000000000e+00 2.948291899282263367e-04 2.110139522177564885e-04 2.948291899282263367e-04 6.089418566182930315e-01 2.873988272432389302e+00 9.059988558540513770e-01 3.435199114746509061e-03 1.654624649422182375e-02
0.000000000000000000e+00 2.948291899282263367e-04 9.538800276441742818e-03 1.576351027232979263e+01 3.203155356612438709e+01 2.143565311228979642e+00 1.173181201448080142e-03 1.092801686515678522e-03 6.642552693555035803e-03
0.000000000000000000e+00 2.948291899282263367e-04 2.110139522177564885e-04 1.613446397016884859e+01 3.620598543886742249e+01 1.548985334523989010e+00 1.173181201448080142e-03 1.092801686515678522e-03 6.642552693555035803e-03
0.000000000000000000e+00 2.948291899282263367e-04 2.110139522177564885e-04 2.948291899282263367e-04 1.611963254904375198e+00 4.520332469321780344e+00 1.668062516998065625e+00 5.044473414364037712e-03 2.498763865505183174e-02
0.000000000000000000e+00 2.948291899282263367e-04 2.110139522177564885e-04 9.632457581951780687e-03 1.162229504000108493e+00 2.038864094252693882e+00 1.633090534167015884e+00 3.474820010320691342e-03 1.684428552078854474e-02
0.000000000000000000e+00 2.948291899282263367e-04 2.110139522177564885e-04 2.948291899282263367e-04 1.234193880780603436e+00 3.278696490228188321e+00 1.522022721889616292e+00 1.092987220902590373e-01 2.071139927984671711e-02
0.000000000000000000e+00 2.948291899282263367e-04 2.110139522177564885e-04 2.948291899282263367e-04 2.227964007577586170e+00 5.691759536000326136e+00 1.279282414026262948e+01 8.002812135721204881e-03 2.229870153488675288e-01
0.000000000000000000e+00 2.948291899282263367e-04 6.356361432386563592e-01 5.872135091672944895e+00 2.331964845789817176e+01 4.904697404721745535e+00 2.555507979100408278e+00 9.731525993124247320e-03 1.049917173756372002e-01
0.000000000000000000e+00 2.948291899282263367e-04 2.110139522177564885e-04 2.948291899282263367e-04 1.234193880780603436e+00 7.056823996856549819e+00 1.624045091527099771e+01 7.444953449375089904e-03 4.010788379376054036e-02
0.000000000000000000e+00 2.948291899282263367e-04 1.588604180508556285e-01 5.768831790611495869e+00 2.640493983309575299e+01 4.268612179058824729e+00 2.309969361042179870e+00 1.503007325501912010e-02 1.334355989637239781e-01
0.000000000000000000e+00 2.948291899282263367e-04 1.588604180508556285e-01 5.841445755943188267e+00 2.658646087454705054e+01 4.028160451164116473e+00 2.338208895047748648e+00 6.099183960411786766e-04 1.478579512564202336e-01
0.000000000000000000e+00 2.948291899282263367e-04 2.110139522177564885e-04 2.948291899282263367e-04 4.336849464394381681e-01 4.656964240766509278e+00 4.513109390623205819e+00 1.500447397637436064e-01 3.009776071859974686e-02
0.000000000000000000e+00 2.948291899282263367e-04 2.110139522177564885e-04 2.948291899282263367e-04 1.186197317063857115e+00 7.266813853491297159e+00 1.333731665691746393e+01 1.886104850987007642e-01 4.272936499404612898e-02
0.000000000000000000e+00 2.948291899282263367e-04 2.110139522177564885e-04 2.948291899282263367e-04 1.210195598922230609e+00 7.161819159291565207e+00 1.987124962610480949e+01 6.120260670099773176e-03 3.348897251535030289e-02
0.000000000000000000e+00 2.948291899282263367e-04 2.110139522177564885e-04 2.948291899282263367e-04 8.847418870961011317e-01 1.095689116026592247e+00 7.396590087324386720e-02 1.817378787922046320e-03 8.453375084089446295e-03
0.000000000000000000e+00 2.948291899282263367e-04 2.110139522177564885e-04 2.110139522177564885e-04 3.566820820504548045e-03 5.676570718499220070e-02 3.840377397729070885e-03 2.469943230828653660e-04 1.009552332408318251e-03
0.000000000000000000e+00 2.948291899282263367e-04 2.110139522177564885e-04 2.948291899282263367e-04 9.046557564750559166e-01 7.686787908610190456e+00 1.478930176118132067e+01 7.413964271890437566e-03 3.968133851273039636e-02
0.000000000000000000e+00 9.632457581951780687e-03 1.588625883266538974e-01 7.815450617138232303e+00 2.477163356216199830e+01 4.829761910906711364e+00 1.893967716799546119e+00 1.833167451557712879e-02 4.423781118488710057e-03
0.000000000000000000e+00 2.948291899282263367e-04 2.110139522177564885e-04 2.948291899282263367e-04 2.894333356742449515e-01 4.207062276094944986e-01 3.625634619123639379e-01 1.211999925202578892e-03 5.504555992632732472e-03
0.000000000000000000e+00 2.948291899282263367e-04 2.110139522177564885e-04 2.948291899282263367e-04 1.186087046830470282e+00 7.161727191470380838e+00 1.442630738255946277e+01 1.734134871194953353e-01 3.956958683533141896e-02
0.000000000000000000e+00 2.948291899282263367e-04 2.110139522177564885e-04 2.948291899282263367e-04 1.524717593284644623e+00 6.951828368104440159e+00 1.587829058937921189e+01 7.437720022525148508e-03 4.000430441364364459e-02
0.000000000000000000e+00 2.948291899282263367e-04 2.110139522177564885e-04 2.948291899282263367e-04 1.156217516699837994e-01 7.522535169894778440e-02 1.790035199778318084e-02 3.597881882562314502e-04 1.522828839827171724e-03
0.000000000000000000e+00 2.948291899282263367e-04 2.110139522177564885e-04 2.150356535994840277e-04 1.156217516699837994e-01 5.407411898857249211e-02 5.070113117373560747e-03 3.532955704160820423e-04 1.484875598076763328e-03
0.000000000000000000e+00 2.948291899282263367e-04 2.110139522177564885e-04 9.632457581951780687e-03 6.256022869401460795e-01 5.566491601513791077e-01 1.220040285947132513e-01 1.229757060097665285e-03 5.622277937488985057e-03
0.000000000000000000e+00 2.948291899282263367e-04 2.110139522177564885e-04 2.110139522177564885e-04 1.156217516699837994e-01 7.521977778170260698e-02 3.025429017342470134e-02 3.619158537072368273e-04 1.535352010195604588e-03
0.000000000000000000e+00 2.948291899282263367e-04 2.110139522177564885e-04 2.948291899282263367e-04 1.234193880780603436e+00 2.098670336556437199e+00 1.076140969448696194e-01 2.760570736226997720e-03 1.306845835270220406e-02
0.000000000000000000e+00 2.948291899282263367e-04 9.538800276441742818e-03 6.711686768427390426e+00 2.458993435377862369e+01 2.517043969135878800e+00 1.872763203538829746e+00 3.812587827429885640e-02 9.358973004843073457e-03
0.000000000000000000e+00 2.948291899282263367e-04 5.605383953138140529e-02 6.494280948189871339e+00 2.005252790535972451e+01 6.400697969554404843e+00 1.124926804455246065e+00 5.027274649813943258e-02 1.227872946389278047e-02
0.000000000000000000e+00 2.948291899282263367e-04 2.110139522177564885e-04 2.948291899282263367e-04 1.611963254904375198e+00 4.520332469321780344e+00 1.311450777958026448e+00 5.035255337757650607e-03 2.491332508057146969e-02
0.000000000000000000e+00 2.948291899282263367e-04 2.110139522177564885e-04 2.948291899282263367e-04 6.910671241504423579e-02 6.470601969482621563e+00 2.386401052275045842e+01 1.416106572732103996e-01 3.352246662789039322e-02
0.000000000000000000e+00 2.948291899282263367e-04 2.110139522177564885e-04 9.632457581951780687e-03 6.089630798020846392e-01 9.181779034386982064e-01 1.103038578157183203e+00 2.233246708589746270e-03 1.054068027445460853e-02
0.000000000000000000e+00 2.948291899282263367e-04 2.110139522177564885e-04 1.613446397016884859e+01 3.656898171493337912e+01 1.505508039195637693e+00 1.173181201448080142e-03 1.092801686515678522e-03 6.642552693555035803e-03
0.000000000000000000e+00 2.948291899282263367e-04 2.110139522177564885e-04 2.948291899282263367e-04 8.648280177171461247e-01 3.786479308288859258e+00 6.840400872819797584e+00 7.097467118261199977e-03 3.604637224810126189e-02
0.000000000000000000e+00 2.948291899282263367e-04 2.110139522177564885e-04 2.948291899282263367e-04 1.186197317063857115e+00 7.056640529449462740e+00 1.787477292069412727e+01 6.094659502133684993e-03 3.301673829314679537e-02
0.000000000000000000e+00 2.948291899282263367e-04 2.110139522177564885e-04 2.948291899282263367e-04 1.063187438189958645e-01 6.107844370171309656e+00 6.696342030497337561e+00 1.748722851246485854e-01 3.604637224810126189e-02
0.000000000000000000e+00 2.948291899282263367e-04 2.110139522177564885e-04 2.948291899282263367e-04 1.842192013965044950e-01 1.869972082732402618e-01 9.123571243333239433e-02 5.275788430121546675e-04 2.305926665829942206e-03
0.000000000000000000e+00 2.948291899282263367e-04 2.110139522177564885e-04 2.948291899282263367e-04 1.210195598922230609e+00 1.358698883538351998e+00 3.868719515312604162e-01 2.731268811260671725e-03 1.292760839839581129e-02
0.000000000000000000e+00 2.948291899282263367e-04 2.110139522177564885e-04 1.170964142184375767e+01 2.858315263169677678e+01 4.918171088440611349e+00 6.313941827723292821e-01 8.901172712619649869e-04 5.407838579360856046e-03
0.000000000000000000e+00 2.948291899282263367e-04 2.110139522177564885e-04 2.948291899282263367e-04 5.980370456405630086e-02 6.470522903363014500e+00 7.128518557464713190e+00 7.116878447863728835e-03 3.621916950874060764e-02
0.000000000000000000e+00 2.948291899282263367e-04 2.110139522177564885e-04 2.150356535994840277e-04 3.415074495009799357e-03 1.025066793005254343e-02 3.954665997645479686e-03 2.377020460513788378e-04 9.581100699938390397e-04
0.000000000000000000e+00 2.948291899282263367e-04 2.110139522177564885e-04 2.948291899282263367e-04 9.046557564750559166e-01 3.496154153364518180e+00 1.942329580741925632e+00 4.220508231554010760e-03 2.071139927984671711e-02
0.000000000000000000e+00 2.948291899282263367e-04 2.110139522177564885e-04 9.632457581951780687e-03 8.449394314647030724e-01 1.708676663403145390e+00 2.671867709944922287e-01 2.233246708589746270e-03 1.054068027445460853e-02
0.000000000000000000e+00 2.948291899282263367e-04 2.110139522177564885e-04 2.948291899282263367e-04 8.847418870961011317e-01 3.713930862112628795e+00 7.272577399787166996e+00 6.782651674848377832e-01 3.664118815806349794e-02
0.000000000000000000e+00 2.948291899282263367e-04 2.110139522177564885e-04 2.948291899282263367e-04 1.155790050744989889e-01 7.522535169894778440e-02 5.316848936521226775e-03 3.576423901116470086e-04 1.510241963192741335e-03
0.000000000000000000e+00 2.948291899282263367e-04 2.110139522177564885e-04 9.632457581951780687e-03 6.089630798020846392e-01 5.857039967185262430e-01 4.808048807820441972e-01 1.800122742865291770e-03 8.334888814825218081e-03
0.000000000000000000e+00 2.948291899282263367e-04 2.110139522177564885e-04 2.948291899282263367e-04 8.847418870961011317e-01 3.786544827444322081e+00 7.128535796046562290e+00 1.749111086990766950e-01 2.041743685512328321e-01
0.000000000000000000e+00 2.948291899282263367e-04 2.110139522177564885e-04 9.632457581951780687e-03 1.641082065172937199e+00 2.843385329210926571e+00 2.362716018056941536e+00 1.287388402975925272e-01 2.498763865505183174e-02
0.000000000000000000e+00 2.948291899282263367e-04 2.110139522177564885e-04 9.632457581951780687e-03 8.449394314647030724e-01 1.708676663403145390e+00 1.477827500084086532e-01 2.220677635787101679e-03 7.015355146982889256e-02
0.000000000000000000e+00 2.948291899282263367e-04 2.110139522177564885e-04 9.632457581951780687e-03 1.948540356374741656e-01 1.727738485249017131e-01 1.246013791184518993e-01 6.375079494680861237e-04 2.802896015666823341e-03
0.000000000000000000e+00 2.948291899282263367e-04 2.110139522177564885e-04 1.244524805599016304e+01 2.985364721791878395e+01 2.964269802217153416e+00 7.618303176961919165e-01 8.913350253510659085e-04 5.412524783431905441e-03
0.000000000000000000e+00 2.948291899282263367e-04 2.110139522177564885e-04 2.948291899282263367e-04 1.186197317063857115e+00 3.423797646516201887e+00 5.832006215144446060e+00 6.041590212770175938e-03 3.049224379268071841e-02
0.000000000000000000e+00 2.948291899282263367e-04 2.110139522177564885e-04 2.948291899282263367e-04 3.141412120255282492e-01 6.030356463604269468e-01 1.367280517081201699e-02 9.804859389871769821e-04 4.407431471981791173e-03
0.000000000000000000e+00 2.948291899282263367e-04 2.110139522177564885e-04 2.150356535994840277e-04 1.156217516699837994e-01 1.620215142151886500e-01 4.909623369894702827e-02 4.341546898963248189e-04 1.870433015797393029e-03
0.000000000000000000e+00 2.948291899282263367e-04 2.110139522177564885e-04 9.632457581951780687e-03 3.018029587062984742e-01 4.008320219759348713e-01 1.122016014317617043e-02 2.479084923169587451e-02 3.552343030847155900e-03
0.000000000000000000e+00 2.948291899282263367e-04 1.800060768439857295e-01 7.903898085044762212e+00 2.495315365273073738e+01 4.829811461844394138e+00 1.849427079438003663e+00 7.329559416655675487e-04 4.423781118488710057e-03
0.000000000000000000e+00 2.948291899282263367e-04 2.110139522177564885e-04 2.948291899282263367e-04 1.156217516699837994e-01 6.465252230238273390e-02 5.535153773280689603e-03 3.554782541688216780e-04 1.497591008787294399e-03
0.000000000000000000e+00 2.948291899282263367e-04 2.110139522177564885e-04 2.948291899282263367e-04 1.234193880780603436e+00 7.056823996856549819e+00 1.660428314151113938e+01 7.451847899255606769e-03 4.020943525610445185e-02
0.000000000000000000e+00 2.948291899282263367e-04 2.110139522177564885e-04 2.948291899282263367e-04 1.156217516699837994e-01 7.522535169894778440e-02 4.232202452791767461e-02 3.640255868294906254e-04 1.547811838977159078e-03
0.000000000000000000e+00 2.948291899282263367e-04 2.110139522177564885e-04 2.948291899282263367e-04 1.186197317063857115e+00 7.161727191470380838e+00 1.406331110649349903e+01 7.391779498087863720e-03 3.939809744101209488e-02
0.000000000000000000e+00 2.948291899282263367e-04 2.110139522177564885e-04 2.948291899282263367e-04 1.210195598922230609e+00 7.056732497270647109e+00 1.914525897141699673e+01 6.111739523458334551e-03 3.331545639524672447e-02
0.000000000000000000e+00 2.948291899282263367e-04 2.110139522177564885e-04 2.948291899282263367e-04 1.155790050744989889e-01 1.620215142151886500e-01 4.876819585440739235e-02 4.341546898963248189e-04 1.870433015797393029e-03
0.000000000000000000e+00 2.948291899282263367e-04 2.110139522177564885e-04 2.110139522177564885e-04 3.566820820504548045e-03 1.024649004196001578e-02 3.785821924779708084e-03 2.377020460513788378e-04 9.581100699938390397e-04
0.000000000000000000e+00 2.948291899282263367e-04 2.110139522177564885e-04 2.110139522177564885e-04 3.566820820504548045e-03 7.537172288696805666e-02 1.337728539129495742e-02 2.868212366135504594e-04 1.181711701757699262e-03
0.000000000000000000e+00 2.948291899282263367e-04 2.110139522177564885e-04 2.110139522177564885e-04 1.155790050744989889e-01 7.522535169894778440e-02 2.996808635227600146e-02 3.619158537072368273e-04 1.535352010195604588e-03
0.000000000000000000e+00 2.948291899282263367e-04 2.110139522177564885e-04 2.948291899282263367e-04 1.234193880780603436e+00 1.979220502241492818e+00 1.279237665163864834e+00 3.451259373660781060e-03 1.666646680139642969e-02
0.000000000000000000e+00 2.948291899282263367e-04 2.110139522177564885e-04 2.948291899282263367e-04 2.157712729985266531e+00 6.006847028860487825e+00 1.134083713855466691e+01 7.960156857485080686e-03 4.191868184095688676e-02
0.000000000000000000e+00 2.948291899282263367e-04 2.110139522177564885e-04 2.948291899282263367e-04 1.210195598922230609e+00 2.038916343165350753e+00 1.633108396969710441e+00 4.141598255472637644e-03 2.010173982795567665e-02
0.000000000000000000e+00 2.948291899282263367e-04 6.189200258853955194e-01 5.518623274885533725e+00 2.331957426248716558e+01 5.112185549747060520e+00 2.446070109109969692e+00 4.427928967656716611e-04 1.982703749786392800e-01
0.000000000000000000e+00 2.948291899282263367e-04 6.356361432386563592e-01 5.872135091672944895e+00 2.331964845789817176e+01 4.904697404721745535e+00 2.555507979100408278e+00 9.731525993124247320e-03 1.049917173756372002e-01
0.000000000000000000e+00 2.948291899282263367e-04 2.110139522177564885e-04 9.632457581951780687e-03 8.250255620857481764e-01 7.075607098633501790e-01 3.132640123337490645e-01 5.184721894823220156e-02 8.414086724965760475e-03
0.000000000000000000e+00 2.948291899282263367e-04 2.110139522177564885e-04 2.110139522177564885e-04 1.155790050744989889e-01 4.350128959200743467e-02 4.472940343689957472e-03 3.004757041738715826e-04 1.259858412751593956e-03
0.000000000000000000e+00 2.948291899282263367e-04 2.110139522177564885e-04 9.632457581951780687e-03 1.210226067716854814e+00 1.208618565672386902e+00 1.487099980453069792e+00 3.427061849683639763e-03 1.648563122005989798e-02
0.000000000000000000e+00 2.948291899282263367e-04 2.110139522177564885e-04 9.632457581951780687e-03 2.192882965135483975e+00 5.796846198021243346e+00 1.152233527658764523e+01 7.966550206084676428e-03 2.225748518606184556e-01
0.000000000000000000e+00 2.948291899282263367e-04 2.110139522177564885e-04 2.948291899282263367e-04 2.192838368781426350e+00 5.796760174845593916e+00 1.115934089796579620e+01 7.947067258497223993e-03 4.177555790741727115e-02
0.000000000000000000e+00 2.948291899282263367e-04 2.110139522177564885e-04 2.948291899282263367e-04 2.192838368781426350e+00 5.901846836866511126e+00 1.134083713855466691e+01 7.960156857485080686e-03 4.191868184095688676e-02
0.000000000000000000e+00 2.948291899282263367e-04 2.110139522177564885e-04 2.948291899282263367e-04 1.611963254904375198e+00 4.431968549508684241e+00 1.416531095505706883e+00 5.035255337757650607e-03 1.486169100404063637e-01
0.000000000000000000e+00 2.948291899282263367e-04 2.110139522177564885e-04 2.948291899282263367e-04 2.227964007577586170e+00 5.796846198021243346e+00 1.188533155265360897e+01 7.979035773522463737e-03 2.227145269320215115e-01
0.000000000000000000e+00 2.948291899282263367e-04 2.110139522177564885e-04 2.110139522177564885e-04 3.528566292015173668e-03 7.537172288696805666e-02 3.860847623879554505e-03 2.505961851431170485e-04 1.029759522174994533e-03
0.000000000000000000e+00 2.948291899282263367e-04 2.110139522177564885e-04 2.948291899282263367e-04 1.186197317063857115e+00 3.423797646516201887e+00 1.942369369973272697e+00 4.997485878142786213e-03 2.461160144158560520e-02
0.000000000000000000e+00 2.948291899282263367e-04 2.110139522177564885e-04 2.110139522177564885e-04 3.566820820504548045e-03 8.467473073795588057e-02 4.641974364475995492e-03 2.868212366135504594e-04 1.181711701757699262e-03
0.000000000000000000e+00 2.948291899282263367e-04 2.110139522177564885e-04 2.948291899282263367e-04 1.186197317063857115e+00 7.056640529449462740e+00 2.477170216594741703e+01 3.632033199192757997e-03 2.023829497197332170e-02
0.000000000000000000e+00 2.948291899282263367e-04 2.110139522177564885e-04 2.948291899282263367e-04 1.186197317063857115e+00 7.266813853491297159e+00 1.787477010774200892e+01 6.099331513520887642e-03 3.309386394034211087e-02
0.000000000000000000e+00 2.948291899282263367e-04 2.110139522177564885e-04 9.632457581951780687e-03 3.018029587062984742e-01 2.027378216406433009e-01 1.286988449080276320e-01 7.857650720582636623e-04 3.487711104656445512e-03
0.000000000000000000e+00 2.948291899282263367e-04 2.110139522177564885e-04 2.948291899282263367e-04 2.227964007577586170e+00 5.796846198021243346e+00 1.170383341462063242e+01 7.972843060909774043e-03 4.205950461958321562e-02
0.000000000000000000e+00 2.948291899282263367e-04 2.110139522177564885e-04 2.948291899282263367e-04 1.155790050744989889e-01 1.620215142151886500e-01 4.922983703550264101e-02 4.341546898963248189e-04 1.612305770593917831e-02
0.000000000000000000e+00 2.948291899282263367e-04 9.538800276441742818e-03 6.929528664422468509e+00 2.386401052275045842e+01 2.413211617750829596e+00 6.453780261261173878e-01 2.823042451591211907e-03 1.579619032531762515e-02
0.000000000000000000e+00 2.948291899282263367e-04 2.110139522177564885e-04 9.632457581951780687e-03 6.089630798020846392e-01 9.181779034386982064e-01 1.993627993605243814e-02 1.482584006818539772e-03 6.811034087746523254e-03
0.000000000000000000e+00 2.948291899282263367e-04 9.538800276441742818e-03 6.856914699090776111e+00 2.331949438995339463e+01 1.790265746331678898e+00 1.927980307904303192e+00 6.514116585761335620e-02 1.586096657975399546e-02
0.000000000000000000e+00 2.948291899282263367e-04 2.110139522177564885e-04 9.632457581951780687e-03 1.210226067716854814e+00 2.038968326063395065e+00 1.279669940854729404e+00 3.459183162545532812e-03 1.672607369190438203e-02
0.000000000000000000e+00 2.948291899282263367e-04 2.110139522177564885e-04 2.948291899282263367e-04 7.840972026603217071e-02 6.325452698480436453e+00 2.531597390831619521e+01 4.696119032456944585e-03 1.296376264455598171e-01
0.000000000000000000e+00 2.948291899282263367e-04 2.110139522177564885e-04 2.110139522177564885e-04 1.156217516699837994e-01 1.126057615126219852e-01 4.251460400940310080e-02 4.247797594009869926e-04 1.814228257336485215e-03
0.000000000000000000e+00 2.948291899282263367e-04 2.110139522177564885e-04 2.948291899282263367e-04 1.155790050744989889e-01 1.496675760395469734e-01 6.260545322102547931e-03 4.247797594009869926e-04 1.814228257336485215e-03
0.000000000000000000e+00 2.948291899282263367e-04 2.110139522177564885e-04 2.110139522177564885e-04 1.062759972235110539e-01 1.743623418716785389e-01 2.072458765521906568e-02 4.295064437089658000e-04 1.842472806916435526e-03
0.000000000000000000e+00 2.948291899282263367e-04 2.110139522177564885e-04 2.948291899282263367e-04 3.140844466431597648e-01 2.194539389939041962e-01 9.228329372540122408e-03 6.375079494680861237e-04 2.802896015666823341e-03
0.000000000000000000e+00 2.948291899282263367e-04 2.110139522177564885e-04 2.948291899282263367e-04 1.186197317063857115e+00 7.266813853491297159e+00 1.370031293298342945e+01 8.035530461073863914e-03 4.279323303398513412e-02
0.000000000000000000e+00 2.948291899282263367e-04 2.110139522177564885e-04 2.948291899282263367e-04 2.909481019479997599e+00 5.166833071155867430e+00 7.799402716907849253e+00 7.883540351985938305e-03 4.091433271144631623e-02
0.000000000000000000e+00 2.948291899282263367e-04 2.110139522177564885e-04 2.948291899282263367e-04 1.162199035205483844e+00 7.266721415489485025e+00 1.914525897141699673e+01 6.111739523458334551e-03 3.331545639524672447e-02
0.000000000000000000e+00 2.948291899282263367e-04 2.110139522177564885e-04 2.948291899282263367e-04 2.825668634395154033e+00 5.376839206500648949e+00 7.799402716907849253e+00 7.883540351985938305e-03 4.091433271144631623e-02
0.000000000000000000e+00 2.948291899282263367e-04 2.110139522177564885e-04 2.110139522177564885e-04 1.631221239298210335e-01 1.869676440919908755e-01 2.069114019534979212e-02 5.118880151038018378e-04 2.210000253932856672e-03
0.000000000000000000e+00 2.948291899282263367e-04 2.110139522177564885e-04 2.948291899282263367e-04 1.210195598922230609e+00 7.056732497270647109e+00 2.023424779961488795e+01 6.121768804873205065e-03 3.352246662789039322e-02
0.000000000000000000e+00 2.948291899282263367e-04 2.110139522177564885e-04 2.948291899282263367e-04 1.842677827229511345e-01 2.012498329633820304e-01 9.124790515586449213e-02 6.315296495871500519e-04 2.765756107217503396e-03
0.000000000000000000e+00 2.948291899282263367e-04 2.110139522177564885e-04 2.110139522177564885e-04 1.155790050744989889e-01 1.178837531955746580e-02 4.539170984343913161e-03 2.947252779117725554e-04 1.226709010359095615e-03
0.000000000000000000e+00 2.948291899282263367e-04 2.110139522177564885e-04 2.948291899282263367e-04 1.114202471488736856e+00 3.641446940811013722e+00 2.047456031994190351e+00 5.007063702077640781e-03 2.468770490968873188e-02
0.000000000000000000e+00 2.948291899282263367e-04 2.110139522177564885e-04 2.948291899282263367e-04 1.186197317063857115e+00 7.266813853491297159e+00 1.932675521200586388e+01 6.115344841715077834e-03 3.338607413828265091e-02
0.000000000000000000e+00 2.948291899282263367e-04 9.538800276441742818e-03 6.929528664422468509e+00 2.350101424668449823e+01 2.413159369250755137e+00 6.453809369614335045e-01 3.631672978729773727e-03 2.029277506663150141e-02
0.000000000000000000e+00 2.948291899282263367e-04 2.110139522177564885e-04 2.948291899282263367e-04 1.234193880780603436e+00 6.846650672814716287e+00 1.968975430102395308e+01 1.416057414448193275e-01 3.342077681410974416e-02
0.000000000000000000e+00 2.948291899282263367e-04 2.110139522177564885e-04 2.948291899282263367e-04 1.670127029317528988e+00 4.255390313771858501e+00 2.781387670184204186e+00 5.956730578237734962e-03 2.977310855478870755e-02
0.000000000000000000e+00 2.948291899282263367e-04 2.110139522177564885e-04 9.632457581951780687e-03 1.162229504000108493e+00 3.423797646516201887e+00 5.832006215144446060e+00 1.501004325352275071e-01 1.746284826879647700e-01
0.000000000000000000e+00 2.948291899282263367e-04 2.110139522177564885e-04 9.632457581951780687e-03 8.449394314647030724e-01 1.708676663403145390e+00 1.477827500084086532e-01 2.220677635787101679e-03 1.045154097678707879e-02
0.000000000000000000e+00 2.948291899282263367e-04 2.110139522177564885e-04 2.150356535994840277e-04 1.156217516699837994e-01 1.249531867836795873e-01 5.123734055771681124e-03 3.640255868294906254e-04 1.547811838977159078e-03
0.000000000000000000e+00 2.948291899282263367e-04 2.110139522177564885e-04 2.948291899282263367e-04 2.909481019479997599e+00 5.061746409134949332e+00 7.799404470986811333e+00 7.875340695729756563e-03 4.083331111082222353e-02
0.000000000000000000e+00 2.948291899282263367e-04 2.110139522177564885e-04 2.948291899282263367e-04 8.847418870961011317e-01 1.095689116026592247e+00 1.240071972473690970e-01 1.823035820227693685e-03 8.492457321647965338e-03
0.000000000000000000e+00 2.948291899282263367e-04 2.110139522177564885e-04 2.948291899282263367e-04 9.046557564750559166e-01 3.713996049359596263e+00 6.840418111401648460e+00 1.748919130886325557e-01 3.621916950874060764e-02
0.000000000000000000e+00 2.948291899282263367e-04 2.110139522177564885e-04 2.948291899282263367e-04 1.842677827229511345e-01 3.363315326706124431e-01 9.215628634298294458e-03 6.345310980986808985e-04 2.784373046493779889e-03
0.000000000000000000e+00 2.948291899282263367e-04 2.110139522177564885e-04 9.632457581951780687e-03 6.089630798020846392e-01 5.857039967185262430e-01 8.687838979855341814e-02 1.225372264591640011e-03 5.593074593208297550e-03
0.000000000000000000e+00 2.948291899282263367e-04 2.110139522177564885e-04 9.632457581951780687e-03 2.909534224587830842e+00 5.061829348976533360e+00 7.463833344384005919e+00 7.867033153448976454e-03 2.222498319309797743e-01
0.000000000000000000e+00 2.948291899282263367e-04 6.535684738236934022e-02 6.494363425442266191e+00 2.622348631717920853e+01 4.990085552974630190e+00 2.050049406107425476e+00 2.263392775753411690e-02 5.426256561683382058e-03
0.000000000000000000e+00 2.948291899282263367e-04 2.110139522177564885e-04 2.948291899282263367e-04 9.046557564750559166e-01 7.371527922547438827e+00 1.587829332797013038e+01 7.426229599621183772e-03 3.984511987756613610e-02
0.000000000000000000e+00 2.948291899282263367e-04 2.110139522177564885e-04 9.632457581951780687e-03 1.737083768443440646e-01 3.530476500238733384e-01 1.087976762673145831e-01 7.857650720582636623e-04 3.487711104656445512e-03
0.000000000000000000e+00 2.948291899282263367e-04 2.110139522177564885e-04 2.948291899282263367e-04 1.138200753347110350e+00 5.138265932461917984e+00 5.832120406042140104e+00 1.749111086990766950e-01 2.041743685512328321e-01
0.000000000000000000e+00 2.948291899282263367e-04 2.110139522177564885e-04 1.588705680024918010e+01 3.275754611825631457e+01 2.032222507700715664e+00 9.558319148389736496e-04 8.901172712619649869e-04 5.407838579360856046e-03
0.000000000000000000e+00 2.948291899282263367e-04 2.110139522177564885e-04 3.025061749050248915e-04 1.156217516699837994e-01 7.522535169894778440e-02 4.260822834906637796e-02 3.640255868294906254e-04 1.390175001461882789e-02
0.000000000000000000e+00 2.948291899282263367e-04 2.110139522177564885e-04 9.632457581951780687e-03 6.089630798020846392e-01 2.933746096724491270e+00 1.721506129572109023e+00 4.168626998908236438e-03 2.030847184281263720e-02
0.000000000000000000e+00 2.948291899282263367e-04 2.110139522177564885e-04 2.948291899282263367e-04 8.847418870961011317e-01 7.371433583804762435e+00 1.605979039373276152e+01 7.426229599621183772e-03 3.984511987756613610e-02
0.000000000000000000e+00 2.948291899282263367e-04 2.110139522177564885e-04 2.110139522177564885e-04 1.324591871363184521e-02 8.468518072888513160e-02 4.653338783018354935e-03 2.888232524900767074e-04 1.193047644123033588e-03
0.000000000000000000e+00 2.948291899282263367e-04 2.110139522177564885e-04 2.948291899282263367e-04 1.669993400314064180e+00 4.343754233584954605e+00 2.533987611716909782e+00 5.946809676594026414e-03 2.969067708558669957e-02
0.000000000000000000e+00 2.948291899282263367e-04 2.110139522177564885e-04 2.948291899282263367e-04 2.951387212022420048e+00 5.061829348976533360e+00 6.960479285598244914e+00 7.841459050354899346e-03 4.050325763586049704e-02
0.000000000000000000e+00 2.948291899282263367e-04 2.110139522177564885e-04 2.948291899282263367e-04 1.162199035205483844e+00 7.266721415489485025e+00 2.477170125043940985e+01 8.379381785463833887e-02 1.004278160451750057e-01
0.000000000000000000e+00 2.948291899282263367e-04 2.110139522177564885e-04 2.948291899282263367e-04 1.670127029317528988e+00 4.343754233584954605e+00 2.657691196676744472e+00 1.500155729006950323e-01 1.739138738398777473e-01
0.000000000000000000e+00 2.948291899282263367e-04 8.966288555366171975e-01 7.720458560565321093e+00 2.477169935299529868e+01 3.256379660960001310e+00 1.671272331035543735e+00 1.833525510646102571e-02 4.436386399580473372e-03
0.000000000000000000e+00 2.948291899282263367e-04 2.110139522177564885e-04 2.948291899282263367e-04 6.423740913248149331e-01 8.316637347071349495e+00 2.077874221371383001e+01 4.693394332185295802e-03 2.575855632264922521e-02
0.000000000000000000e+00 2.948291899282263367e-04 2.110139522177564885e-04 2.948291899282263367e-04 3.141412120255282492e-01 6.030356463604269468e-01 4.275469237738815237e-02 9.843940543840250419e-04 4.432753245320436054e-03
0.000000000000000000e+00 2.948291899282263367e-04 2.110139522177564885e-04 2.948291899282263367e-04 6.423740913248149331e-01 8.421724009092265817e+00 2.114173659233568259e+01 4.696119032456944585e-03 2.583093675339935905e-02
0.000000000000000000e+00 2.948291899282263367e-04 2.110139522177564885e-04 9.632457581951780687e-03 6.256791971553454790e-01 1.958653918550552486e+00 1.341909635149086455e+00 3.427061849683639763e-03 1.648563122005989798e-02
0.000000000000000000e+00 2.948291899282263367e-04 2.110139522177564885e-04 9.632457581951780687e-03 2.894490205306567976e-01 4.008002226945567847e-01 3.625634619123639379e-01 1.211999925202578892e-03 5.504555992632732472e-03
0.000000000000000000e+00 2.948291899282263367e-04 2.110139522177564885e-04 9.632457581951780687e-03 6.256791971553454790e-01 8.316637347071349495e+00 2.059724407568085169e+01 1.084990773514065143e-01 2.575855632264922521e-02
0.000000000000000000e+00 2.948291899282263367e-04 2.110139522177564885e-04 2.948291899282263367e-04 1.210195598922230609e+00 6.951645835249730787e+00 1.950825616299096410e+01 6.113575121107761405e-03 3.335096751576442642e-02
0.000000000000000000e+00 2.948291899282263367e-04 4.675083168039347037e-02 8.874790062768243004e+00 2.694962273715691836e+01 4.191164481990725221e+00 1.740080921359960175e+00 1.092801686515678522e-03 6.642552693555035803e-03
0.000000000000000000e+00 2.948291899282263367e-04 2.110139522177564885e-04 2.948291899282263367e-04 8.771272811702000849e-02 7.519151747771310457e-02 4.717320389921356161e-03 3.004757041738715826e-04 1.259858412751593956e-03
0.000000000000000000e+00 2.948291899282263367e-04 2.110139522177564885e-04 1.539224246040983957e+01 3.475406537076929681e+01 1.853319921661602310e+00 1.173181201448080142e-03 1.092801686515678522e-03 6.642552693555035803e-03
0.000000000000000000e+00 2.948291899282263367e-04 2.110139522177564885e-04 2.110139522177564885e-04 1.842677827229511345e-01 3.530476500238733384e-01 2.914219875149501662e-02 6.404604285614940492e-04 2.821325455292661172e-03
0.000000000000000000e+00 2.948291899282263367e-04 2.110139522177564885e-04 9.632457581951780687e-03 1.612000177966360193e+00 4.432043543639142769e+00 2.286580441797240404e+00 5.089239682230772485e-03 2.535255536906953766e-02
0.000000000000000000e+00 2.948291899282263367e-04 2.110139522177564885e-04 2.948291899282263367e-04 1.156217516699837994e-01 1.620215142151886500e-01 6.348246172564442347e-02 5.118880151038018378e-04 2.210000253932856672e-03
0.000000000000000000e+00 2.948291899282263367e-04 9.538800276441742818e-03 3.399503459971640212e-04 3.018029587062984742e-01 3.809181525969799753e-01 3.509167660164618646e-02 7.925673733224438029e-04 3.530908430017918979e-03
0.000000000000000000e+00 2.948291899282263367e-04 9.538800276441742818e-03 3.313257082961330521e-04 1.210226067716854814e+00 2.098670336556437199e+00 1.721506129572109023e+00 4.168626998908236438e-03 2.030847184281263720e-02
0.000000000000000000e+00 2.948291899282263367e-04 2.110139522177564885e-04 9.632457581951780687e-03 8.449394314647030724e-01 3.859093273620552544e+00 6.552300426756732854e+00 1.748722851246485854e-01 3.604637224810126189e-02
0.000000000000000000e+00 2.948291899282263367e-04 2.110139522177564885e-04 9.632457581951780687e-03 3.017461187102892795e-01 4.008320219759348713e-01 1.072132875766698967e-01 9.765457246796063577e-04 4.381980118300221778e-03
0.000000000000000000e+00 2.948291899282263367e-04 2.110139522177564885e-04 2.948291899282263367e-04 1.156217516699837994e-01 1.496675760395469734e-01 9.177629346295326784e-02 5.145576393881573420e-04 2.226190730137007131e-03
0.000000000000000000e+00 2.948291899282263367e-04 2.110139522177564885e-04 9.632457581951780687e-03 8.648533008436580793e-01 1.095689116026592247e+00 2.729606756038912008e-01 2.194894494101930129e-03 1.027038178125511125e-02
0.000000000000000000e+00 2.110139522177564885e-04 2.110139522177564885e-04 3.025061749050248915e-04 3.415074495009799357e-03 1.955367578104047488e-02 3.966204187646947543e-03 2.395942883845946436e-04 9.685056823984724032e-04
0.000000000000000000e+00 2.948291899282263367e-04 2.110139522177564885e-04 2.948291899282263367e-04 1.210195598922230609e+00 6.951645835249730787e+00 1.714878036856220334e+01 7.455168669714204964e-03 4.025945236986503556e-02
0.000000000000000000e+00 2.948291899282263367e-04 2.110139522177564885e-04 2.948291899282263367e-04 8.847418870961011317e-01 3.786544827444322081e+00 7.128535796046562290e+00 1.749111086990766950e-01 3.638968228931507842e-02
0.000000000000000000e+00 2.948291899282263367e-04 2.110139522177564885e-04 2.948291899282263367e-04 1.234193880780603436e+00 7.056823996856549819e+00 1.660428314151113938e+01 1.734644185172511954e-01 4.025945236986503556e-02
0.000000000000000000e+00 2.948291899282263367e-04 9.538800276441742818e-03 9.642958196985096722e-03 1.631487224567082506e-01 2.012498329633820304e-01 7.588557645626122991e-03 5.172051836286385186e-04 2.242299564634642542e-03
0.000000000000000000e+00 2.948291899282263367e-04 2.110139522177564885e-04 2.948291899282263367e-04 1.842677827229511345e-01 5.201541417096372522e-01 1.119325910642839095e-02 7.857650720582636623e-04 3.487711104656445512e-03
0.000000000000000000e+00 2.948291899282263367e-04 9.538800276441742818e-03 6.929528664422468509e+00 2.350101424668449823e+01 2.516966058942915918e+00 4.850558569202645387e-01 3.631816616348418000e-03 2.027949989877264256e-02
0.000000000000000000e+00 2.948291899282263367e-04 2.110139522177564885e-04 2.150356535994840277e-04 1.155790050744989889e-01 3.292846019544238417e-02 2.585279776438321325e-02 3.532955704160820423e-04 1.484875598076763328e-03
0.000000000000000000e+00 2.948291899282263367e-04 2.110139522177564885e-04 2.948291899282263367e-04 1.138200753347110350e+00 3.568897503222203227e+00 6.120123899789361666e+00 6.059384716108813865e-03 3.064653941224416284e-02
0.000000000000000000e+00 2.948291899282263367e-04 2.110139522177564885e-04 2.948291899282263367e-04 1.736463719999394029e-01 2.154877131935896972e-01 4.109955309608204904e-02 5.224348973519079556e-04 2.274273957994436216e-03
0.000000000000000000e+00 2.948291899282263367e-04 2.110139522177564885e-04 2.948291899282263367e-04 9.046557564750559166e-01 7.581701246589273246e+00 1.533379807272437922e+01 7.422227626374231120e-03 3.979103787238166823e-02
0.000000000000000000e+00 2.948291899282263367e-04 2.110139522177564885e-04 2.948291899282263367e-04 1.641045142110952204e+00 4.343679623826047553e+00 2.533980500264534363e+00 5.936788699649452224e-03 1.736665782823632043e-01
0.000000000000000000e+00 2.948291899282263367e-04 2.110139522177564885e-04 9.404432967544240185e+00 3.112409034585212453e+01 3.183134485107810274e+00 7.400912058026123397e-01 2.262912820916009732e-02 5.407838579360856046e-03
0.000000000000000000e+00 2.948291899282263367e-04 2.110139522177564885e-04 9.632457581951780687e-03 6.089630798020846392e-01 9.181779034386982064e-01 1.037486650208965522e-01 1.492666230459998656e-03 6.879110310892862581e-03
0.000000000000000000e+00 2.948291899282263367e-04 2.110139522177564885e-04 2.150356535994840277e-04 1.156217516699837994e-01 1.373071249593212639e-01 6.448484861154244255e-03 4.223864839361130431e-04 1.799998389042816328e-03
0.000000000000000000e+00 2.948291899282263367e-04 2.110139522177564885e-04 2.150356535994840277e-04 1.156217516699837994e-01 5.407411898857249211e-02 5.408472052395312153e-03 3.532955704160820423e-04 1.484875598076763328e-03
0.000000000000000000e+00 2.948291899282263367e-04 2.110139522177564885e-04 2.948291899282263367e-04 1.641045142110952204e+00 6.531841227371196545e+00 1.769327196970901994e+01 6.097029244863289704e-03 3.305550562891653582e-02
0.000000000000000000e+00 3.025061749050248915e-04 2.110139522177564885e-04 2.110139522177564885e-04 1.063187438189958645e-01 1.373005273447535091e-01 5.578978497133919162e-03 3.640255868294906254e-04 1.547811838977159078e-03
0.000000000000000000e+00 2.948291899282263367e-04 2.110139522177564885e-04 9.632457581951780687e-03 1.210226067716854814e+00 2.098670336556437199e+00 5.432978889350275065e-01 9.177449083631898652e-02 1.047885977577682204e-01
0.000000000000000000e+00 2.948291899282263367e-04 2.110139522177564885e-04 9.632457581951780687e-03 9.702754729005491630e-02 8.316273784209977649e+00 2.459014694272815404e+01 4.700251964338894237e-03 1.297741524046736872e-01
0.000000000000000000e+00 2.948291899282263367e-04 2.110139522177564885e-04 2.110139522177564885e-04 1.156217516699837994e-01 3.293403411268757547e-02 4.462959839933673678e-03 2.985754010969273527e-04 1.248864901831533850e-03
0.000000000000000000e+00 2.948291899282263367e-04 2.110139522177564885e-04 2.150356535994840277e-04 1.156217516699837994e-01 7.522535169894778440e-02 1.750178925675946115e-02 3.597881882562314502e-04 1.522828839827171724e-03
0.000000000000000000e+00 2.948291899282263367e-04 2.110139522177564885e-04 2.948291899282263367e-04 1.156217516699837994e-01 1.496675760395469734e-01 9.197608076087084028e-02 5.145576393881573420e-04 1.894230808339789074e-02
0.000000000000000000e+00 2.948291899282263367e-04 2.110139522177564885e-04 9.632457581951780687e-03 5.922469624488237994e-01 9.181450654265537192e-01 1.037330496216387760e-01 1.487645903026858047e-03 6.845160648934038757e-03
0.000000000000000000e+00 2.948291899282263367e-04 2.110139522177564885e-04 2.948291899282263367e-04 8.847418870961011317e-01 3.786544827444322081e+00 7.128535796046562290e+00 3.426957949609944487e-01 2.042587711438385856e-01
0.000000000000000000e+00 2.948291899282263367e-04 2.110139522177564885e-04 2.948291899282263367e-04 1.234193880780603436e+00 6.951737334835631721e+00 1.660428503895524699e+01 7.448442913582971857e-03 4.015891264318949966e-02
0.000000000000000000e+00 2.948291899282263367e-04 2.110139522177564885e-04 2.948291899282263367e-04 1.234193880780603436e+00 2.038968326063395065e+00 3.498649889508723132e-02 2.746045194578721534e-03 1.303371722198753968e-02
0.000000000000000000e+00 2.948291899282263367e-04 2.110139522177564885e-04 6.929436471989293800e+00 2.622346459848108680e+01 4.990068568364456780e+00 2.094387904890523178e+00 8.949454318686140761e-04 5.389845017821843706e-03
0.000000000000000000e+00 2.948291899282263367e-04 2.110139522177564885e-04 9.632457581951780687e-03 1.737083768443440646e-01 2.012498329633820304e-01 7.510183052338645707e-03 5.172051836286385186e-04 2.242299564634642542e-03
0.000000000000000000e+00 2.948291899282263367e-04 2.110139522177564885e-04 2.948291899282263367e-04 8.847418870961011317e-01 3.713930862112628795e+00 7.272577399787166996e+00 6.782651674848377832e-01 2.044258744199891342e-01
0.000000000000000000e+00 2.948291899282263367e-04 2.110139522177564885e-04 2.948291899282263367e-04 1.156217516699837994e-01 6.107921431167539161e+00 6.552300426756732854e+00 1.748722851246485854e-01 3.604637224810126189e-02
0.000000000000000000e+00 2.948291899282263367e-04 2.110139522177564885e-04 2.948291899282263367e-04 6.423740913248149331e-01 8.421724009092265817e+00 2.096023845430270072e+01 4.695259878704666559e-03 2.580711586647806491e-02
0.000000000000000000e+00 2.948291899282263367e-04 2.110139522177564885e-04 2.948291899282263367e-04 2.192838368781426350e+00 5.901846836866511126e+00 1.206682969068659439e+01 7.985128692681796661e-03 4.219803388028704749e-02
0.000000000000000000e+00 2.948291899282263367e-04 2.110139522177564885e-04 2.948291899282263367e-04 1.186197317063857115e+00 7.161727191470380838e+00 1.424480924452648622e+01 7.396392041250430920e-03 3.945577654954017521e-02
0.000000000000000000e+00 2.948291899282263367e-04 2.110139522177564885e-04 2.948291899282263367e-04 1.138200753347110350e+00 7.476801829375764541e+00 1.297432038085150019e+01 8.014108401386490707e-03 4.253437210351613401e-02
0.000000000000000000e+00 2.948291899282263367e-04 2.110139522177564885e-04 2.823847328392764533e-02 8.250747342103027515e-01 1.658680518997539322e+00 3.865907919805759430e-01 2.731268811260671725e-03 1.292760839839581129e-02
0.000000000000000000e+00 2.948291899282263367e-04 2.110139522177564885e-04 2.110139522177564885e-04 1.156217516699837994e-01 1.126057615126219852e-01 1.786434715228397974e-02 3.640255868294906254e-04 1.547811838977159078e-03
0.000000000000000000e+00 2.948291899282263367e-04 9.538800276441742818e-03 9.227817316871444575e+00 2.495314321879411779e+01 5.631413388724083369e+00 1.827039849981416664e+00 8.937491181483686901e-04 5.421733815267270988e-03
0.000000000000000000e+00 2.948291899282263367e-04 9.538800276441742818e-03 3.313257082961330521e-04 8.648533008436580793e-01 3.786544827444322081e+00 6.552300426756732854e+00 7.087598862722926593e-03 3.595911402116371697e-02
0.000000000000000000e+00 2.948291899282263367e-04 2.110139522177564885e-04 9.632457581951780687e-03 6.089630798020846392e-01 5.857039967185262430e-01 1.662711220623376909e-02 1.216493972168535692e-03 5.534214199823996733e-03
0.000000000000000000e+00 2.948291899282263367e-04 2.110139522177564885e-04 2.948291899282263367e-04 7.840972026603217071e-02 6.398066663812129740e+00 6.552300426756732854e+00 5.104416576484919199e-01 3.621916950874060764e-02
0.000000000000000000e+00 2.948291899282263367e-04 2.110139522177564885e-04 2.150356535994840277e-04 1.156217516699837994e-01 5.407411898857249211e-02 5.523685266858015253e-03 3.532955704160820423e-04 1.484875598076763328e-03
0.000000000000000000e+00 2.948291899282263367e-04 2.110139522177564885e-04 2.948291899282263367e-04 6.256579739715540933e-01 8.526712924313500253e+00 2.059724217823673342e+01 1.085000840243506570e-01 2.578298919010544796e-02
0.000000000000000000e+00 2.948291899282263367e-04 2.110139522177564885e-04 2.110139522177564885e-04 1.155790050744989889e-01 3.293403411268757547e-02 4.707138971253102717e-03 2.985754010969273527e-04 1.248864901831533850e-03
0.000000000000000000e+00 2.948291899282263367e-04 2.110139522177564885e-04 9.632457581951780687e-03 4.194504172236770412e-01 5.071599215115439874e-01 1.881783647598875286e-01 3.634213276832835848e-02 4.068935900188728333e-02
0.000000000000000000e+00 2.948291899282263367e-04 2.110139522177564885e-04 2.948291899282263367e-04 6.910671241504423579e-02 6.397988004150928276e+00 2.295649811388742734e+01 6.109837853911007782e-03 3.327954022227111452e-02
0.000000000000000000e+00 2.948291899282263367e-04 2.110139522177564885e-04 2.948291899282263367e-04 6.910671241504423579e-02 6.397988004150928276e+00 2.386398880405234380e+01 1.416090840277349772e-01 3.348897251535030289e-02
0.000000000000000000e+00 2.948291899282263367e-04 2.110139522177564885e-04 2.948291899282263367e-04 1.186197317063857115e+00 7.266813853491297159e+00 1.261132410478553645e+01 8.002812135721204881e-03 4.240154388318769646e-02
0.000000000000000000e+00 2.948291899282263367e-04 2.110139522177564885e-04 2.948291899282263367e-04 2.122587091189106712e+00 5.901673448306248737e+00 1.097784367544082151e+01 7.933571394081975758e-03 4.163012507879351731e-02
0.000000000000000000e+00 2.948291899282263367e-04 2.110139522177564885e-04 2.948291899282263367e-04 1.154942208950798938e-01 1.249596996882636618e-01 1.775995083880736736e-02 4.223864839361130431e-04 1.791486752992506358e-03
0.000000000000000000e+00 2.948291899282263367e-04 2.110139522177564885e-04 2.948291899282263367e-04 9.046557564750559166e-01 5.226472404271347294e+00 3.028786989378667638e+00 1.500253941904195476e-01 2.993644711358812299e-02
0.000000000000000000e+00 2.948291899282263367e-04 2.110139522177564885e-04 2.110139522177564885e-04 1.155364942910957898e-01 3.293403411268757547e-02 4.462959839933673678e-03 2.985754010969273527e-04 1.248864901831533850e-03
0.000000000000000000e+00 2.948291899282263367e-04 2.110139522177564885e-04 2.948291899282263367e-04 1.162199035205483844e+00 7.371808077510401347e+00 1.333731665691746393e+01 1.886104850987007642e-01 4.272936499404612898e-02
0.000000000000000000e+00 2.948291899282263367e-04 2.110139522177564885e-04 9.632457581951780687e-03 1.186227785858481987e+00 3.351247230145439460e+00 1.416936059868699527e+00 4.203532970863427254e-03 2.057864174476324234e-02
0.000000000000000000e+00 2.948291899282263367e-04 4.675083168039347037e-02 6.566810900562888520e+00 2.005252790535972451e+01 6.400697969554404843e+00 1.124926804455246065e+00 5.027274649813943258e-02 1.227872946389278047e-02
0.000000000000000000e+00 2.948291899282263367e-04 2.110139522177564885e-04 9.632457581951780687e-03 1.737083768443440646e-01 2.012498329633820304e-01 5.781567044934293048e-02 5.250174884530040822e-04 2.290140324724998164e-03
0.000000000000000000e+00 2.948291899282263367e-04 2.110139522177564885e-04 9.632457581951780687e-03 1.582918290759783408e+00 6.636838702732472228e+00 1.733027569364305975e+01 1.415826186825006328e-01 3.301673829314679537e-02
0.000000000000000000e+00 2.948291899282263367e-04 2.110139522177564885e-04 2.110139522177564885e-04 1.155790050744989889e-01 6.465252230238273390e-02 5.249160368520050524e-03 3.554782541688216780e-04 1.497591008787294399e-03
0.000000000000000000e+00 2.948291899282263367e-04 2.110139522177564885e-04 2.948291899282263367e-04 1.234193880780603436e+00 2.098670336556437199e+00 1.802280622765626283e-01 2.767740385269020550e-03 1.319073782829451556e-02
0.000000000000000000e+00 2.190590579645674359e-04 2.110139522177564885e-04 2.948291899282263367e-04 2.676496003864652952e-03 1.954949789294794724e-02 2.257221988962281392e-02 2.433276217459231887e-04 9.891353867860623074e-04
0.000000000000000000e+00 2.948291899282263367e-04 2.110139522177564885e-04 2.948291899282263367e-04 3.017305084675180327e-01 4.008122403045182858e-01 8.320169175821810759e-02 7.992592202041653125e-04 3.573668886752216691e-03
0.000000000000000000e+00 2.948291899282263367e-04 2.110139522177564885e-04 1.170964142184375767e+01 2.840165449366380201e+01 4.966261926625725742e+00 6.313941827723292821e-01 8.901172712619649869e-04 5.407838579360856046e-03
0.000000000000000000e+00 2.948291899282263367e-04 2.110139522177564885e-04 2.948291899282263367e-04 5.921489300095720276e-01 1.472497543510417950e+00 5.061594489716788603e-01 2.214312990852456905e-03 1.040661240451013457e-02
0.000000000000000000e+00 2.948291899282263367e-04 2.110139522177564885e-04 2.948291899282263367e-04 1.156217516699837994e-01 6.464694838513754260e-02 5.081222165287949816e-03 3.554782541688216780e-04 1.497591008787294399e-03
0.000000000000000000e+00 2.948291899282263367e-04 2.110139522177564885e-04 2.948291899282263367e-04 8.648280177171461247e-01 1.137557496857017458e+00 3.241723827438688921e-01 2.201421770093261576e-03 7.001804407855530266e-02
0.000000000000000000e+00 2.948291899282263367e-04 2.110139522177564885e-04 9.632457581951780687e-03 1.612000177966360193e+00 2.915937983201314587e+00 2.362716018056941536e+00 1.242071104936106618e+00 2.985503151742381622e-02
0.000000000000000000e+00 2.948291899282263367e-04 2.110139522177564885e-04 2.948291899282263367e-04 3.766744476788710383e-01 3.809378344126916338e-01 1.552098512934161900e-01 9.843940543840250419e-04 4.432753245320436054e-03
0.000000000000000000e+00 2.948291899282263367e-04 2.110139522177564885e-04 2.948291899282263367e-04 1.162199035205483844e+00 7.371808077510401347e+00 2.459020121496230971e+01 8.379381785463833887e-02 2.026599501121753577e-02
0.000000000000000000e+00 2.948291899282263367e-04 2.110139522177564885e-04 2.948291899282263367e-04 1.234193880780603436e+00 6.846650672814716287e+00 1.896376174889202204e+01 1.415982665193793455e-01 1.687699368253817722e-01
0.000000000000000000e+00 2.948291899282263367e-04 2.110139522177564885e-04 2.948291899282263367e-04 1.186197317063857115e+00 7.266813853491297159e+00 1.242982596675255991e+01 1.885824879975540602e-01 4.240154388318769646e-02
0.000000000000000000e+00 2.948291899282263367e-04 2.110139522177564885e-04 7.002050437320986198e+00 2.168603286635467597e+01 3.962277007119017203e+00 1.847813653258002509e+00 6.514001100619806750e-02 1.588607616597680419e-02
0.000000000000000000e+00 2.948291899282263367e-04 2.110139522177564885e-04 2.948291899282263367e-04 2.227964007577586170e+00 5.796846198021243346e+00 1.097784086248870317e+01 7.947067258497223993e-03 4.177555790741727115e-02
0.000000000000000000e+00 2.948291899282263367e-04 2.110139522177564885e-04 2.948291899282263367e-04 1.186197317063857115e+00 3.351183681184509044e+00 6.264165503529965484e+00 1.748420244102938115e-01 3.578287245928677557e-02
0.000000000000000000e+00 2.948291899282263367e-04 2.110139522177564885e-04 2.150356535994840277e-04 3.415074495009799357e-03 3.814708906991085696e-02 3.819150674836416237e-03 2.433276217459231887e-04 9.891353867860623074e-04
0.000000000000000000e+00 2.948291899282263367e-04 2.110139522177564885e-04 2.948291899282263367e-04 3.528566292015173668e-03 3.815969148301633085e-02 3.861169783536324163e-03 2.433276217459231887e-04 9.891353867860623074e-04
0.000000000000000000e+00 2.948291899282263367e-04 2.110139522177564885e-04 2.948291899282263367e-04 2.647254593229615982e-01 7.521915084781944039e+00 2.477165551469775551e+01 4.701243527660214049e-03 1.298172325979342068e-01
0.000000000000000000e+00 2.948291899282263367e-04 2.110139522177564885e-04 9.632457581951780687e-03 1.210226067716854814e+00 3.278696490228188321e+00 1.732196045931450712e+00 4.228877860063129900e-03 1.481616277728569353e-01
0.000000000000000000e+00 2.948291899282263367e-04 2.110139522177564885e-04 2.948291899282263367e-04 1.162199035205483844e+00 2.098513588713271538e+00 9.789392159728187437e-01 3.435199114746509061e-03 1.654624649422182375e-02
0.000000000000000000e+00 2.948291899282263367e-04 2.110139522177564885e-04 2.948291899282263367e-04 1.582881367697798414e+00 6.531662395147638911e+00 1.733027850659517810e+01 7.458405486400229538e-03 4.030896471742687059e-02
0.000000000000000000e+00 2.948291899282263367e-04 2.110139522177564885e-04 2.948291899282263367e-04 2.775844154178533623e-03 1.024649004196001578e-02 1.325767384863341287e-02 2.395942883845946436e-04 9.685056823984724032e-04
0.000000000000000000e+00 2.948291899282263367e-04 2.110139522177564885e-04 2.948291899282263367e-04 1.641045142110952204e+00 4.343679623826047553e+00 2.905091255144038875e+00 5.966551867965602662e-03 1.739138738398777473e-01
0.000000000000000000e+00 2.948291899282263367e-04 2.110139522177564885e-04 2.948291899282263367e-04 1.842677827229511345e-01 2.012498329633820304e-01 7.588557645626122991e-03 5.172051836286385186e-04 2.242299564634642542e-03
0.000000000000000000e+00 2.948291899282263367e-04 2.110139522177564885e-04 2.150356535994840277e-04 1.328866530911664706e-02 1.032911964308609876e-01 1.510137559735721252e-02 2.947252779117725554e-04 1.226709010359095615e-03
0.000000000000000000e+00 2.948291899282263367e-04 2.110139522177564885e-04 2.948291899282263367e-04 1.210195598922230609e+00 2.158320364151434578e+00 1.802280622765626283e-01 2.767740385269020550e-03 1.319073782829451556e-02
0.000000000000000000e+00 2.948291899282263367e-04 2.110139522177564885e-04 9.632457581951780687e-03 8.250255620857481764e-01 1.011800915124161149e+00 1.222506131439715871e+00 2.753339130584667692e-03 1.308634224674862061e-02
0.000000000000000000e+00 2.948291899282263367e-04 2.110139522177564885e-04 2.948291899282263367e-04 2.227964007577586170e+00 5.796846198021243346e+00 1.188533155265360897e+01 7.979035773522463737e-03 4.212905546633315124e-02
0.000000000000000000e+00 2.948291899282263367e-04 2.110139522177564885e-04 9.632457581951780687e-03 2.192882965135483975e+00 5.796846198021243346e+00 1.224832782871957271e+01 1.885765936300680123e-01 4.233427715908315986e-02
0.000000000000000000e+00 2.948291899282263367e-04 2.110139522177564885e-04 2.948291899282263367e-04 2.951387212022420048e+00 4.956742686955617039e+00 7.296050412201043223e+00 7.850092750428557323e-03 4.058666826352855944e-02
0.000000000000000000e+00 2.948291899282263367e-04 2.110139522177564885e-04 2.948291899282263367e-04 2.227964007577586170e+00 5.691759536000326136e+00 1.279282414026262948e+01 8.002812135721204881e-03 4.240154388318769646e-02
0.000000000000000000e+00 2.948291899282263367e-04 2.110139522177564885e-04 2.948291899282263367e-04 1.186197317063857115e+00 7.266813853491297159e+00 1.279282224281851477e+01 8.008509313808729463e-03 4.246824189314987730e-02
0.000000000000000000e+00 2.948291899282263367e-04 2.110139522177564885e-04 2.948291899282263367e-04 1.138200753347110350e+00 7.476801829375764541e+00 1.279282224281851477e+01 8.008509313808729463e-03 2.230537133588381959e-01
0.000000000000000000e+00 2.948291899282263367e-04 2.110139522177564885e-04 9.632457581951780687e-03 1.210226067716854814e+00 3.060854594233109793e+00 1.191421499496775560e+00 4.177473962111879872e-03 2.037659865697575776e-02
0.000000000000000000e+00 2.948291899282263367e-04 2.110139522177564885e-04 9.139341208104953651e+00 2.531611536363678283e+01 5.551251567690122179e+00 1.443883413315328212e+00 6.611069608251865515e-02 5.421733815267270988e-03
0.000000000000000000e+00 2.948291899282263367e-04 2.110139522177564885e-04 2.948291899282263367e-04 1.162199035205483844e+00 7.371808077510401347e+00 1.388181107101640599e+01 7.391779498087863720e-03 3.939809744101209488e-02
0.000000000000000000e+00 2.948291899282263367e-04 2.110139522177564885e-04 9.632457581951780687e-03 1.737083768443440646e-01 2.012498329633820304e-01 4.109955309608204904e-02 5.224348973519079556e-04 2.274273957994436216e-03
0.000000000000000000e+00 2.948291899282263367e-04 2.110139522177564885e-04 9.632457581951780687e-03 8.051116927067933915e-01 7.778050504956701694e-01 3.132796277330068824e-01 1.811674480029838025e-03 8.414086724965760475e-03
0.000000000000000000e+00 2.948291899282263367e-04 2.110139522177564885e-04 2.948291899282263367e-04 2.227964007577586170e+00 2.408062839450332504e+00 1.837282707952355709e+00 4.987816997439669005e-03 2.453504777888198748e-02
0.000000000000000000e+00 2.948291899282263367e-04 2.110139522177564885e-04 9.632457581951780687e-03 2.909534224587830842e+00 5.061829348976533360e+00 6.960479285598244914e+00 7.841459050354899346e-03 4.050325763586049704e-02
0.000000000000000000e+00 2.948291899282263367e-04 2.110139522177564885e-04 2.948291899282263367e-04 1.162199035205483844e+00 2.098513588713271538e+00 9.789392159728187437e-01 3.435199114746509061e-03 1.654624649422182375e-02
0.000000000000000000e+00 2.948291899282263367e-04 2.110139522177564885e-04 2.948291899282263367e-04 1.210195598922230609e+00 7.161819159291565207e+00 1.624128686544517564e+01 7.444953449375089904e-03 4.010788379376054036e-02
0.000000000000000000e+00 2.948291899282263367e-04 2.110139522177564885e-04 2.948291899282263367e-04 1.641045142110952204e+00 4.432043543639142769e+00 8.638285622209430414e+00 7.823862526787931856e-03 4.033463518377265744e-02
0.000000000000000000e+00 2.948291899282263367e-04 2.110139522177564885e-04 2.110139522177564885e-04 1.324591871363184521e-02 1.955988675848852401e-02 4.020440140089575481e-03 2.414694001053035045e-04 9.788473223678879464e-04
0.000000000000000000e+00 2.948291899282263367e-04 2.110139522177564885e-04 2.110139522177564885e-04 1.324591871363184521e-02 1.955988675848852401e-02 3.850209116003636221e-03 2.414694001053035045e-04 9.788473223678879464e-04
0.000000000000000000e+00 2.948291899282263367e-04 2.110139522177564885e-04 2.948291899282263367e-04 1.611963254904375198e+00 6.636838702732472228e+00 1.787477010774200892e+01 1.415897281166251520e-01 3.313181380476477866e-02
0.000000000000000000e+00 2.948291899282263367e-04 2.110139522177564885e-04 2.948291899282263367e-04 1.156217516699837994e-01 1.620215142151886500e-01 6.471962965077282352e-03 4.271530089748412098e-04 1.828386266163348293e-03
0.000000000000000000e+00 2.948291899282263367e-04 2.110139522177564885e-04 2.948291899282263367e-04 7.840972026603217071e-02 4.663365295498545393e+00 1.300029352382109238e+01 1.893734787287074672e-01 4.091433271144631623e-02
0.000000000000000000e+00 2.948291899282263367e-04 2.110139522177564885e-04 2.948291899282263367e-04 1.186197317063857115e+00 7.266813853491297159e+00 1.805626824577498724e+01 6.101566512612351979e-03 3.313181380476477866e-02
0.000000000000000000e+00 2.948291899282263367e-04 2.110139522177564885e-04 2.948291899282263367e-04 3.017872738498865726e-01 2.361534511995390662e-01 6.887590198511407691e-02 6.462931478411279443e-04 2.857905474262438777e-03
0.000000000000000000e+00 2.948291899282263367e-04 2.110139522177564885e-04 2.948291899282263367e-04 1.210195598922230609e+00 3.278633264813746617e+00 1.311836822812500136e+00 4.186240331575035584e-03 2.044433524311303069e-02
0.000000000000000000e+00 2.948291899282263367e-04 2.110139522177564885e-04 9.632457581951780687e-03 2.783815646960564383e+00 5.376839206500648949e+00 7.799402716907849253e+00 1.893816783849636143e-01 4.099475978308492891e-02
0.000000000000000000e+00 2.948291899282263367e-04 2.110139522177564885e-04 2.150356535994840277e-04 1.155790050744989889e-01 7.522535169894778440e-02 1.772772933661369288e-02 3.597881882562314502e-04 1.522828839827171724e-03
0.000000000000000000e+00 2.948291899282263367e-04 2.110139522177564885e-04 2.948291899282263367e-04 1.210195598922230609e+00 7.056732497270647109e+00 1.950825524748296047e+01 4.125865346510341758e-01 3.348897251535030289e-02
0.000000000000000000e+00 2.948291899282263367e-04 2.110139522177564885e-04 9.632457581951780687e-03 5.922469624488237994e-01 6.147586960532805955e-01 2.273809449831927232e-01 1.482584006818539772e-03 6.811034087746523254e-03
0.000000000000000000e+00 2.948291899282263367e-04 2.110139522177564885e-04 2.948291899282263367e-04 6.910671241504423579e-02 6.470601969482621563e+00 2.404550866078344740e+01 1.416121654079774694e-01 3.355555896804935517e-02
0.000000000000000000e+00 2.948291899282263367e-04 2.110139522177564885e-04 9.632457581951780687e-03 6.256022869401460795e-01 3.153554451075816778e-01 7.185081593358025320e-02 9.921150176167147384e-04 3.356489737357029601e-02
0.000000000000000000e+00 2.948291899282263367e-04 2.110139522177564885e-04 2.948291899282263367e-04 6.910671241504423579e-02 6.470601969482621563e+00 2.404550866078344740e+01 1.416121654079774694e-01 3.355555896804935517e-02
0.000000000000000000e+00 2.948291899282263367e-04 2.110139522177564885e-04 2.110139522177564885e-04 1.155790050744989889e-01 2.236120471612252150e-02 4.696769395342777556e-03 2.966586583774235338e-04 1.237815217669897697e-03
0.000000000000000000e+00 2.948291899282263367e-04 2.110139522177564885e-04 2.948291899282263367e-04 6.423740913248149331e-01 8.421724009092265817e+00 2.096023845430270072e+01 1.085019495708700321e-01 2.583093675339935905e-02
0.000000000000000000e+00 2.948291899282263367e-04 2.110139522177564885e-04 2.948291899282263367e-04 7.840972026603217071e-02 6.325452698480436453e+00 2.513447577028320978e+01 4.695259878704666559e-03 1.296138055586434357e-01
0.000000000000000000e+00 2.948291899282263367e-04 2.110139522177564885e-04 2.948291899282263367e-04 2.227964007577586170e+00 5.796846198021243346e+00 1.242982596675255991e+01 7.997016531874227840e-03 4.233427715908315986e-02
0.000000000000000000e+00 2.948291899282263367e-04 2.110139522177564885e-04 2.948291899282263367e-04 1.210195598922230609e+00 3.206019299482053331e+00 1.521996885871024441e+00 4.194926528915983791e-03 2.051168260697993490e-02
0.000000000000000000e+00 2.948291899282263367e-04 9.538800276441742818e-03 6.856914699090776111e+00 2.622346459848108680e+01 5.150392210432375606e+00 2.094386146459791487e+00 8.925456451359593162e-04 5.417156542267445585e-03
0.000000000000000000e+00 2.948291899282263367e-04 2.110139522177564885e-04 2.948291899282263367e-04 9.046557564750559166e-01 3.641382084027903865e+00 7.128518557464713190e+00 7.116878447863728835e-03 3.621916950874060764e-02
0.000000000000000000e+00 2.948291899282263367e-04 2.110139522177564885e-04 2.948291899282263367e-04 2.647254593229615982e-01 7.521915084781944039e+00 2.477165551469775551e+01 1.085079332198206903e-01 2.603162940365656361e-02
0.000000000000000000e+00 2.948291899282263367e-04 9.538800276441742818e-03 3.313257082961330521e-04 1.186227785858481987e+00 3.278633264813746617e+00 1.942356794937990516e+00 1.286914019572745760e-01 2.461160144158560520e-02
0.000000000000000000e+00 2.948291899282263367e-04 2.110139522177564885e-04 2.948291899282263367e-04 2.877280549165753092e-03 1.954529700551240964e-02 3.964960488609699913e-04 2.395942883845946436e-04 9.685056823984724032e-04
0.000000000000000000e+00 2.948291899282263367e-04 2.110139522177564885e-04 2.948291899282263367e-04 2.951387212022420048e+00 5.061829348976533360e+00 6.960479285598244914e+00 7.841459050354899346e-03 2.220013956688381973e-01
0.000000000000000000e+00 2.948291899282263367e-04 2.110139522177564885e-04 2.110139522177564885e-04 1.154942208950798938e-01 7.522535169894778440e-02 3.019645238825967651e-02 3.619158537072368273e-04 1.535352010195604588e-03
0.000000000000000000e+00 2.948291899282263367e-04 2.110139522177564885e-04 2.948291899282263367e-04 1.248011452161600435e-02 8.468094171540394011e-02 4.604201620876505197e-03 2.888232524900767074e-04 1.187610101881930811e-03
0.000000000000000000e+00 2.948291899282263367e-04 2.110139522177564885e-04 9.632457581951780687e-03 3.017461187102892795e-01 4.008320219759348713e-01 8.321500571829647253e-02 8.025643033361913115e-04 3.594886461443551600e-03
0.000000000000000000e+00 2.948291899282263367e-04 2.110139522177564885e-04 9.632457581951780687e-03 3.017461187102892795e-01 4.008320219759348713e-01 1.552098512934161900e-01 9.843940543840250419e-04 4.432753245320436054e-03
0.000000000000000000e+00 2.948291899282263367e-04 2.110139522177564885e-04 9.632457581951780687e-03 2.909534224587830842e+00 5.061829348976533360e+00 7.463833344384005919e+00 7.867033153448976454e-03 4.075169389799352532e-02
0.000000000000000000e+00 2.948291899282263367e-04 2.110139522177564885e-04 2.110139522177564885e-04 1.156217516699837994e-01 7.521977778170260698e-02 5.488576036976485460e-03 3.576423901116470086e-04 1.510241963192741335e-03
0.000000000000000000e+00 2.948291899282263367e-04 2.110139522177564885e-04 2.948291899282263367e-04 5.980370456405630086e-02 6.543136868694706898e+00 2.204902914242064327e+01 1.415919631157229741e-01 3.316935579616556856e-02
0.000000000000000000e+00 2.948291899282263367e-04 2.110139522177564885e-04 2.110139522177564885e-04 3.566820820504548045e-03 5.676152929689967652e-02 4.053337044326792843e-03 2.469943230828653660e-04 1.009552332408318251e-03
0.000000000000000000e+00 2.948291899282263367e-04 2.110139522177564885e-04 6.711594575994213940e+00 2.440841091017379583e+01 2.828412406593582062e+00 1.872761977640376108e+00 3.812538999939791423e-02 9.362135665253856071e-03
0.000000000000000000e+00 2.948291899282263367e-04 2.110139522177564885e-04 2.150356535994840277e-04 1.155790050744989889e-01 7.522535169894778440e-02 1.784251421261815254e-02 3.597881882562314502e-04 1.522828839827171724e-03
0.000000000000000000e+00 2.948291899282263367e-04 2.110139522177564885e-04 2.948291899282263367e-04 1.210195598922230609e+00 2.038916343165350753e+00 1.721472316782806100e+00 4.150689579829547164e-03 2.017104345865263978e-02
0.000000000000000000e+00 2.948291899282263367e-04 2.110139522177564885e-04 2.948291899282263367e-04 8.648280177171461247e-01 3.859093273620552544e+00 6.552300426756732854e+00 7.087598862722926593e-03 3.595911402116371697e-02
0.000000000000000000e+00 2.948291899282263367e-04 2.110139522177564885e-04 9.632457581951780687e-03 3.018029587062984742e-01 2.194539389939041962e-01 2.914219875149501662e-02 6.404604285614940492e-04 2.821325455292661172e-03
0.000000000000000000e+00 2.948291899282263367e-04 1.800060768439857295e-01 7.903898085044762212e+00 2.495315365273073738e+01 4.829811461844394138e+00 1.849427079438003663e+00 7.329559416655675487e-04 4.423781118488710057e-03
0.000000000000000000e+00 2.948291899282263367e-04 2.110139522177564885e-04 9.632457581951780687e-03 1.641082065172937199e+00 2.698157398547540442e+00 2.362690182038349462e+00 1.365755985480375578e+00 2.977310855478870755e-02
0.000000000000000000e+00 2.948291899282263367e-04 9.538800276441742818e-03 3.313257082961330521e-04 3.018029587062984742e-01 4.008320219759348713e-01 1.310981036989112558e-01 9.804859389871769821e-04 4.407431471981791173e-03
0.000000000000000000e+00 2.948291899282263367e-04 2.110139522177564885e-04 2.948291899282263367e-04 5.980370456405630086e-02 6.543136868694706898e+00 7.128535796046562290e+00 7.126422437151037903e-03 2.040893971422336750e-01
0.000000000000000000e+00 2.948291899282263367e-04 2.110139522177564885e-04 2.948291899282263367e-04 1.186197317063857115e+00 7.161727191470380838e+00 1.424480924452648622e+01 7.396392041250430920e-03 3.945577654954017521e-02
0.000000000000000000e+00 2.948291899282263367e-04 2.110139522177564885e-04 2.948291899282263367e-04 9.046557564750559166e-01 3.713996049359596263e+00 7.128535796046562290e+00 1.749111086990766950e-01 3.638968228931507842e-02
0.000000000000000000e+00 2.948291899282263367e-04 2.110139522177564885e-04 2.948291899282263367e-04 1.138200753347110350e+00 5.226629852275013199e+00 5.688069845351916065e+00 1.749111086990766950e-01 3.638968228931507842e-02
0.000000000000000000e+00 2.948291899282263367e-04 2.110139522177564885e-04 2.948291899282263367e-04 8.847418870961011317e-01 5.491484837362905047e+00 3.028227545659694098e+00 5.985897441286278792e-03 3.001735647369310409e-02
0.000000000000000000e+00 2.948291899282263367e-04 2.110139522177564885e-04 2.948291899282263367e-04 2.647254593229615982e-01 7.521915084781944039e+00 2.495315365273073738e+01 4.701667518679243304e-03 1.298383190958219413e-01
0.000000000000000000e+00 2.948291899282263367e-04 2.110139522177564885e-04 2.948291899282263367e-04 1.234083610547216381e+00 7.056823996856549819e+00 1.787477010774200892e+01 6.099331513520887642e-03 3.309386394034211087e-02
0.000000000000000000e+00 2.948291899282263367e-04 2.110139522177564885e-04 2.948291899282263367e-04 2.227964007577586170e+00 5.796846198021243346e+00 1.188533155265360897e+01 7.979035773522463737e-03 4.212905546633315124e-02
0.000000000000000000e+00 2.948291899282263367e-04 2.110139522177564885e-04 2.948291899282263367e-04 8.771272811702000849e-02 6.180303023794102124e+00 7.272559220868296315e+00 7.116878447863728835e-03 3.621916950874060764e-02
0.000000000000000000e+00 2.948291899282263367e-04 2.110139522177564885e-04 9.632457581951780687e-03 1.186227785858481987e+00 3.351247230145439460e+00 1.416936059868699527e+00 4.203532970863427254e-03 1.256653037656803862e-01
0.000000000000000000e+00 2.948291899282263367e-04 2.110139522177564885e-04 2.948291899282263367e-04 2.192838368781426350e+00 5.796760174845593916e+00 1.279282414026262948e+01 8.002812135721204881e-03 4.240154388318769646e-02
0.000000000000000000e+00 2.948291899282263367e-04 2.110139522177564885e-04 9.632457581951780687e-03 1.210226067716854814e+00 2.098670336556437199e+00 1.279271828747971185e+00 3.467036579611369046e-03 1.678534629648212664e-02
0.000000000000000000e+00 2.948291899282263367e-04 2.110139522177564885e-04 2.948291899282263367e-04 1.138200753347110350e+00 7.476801829375764541e+00 1.279282224281851477e+01 8.008509313808729463e-03 4.246824189314987730e-02
0.000000000000000000e+00 2.948291899282263367e-04 2.110139522177564885e-04 9.632457581951780687e-03 6.256791971553454790e-01 1.908612622176427021e+00 1.196663196531767115e+00 3.402216636359461661e-03 1.630175356933730516e-02
0.000000000000000000e+00 2.948291899282263367e-04 2.110139522177564885e-04 2.948291899282263367e-04 1.234193880780603436e+00 7.056823996856549819e+00 1.642194905330397603e+01 7.448442913582971857e-03 4.015891264318949966e-02
0.000000000000000000e+00 2.948291899282263367e-04 9.538800276441742818e-03 3.313257082961330521e-04 3.018029587062984742e-01 4.008320219759348713e-01 3.521844200154960330e-02 7.959269864937089552e-04 2.755062488922058878e-02
0.000000000000000000e+00 2.948291899282263367e-04 9.538800276441742818e-03 9.642958196985096722e-03 1.631487224567082506e-01 2.012498329633820304e-01 7.667318389560481319e-03 5.172051836286385186e-04 2.242299564634642542e-03
0.000000000000000000e+00 2.948291899282263367e-04 5.605383953138140529e-02 8.786528378307668419e+00 2.694962273715691836e+01 4.191164481990725221e+00 1.740080921359960175e+00 1.092801686515678522e-03 6.642552693555035803e-03
0.000000000000000000e+00 2.948291899282263367e-04 2.110139522177564885e-04 2.948291899282263367e-04 1.114202471488736856e+00 3.641446940811013722e+00 2.257629356036024326e+00 1.287295329462525006e-01 2.491332508057146969e-02
0.000000000000000000e+00 2.948291899282263367e-04 2.110139522177564885e-04 2.948291899282263367e-04 8.250002789592363328e-01 4.004189164360944631e+00 6.264182742111819024e+00 7.067534848839339412e-03 3.578287245928677557e-02
0.000000000000000000e+00 2.948291899282263367e-04 2.110139522177564885e-04 2.948291899282263367e-04 6.256579739715540933e-01 8.526712924313500253e+00 2.077874031626972240e+01 4.694351691822226495e-03 2.578298919010544796e-02
0.000000000000000000e+00 2.948291899282263367e-04 2.110139522177564885e-04 2.948291899282263367e-04 1.186197317063857115e+00 3.351183681184509044e+00 5.976047818885051655e+00 1.501004325352275071e-01 1.746284826879647700e-01
0.000000000000000000e+00 2.948291899282263367e-04 2.110139522177564885e-04 9.632457581951780687e-03 8.772453943906696749e-02 6.252994844134613928e+00 6.840418111401648460e+00 7.107226826706938491e-03 3.613305701944066056e-02
0.000000000000000000e+00 2.948291899282263367e-04 2.110139522177564885e-04 2.948291899282263367e-04 8.847418870961011317e-01 3.713930862112628795e+00 7.272577399787166996e+00 6.782651674848377832e-01 2.044258744199891342e-01
0.000000000000000000e+00 2.948291899282263367e-04 2.110139522177564885e-04 2.948291899282263367e-04 5.980370456405630086e-02 6.543136868694706898e+00 7.128535796046562290e+00 7.126422437151037903e-03 3.630471088030798321e-02
0.000000000000000000e+00 2.948291899282263367e-04 2.110139522177564885e-04 9.632457581951780687e-03 8.648533008436580793e-01 3.786544827444322081e+00 7.128535796046562290e+00 7.126422437151037903e-03 3.630471088030798321e-02
0.000000000000000000e+00 2.948291899282263367e-04 2.110139522177564885e-04 9.632457581951780687e-03 1.210226067716854814e+00 3.206082524896495034e+00 1.416923484833416902e+00 4.194926528915983791e-03 2.051168260697993490e-02
0.000000000000000000e+00 2.948291899282263367e-04 2.110139522177564885e-04 9.632457581951780687e-03 1.737083768443440646e-01 2.012498329633820304e-01 1.079640225091253875e-01 6.345310980986808985e-04 2.784373046493779889e-03
0.000000000000000000e+00 2.948291899282263367e-04 2.110139522177564885e-04 2.948291899282263367e-04 1.114202471488736856e+00 3.641446940811013722e+00 2.152051893616841127e+00 5.016550922191595485e-03 2.476335928159225860e-02
0.000000000000000000e+00 2.948291899282263367e-04 9.538800276441742818e-03 9.139453397058350248e+00 2.567912425232690765e+01 5.070328792777037741e+00 2.027574587667190897e+00 8.901172712619649869e-04 2.714563176316988832e-02
0.000000000000000000e+00 2.948291899282263367e-04 2.110139522177564885e-04 2.948291899282263367e-04 6.910671241504423579e-02 6.397988004150928276e+00 1.165746321194055568e+01 7.883540351985938305e-03 2.224124707444239957e-01
0.000000000000000000e+00 2.948291899282263367e-04 2.110139522177564885e-04 2.948291899282263367e-04 9.701573596800794341e-02 6.252994844134613928e+00 2.277502169455256720e+01 6.109837853911007782e-03 3.327954022227111452e-02
0.000000000000000000e+00 2.948291899282263367e-04 2.110139522177564885e-04 9.632457581951780687e-03 1.641082065172937199e+00 4.343754233584954605e+00 1.206852075912832056e+00 1.287295329462525006e-01 2.491332508057146969e-02
0.000000000000000000e+00 2.948291899282263367e-04 2.110139522177564885e-04 2.948291899282263367e-04 1.186197317063857115e+00 3.423797646516201887e+00 1.942369369973272697e+00 1.287010708379777157e-01 2.468770490968873188e-02
0.000000000000000000e+00 2.948291899282263367e-04 2.110139522177564885e-04 2.948291899282263367e-04 6.423740913248149331e-01 8.421724009092265817e+00 2.132239878019448653e+01 4.696929291791438962e-03 2.585445225029630451e-02
0.000000000000000000e+00 2.948291899282263367e-04 2.110139522177564885e-04 2.110139522177564885e-04 3.528566292015173668e-03 4.745852144591174854e-02 3.871931808586778160e-03 2.451691870160407796e-04 9.993702636559534825e-04
0.000000000000000000e+00 2.948291899282263367e-04 2.110139522177564885e-04 9.632457581951780687e-03 6.089630798020846392e-01 5.857039967185262430e-01 3.131801106123559553e-01 1.487645903026858047e-03 6.845160648934038757e-03
0.000000000000000000e+00 2.948291899282263367e-04 2.110139522177564885e-04 2.948291899282263367e-04 6.089418566182930315e-01 5.856768088467038114e-01 5.645992885581924137e-01 1.805922574106956372e-03 8.374591539619388042e-03
0.000000000000000000e+00 2.948291899282263367e-04 2.110139522177564885e-04 2.948291899282263367e-04 1.210195598922230609e+00 7.056732497270647109e+00 1.678578317698823241e+01 7.451847899255606769e-03 4.020943525610445185e-02
0.000000000000000000e+00 2.948291899282263367e-04 2.110139522177564885e-04 2.948291899282263367e-04 2.951387212022420048e+00 5.061829348976533360e+00 7.463833344384005919e+00 1.893651711864351994e-01 4.083331111082222353e-02
0.000000000000000000e+00 2.948291899282263367e-04 2.110139522177564885e-04 2.948291899282263367e-04 1.582881367697798414e+00 4.520257089313801657e+00 2.905091255144038875e+00 1.500253941904195476e-01 2.993644711358812299e-02
0.000000000000000000e+00 3.025061749050248915e-04 2.110139522177564885e-04 3.025061749050248915e-04 1.156217516699837994e-01 1.249596996882636618e-01 1.793291667277558885e-02 4.223864839361130431e-04 1.799998389042816328e-03
0.000000000000000000e+00 2.948291899282263367e-04 2.110139522177564885e-04 9.632457581951780687e-03 1.210226067716854814e+00 2.098670336556437199e+00 2.528420276082555818e-01 2.774848446559634654e-03 8.585647541141372407e-02
0.000000000000000000e+00 2.948291899282263367e-04 2.110139522177564885e-04 9.632457581951780687e-03 2.894490205306567976e-01 2.361433633670541044e-01 1.486254150252243333e-01 7.925673733224438029e-04 3.530908430017918979e-03
0.000000000000000000e+00 2.948291899282263367e-04 2.110139522177564885e-04 2.948291899282263367e-04 6.910671241504423579e-02 6.397988004150928276e+00 2.531597390831619521e+01 4.696119032456944585e-03 1.296376264455598171e-01
0.000000000000000000e+00 2.948291899282263367e-04 2.110139522177564885e-04 2.948291899282263367e-04 1.155790050744989889e-01 1.249596996882636618e-01 1.775995083880736736e-02 4.223864839361130431e-04 1.799998389042816328e-03
0.000000000000000000e+00 2.948291899282263367e-04 2.110139522177564885e-04 9.632457581951780687e-03 5.922469624488237994e-01 1.346818341541920594e+00 4.740284110611917012e-01 6.190990497786379859e-02 1.040661240451013457e-02
0.000000000000000000e+00 2.948291899282263367e-04 2.110139522177564885e-04 9.632457581951780687e-03 2.894490205306567976e-01 4.207261096834731817e-01 8.321500571829647253e-02 8.025643033361913115e-04 3.594886461443551600e-03
0.000000000000000000e+00 2.948291899282263367e-04 2.110139522177564885e-04 2.948291899282263367e-04 8.847418870961011317e-01 3.786544827444322081e+00 7.128535796046562290e+00 7.126422437151037903e-03 3.630471088030798321e-02
0.000000000000000000e+00 2.948291899282263367e-04 2.110139522177564885e-04 2.110139522177564885e-04 1.156217516699837994e-01 1.620215142151886500e-01 4.922983703550264101e-02 4.341546898963248189e-04 1.870433015797393029e-03
0.000000000000000000e+00 2.948291899282263367e-04 2.110139522177564885e-04 2.948291899282263367e-04 9.046557564750559166e-01 3.641382084027903865e+00 2.257125720899571419e+00 5.016550922191595485e-03 1.484669442414271734e-01
0.000000000000000000e+00 2.948291899282263367e-04 2.110139522177564885e-04 2.948291899282263367e-04 2.951387212022420048e+00 5.061829348976533360e+00 7.296048658122088248e+00 7.858617310956064750e-03 4.066947998189569119e-02
0.000000000000000000e+00 2.948291899282263367e-04 2.110139522177564885e-04 2.948291899282263367e-04 6.910671241504423579e-02 6.470601969482621563e+00 2.223052728045362869e+01 6.103734445217627938e-03 3.316935579616556856e-02
0.000000000000000000e+00 2.948291899282263367e-04 2.110139522177564885e-04 2.948291899282263367e-04 6.910671241504423579e-02 4.723002633309178577e+00 1.300029352382109238e+01 7.875340695729756563e-03 4.083331111082222353e-02
0.000000000000000000e+00 2.948291899282263367e-04 2.110139522177564885e-04 2.150356535994840277e-04 1.155790050744989889e-01 1.620215142151886500e-01 2.072458765521906568e-02 4.295064437089658000e-04 1.842472806916435526e-03
0.000000000000000000e+00 2.948291899282263367e-04 2.110139522177564885e-04 2.948291899282263367e-04 2.647254593229615982e-01 7.521915084781944039e+00 2.495315365273073738e+01 4.701667518679243304e-03 1.298383190958219413e-01
0.000000000000000000e+00 2.190590579645674359e-04 2.110139522177564885e-04 2.948291899282263367e-04 3.528566292015173668e-03 5.676570718499220070e-02 4.053337044326792843e-03 2.469943230828653660e-04 1.009552332408318251e-03
0.000000000000000000e+00 2.948291899282263367e-04 2.110139522177564885e-04 2.948291899282263367e-04 1.156217516699837994e-01 6.465252230238273390e-02 5.362654760375886939e-03 3.554782541688216780e-04 1.497591008787294399e-03
0.000000000000000000e+00 2.948291899282263367e-04 2.110139522177564885e-04 2.948291899282263367e-04 2.951387212022420048e+00 4.956742686955617039e+00 6.624911667153355666e+00 7.814898841383347353e-03 4.024942110427414538e-02
0.000000000000000000e+00 2.948291899282263367e-04 2.110139522177564885e-04 2.110139522177564885e-04 1.155790050744989889e-01 1.496675760395469734e-01 6.460332620020116032e-03 4.247797594009869926e-04 1.814228257336485215e-03
0.000000000000000000e+00 2.948291899282263367e-04 2.110139522177564885e-04 2.948291899282263367e-04 6.910671241504423579e-02 6.470601969482621563e+00 2.259352355651959243e+01 1.415982665193793455e-01 3.327954022227111452e-02
0.000000000000000000e+00 2.948291899282263367e-04 2.110139522177564885e-04 2.948291899282263367e-04 9.701573596800794341e-02 6.252994844134613928e+00 2.277502169455256720e+01 6.109837853911007782e-03 3.327954022227111452e-02
0.000000000000000000e+00 2.948291899282263367e-04 2.110139522177564885e-04 9.632457581951780687e-03 1.736597316615559605e-01 3.363315326706124431e-01 9.215628634298294458e-03 6.345310980986808985e-04 2.784373046493779889e-03
0.000000000000000000e+00 2.948291899282263367e-04 9.538800276441742818e-03 3.313257082961330521e-04 6.088861695868852397e-01 8.830522646425383870e-01 3.132640123337490645e-01 1.805922574106956372e-03 8.374591539619388042e-03
0.000000000000000000e+00 2.948291899282263367e-04 2.110139522177564885e-04 2.948291899282263367e-04 1.114202471488736856e+00 3.641446940811013722e+00 2.257629356036024326e+00 5.025947986417602341e-03 1.485421506055361329e-01
0.000000000000000000e+00 2.948291899282263367e-04 2.110139522177564885e-04 2.110139522177564885e-04 1.324591871363184521e-02 8.468518072888513160e-02 4.506710182783789549e-03 2.888232524900767074e-04 1.193047644123033588e-03
0.000000000000000000e+00 2.948291899282263367e-04 2.110139522177564885e-04 9.632457581951780687e-03 1.210226067716854814e+00 2.098670336556437199e+00 2.528420276082555818e-01 2.774848446559634654e-03 8.585647541141372407e-02
0.000000000000000000e+00 9.632457581951780687e-03 1.588625883266538974e-01 5.841515681708041363e+00 2.313801797061853449e+01 5.838726644326031057e+00 2.993273029936206697e+00 5.034181764079257533e-04 1.205074008738367675e-01
0.000000000000000000e+00 2.948291899282263367e-04 2.110139522177564885e-04 9.404432967544240185e+00 3.094259220781913555e+01 3.219611032152426944e+00 7.400912058026123397e-01 8.913350253510659085e-04 5.412524783431905441e-03
0.000000000000000000e+00 2.948291899282263367e-04 2.110139522177564885e-04 9.227705127918047978e+00 2.549762611429392933e+01 5.230636617347006023e+00 2.005304648888772245e+00 8.901172712619649869e-04 5.407838579360856046e-03
0.000000000000000000e+00 2.948291899282263367e-04 2.110139522177564885e-04 2.948291899282263367e-04 1.670127029317528988e+00 4.343754233584954605e+00 2.410284026757075093e+00 5.936788699649452224e-03 2.960773595990590437e-02
0.000000000000000000e+00 2.948291899282263367e-04 2.110139522177564885e-04 2.948291899282263367e-04 2.951387212022420048e+00 5.061829348976533360e+00 6.121555854288632581e+00 7.207547959644282354e-03 2.048337568663698427e-01
0.000000000000000000e+00 2.948291899282263367e-04 2.110139522177564885e-04 9.632457581951780687e-03 2.909534224587830842e+00 5.061829348976533360e+00 6.457125226812475915e+00 7.814898841383347353e-03 4.024942110427414538e-02
0.000000000000000000e+00 2.948291899282263367e-04 2.110139522177564885e-04 2.948291899282263367e-04 8.847418870961011317e-01 1.011876730941748015e+00 7.393429913373068818e-02 1.805922574106956372e-03 8.374591539619388042e-03
0.000000000000000000e+00 2.948291899282263367e-04 2.110139522177564885e-04 9.632457581951780687e-03 8.772453943906696749e-02 6.252994844134613928e+00 6.840418111401648460e+00 7.107226826706938491e-03 3.613305701944066056e-02
0.000000000000000000e+00 2.948291899282263367e-04 2.110139522177564885e-04 2.948291899282263367e-04 1.210195598922230609e+00 3.351247230145439460e+00 1.416936059868699527e+00 1.092901949917805954e-01 2.064521364322556909e-02
0.000000000000000000e+00 2.948291899282263367e-04 2.110139522177564885e-04 2.948291899282263367e-04 1.670127029317528988e+00 4.343754233584954605e+00 2.781394781636579605e+00 5.966551867965602662e-03 2.985503151742381622e-02
0.000000000000000000e+00 2.948291899282263367e-04 2.110139522177564885e-04 2.948291899282263367e-04 1.210195598922230609e+00 7.161819159291565207e+00 1.950825335003884220e+01 1.416074454819245265e-01 3.345507609143359012e-02
0.000000000000000000e+00 2.948291899282263367e-04 2.110139522177564885e-04 9.632457581951780687e-03 1.162229504000108493e+00 3.423797646516201887e+00 5.832006215144446060e+00 1.501004325352275071e-01 3.056964036550745972e-02
0.000000000000000000e+00 2.948291899282263367e-04 2.110139522177564885e-04 9.538800276441742818e-03 1.737083768443440646e-01 3.530476500238733384e-01 1.287115456462694651e-01 7.891801476289732852e-04 3.509364613767833492e-03
0.000000000000000000e+00 2.948291899282263367e-04 2.110139522177564885e-04 3.025061749050248915e-04 3.141412120255282492e-01 3.809181525969799753e-01 3.509167660164618646e-02 7.925673733224438029e-04 3.530908430017918979e-03
0.000000000000000000e+00 2.948291899282263367e-04 2.110139522177564885e-04 9.632457581951780687e-03 3.018029587062984742e-01 2.194539389939041962e-01 8.888380688835968713e-02 6.491738165793811124e-04 2.876056901340858819e-03
0.000000000000000000e+00 2.948291899282263367e-04 2.110139522177564885e-04 2.110139522177564885e-04 1.736949533263860979e-01 3.697464744133519554e-01 9.228329372540122408e-03 6.375079494680861237e-04 2.802896015666823341e-03
0.000000000000000000e+00 2.948291899282263367e-04 2.110139522177564885e-04 2.110139522177564885e-04 1.156217516699837994e-01 2.236120471612252150e-02 4.452798397423922763e-03 2.966586583774235338e-04 1.237815217669897697e-03
0.000000000000000000e+00 2.948291899282263367e-04 2.110139522177564885e-04 2.948291899282263367e-04 1.186197317063857115e+00 7.266813853491297159e+00 1.279282224281851477e+01 8.008509313808729463e-03 4.246824189314987730e-02
0.000000000000000000e+00 2.948291899282263367e-04 2.110139522177564885e-04 2.948291899282263367e-04 1.138200753347110350e+00 7.476801829375764541e+00 1.279282224281851477e+01 8.008509313808729463e-03 4.246824189314987730e-02
0.000000000000000000e+00 2.948291899282263367e-04 2.110139522177564885e-04 9.632457581951780687e-03 1.210226067716854814e+00 2.098670336556437199e+00 1.279271828747971185e+00 9.183095639270688615e-02 1.684428552078854474e-02
0.000000000000000000e+00 2.948291899282263367e-04 2.110139522177564885e-04 9.632457581951780687e-03 1.737083768443440646e-01 2.012498329633820304e-01 5.781567044934293048e-02 5.250174884530040822e-04 2.290140324724998164e-03
0.000000000000000000e+00 2.948291899282263367e-04 2.110139522177564885e-04 9.632457581951780687e-03 6.089630798020846392e-01 5.857039967185262430e-01 2.273809449831927232e-01 1.482584006818539772e-03 6.811034087746523254e-03
0.000000000000000000e+00 2.948291899282263367e-04 2.110139522177564885e-04 9.632457581951780687e-03 1.186227785858481987e+00 2.158320364151434578e+00 3.254559929399485907e-01 7.539586061582508048e-02 1.334520767287350126e-02
0.000000000000000000e+00 2.948291899282263367e-04 2.110139522177564885e-04 2.948291899282263367e-04 9.046557564750559166e-01 7.476614584568356037e+00 1.533379898823238108e+01 7.418139276848493592e-03 3.973644434216621474e-02
0.000000000000000000e+00 2.110139522177564885e-04 2.110139522177564885e-04 3.025061749050248915e-04 3.528566292015173668e-03 1.955367578104047488e-02 4.009061439709705674e-03 2.395942883845946436e-04 9.685056823984724032e-04
0.000000000000000000e+00 2.948291899282263367e-04 2.110139522177564885e-04 9.632457581951780687e-03 4.194504172236770412e-01 5.071599215115439874e-01 1.368704152042660507e-02 9.843940543840250419e-04 6.259652765847407985e-02
0.000000000000000000e+00 2.948291899282263367e-04 2.110139522177564885e-04 9.632457581951780687e-03 5.051250803511536658e-02 4.782639636936379723e+00 5.501424487567414090e+00 5.985897441286278792e-03 3.001735647369310409e-02
0.000000000000000000e+00 2.948291899282263367e-04 2.110139522177564885e-04 9.632457581951780687e-03 6.089630798020846392e-01 5.857039967185262430e-01 5.175275100239359188e-02 1.220951326207006787e-03 5.563720205727453599e-03
0.000000000000000000e+00 2.948291899282263367e-04 2.110139522177564885e-04 2.948291899282263367e-04 1.138200753347110350e+00 7.476801829375764541e+00 2.459020121496230971e+01 8.379381785463833887e-02 2.026599501121753577e-02
0.000000000000000000e+00 2.948291899282263367e-04 2.110139522177564885e-04 2.948291899282263367e-04 1.156217516699837994e-01 7.522535169894778440e-02 5.373791160972024063e-03 3.576423901116470086e-04 1.510241963192741335e-03
0.000000000000000000e+00 2.948291899282263367e-04 2.110139522177564885e-04 2.948291899282263367e-04 1.234193880780603436e+00 2.038968326063395065e+00 1.076004642267802264e-01 2.753339130584667692e-03 1.308634224674862061e-02
0.000000000000000000e+00 2.948291899282263367e-04 2.110139522177564885e-04 2.948291899282263367e-04 1.234193880780603436e+00 6.846650672814716287e+00 1.751177664462816352e+01 7.461558608892972580e-03 4.035797302738291376e-02
0.000000000000000000e+00 2.948291899282263367e-04 2.110139522177564885e-04 2.948291899282263367e-04 3.141412120255282492e-01 4.008320219759348713e-01 1.070998218405378316e-01 3.005843293125643259e-02 4.407431471981791173e-03
0.000000000000000000e+00 2.948291899282263367e-04 2.110139522177564885e-04 2.948291899282263367e-04 1.186197317063857115e+00 3.351183681184509044e+00 2.152530118979824714e+00 5.007063702077640781e-03 2.468770490968873188e-02
0.000000000000000000e+00 2.948291899282263367e-04 2.110139522177564885e-04 2.110139522177564885e-04 1.155364942910957898e-01 4.350686350925263984e-02 4.667928920356168888e-03 3.004757041738715826e-04 1.259858412751593956e-03
0.000000000000000000e+00 2.948291899282263367e-04 2.110139522177564885e-04 9.632457581951780687e-03 1.641082065172937199e+00 2.698157398547540442e+00 2.467285528872037226e+00 1.242061797584766536e+00 2.977310855478870755e-02
0.000000000000000000e+00 2.948291899282263367e-04 2.110139522177564885e-04 9.632457581951780687e-03 2.894490205306567976e-01 2.361534511995390662e-01 1.486254150252243333e-01 7.925673733224438029e-04 3.530908430017918979e-03
0.000000000000000000e+00 2.948291899282263367e-04 2.110139522177564885e-04 9.632457581951780687e-03 6.089630798020846392e-01 5.857039967185262430e-01 5.175275100239359188e-02 1.220951326207006787e-03 5.563720205727453599e-03
0.000000000000000000e+00 2.948291899282263367e-04 2.110139522177564885e-04 1.502113170553033505e+01 2.912764315960764350e+01 4.168120326707978052e+00 8.791317361610456738e-02 2.262791045507099585e-02 6.642552693555035803e-03
0.000000000000000000e+00 2.948291899282263367e-04 2.110139522177564885e-04 2.948291899282263367e-04 3.189468101109250997e-02 4.961548619153482775e+00 1.316807821008301005e+01 7.883540351985938305e-03 4.091433271144631623e-02
0.000000000000000000e+00 2.948291899282263367e-04 2.110139522177564885e-04 2.948291899282263367e-04 6.910671241504423579e-02 6.470601969482621563e+00 1.148891852321173346e+01 7.883540351985938305e-03 4.091433271144631623e-02
0.000000000000000000e+00 2.948291899282263367e-04 9.538800276441742818e-03 3.313257082961330521e-04 1.138231222141735000e+00 2.277619620192396610e+00 1.544778289945917926e+00 4.150689579829547164e-03 2.017104345865263978e-02
0.000000000000000000e+00 2.948291899282263367e-04 2.110139522177564885e-04 2.948291899282263367e-04 1.210195598922230609e+00 3.133405334150360488e+00 1.103057579683680123e+00 4.168626998908236438e-03 1.253951338637298019e-01
0.000000000000000000e+00 2.948291899282263367e-04 2.110139522177564885e-04 2.948291899282263367e-04 6.255811647160937072e-01 3.153331230050008815e-01 1.009184667905418109e-01 9.921150176167147384e-04 4.483010166993474550e-03
0.000000000000000000e+00 2.948291899282263367e-04 2.110139522177564885e-04 2.110139522177564885e-04 1.156217516699837994e-01 1.178837531955746580e-02 4.686208208414921472e-03 2.947252779117725554e-04 1.226709010359095615e-03
0.000000000000000000e+00 2.948291899282263367e-04 2.110139522177564885e-04 2.948291899282263367e-04 3.528566292015173668e-03 1.125837542909196853e-01 4.480100469103198875e-03 2.927750565721865526e-04 1.215545922992410967e-03
0.000000000000000000e+00 2.948291899282263367e-04 2.110139522177564885e-04 2.948291899282263367e-04 1.670127029317528988e+00 4.343754233584954605e+00 2.162876856837405271e+00 5.080461571219746508e-03 2.528045539398942471e-02
0.000000000000000000e+00 2.948291899282263367e-04 2.110139522177564885e-04 2.948291899282263367e-04 1.155790050744989889e-01 2.724384768291552850e-01 2.438343574282136189e-02 5.198308652891495650e-04 2.258327171501667546e-03
0.000000000000000000e+00 2.948291899282263367e-04 2.110139522177564885e-04 9.632457581951780687e-03 8.449394314647030724e-01 1.708676663403145390e+00 2.671867709944922287e-01 6.193525720163155224e-02 1.058489250501427024e-02
0.000000000000000000e+00 2.948291899282263367e-04 2.110139522177564885e-04 2.948291899282263367e-04 1.234083610547216381e+00 2.038968326063395065e+00 5.432842562169380995e-01 3.402216636359461661e-03 1.630175356933730516e-02
0.000000000000000000e+00 2.948291899282263367e-04 2.110139522177564885e-04 2.948291899282263367e-04 1.234193880780603436e+00 2.038968326063395065e+00 3.498649889508723132e-02 7.536001052627172569e-02 1.308634224674862061e-02
0.000000000000000000e+00 2.948291899282263367e-04 2.110139522177564885e-04 9.632457581951780687e-03 1.162229504000108493e+00 4.873330026195625386e+00 1.522099351549291990e+00 1.287388402975925272e-01 2.498763865505183174e-02
0.000000000000000000e+00 2.948291899282263367e-04 2.110139522177564885e-04 2.948291899282263367e-04 1.210195598922230609e+00 7.056732497270647109e+00 2.023424779961488795e+01 1.416121654079774694e-01 3.355555896804935517e-02
0.000000000000000000e+00 2.948291899282263367e-04 2.110139522177564885e-04 2.948291899282263367e-04 1.162199035205483844e+00 7.266721415489485025e+00 1.823776828125208027e+01 6.101566512612351979e-03 3.313181380476477866e-02
0.000000000000000000e+00 2.948291899282263367e-04 2.110139522177564885e-04 2.948291899282263367e-04 1.186197317063857115e+00 7.266813853491297159e+00 1.805626824577498724e+01 6.101566512612351979e-03 3.313181380476477866e-02
0.000000000000000000e+00 2.948291899282263367e-04 2.110139522177564885e-04 2.037401542970006929e+01 4.528069109183195451e+01 2.010881896126006929e-01 9.558319148389736496e-04 2.262791045507099585e-02 6.642552693555035803e-03
0.000000000000000000e+00 2.948291899282263367e-04 2.110139522177564885e-04 2.037401542970006929e+01 4.509919295379896198e+01 2.010923843353864537e-01 4.443297015517644333e-02 1.092801686515678522e-03 6.642552693555035803e-03
0.000000000000000000e+00 2.948291899282263367e-04 2.110139522177564885e-04 2.948291899282263367e-04 2.951387212022420048e+00 5.061829348976533360e+00 6.457125226812475915e+00 1.893130368743696224e-01 4.033463518377265744e-02
0.000000000000000000e+00 2.948291899282263367e-04 2.110139522177564885e-04 2.948291899282263367e-04 1.210195598922230609e+00 6.951645835249730787e+00 1.860076547282605475e+01 6.103734445217627938e-03 3.316935579616556856e-02
0.000000000000000000e+00 2.948291899282263367e-04 9.538800276441742818e-03 1.234029481451751131e+01 2.513469562906126242e+01 4.128876279340751410e+00 1.696603318403230976e+00 1.092801686515678522e-03 6.642552693555035803e-03
0.000000000000000000e+00 2.948291899282263367e-04 2.110139522177564885e-04 1.588705680024918010e+01 3.257604798022332915e+01 2.054491047576556984e+00 9.558319148389736496e-04 8.901172712619649869e-04 5.407838579360856046e-03
0.000000000000000000e+00 2.948291899282263367e-04 2.110139522177564885e-04 1.588705680024918010e+01 3.275754611825631457e+01 2.032222507700715664e+00 9.558319148389736496e-04 8.901172712619649869e-04 5.407838579360856046e-03
0.000000000000000000e+00 2.948291899282263367e-04 2.110139522177564885e-04 2.948291899282263367e-04 1.234193880780603436e+00 6.846650672814716287e+00 1.914525988692499681e+01 6.109837853911007782e-03 3.327954022227111452e-02
0.000000000000000000e+00 2.948291899282263367e-04 2.110139522177564885e-04 6.784208541325907227e+00 2.458993435377862369e+01 2.517043969135878800e+00 1.872763203538829746e+00 3.812587827429885640e-02 9.358973004843073457e-03
0.000000000000000000e+00 2.948291899282263367e-04 2.110139522177564885e-04 9.632457581951780687e-03 6.089630798020846392e-01 5.857039967185262430e-01 1.922553061870328761e-01 1.477480241384617572e-03 6.776729983947515044e-03
0.000000000000000000e+00 2.948291899282263367e-04 2.110139522177564885e-04 2.948291899282263367e-04 1.210195598922230609e+00 7.056732497270647109e+00 2.023424779961488795e+01 1.416121654079774694e-01 3.355555896804935517e-02
0.000000000000000000e+00 2.948291899282263367e-04 2.110139522177564885e-04 2.948291899282263367e-04 1.210195598922230609e+00 7.056732497270647109e+00 2.023424779961488795e+01 6.121768804873205065e-03 3.352246662789039322e-02
0.000000000000000000e+00 2.948291899282263367e-04 2.110139522177564885e-04 2.948291899282263367e-04 8.847418870961011317e-01 1.095689116026592247e+00 7.396590087324386720e-02 5.185867516204729910e-02 8.492457321647965338e-03
0.000000000000000000e+00 2.948291899282263367e-04 2.110139522177564885e-04 2.948291899282263367e-04 3.189468101109250997e-02 4.961548619153482775e+00 1.316807821008301005e+01 7.883540351985938305e-03 4.091433271144631623e-02
0.000000000000000000e+00 2.948291899282263367e-04 2.110139522177564885e-04 9.632457581951780687e-03 5.051250803511536658e-02 4.782639636936379723e+00 5.501424487567414090e+00 5.985897441286278792e-03 3.001735647369310409e-02
0.000000000000000000e+00 2.948291899282263367e-04 2.110139522177564885e-04 2.948291899282263367e-04 1.156217516699837994e-01 6.464694838513754260e-02 5.081222165287949816e-03 3.554782541688216780e-04 1.497591008787294399e-03
0.000000000000000000e+00 2.948291899282263367e-04 2.110139522177564885e-04 2.948291899282263367e-04 2.227964007577586170e+00 5.796846198021243346e+00 1.224832782871957271e+01 7.991122164379624304e-03 4.226644080030815542e-02
0.000000000000000000e+00 2.948291899282263367e-04 2.110139522177564885e-04 2.948291899282263367e-04 1.670127029317528988e+00 4.343754233584954605e+00 2.781394781636579605e+00 5.966551867965602662e-03 2.985503151742381622e-02
0.000000000000000000e+00 2.948291899282263367e-04 2.110139522177564885e-04 9.632457581951780687e-03 8.647616778939608562e-01 1.095689116026592247e+00 2.734257179717771713e-01 2.194894494101930129e-03 1.027038178125511125e-02
0.000000000000000000e+00 2.948291899282263367e-04 2.110139522177564885e-04 2.948291899282263367e-04 2.909481019479997599e+00 5.061746409134949332e+00 6.624911667153355666e+00 7.814898841383347353e-03 4.024942110427414538e-02
0.000000000000000000e+00 2.948291899282263367e-04 2.110139522177564885e-04 2.948291899282263367e-04 1.234083610547216381e+00 2.038968326063395065e+00 5.432842562169380995e-01 3.402216636359461661e-03 1.630175356933730516e-02
0.000000000000000000e+00 2.948291899282263367e-04 2.110139522177564885e-04 2.948291899282263367e-04 2.951387212022420048e+00 5.061829348976533360e+00 6.624909913074400691e+00 1.893220005597656408e-01 4.041924698373509928e-02
0.000000000000000000e+00 2.948291899282263367e-04 2.110139522177564885e-04 2.150356535994840277e-04 3.415074495009799357e-03 3.814708906991085696e-02 3.694535541121169667e-03 2.433276217459231887e-04 9.891353867860623074e-04
0.000000000000000000e+00 2.948291899282263367e-04 2.110139522177564885e-04 2.150356535994840277e-04 3.415074495009799357e-03 3.814708906991085696e-02 3.819150674836416237e-03 2.433276217459231887e-04 9.891353867860623074e-04
0.000000000000000000e+00 2.948291899282263367e-04 2.110139522177564885e-04 9.632457581951780687e-03 6.089630798020846392e-01 9.181779034386982064e-01 6.164443128792305299e-02 4.339383844544891788e-02 6.879110310892862581e-03
0.000000000000000000e+00 2.948291899282263367e-04 2.110139522177564885e-04 9.632457581951780687e-03 1.641082065172937199e+00 4.343754233584954605e+00 1.206852075912832056e+00 1.287295329462525006e-01 2.491332508057146969e-02
0.000000000000000000e+00 2.948291899282263367e-04 2.110139522177564885e-04 9.632457581951780687e-03 6.089630798020846392e-01 5.857039967185262430e-01 1.922553061870328761e-01 1.477480241384617572e-03 6.776729983947515044e-03
0.000000000000000000e+00 2.948291899282263367e-04 2.110139522177564885e-04 2.948291899282263367e-04 6.910671241504423579e-02 6.470601969482621563e+00 2.259352355651959243e+01 1.415982665193793455e-01 3.327954022227111452e-02
0.000000000000000000e+00 2.948291899282263367e-04 9.538800276441742818e-03 3.313257082961330521e-04 4.337030419138188098e-01 4.831847660970997049e-01 1.368704152042660507e-02 3.006628126096084347e-02 3.353983317573677042e-02
0.000000000000000000e+00 2.948291899282263367e-04 2.110139522177564885e-04 2.948291899282263367e-04 1.553799480491221408e+00 6.741745612905949869e+00 1.751177572912015279e+01 6.092222079389997616e-03 3.297756135229712449e-02
0.000000000000000000e+00 2.948291899282263367e-04 2.110139522177564885e-04 9.632457581951780687e-03 2.909534224587830842e+00 5.061829348976533360e+00 7.463833344384005919e+00 7.867033153448976454e-03 4.075169389799352532e-02
0.000000000000000000e+00 2.948291899282263367e-04 2.110139522177564885e-04 2.110139522177564885e-04 1.842677827229511345e-01 2.012498329633820304e-01 7.667318389560481319e-03 5.172051836286385186e-04 1.895841691789552572e-02
0.000000000000000000e+00 2.948291899282263367e-04 2.110139522177564885e-04 9.632457581951780687e-03 5.588147277423021198e-01 3.112683836247817304e+00 1.721506129572109023e+00 4.168626998908236438e-03 2.030847184281263720e-02
0.000000000000000000e+00 2.948291899282263367e-04 2.110139522177564885e-04 9.632457581951780687e-03 6.089630798020846392e-01 2.933746096724491270e+00 1.721506129572109023e+00 4.168626998908236438e-03 2.030847184281263720e-02
0.000000000000000000e+00 2.948291899282263367e-04 2.110139522177564885e-04 2.948291899282263367e-04 1.210195598922230609e+00 7.161819159291565207e+00 1.950825335003884220e+01 1.416074454819245265e-01 3.345507609143359012e-02
0.000000000000000000e+00 2.948291899282263367e-04 9.538800276441742818e-03 6.711686768427390426e+00 2.368159466679036029e+01 5.942533334018190949e+00 5.051130735225693724e-02 2.170056783212379568e-03 1.233048252853582646e-02
0.000000000000000000e+00 2.948291899282263367e-04 2.110139522177564885e-04 2.948291899282263367e-04 1.842677827229511345e-01 2.012498329633820304e-01 7.667318389560481319e-03 1.723332253688951779e-02 2.258327171501667546e-03
0.000000000000000000e+00 2.948291899282263367e-04 2.110139522177564885e-04 2.110139522177564885e-04 1.156217516699837994e-01 2.236120471612252150e-02 4.452798397423922763e-03 2.966586583774235338e-04 1.237815217669897697e-03
0.000000000000000000e+00 2.948291899282263367e-04 2.110139522177564885e-04 2.110139522177564885e-04 3.189468101109250997e-02 8.470591798125917671e-02 2.577188265797681135e-02 2.966586583774235338e-04 1.237815217669897697e-03
0.000000000000000000e+00 2.948291899282263367e-04 2.110139522177564885e-04 2.948291899282263367e-04 2.122587091189106712e+00 5.796586786285330639e+00 1.097784360107962165e+01 7.926670202657252334e-03 4.155654038125050631e-02
0.000000000000000000e+00 2.948291899282263367e-04 2.110139522177564885e-04 2.948291899282263367e-04 9.046557564750559166e-01 3.641382084027903865e+00 3.151807511101663906e+00 5.053602649620704372e-03 2.506150742842171847e-02
0.000000000000000000e+00 2.948291899282263367e-04 2.110139522177564885e-04 2.150356535994840277e-04 3.566820820504548045e-03 3.814708906991085696e-02 4.031609416350501185e-03 2.433276217459231887e-04 9.891353867860623074e-04
0.000000000000000000e+00 2.948291899282263367e-04 2.110139522177564885e-04 2.948291899282263367e-04 8.250002789592363328e-01 3.931575199029251788e+00 6.264165503529965484e+00 6.059384716108813865e-03 3.064653941224416284e-02
0.000000000000000000e+00 2.948291899282263367e-04 2.110139522177564885e-04 2.948291899282263367e-04 3.528566292015173668e-03 3.815969148301633085e-02 3.861169783536324163e-03 2.433276217459231887e-04 9.891353867860623074e-04
0.000000000000000000e+00 2.948291899282263367e-04 2.110139522177564885e-04 2.948291899282263367e-04 8.647365150405372791e-01 1.137557496857017458e+00 5.058777128146221269e-01 2.214312990852456905e-03 1.040661240451013457e-02
0.000000000000000000e+00 2.948291899282263367e-04 6.189200258853955194e-01 5.518623274885533725e+00 2.331957426248716558e+01 5.112185549747060520e+00 2.446070109109969692e+00 4.427928967656716611e-04 1.982703749786392800e-01
0.000000000000000000e+00 2.948291899282263367e-04 2.110139522177564885e-04 2.150356535994840277e-04 3.566820820504548045e-03 3.814708906991085696e-02 4.031609416350501185e-03 2.433276217459231887e-04 9.891353867860623074e-04
0.000000000000000000e+00 2.948291899282263367e-04 2.110139522177564885e-04 2.948291899282263367e-04 7.840972026603217071e-02 6.325452698480436453e+00 2.295649811388742734e+01 1.416002344570216620e-01 3.331545639524672447e-02
0.000000000000000000e+00 2.948291899282263367e-04 9.538800276441742818e-03 3.399503459971640212e-04 6.089630798020846392e-01 9.181779034386982064e-01 4.241368118159807854e-01 1.817378787922046320e-03 8.453375084089446295e-03
0.000000000000000000e+00 2.948291899282263367e-04 2.110139522177564885e-04 2.948291899282263367e-04 9.046557564750559166e-01 7.686787908610190456e+00 1.460780362314833347e+01 1.734222729482648717e-01 3.968133851273039636e-02
0.000000000000000000e+00 2.948291899282263367e-04 2.110139522177564885e-04 2.948291899282263367e-04 2.227964007577586170e+00 5.796846198021243346e+00 1.224832782871957271e+01 7.991122164379624304e-03 4.226644080030815542e-02
0.000000000000000000e+00 2.948291899282263367e-04 2.110139522177564885e-04 2.948291899282263367e-04 5.754328126563111878e-01 1.514364160747408095e+00 3.742136791179941357e-01 6.190990497786379859e-02 1.040661240451013457e-02
0.000000000000000000e+00 2.948291899282263367e-04 2.110139522177564885e-04 2.948291899282263367e-04 2.192838368781426350e+00 5.796760174845593916e+00 1.261132600222965294e+01 7.997016531874227840e-03 4.233427715908315986e-02
0.000000000000000000e+00 2.948291899282263367e-04 2.110139522177564885e-04 9.632457581951780687e-03 1.842812062409091012e-01 1.870118779254646424e-01 1.079640225091253875e-01 6.345310980986808985e-04 2.784373046493779889e-03
0.000000000000000000e+00 2.948291899282263367e-04 2.110139522177564885e-04 9.632457581951780687e-03 3.018029587062984742e-01 4.008320219759348713e-01 1.552098512934161900e-01 9.843940543840250419e-04 4.432753245320436054e-03
0.000000000000000000e+00 2.948291899282263367e-04 2.110139522177564885e-04 2.948291899282263367e-04 1.948406121195161989e-01 1.727592532353228738e-01 2.437124302028925368e-02 5.172051836286385186e-04 2.242299564634642542e-03
0.000000000000000000e+00 2.948291899282263367e-04 2.110139522177564885e-04 2.948291899282263367e-04 2.192838368781426350e+00 5.796760174845593916e+00 1.261132600222965294e+01 7.997016531874227840e-03 4.233427715908315986e-02
0.000000000000000000e+00 2.948291899282263367e-04 2.110139522177564885e-04 2.948291899282263367e-04 2.951387212022420048e+00 5.061829348976533360e+00 6.624909913074400691e+00 1.893220005597656408e-01 4.041924698373509928e-02
0.000000000000000000e+00 2.948291899282263367e-04 2.110139522177564885e-04 9.227705127918047978e+00 2.713110935659076262e+01 3.817246282448933048e+00 1.848775751091074504e+00 2.262791045507099585e-02 6.642552693555035803e-03
0.000000000000000000e+00 2.948291899282263367e-04 9.538800276441742818e-03 3.313257082961330521e-04 8.648533008436580793e-01 3.786544827444322081e+00 6.408241584434275495e+00 7.077621595838734340e-03 3.587128115569905573e-02
0.000000000000000000e+00 2.948291899282263367e-04 2.110139522177564885e-04 3.025061749050248915e-04 3.140844466431597648e-01 2.194539389939041962e-01 1.287115456462694651e-01 7.891801476289732852e-04 3.509364613767833492e-03
0.000000000000000000e+00 2.948291899282263367e-04 2.110139522177564885e-04 9.632457581951780687e-03 3.018029587062984742e-01 3.809181525969799753e-01 3.520512804147125918e-02 7.925673733224438029e-04 3.530908430017918979e-03
0.000000000000000000e+00 2.948291899282263367e-04 2.110139522177564885e-04 2.948291899282263367e-04 9.046557564750559166e-01 7.581701246589273246e+00 1.533379807272437922e+01 7.422227626374231120e-03 3.979103787238166823e-02
0.000000000000000000e+00 2.948291899282263367e-04 2.110139522177564885e-04 2.948291899282263367e-04 1.186197317063857115e+00 7.266813853491297159e+00 1.370031293298342945e+01 8.035530461073863914e-03 4.279323303398513412e-02
0.000000000000000000e+00 2.948291899282263367e-04 2.110139522177564885e-04 9.632457581951780687e-03 2.893921805346476028e-01 4.008122403045182858e-01 8.320169175821810759e-02 7.992592202041653125e-04 3.573668886752216691e-03
0.000000000000000000e+00 2.948291899282263367e-04 2.110139522177564885e-04 2.948291899282263367e-04 2.054134415160812355e-01 1.727738485249017131e-01 1.246801398623862689e-01 6.375079494680861237e-04 2.802896015666823341e-03
0.000000000000000000e+00 2.948291899282263367e-04 2.110139522177564885e-04 2.948291899282263367e-04 1.210195598922230609e+00 6.951645835249730787e+00 1.714878036856220334e+01 7.455168669714204964e-03 4.025945236986503556e-02
0.000000000000000000e+00 2.948291899282263367e-04 2.110139522177564885e-04 3.025061749050248915e-04 3.528566292015173668e-03 1.125837542909196853e-01 1.500474874963821613e-02 2.947252779117725554e-04 1.226709010359095615e-03
0.000000000000000000e+00 2.948291899282263367e-04 2.110139522177564885e-04 2.948291899282263367e-04 1.670127029317528988e+00 4.343754233584954605e+00 2.410284026757075093e+00 5.936788699649452224e-03 2.960773595990590437e-02
0.000000000000000000e+00 2.948291899282263367e-04 2.110139522177564885e-04 2.948291899282263367e-04 1.553799480491221408e+00 6.636658950885032660e+00 1.733027850659517810e+01 7.458405486400229538e-03 4.030896471742687059e-02
0.000000000000000000e+00 2.948291899282263367e-04 2.110139522177564885e-04 2.948291899282263367e-04 1.641045142110952204e+00 6.321667903329362126e+00 1.079550838472620278e+01 7.926670202657252334e-03 4.155654038125050631e-02
0.000000000000000000e+00 2.948291899282263367e-04 2.110139522177564885e-04 2.948291899282263367e-04 2.122587091189106712e+00 5.796586786285330639e+00 1.097784360107962165e+01 7.926670202657252334e-03 4.155654038125050631e-02
0.000000000000000000e+00 2.948291899282263367e-04 2.110139522177564885e-04 2.110139522177564885e-04 3.189468101109250997e-02 8.470591798125917671e-02 2.577188265797681135e-02 2.966586583774235338e-04 1.237815217669897697e-03
0.000000000000000000e+00 2.948291899282263367e-04 2.110139522177564885e-04 9.632457581951780687e-03 1.186227785858481987e+00 7.056732497270647109e+00 1.841926641928506569e+01 1.415941310483218862e-01 3.320649048519419555e-02
0.000000000000000000e+00 2.948291899282263367e-04 2.110139522177564885e-04 2.948291899282263367e-04 1.155790050744989889e-01 1.496675760395469734e-01 6.260545322102547931e-03 4.247797594009869926e-04 1.814228257336485215e-03
0.000000000000000000e+00 2.948291899282263367e-04 2.110139522177564885e-04 2.948291899282263367e-04 1.842677827229511345e-01 2.012498329633820304e-01 2.438343574282136189e-02 5.198308652891495650e-04 2.258327171501667546e-03
0.000000000000000000e+00 2.948291899282263367e-04 2.110139522177564885e-04 2.948291899282263367e-04 1.156217516699837994e-01 6.107921431167539161e+00 6.552300426756732854e+00 1.748722851246485854e-01 3.604637224810126189e-02
0.000000000000000000e+00 2.948291899282263367e-04 2.110139522177564885e-04 9.632457581951780687e-03 1.612000177966360193e+00 4.166951784199856235e+00 3.276185562919101013e+00 1.500351163268195676e-01 3.001735647369310409e-02
0.000000000000000000e+00 2.948291899282263367e-04 2.110139522177564885e-04 2.948291899282263367e-04 9.046557564750559166e-01 5.314836324084442509e+00 3.028220077213470862e+00 5.976274004362237303e-03 2.993644711358812299e-02
0.000000000000000000e+00 2.948291899282263367e-04 2.110139522177564885e-04 9.632457581951780687e-03 3.018029587062984742e-01 2.194539389939041962e-01 8.888380688835968713e-02 6.491738165793811124e-04 2.861838262961920697e-03
0.000000000000000000e+00 2.948291899282263367e-04 2.110139522177564885e-04 3.025061749050248915e-04 1.156217516699837994e-01 1.620215142151886500e-01 2.039312399556165306e-02 4.295064437089658000e-04 1.842472806916435526e-03
0.000000000000000000e+00 2.948291899282263367e-04 2.110139522177564885e-04 3.025061749050248915e-04 2.877280549165753092e-03 1.024649004196001578e-02 1.313068264086276506e-02 2.395942883845946436e-04 9.685056823984724032e-04
0.000000000000000000e+00 2.948291899282263367e-04 2.110139522177564885e-04 9.632457581951780687e-03 1.162229504000108493e+00 2.217970125731818953e+00 1.191322610693535955e+00 3.459183162545532812e-03 1.050899935049999095e-01
0.000000000000000000e+00 2.948291899282263367e-04 2.110139522177564885e-04 9.632457581951780687e-03 5.922469624488237994e-01 9.181450654265537192e-01 2.294516272489049435e-01 1.794274654062986930e-03 8.294977828624228514e-03
0.000000000000000000e+00 2.948291899282263367e-04 2.110139522177564885e-04 9.632457581951780687e-03 8.449394314647030724e-01 1.658635367029020369e+00 5.059795036945098357e-01 7.535265388112682983e-02 1.303371722198753968e-02
0.000000000000000000e+00 2.948291899282263367e-04 2.110139522177564885e-04 7.002050437320986198e+00 2.386401052275045842e+01 2.413211617750829596e+00 5.652162050921559766e-01 8.379331480928028930e-02 1.579619032531762515e-02
0.000000000000000000e+00 2.948291899282263367e-04 2.110139522177564885e-04 6.929436471989293800e+00 2.622346459848108680e+01 2.344728474243799710e+00 4.353051221753108657e-01 2.172350926266076836e-03 1.231139521650556796e-02
