0.000000000000000000e+00 2.948291899282263367e-04 3.566820820504548045e-03 1.224762231901585618e+00 1.368704152042660507e-02 3.052244457175523618e+00 2.458993435377862369e+01 3.949344434108773338e+00 3.152635585698377371e-03 1.586951267503428423e-02
0.000000000000000000e+00 2.948291899282263367e-04 3.157847106268249493e-03 2.948291899282263367e-04 2.911553900243270005e-03 2.110139522177564885e-04 3.566820820504548045e-03 2.110139522177564885e-04 2.948291899282263367e-04 8.480743105193053492e-04
0.000000000000000000e+00 2.948291899282263367e-04 3.230240572012757147e-03 2.948291899282263367e-04 2.877280549165753092e-03 2.110139522177564885e-04 2.742495336033674586e-03 2.110139522177564885e-04 2.150356535994840277e-04 1.024228915452447819e-02
0.000000000000000000e+00 2.948291899282263367e-04 3.157847106268249493e-03 2.948291899282263367e-04 2.911553900243270005e-03 2.110139522177564885e-04 3.566820820504548045e-03 2.110139522177564885e-04 2.948291899282263367e-04 8.480743105193053492e-04
0.000000000000000000e+00 2.948291899282263367e-04 2.709379117946833764e-03 2.948291899282263367e-04 2.911553900243270005e-03 2.110139522177564885e-04 1.240480760838075236e-02 2.377020460513788378e-04 3.313257082961330521e-04 9.581100699938390397e-04
0.000000000000000000e+00 2.948291899282263367e-04 2.709379117946833764e-03 2.948291899282263367e-04 2.742495336033674586e-03 9.538800276441742818e-03 3.997468780175705838e-03 2.377020460513788378e-04 3.399503459971640212e-04 9.581100699938390397e-04
0.000000000000000000e+00 2.948291899282263367e-04 2.709379117946833764e-03 2.271125249115418484e-04 2.809425027125608560e-03 1.884180812742967601e-02 3.122507557275724325e-03 2.395942883845946436e-04 2.625062552669541914e-04 9.685056823984724032e-04
0.000000000000000000e+00 2.948291899282263367e-04 2.643846456567278819e-03 2.948291899282263367e-04 2.911553900243270005e-03 1.884180812742967601e-02 1.242551540826365708e-02 2.414694001053035045e-04 3.350111823022334438e-04 9.744863553003100002e-04
0.000000000000000000e+00 2.948291899282263367e-04 2.709379117946833764e-03 2.948291899282263367e-04 3.050934151121155891e-03 1.884180812742967601e-02 4.009061439709705674e-03 2.395942883845946436e-04 3.331793805321401031e-04 9.685056823984724032e-04
0.000000000000000000e+00 2.948291899282263367e-04 2.709379117946833764e-03 2.948291899282263367e-04 2.911553900243270005e-03 9.538800276441742818e-03 3.112244311288417473e-03 2.377020460513788378e-04 3.399503459971640212e-04 9.581100699938390397e-04
0.000000000000000000e+00 2.948291899282263367e-04 2.330269946368406214e-03 2.948291899282263367e-04 2.946056709965222311e-03 4.675083168039347037e-02 3.077335882560323053e-03 2.451691870160407796e-04 2.498681957179608678e-04 9.903813317097900915e-04
0.000000000000000000e+00 2.948291899282263367e-04 2.742495336033674586e-03 2.948291899282263367e-04 3.121984819287207478e-03 3.744782382940554238e-02 4.031609416350501185e-03 2.433276217459231887e-04 3.368215327497330069e-04 9.891353867860623074e-04
0.000000000000000000e+00 2.948291899282263367e-04 3.050934151121155891e-03 2.948291899282263367e-04 3.121984819287207478e-03 2.814481597841760052e-02 4.020440140089575481e-03 2.414694001053035045e-04 3.350111823022334438e-04 9.788473223678879464e-04
0.000000000000000000e+00 2.948291899282263367e-04 2.742495336033674586e-03 2.948291899282263367e-04 3.193932705242744866e-03 1.884180812742967601e-02 2.165398722207280413e-02 2.433276217459231887e-04 3.368215327497330069e-04 9.847135955822602840e-04
0.000000000000000000e+00 2.948291899282263367e-04 3.121984819287207478e-03 2.948291899282263367e-04 2.911553900243270005e-03 3.744782382940554238e-02 3.104981381293218500e-03 2.433276217459231887e-04 3.368215327497330069e-04 9.757990836530972120e-04
0.000000000000000000e+00 2.948291899282263367e-04 2.742495336033674586e-03 2.948291899282263367e-04 3.193932705242744866e-03 1.884180812742967601e-02 2.165398722207280413e-02 2.433276217459231887e-04 3.368215327497330069e-04 9.847135955822602840e-04
0.000000000000000000e+00 2.948291899282263367e-04 2.709379117946833764e-03 2.948291899282263367e-04 2.946056709965222311e-03 9.538800276441742818e-03 3.380779187306002295e-03 2.377020460513788378e-04 3.399503459971640212e-04 9.581100699938390397e-04
0.000000000000000000e+00 2.948291899282263367e-04 3.566820820504548045e-03 2.948291899282263367e-04 3.415074495009799357e-03 6.535684738236934022e-02 4.063903696664917381e-03 2.488032508368130950e-04 3.421278502646143168e-04 1.019681964196070354e-03
0.000000000000000000e+00 2.948291899282263367e-04 2.360567276636679323e-03 2.948291899282263367e-04 3.230240572012757147e-03 4.675083168039347037e-02 1.241767027356019230e-02 2.469943230828653660e-04 2.517334221026391611e-04 1.000441999136968824e-03
0.000000000000000000e+00 2.948291899282263367e-04 2.742495336033674586e-03 2.948291899282263367e-04 2.809425027125608560e-03 5.605383953138140529e-02 3.124178270009848706e-03 2.469943230828653660e-04 3.403794831357770737e-04 1.000441999136968824e-03
0.000000000000000000e+00 2.948291899282263367e-04 2.775844154178533623e-03 2.948291899282263367e-04 2.946056709965222311e-03 7.465985523335726126e-02 3.105226420560815333e-03 2.505961851431170485e-04 3.527916112460444250e-04 1.020407045722291489e-03
0.000000000000000000e+00 2.948291899282263367e-04 2.742495336033674586e-03 2.948291899282263367e-04 3.230240572012757147e-03 2.814481597841760052e-02 3.132593343257701266e-03 2.414694001053035045e-04 2.414694001053035045e-04 9.744863553003100002e-04
0.000000000000000000e+00 2.948291899282263367e-04 3.566820820504548045e-03 8.570015981045523423e-01 1.119325910642839095e-02 2.509439237090841601e+00 3.518492178472283349e+00 3.895452542490245751e+00 5.117742148206977371e-01 3.655791979534610270e-02
0.000000000000000000e+00 2.948291899282263367e-04 3.566820820504548045e-03 8.769154674835071273e-01 1.120684618309782284e-02 2.509447732985621293e+00 5.378879622489973755e+00 2.859300205928567706e+00 8.426250031499831969e-03 3.638968228931507842e-02
0.000000000000000000e+00 2.948291899282263367e-04 3.566820820504548045e-03 1.600533680466906361e+00 1.659663142325090018e-02 2.834440804820209880e+00 7.416618063190749233e+00 1.325707295873773184e+01 6.951350104566809442e-03 1.686597523992698078e-01
0.000000000000000000e+00 2.948291899282263367e-04 3.566820820504548045e-03 1.224762231901585618e+00 1.368704152042660507e-02 3.270086353170602589e+00 2.604198817914623021e+01 1.286218336540775553e+00 4.075574027953477417e-03 2.027949989877264256e-02
0.000000000000000000e+00 2.948291899282263367e-04 3.566820820504548045e-03 1.200763950043212791e+00 2.172460156168490863e-01 2.761845496687397539e+00 2.005252790535972451e+01 1.335538284966513611e+00 6.953210931279259904e-03 3.297756135229712449e-02
0.000000000000000000e+00 2.948291899282263367e-04 3.566820820504548045e-03 1.513288018847176009e+00 1.370097537311382001e-02 3.124868101098168705e+00 2.331949438995339463e+01 4.156951535858603997e+00 3.157261321046928807e-03 1.584334467499652621e-02
0.000000000000000000e+00 2.948291899282263367e-04 3.566820820504548045e-03 1.224762231901585618e+00 1.368704152042660507e-02 3.052244457175523618e+00 2.404543993967967097e+01 3.015080610682800533e+00 1.644008617698611285e-01 2.029277506663150141e-02
0.000000000000000000e+00 2.948291899282263367e-04 2.643846456567278819e-03 2.948291899282263367e-04 3.452691739427951080e-03 2.814481597841760052e-02 3.934853835341818595e-03 2.414694001053035045e-04 3.350111823022334438e-04 9.744863553003100002e-04
0.000000000000000000e+00 2.948291899282263367e-04 3.566820820504548045e-03 1.224762231901585618e+00 1.368704152042660507e-02 3.124858422507216460e+00 2.386396590063402101e+01 3.015080610682800533e+00 4.077219701942432981e-03 2.026599501121753577e-02
0.000000000000000000e+00 2.948291899282263367e-04 3.566820820504548045e-03 1.200763950043212791e+00 1.367280517081201699e-02 3.342690560409432798e+00 7.128535796046562290e+00 6.541641851517402628e+00 9.229069306737600065e-03 4.198938039493007451e-02
0.000000000000000000e+00 2.948291899282263367e-04 3.566820820504548045e-03 1.224762231901585618e+00 4.276892872700342740e-02 3.197482066429861991e+00 7.128535796046562290e+00 6.904638127583367258e+00 9.234337918989888108e-03 4.212905546633315124e-02
0.000000000000000000e+00 2.948291899282263367e-04 3.566820820504548045e-03 8.370877287255974464e-01 8.317424082625146653e-02 2.449754149103496204e+00 3.413425245670556496e+00 1.489478274855773554e+00 2.952572678100428005e-01 3.017766095974518115e-02
0.000000000000000000e+00 2.948291899282263367e-04 3.566820820504548045e-03 6.023721967390212040e-01 1.087720253433311912e-01 2.569124045525621014e+00 3.623558357902310512e+00 1.489478274855773554e+00 2.952572678100428005e-01 1.742365032822024984e-01
0.000000000000000000e+00 2.948291899282263367e-04 3.566820820504548045e-03 1.176765668184839297e+00 1.881495857540228245e-01 2.979668735483596009e+00 6.984476953724107595e+00 1.017159428813421762e+01 8.515876402404027115e-03 2.057490149601696183e-01
0.000000000000000000e+00 2.948291899282263367e-04 3.566820820504548045e-03 1.224762231901585618e+00 1.368704152042660507e-02 3.270086353170602589e+00 7.128535796046562290e+00 7.449132541682316422e+00 9.241498274442986466e-03 4.233427715908315986e-02
0.000000000000000000e+00 2.948291899282263367e-04 3.566820820504548045e-03 1.200763950043212791e+00 1.367280517081201699e-02 3.197462629746046670e+00 2.386396590063402101e+01 2.288433782837657748e+00 4.087771663823065553e-03 2.016500529005249218e-02
0.000000000000000000e+00 2.948291899282263367e-04 3.566820820504548045e-03 1.600533680466906361e+00 1.659663142325090018e-02 2.834440804820209880e+00 7.416618063190749233e+00 1.307557482070474464e+01 6.951853869793588742e-03 1.686222104078754225e-01
0.000000000000000000e+00 2.948291899282263367e-04 3.566820820504548045e-03 6.358044314455429946e-01 5.078689828976727938e-01 2.907054770151903167e+00 4.389421415933445481e+00 3.530450159349988848e+00 8.455111209307461517e-03 3.680602970181413164e-02
0.000000000000000000e+00 2.948291899282263367e-04 3.566820820504548045e-03 1.200763950043212791e+00 1.881641284102722744e-01 2.907064136969689461e+00 7.128535796046562290e+00 9.990106474144056392e+00 8.515876402404027115e-03 3.973644434216621474e-02
0.000000000000000000e+00 2.948291899282263367e-04 3.566820820504548045e-03 1.200763950043212791e+00 1.367280517081201699e-02 3.342690560409432798e+00 2.096004031422275204e+01 2.851385472028062029e+00 5.315231359195307301e-03 2.578298919010544796e-02
0.000000000000000000e+00 2.948291899282263367e-04 3.528566292015173668e-03 3.025061749050248915e-04 3.528566292015173668e-03 1.118718866373088899e-01 4.675451847945363837e-03 2.927750565721865526e-04 3.984302158402465736e-04 1.209972005747213383e-03
0.000000000000000000e+00 2.948291899282263367e-04 3.566820820504548045e-03 1.224762231901585618e+00 4.276892872700342740e-02 3.197482066429861991e+00 2.604198817914623021e+01 1.286218336540775553e+00 4.075574027953477417e-03 2.027949989877264256e-02
0.000000000000000000e+00 2.948291899282263367e-04 3.566820820504548045e-03 1.600533680466906361e+00 5.172227021941072644e-02 2.761836206306303776e+00 7.416618063190749233e+00 1.198658599250685342e+01 8.519917370676857379e-03 4.030896471742687059e-02
0.000000000000000000e+00 2.948291899282263367e-04 3.566820820504548045e-03 1.176765668184839297e+00 1.365826251456256531e-02 3.415294687501155391e+00 2.059704403815679541e+01 2.580399326877228283e+00 6.942755535091010670e-03 3.352246662789039322e-02
0.000000000000000000e+00 2.948291899282263367e-04 3.566820820504548045e-03 1.224762231901585618e+00 1.368704152042660507e-02 3.270086353170602589e+00 4.265732633774608651e+00 1.053443357172406891e+01 9.245781317842318228e-03 4.246824189314987730e-02
0.000000000000000000e+00 2.948291899282263367e-04 3.566820820504548045e-03 1.200763950043212791e+00 1.367280517081201699e-02 3.342690560409432798e+00 2.059704403815679541e+01 2.986870516686547461e+00 5.316302813302979831e-03 2.575855632264922521e-02
0.000000000000000000e+00 2.948291899282263367e-04 2.775844154178533623e-03 2.948291899282263367e-04 2.911553900243270005e-03 9.326587093533302009e-02 3.635105767754132425e-03 2.888232524900767074e-04 3.946536838716763196e-04 1.182144424277446282e-03
0.000000000000000000e+00 2.948291899282263367e-04 3.566820820504548045e-03 1.152767386326465804e+00 1.125849874223256233e-02 3.415284768457499620e+00 7.128518557464713190e+00 4.363653871078802204e+00 9.231354346894629984e-03 4.123248454049513456e-02
0.000000000000000000e+00 2.948291899282263367e-04 3.193932705242744866e-03 2.948291899282263367e-04 3.566820820504548045e-03 8.396286308434509904e-02 3.844166077120996210e-03 2.868212366135504594e-04 3.927333879877538316e-04 1.181711701757699262e-03
0.000000000000000000e+00 2.948291899282263367e-04 2.709379117946833764e-03 2.948291899282263367e-04 2.946056709965222311e-03 4.675083168039347037e-02 3.077335882560323053e-03 2.451691870160407796e-04 3.386108362579438457e-04 9.903813317097900915e-04
0.000000000000000000e+00 2.948291899282263367e-04 3.566820820504548045e-03 1.224762231901585618e+00 1.368704152042660507e-02 3.124858422507216460e+00 2.477145659079893747e+01 3.430313147500605453e+00 6.547696124468033174e-02 1.585224398104969137e-02
0.000000000000000000e+00 2.948291899282263367e-04 3.566820820504548045e-03 8.769154674835071273e-01 1.120684618309782284e-02 2.509447732985621293e+00 5.378879622489973755e+00 3.027084892190485821e+00 8.432236112198336631e-03 3.647408488191293541e-02
0.000000000000000000e+00 2.948291899282263367e-04 2.742495336033674586e-03 2.948291899282263367e-04 3.193932705242744866e-03 2.814481597841760052e-02 3.132593343257701266e-03 2.414694001053035045e-04 2.645884553954594692e-04 9.744863553003100002e-04
0.000000000000000000e+00 2.948291899282263367e-04 2.843237368190843894e-03 2.948291899282263367e-04 2.579249708641517466e-03 1.884180812742967601e-02 3.122507557275724325e-03 2.395942883845946436e-04 3.331793805321401031e-04 9.598822298249576855e-04
0.000000000000000000e+00 2.948291899282263367e-04 3.157847106268249493e-03 2.948291899282263367e-04 3.566820820504548045e-03 5.605383953138140529e-02 4.053337044326792843e-03 2.469943230828653660e-04 3.403794831357770737e-04 1.009552332408318251e-03
0.000000000000000000e+00 2.948291899282263367e-04 2.742495336033674586e-03 2.948291899282263367e-04 3.193932705242744866e-03 4.675083168039347037e-02 2.168335158453618683e-02 2.488032508368130950e-04 3.421278502646143168e-04 1.015078334240027353e-03
0.000000000000000000e+00 2.948291899282263367e-04 3.566820820504548045e-03 8.370877287255974464e-01 8.317424082625146653e-02 2.390052138610454069e+00 3.518492178472283349e+00 1.489478274855773554e+00 1.511984254875855249e-01 3.009776071859974686e-02
0.000000000000000000e+00 2.948291899282263367e-04 3.566820820504548045e-03 6.190883140922821548e-01 3.230834542621937588e-01 1.352802127394005627e+00 2.604972683165966529e+00 1.055044094171271096e+00 6.041271343839825503e-03 2.476335928159225860e-02
0.000000000000000000e+00 2.948291899282263367e-04 3.566820820504548045e-03 8.570015981045523423e-01 3.519154096480182209e-02 2.509447732985621293e+00 3.413425245670556496e+00 1.489478274855773554e+00 7.139583165128193798e-03 3.001735647369310409e-02
0.000000000000000000e+00 2.948291899282263367e-04 2.709379117946833764e-03 2.948291899282263367e-04 3.121984819287207478e-03 5.605383953138140529e-02 3.086792080260615089e-03 9.550002174070796115e-03 3.421278502646143168e-04 1.019681964196070354e-03
0.000000000000000000e+00 2.948291899282263367e-04 3.566820820504548045e-03 1.224762231901585618e+00 1.368704152042660507e-02 3.197472387838909746e+00 2.458998135618426772e+01 1.769406112425998767e+00 4.087771663823065553e-03 2.016500529005249218e-02
0.000000000000000000e+00 2.948291899282263367e-04 3.566820820504548045e-03 2.948291899282263367e-04 3.566820820504548045e-03 8.396286308434509904e-02 4.641974364475995492e-03 2.868212366135504594e-04 3.927333879877538316e-04 1.181711701757699262e-03
0.000000000000000000e+00 2.948291899282263367e-04 2.709379117946833764e-03 2.948291899282263367e-04 3.121984819287207478e-03 5.605383953138140529e-02 1.250273164254802651e-02 2.488032508368130950e-04 3.421278502646143168e-04 1.015078334240027353e-03
0.000000000000000000e+00 2.948291899282263367e-04 3.566820820504548045e-03 8.769154674835071273e-01 5.920340989984469032e-02 3.633106581269209823e+00 7.128535796046562290e+00 4.182166057088642752e+00 9.231354346894629984e-03 4.123248454049513456e-02
0.000000000000000000e+00 2.948291899282263367e-04 3.566820820504548045e-03 2.948291899282263367e-04 3.415074495009799357e-03 7.465985523335726126e-02 4.074277540307133516e-03 2.505961851431170485e-04 3.438563017090229138e-04 1.029759522174994533e-03
0.000000000000000000e+00 2.948291899282263367e-04 3.566820820504548045e-03 1.658697454880060151e+00 1.662711220623376909e-02 2.834459462019090381e+00 7.128535796046562290e+00 1.198658599250685342e+01 8.519917370676857379e-03 4.030896471742687059e-02
0.000000000000000000e+00 2.948291899282263367e-04 3.566820820504548045e-03 8.968293368624620232e-01 1.122016014317617043e-02 3.705710381088396677e+00 2.150453472832169766e+01 1.415850561052379442e-01 6.952664461976097894e-03 3.305550562891653582e-02
0.000000000000000000e+00 2.948291899282263367e-04 2.843237368190843894e-03 2.948291899282263367e-04 2.911553900243270005e-03 1.884180812742967601e-02 3.966204187646947543e-03 2.395942883845946436e-04 3.331793805321401031e-04 9.685056823984724032e-04
0.000000000000000000e+00 2.948291899282263367e-04 3.566820820504548045e-03 1.629615567673483367e+00 1.661204368262268055e-02 2.834450171637997062e+00 7.128518557464713190e+00 1.271256822059596558e+01 6.952970828173908949e-03 3.301673829314679537e-02
0.000000000000000000e+00 2.948291899282263367e-04 3.566820820504548045e-03 1.200763950043212791e+00 4.275469237738815237e-02 3.270086353170602589e+00 1.968955334799187895e+01 3.393327120038646783e+00 6.941545220433661262e-03 3.355555896804935517e-02
0.000000000000000000e+00 2.948291899282263367e-04 3.566820820504548045e-03 1.224762231901585618e+00 1.368704152042660507e-02 3.124858422507216460e+00 2.422696217669998831e+01 3.015083071413817706e+00 4.073894113416432275e-03 2.029277506663150141e-02
0.000000000000000000e+00 2.948291899282263367e-04 3.566820820504548045e-03 8.570015981045523423e-01 3.043832222441766322e-01 3.124877700821328208e+00 3.894621878895106803e+00 5.711617110240648110e+00 9.200114705128662612e-03 4.066947998189569119e-02
0.000000000000000000e+00 2.948291899282263367e-04 3.566820820504548045e-03 1.200763950043212791e+00 1.367280517081201699e-02 3.342690560409432798e+00 2.204902914242064327e+01 2.444928705368546673e+00 5.311731215979912865e-03 2.585445225029630451e-02
0.000000000000000000e+00 2.948291899282263367e-04 3.566820820504548045e-03 1.224762231901585618e+00 4.276892872700342740e-02 3.124868101098168705e+00 7.272577399787166996e+00 5.634151161352497716e+00 1.897996134753803799e-01 4.170313059284400797e-02
0.000000000000000000e+00 2.948291899282263367e-04 3.566820820504548045e-03 1.224762231901585618e+00 1.368704152042660507e-02 3.197472387838909746e+00 2.458998135618426772e+01 3.430313147500605453e+00 3.157261321046928807e-03 1.584334467499652621e-02
0.000000000000000000e+00 2.948291899282263367e-04 3.566820820504548045e-03 1.224762231901585618e+00 3.677878487027644305e-01 2.544040009362751764e+00 7.128535796046562290e+00 7.630630679715294740e+00 9.243688593854996333e-03 4.240154388318769646e-02
0.000000000000000000e+00 2.948291899282263367e-04 3.566820820504548045e-03 8.968293368624620232e-01 5.921672385992302751e-02 3.560502698605290117e+00 6.984476953724107595e+00 3.362810603686289035e+00 1.907122866283884333e-01 4.099475978308492891e-02
0.000000000000000000e+00 2.948291899282263367e-04 3.566820820504548045e-03 1.224762231901585618e+00 4.276892872700342740e-02 3.197482066429861991e+00 4.265732633774608651e+00 1.071593170975705611e+01 9.247776824424710010e-03 4.253437210351613401e-02
0.000000000000000000e+00 2.948291899282263367e-04 3.566820820504548045e-03 1.176765668184839297e+00 3.326274500934695011e-01 2.689240745882834460e+00 7.272577399787166996e+00 8.901117645946165169e+00 8.509342749426137067e-03 3.939809744101209488e-02
0.000000000000000000e+00 2.948291899282263367e-04 3.566820820504548045e-03 1.224762231901585618e+00 4.276892872700342740e-02 3.052254135766475862e+00 7.416618063190749233e+00 1.071609902627598387e+01 8.518519810285920396e-03 3.995175238582528848e-02
0.000000000000000000e+00 2.948291899282263367e-04 3.566820820504548045e-03 1.658697454880060151e+00 1.662711220623376909e-02 2.834459462019090381e+00 6.984476953724107595e+00 1.253107008256297838e+01 6.953210931279259904e-03 1.684679579554077822e-01
0.000000000000000000e+00 2.948291899282263367e-04 3.566820820504548045e-03 8.769154674835071273e-01 3.520512804147125918e-02 3.705710381088396677e+00 7.128535796046562290e+00 4.000667919055655553e+00 9.227212906409791235e-03 4.115383463359809785e-02
0.000000000000000000e+00 3.342957684364075742e-04 2.742495336033674586e-03 2.948291899282263367e-04 3.528566292015173668e-03 6.535684738236934022e-02 3.247408023580206603e-03 2.488032508368130950e-04 3.421278502646143168e-04 1.010450448260508333e-03
0.000000000000000000e+00 2.948291899282263367e-04 3.566820820504548045e-03 1.200763950043212791e+00 1.367280517081201699e-02 3.342690560409432798e+00 2.114153845225574102e+01 2.715897648831383737e+00 1.091219210513557775e-01 2.580711586647806491e-02
0.000000000000000000e+00 2.948291899282263367e-04 3.566820820504548045e-03 1.224762231901585618e+00 1.368704152042660507e-02 3.270086353170602589e+00 4.265732633774608651e+00 1.071593170975705611e+01 9.247776824424710010e-03 4.253437210351613401e-02
0.000000000000000000e+00 2.948291899282263367e-04 3.566820820504548045e-03 1.152767386326465804e+00 1.125849874223256233e-02 3.487898733789192018e+00 1.987105148602486793e+01 2.444897399872448140e+00 6.947855661682529257e-03 3.335096751576442642e-02
0.000000000000000000e+00 2.948291899282263367e-04 2.330269946368406214e-03 2.948291899282263367e-04 2.911553900243270005e-03 4.675083168039347037e-02 3.114662422572260416e-03 2.451691870160407796e-04 2.498681957179608678e-04 9.948877526867220492e-04
0.000000000000000000e+00 2.948291899282263367e-04 3.566820820504548045e-03 8.968293368624620232e-01 5.921672385992302751e-02 3.560502698605290117e+00 7.128535796046562290e+00 3.819169781022678123e+00 9.222965102307922186e-03 4.107459340120230701e-02
0.000000000000000000e+00 2.948291899282263367e-04 3.566820820504548045e-03 8.968293368624620232e-01 1.122016014317617043e-02 3.560482450425010548e+00 7.272559220868296315e+00 3.362810603686289035e+00 1.907122866283884333e-01 4.099475978308492891e-02
0.000000000000000000e+00 2.948291899282263367e-04 3.566820820504548045e-03 1.224762231901585618e+00 1.368704152042660507e-02 3.270086353170602589e+00 7.128535796046562290e+00 7.086136265616352681e+00 9.236823322479187359e-03 4.219803388028704749e-02
0.000000000000000000e+00 2.948291899282263367e-04 3.566820820504548045e-03 8.968293368624620232e-01 3.521844200154960330e-02 3.633106581269209823e+00 2.150453472832169766e+01 1.415850561052379442e-01 1.424430610650867512e-01 3.309386394034211087e-02
0.000000000000000000e+00 2.948291899282263367e-04 3.566820820504548045e-03 1.128769104468092532e+00 3.524426481692154167e-02 3.487898733789192018e+00 1.987105148602486793e+01 2.444897399872448140e+00 1.424382522647931748e-01 3.338607413828265091e-02
0.000000000000000000e+00 2.948291899282263367e-04 3.566820820504548045e-03 2.948291899282263367e-04 1.328866530911664706e-02 1.905810765163490905e-01 5.546413822141509423e-03 3.576423901116470086e-04 4.802504258204194436e-04 1.510241963192741335e-03
0.000000000000000000e+00 2.948291899282263367e-04 3.566820820504548045e-03 1.224762231901585618e+00 4.276892872700342740e-02 3.197482066429861991e+00 2.404550866078344740e+01 1.769403950573354534e+00 8.425229320346012962e-02 2.014965259135275202e-02
0.000000000000000000e+00 2.948291899282263367e-04 3.566820820504548045e-03 6.358044314455429946e-01 2.271056325380193808e-01 3.487888733273597719e+00 4.389421415933445481e+00 3.362665473088071177e+00 8.449551837411388086e-03 3.672389108982616890e-02
0.000000000000000000e+00 2.948291899282263367e-04 3.566820820504548045e-03 1.224762231901585618e+00 4.276892872700342740e-02 3.052254135766475862e+00 7.416618063190749233e+00 1.035310275021002013e+01 8.517367655581847136e-03 3.984511987756613610e-02
0.000000000000000000e+00 2.948291899282263367e-04 3.566820820504548045e-03 1.513288018847176009e+00 1.370097537311382001e-02 3.124868101098168705e+00 7.272577399787166996e+00 1.017160461217704182e+01 1.745292351904124406e-01 3.984511987756613610e-02
0.000000000000000000e+00 2.948291899282263367e-04 3.566820820504548045e-03 1.200763950043212791e+00 1.367280517081201699e-02 3.342690560409432798e+00 2.059704403815679541e+01 2.851380120083442993e+00 6.940271973504107648e-03 3.358825007181417271e-02
0.000000000000000000e+00 2.948291899282263367e-04 3.566820820504548045e-03 1.224762231901585618e+00 1.368704152042660507e-02 4.863006623853220134e+00 1.932671137370832426e+01 5.480513031816648395e-01 6.952292065458052714e-03 3.309386394034211087e-02
0.000000000000000000e+00 2.948291899282263367e-04 3.566820820504548045e-03 8.171738593466424394e-01 2.031515057383893041e-01 3.342680722169462548e+00 4.265717830973611235e+00 4.704931754809702049e+00 9.179872774214559161e-03 4.033463518377265744e-02
0.000000000000000000e+00 2.948291899282263367e-04 3.566820820504548045e-03 8.171738593466424394e-01 2.031515057383893041e-01 2.210979132387503654e+00 5.502583207449808889e+00 4.537158276921518407e+00 1.906780108071922386e-01 4.041924698373509928e-02
0.000000000000000000e+00 2.948291899282263367e-04 3.566820820504548045e-03 8.570015981045523423e-01 1.119325910642839095e-02 2.509439237090841601e+00 3.518492178472283349e+00 3.895452542490245751e+00 3.439895285587721285e-01 3.647408488191293541e-02
0.000000000000000000e+00 2.948291899282263367e-04 3.566820820504548045e-03 1.600533680466906361e+00 1.659663142325090018e-02 2.834440804820209880e+00 7.416618063190749233e+00 1.307557482070474464e+01 6.951853869793588742e-03 3.313181380476477866e-02
0.000000000000000000e+00 2.948291899282263367e-04 3.566820820504548045e-03 8.570015981045523423e-01 1.119325910642839095e-02 2.509439237090841601e+00 3.518492178472283349e+00 3.895452542490245751e+00 5.117742148206977371e-01 3.655791979534610270e-02
0.000000000000000000e+00 2.948291899282263367e-04 3.566820820504548045e-03 1.200763950043212791e+00 1.367280517081201699e-02 3.342690560409432798e+00 2.114153845225574102e+01 2.851388045434488205e+00 5.314112169709104584e-03 2.580711586647806491e-02
0.000000000000000000e+00 2.948291899282263367e-04 3.566820820504548045e-03 1.200763950043212791e+00 1.367280517081201699e-02 3.342690560409432798e+00 2.223052728045362869e+01 2.309440476698040978e+00 5.311731215979912865e-03 2.585445225029630451e-02
0.000000000000000000e+00 2.948291899282263367e-04 3.566820820504548045e-03 1.176765668184839297e+00 1.881495857540228245e-01 2.979668735483596009e+00 7.128535796046562290e+00 9.627110198078090875e+00 8.514043539148303044e-03 3.962571960507345337e-02
0.000000000000000000e+00 2.948291899282263367e-04 3.566820820504548045e-03 1.176765668184839297e+00 1.881495857540228245e-01 2.979668735483596009e+00 7.128535796046562290e+00 9.445612060045114333e+00 8.512998208734023908e-03 3.956958683533141896e-02
0.000000000000000000e+00 2.948291899282263367e-04 3.566820820504548045e-03 6.358044314455429946e-01 7.187904243331226795e-01 1.673731508701949533e+00 3.308338583649639286e+00 1.489468967504433472e+00 7.132806364646197134e-03 2.993644711358812299e-02
0.000000000000000000e+00 2.948291899282263367e-04 1.328866530911664706e-02 6.190916849437037017e-01 4.206233212779423303e-01 1.202691632896904173e+00 2.693314080653641529e+00 1.160130756192188306e+00 6.048250280346746492e-03 2.483856564570122508e-02
0.000000000000000000e+00 2.948291899282263367e-04 3.566820820504548045e-03 3.092859474764499961e-01 2.072458765521906568e-02 9.024148934177897985e-01 5.646172658668883182e-01 1.018942672282803080e-01 2.279144528612826563e-03 8.492457321647965338e-03
0.000000000000000000e+00 2.948291899282263367e-04 3.566820820504548045e-03 6.190883140922821548e-01 8.887110615011786785e-02 2.688528066511704395e+00 3.308338583649639286e+00 5.025947986417602341e-03 6.048250280346746492e-03 2.483856564570122508e-02
0.000000000000000000e+00 2.948291899282263367e-04 3.566820820504548045e-03 1.658697454880060151e+00 1.662711220623376909e-02 2.834459462019090381e+00 6.984476953724107595e+00 1.271256822059596558e+01 6.952970828173908949e-03 3.301673829314679537e-02
0.000000000000000000e+00 2.948291899282263367e-04 2.843237368190843894e-03 2.948291899282263367e-04 2.911553900243270005e-03 7.465985523335726126e-02 1.248349368669635084e-02 2.868212366135504594e-04 3.927333879877538316e-04 1.170945436691569249e-03
0.000000000000000000e+00 2.948291899282263367e-04 3.566820820504548045e-03 1.224762231901585618e+00 1.368704152042660507e-02 3.270086353170602589e+00 2.640498445521219040e+01 1.206057355369704487e+00 4.073894113416432275e-03 1.004545961005889748e-01
0.000000000000000000e+00 2.948291899282263367e-04 3.566820820504548045e-03 8.769154674835071273e-01 8.320169175821810759e-02 2.330366775838907945e+00 3.203251921628721632e+00 3.463254233321058972e+00 8.388049460945038935e-03 3.587128115569905573e-02
0.000000000000000000e+00 2.948291899282263367e-04 3.566820820504548045e-03 1.224762231901585618e+00 1.368704152042660507e-02 3.270086353170602589e+00 2.404550866078344740e+01 1.873210640265519977e+00 4.089139527649506001e-03 2.014965259135275202e-02
0.000000000000000000e+00 2.948291899282263367e-04 3.566820820504548045e-03 1.224762231901585618e+00 1.368704152042660507e-02 3.124858422507216460e+00 2.350096962456806082e+01 3.015077949244814537e+00 8.424222893593480421e-02 2.025226012806075754e-02
0.000000000000000000e+00 2.948291899282263367e-04 3.566820820504548045e-03 1.513288018847176009e+00 4.278286257969064060e-02 3.124877700821328208e+00 2.331951610865152347e+01 3.118885994817853557e+00 4.077219701942432981e-03 2.026599501121753577e-02
0.000000000000000000e+00 2.948291899282263367e-04 3.566820820504548045e-03 1.224762231901585618e+00 1.009327031401570790e-01 2.979659291636619578e+00 7.272577399787166996e+00 1.071609902627598387e+01 8.518519810285920396e-03 3.995175238582528848e-02
0.000000000000000000e+00 2.948291899282263367e-04 2.709379117946833764e-03 2.948291899282263367e-04 3.490522795068585430e-03 5.605383953138140529e-02 1.254088952473604753e-02 2.488032508368130950e-04 3.421278502646143168e-04 1.019681964196070354e-03
0.000000000000000000e+00 2.948291899282263367e-04 2.742495336033674586e-03 2.948291899282263367e-04 2.809425027125608560e-03 5.605383953138140529e-02 3.967451333594797062e-03 2.469943230828653660e-04 3.403794831357770737e-04 1.000441999136968824e-03
0.000000000000000000e+00 2.948291899282263367e-04 2.300208623118810657e-03 2.948291899282263367e-04 2.946056709965222311e-03 4.675083168039347037e-02 3.114662422572260416e-03 9.548177038003972938e-03 2.517334221026391611e-04 9.958509863849487106e-04
0.000000000000000000e+00 2.948291899282263367e-04 3.566820820504548045e-03 5.856560793857604752e-01 1.286726915123385384e-01 2.569124045525621014e+00 3.623558357902310512e+00 1.489478274855773554e+00 4.393161101325001039e-01 1.743159006217273599e-01
0.000000000000000000e+00 2.948291899282263367e-04 3.566820820504548045e-03 1.224762231901585618e+00 1.368704152042660507e-02 3.197472387838909746e+00 7.272577399787166996e+00 5.815649299385475146e+00 9.217329742259755196e-03 2.222886020585323474e-01
0.000000000000000000e+00 2.948291899282263367e-04 3.566820820504548045e-03 1.600533680466906361e+00 5.172227021941072644e-02 2.689222240974610489e+00 7.416598935323911235e+00 1.343856077272789307e+01 6.951350104566809442e-03 3.316935579616556856e-02
0.000000000000000000e+00 2.948291899282263367e-04 3.566820820504548045e-03 8.171738593466424394e-01 4.909270817315898594e-02 2.569141247583883736e+00 3.308338583649639286e+00 3.031088649692104564e+00 7.190234108107875291e-03 3.064653941224416284e-02
0.000000000000000000e+00 2.948291899282263367e-04 3.566820820504548045e-03 1.200763950043212791e+00 4.275469237738815237e-02 3.197472387838909746e+00 2.350099252798637650e+01 2.288432477280549993e+00 4.089139527649506001e-03 2.014965259135275202e-02
0.000000000000000000e+00 2.948291899282263367e-04 2.742495336033674586e-03 2.948291899282263367e-04 3.086346847121619174e-03 1.118718866373088899e-01 4.675451847945363837e-03 2.927750565721865526e-04 3.984302158402465736e-04 1.204369588015452141e-03
0.000000000000000000e+00 2.948291899282263367e-04 3.566820820504548045e-03 2.948291899282263367e-04 1.328866530911664706e-02 1.905810765163490905e-01 1.790035199778318084e-02 3.597881882562314502e-04 4.822608070889896422e-04 1.515684947440144566e-03
0.000000000000000000e+00 2.948291899282263367e-04 3.566820820504548045e-03 8.968293368624620232e-01 5.921672385992302751e-02 2.330366775838907945e+00 3.203251921628721632e+00 3.607313075643516775e+00 8.394690713401105342e-03 3.595911402116371697e-02
0.000000000000000000e+00 2.948291899282263367e-04 3.566820820504548045e-03 1.176765668184839297e+00 2.463133601671764761e-01 2.834459462019090381e+00 6.984476953724107595e+00 9.445601736002288362e+00 8.511866517073007551e-03 3.951293941473139198e-02
0.000000000000000000e+00 2.948291899282263367e-04 3.566820820504548045e-03 1.224762231901585618e+00 1.368704152042660507e-02 4.863006623853220134e+00 1.950820951174130258e+01 1.415826186825006328e-01 6.952970828173908949e-03 3.301673829314679537e-02
0.000000000000000000e+00 2.948291899282263367e-04 3.193932705242744866e-03 2.948291899282263367e-04 3.528566292015173668e-03 7.465985523335726126e-02 1.267611700406577092e-02 2.868212366135504594e-04 3.927333879877538316e-04 1.181711701757699262e-03
0.000000000000000000e+00 2.948291899282263367e-04 3.566820820504548045e-03 1.629615567673483367e+00 1.661204368262268055e-02 2.834450171637997062e+00 7.128518557464713190e+00 1.289406635862894213e+01 6.952664461976097894e-03 3.305550562891653582e-02
0.000000000000000000e+00 2.948291899282263367e-04 3.566820820504548045e-03 1.224762231901585618e+00 1.368704152042660507e-02 3.124858422507216460e+00 2.477145659079893747e+01 3.534119837192770675e+00 3.155745279944628841e-03 1.585224398104969137e-02
0.000000000000000000e+00 2.948291899282263367e-04 3.566820820504548045e-03 1.224762231901585618e+00 1.368704152042660507e-02 3.270086353170602589e+00 7.128535796046562290e+00 7.267634403649330110e+00 9.239209978636666459e-03 4.226644080030815542e-02
0.000000000000000000e+00 2.948291899282263367e-04 3.566820820504548045e-03 1.600533680466906361e+00 1.659663142325090018e-02 2.834440804820209880e+00 7.416618063190749233e+00 1.198658599250685342e+01 8.519917370676857379e-03 4.030896471742687059e-02
0.000000000000000000e+00 2.948291899282263367e-04 3.566820820504548045e-03 8.370877287255974464e-01 8.317424082625146653e-02 2.449754149103496204e+00 3.203251921628721632e+00 2.598901179386315263e+00 7.165693936571593606e-03 3.033595383014404609e-02
0.000000000000000000e+00 2.948291899282263367e-04 3.566820820504548045e-03 6.190883140922821548e-01 8.887110615011786785e-02 2.688528066511704395e+00 3.308338583649639286e+00 4.998402878257572346e-01 6.075250052673923304e-03 2.513493245052919947e-02
0.000000000000000000e+00 2.948291899282263367e-04 3.566820820504548045e-03 1.600533680466906361e+00 8.684790901557055964e-02 2.834459462019090381e+00 7.128535796046562290e+00 1.289407668267176632e+01 6.952292065458052714e-03 3.309386394034211087e-02
0.000000000000000000e+00 2.948291899282263367e-04 3.566820820504548045e-03 5.856560793857604752e-01 1.286726915123385384e-01 2.569124045525621014e+00 3.623558357902310512e+00 1.489478274855773554e+00 4.393161101325001039e-01 3.025705829927005652e-02
0.000000000000000000e+00 2.948291899282263367e-04 3.566820820504548045e-03 1.200763950043212791e+00 1.009184667905418109e-01 3.124877700821328208e+00 2.313801797061853449e+01 1.873204362631025299e+00 5.303458940636700952e-03 2.598915413621554274e-02
0.000000000000000000e+00 2.948291899282263367e-04 3.015747651083287156e-03 2.948291899282263367e-04 3.086346847121619174e-03 1.118718866373088899e-01 1.524828124451041780e-02 2.947252779117725554e-04 4.002871637097437166e-04 1.226709010359095615e-03
0.000000000000000000e+00 2.948291899282263367e-04 3.566820820504548045e-03 1.600533680466906361e+00 8.684790901557055964e-02 2.761845496687397539e+00 7.272577399787166996e+00 1.307557482070474464e+01 6.951853869793588742e-03 3.313181380476477866e-02
0.000000000000000000e+00 2.948291899282263367e-04 3.566820820504548045e-03 8.171738593466424394e-01 4.909270817315898594e-02 2.569141247583883736e+00 3.308338583649639286e+00 2.742970965047190290e+00 7.178158409315548057e-03 3.049224379268071841e-02
0.000000000000000000e+00 2.948291899282263367e-04 3.566820820504548045e-03 8.769154674835071273e-01 5.920340989984469032e-02 2.330358486034949994e+00 3.518492178472283349e+00 3.463276015522876783e+00 8.401221474249619126e-03 3.604637224810126189e-02
0.000000000000000000e+00 2.948291899282263367e-04 3.566820820504548045e-03 8.769154674835071273e-01 1.120684618309782284e-02 2.449745722492579603e+00 3.518492178472283349e+00 3.895452542490245751e+00 1.762048422968543471e-01 3.638968228931507842e-02
0.000000000000000000e+00 2.948291899282263367e-04 3.566820820504548045e-03 6.358044314455429946e-01 8.888380688835968713e-02 2.628834692296825093e+00 3.413425245670556496e+00 8.709603500566018841e-01 7.104687404678781092e-03 1.736665782823632043e-01
0.000000000000000000e+00 2.948291899282263367e-04 3.566820820504548045e-03 1.600533680466906361e+00 1.659663142325090018e-02 2.907054770151903167e+00 7.128518557464713190e+00 1.325706263469490764e+01 6.951853869793588742e-03 3.313181380476477866e-02
0.000000000000000000e+00 2.948291899282263367e-04 3.566820820504548045e-03 8.968293368624620232e-01 8.321500571829647253e-02 3.487898733789192018e+00 7.128535796046562290e+00 5.089656747253546776e+00 9.250481612573807286e-03 4.161690078064682330e-02
0.000000000000000000e+00 2.948291899282263367e-04 3.566820820504548045e-03 6.358044314455429946e-01 8.888380688835968713e-02 2.569132681803782958e+00 3.518492178472283349e+00 3.761460102172623499e-01 6.075250052673923304e-03 1.488385174103640796e-01
0.000000000000000000e+00 2.948291899282263367e-04 3.566820820504548045e-03 1.176765668184839297e+00 1.881495857540228245e-01 2.979668735483596009e+00 7.128535796046562290e+00 9.082615783979150592e+00 8.510648139627785894e-03 3.945577654954017521e-02
0.000000000000000000e+00 2.948291899282263367e-04 3.566820820504548045e-03 1.200763950043212791e+00 1.590822412036954625e-01 2.979668735483596009e+00 6.984476953724107595e+00 9.990096150101241079e+00 8.515002830451954413e-03 3.968133851273039636e-02
0.000000000000000000e+00 2.948291899282263367e-04 3.566820820504548045e-03 8.968293368624620232e-01 1.122016014317617043e-02 3.705710381088396677e+00 6.984476953724107595e+00 3.195025917424371364e+00 9.209578978865259197e-03 4.083331111082222353e-02
0.000000000000000000e+00 2.948291899282263367e-04 3.566820820504548045e-03 1.200763950043212791e+00 1.009184667905418109e-01 3.124877700821328208e+00 2.313801797061853449e+01 1.977011052323185636e+00 5.301917127010591889e-03 2.601054290577373140e-02
0.000000000000000000e+00 2.948291899282263367e-04 3.566820820504548045e-03 6.190883140922821548e-01 8.887110615011786785e-02 2.688528066511704395e+00 3.413425245670556496e+00 8.709603500566018841e-01 7.104687404678781092e-03 2.960773595990590437e-02
0.000000000000000000e+00 2.948291899282263367e-04 3.566820820504548045e-03 8.171738593466424394e-01 2.271497875967627422e-01 3.342690560409432798e+00 4.265732633774608651e+00 4.537158276921518407e+00 9.179872774214559161e-03 4.033463518377265744e-02
0.000000000000000000e+00 2.948291899282263367e-04 3.566820820504548045e-03 6.358044314455429946e-01 3.230987599715125502e-01 1.302767555726550119e+00 1.341909635149086455e+00 8.870662599806368176e-01 5.061576940986141360e-03 2.030847184281263720e-02
0.000000000000000000e+00 2.948291899282263367e-04 3.566820820504548045e-03 8.370877287255974464e-01 9.276706477595465794e-03 2.628834692296825093e+00 3.308338583649639286e+00 2.598912122724732487e+00 7.171975008785623842e-03 3.041434863628450502e-02
0.000000000000000000e+00 2.948291899282263367e-04 3.566820820504548045e-03 1.152767386326465804e+00 1.125849874223256233e-02 3.487898733789192018e+00 1.968955334799187895e+01 2.580384740420002210e+00 6.947855661682529257e-03 3.335096751576442642e-02
0.000000000000000000e+00 2.948291899282263367e-04 3.015747651083287156e-03 2.948291899282263367e-04 3.121984819287207478e-03 4.675083168039347037e-02 4.042573643504542881e-03 2.451691870160407796e-04 3.386108362579438457e-04 9.948877526867220492e-04
0.000000000000000000e+00 2.948291899282263367e-04 3.566820820504548045e-03 1.200763950043212791e+00 1.367280517081201699e-02 3.342690560409432798e+00 2.096004031422275204e+01 2.715895075424951344e+00 5.316302813302979831e-03 2.575855632264922521e-02
0.000000000000000000e+00 2.948291899282263367e-04 3.566820820504548045e-03 6.358044314455429946e-01 2.271056325380193808e-01 1.502905509182241417e+00 1.269295669817393390e+00 1.063785890379694843e+00 2.152417198959822309e-01 2.051168260697993490e-02
0.000000000000000000e+00 2.948291899282263367e-04 2.360567276636679323e-03 2.948291899282263367e-04 3.193932705242744866e-03 4.675083168039347037e-02 3.114662422572260416e-03 9.548177038003972938e-03 2.517334221026391611e-04 1.000441999136968824e-03
0.000000000000000000e+00 2.948291899282263367e-04 3.566820820504548045e-03 1.176765668184839297e+00 2.172314729605996364e-01 2.834450171637997062e+00 6.696342030497337561e+00 9.082573787259262232e+00 9.251477682917287962e-03 4.266493275409656560e-02
0.000000000000000000e+00 2.948291899282263367e-04 3.566820820504548045e-03 1.224762231901585618e+00 4.276892872700342740e-02 3.197482066429861991e+00 4.142029048814773518e+00 1.126041399939453136e+01 9.251477682917287962e-03 4.266493275409656560e-02
0.000000000000000000e+00 2.948291899282263367e-04 3.566820820504548045e-03 1.200763950043212791e+00 1.367280517081201699e-02 3.342690560409432798e+00 7.128535796046562290e+00 6.360143713484425199e+00 9.226285308542423250e-03 4.191868184095688676e-02
0.000000000000000000e+00 2.948291899282263367e-04 3.566820820504548045e-03 1.224762231901585618e+00 1.368704152042660507e-02 3.270086353170602589e+00 4.265732633774608651e+00 1.053443357172406891e+01 9.245781317842318228e-03 4.246824189314987730e-02
0.000000000000000000e+00 2.948291899282263367e-04 3.566820820504548045e-03 1.224762231901585618e+00 4.276892872700342740e-02 3.197482066429861991e+00 4.265732633774608651e+00 1.071593170975705611e+01 1.898332482901045337e-01 4.259993542290963636e-02
0.000000000000000000e+00 2.948291899282263367e-04 3.566820820504548045e-03 1.224762231901585618e+00 4.276892872700342740e-02 3.197482066429861991e+00 7.128535796046562290e+00 7.449132541682316422e+00 9.241498274442986466e-03 4.233427715908315986e-02
0.000000000000000000e+00 2.948291899282263367e-04 3.566820820504548045e-03 1.224762231901585618e+00 4.276892872700342740e-02 3.197482066429861991e+00 2.350101424668449823e+01 1.250366885916043724e+00 5.309161204743373906e-03 2.590056866082306869e-02
0.000000000000000000e+00 2.948291899282263367e-04 3.566820820504548045e-03 1.176765668184839297e+00 2.172314729605996364e-01 2.907064136969689461e+00 7.128535796046562290e+00 9.445612060045114333e+00 1.745255688267296490e-01 3.962571960507345337e-02
0.000000000000000000e+00 2.948291899282263367e-04 3.566820820504548045e-03 1.200763950043212791e+00 4.275469237738815237e-02 3.270086353170602589e+00 7.128535796046562290e+00 6.541641851517402628e+00 9.229069306737600065e-03 4.198938039493007451e-02
0.000000000000000000e+00 2.948291899282263367e-04 3.566820820504548045e-03 1.200763950043212791e+00 1.367280517081201699e-02 3.342690560409432798e+00 2.150453472832169766e+01 2.851392988167387177e+00 5.311731215979912865e-03 2.585445225029630451e-02
0.000000000000000000e+00 2.948291899282263367e-04 3.566820820504548045e-03 1.224762231901585618e+00 1.368704152042660507e-02 3.197472387838909746e+00 7.272577399787166996e+00 5.634151161352497716e+00 9.214142009700540537e-03 4.163012507879351731e-02
0.000000000000000000e+00 2.948291899282263367e-04 3.566820820504548045e-03 4.138308477573182653e-01 2.878989020357885509e-01 1.090933121931810357e+00 1.043458944123177412e+00 5.110510964524355160e-01 4.181688411329299859e-03 1.047273055284062421e-01
0.000000000000000000e+00 2.948291899282263367e-04 3.566820820504548045e-03 1.200763950043212791e+00 1.367280517081201699e-02 3.342690560409432798e+00 1.987105148602486793e+01 2.309407003269344116e+00 6.948683885232616146e-03 3.331545639524672447e-02
0.000000000000000000e+00 2.948291899282263367e-04 3.566820820504548045e-03 6.358044314455429946e-01 5.660327573108263621e-01 2.834459462019090381e+00 4.142029048814773518e+00 4.369362382285858715e+00 8.476298825357331257e-03 3.712896288119708205e-02
0.000000000000000000e+00 2.948291899282263367e-04 3.566820820504548045e-03 1.200763950043212791e+00 1.367280517081201699e-02 3.342690560409432798e+00 1.987105148602486793e+01 2.851368589681774424e+00 6.944986518950493903e-03 1.689454726945378571e-01
0.000000000000000000e+00 2.948291899282263367e-04 3.566820820504548045e-03 6.023721967390212040e-01 3.230678479427172012e-01 1.352795347454638142e+00 2.693314080653641529e+00 2.973803585137986705e+00 7.139583165128193798e-03 3.001735647369310409e-02
0.000000000000000000e+00 2.948291899282263367e-04 3.566820820504548045e-03 1.176765668184839297e+00 1.365826251456256531e-02 3.415294687501155391e+00 2.096004031422275204e+01 2.715895075424951344e+00 5.316302813302979831e-03 2.575855632264922521e-02
0.000000000000000000e+00 2.948291899282263367e-04 3.566820820504548045e-03 1.200763950043212791e+00 1.367280517081201699e-02 3.342690560409432798e+00 2.114153845225574102e+01 2.986878442037598447e+00 5.312945402943720398e-03 2.583093675339935905e-02
0.000000000000000000e+00 2.948291899282263367e-04 3.566820820504548045e-03 8.769154674835071273e-01 3.520512804147125918e-02 2.449754149103496204e+00 5.502583207449808889e+00 2.022809689955692214e+00 8.413953617393870460e-03 3.621916950874060764e-02
0.000000000000000000e+00 2.948291899282263367e-04 3.566820820504548045e-03 8.769154674835071273e-01 1.120684618309782284e-02 2.449745722492579603e+00 3.518492178472283349e+00 3.895452542490245751e+00 8.420156034928726399e-03 3.630471088030798321e-02
0.000000000000000000e+00 2.948291899282263367e-04 3.566820820504548045e-03 1.658697454880060151e+00 1.662711220623376909e-02 2.834459462019090381e+00 6.984476953724107595e+00 1.253107008256297838e+01 6.953210931279259904e-03 3.297756135229712449e-02
0.000000000000000000e+00 2.948291899282263367e-04 3.566820820504548045e-03 1.200763950043212791e+00 1.367280517081201699e-02 3.342690560409432798e+00 1.968955334799187895e+01 2.986855930229327605e+00 6.944986518950493903e-03 1.689454726945378571e-01
0.000000000000000000e+00 2.948291899282263367e-04 2.742495336033674586e-03 2.948291899282263367e-04 3.157847106268249493e-03 1.025688787863209689e-01 3.474465963711365849e-03 2.908077860167684056e-04 3.965525059211700773e-04 1.204325591441321062e-03
0.000000000000000000e+00 2.948291899282263367e-04 3.566820820504548045e-03 8.769154674835071273e-01 5.920340989984469032e-02 3.633106581269209823e+00 7.128535796046562290e+00 3.819169781022678123e+00 3.722192411682718749e-01 4.123248454049513456e-02
0.000000000000000000e+00 2.948291899282263367e-04 3.566820820504548045e-03 6.358044314455429946e-01 2.511039143963928466e-01 3.415284768457499620e+00 4.389421415933445481e+00 3.362665473088071177e+00 8.449551837411388086e-03 3.672389108982616890e-02
0.000000000000000000e+00 2.948291899282263367e-04 3.566820820504548045e-03 6.190883140922821548e-01 3.470817361205666973e-01 1.302767555726550119e+00 1.341909635149086455e+00 9.754301797937322549e-01 1.101550578750650489e-01 2.044433524311303069e-02
0.000000000000000000e+00 2.948291899282263367e-04 3.566820820504548045e-03 8.968293368624620232e-01 3.521844200154960330e-02 3.633106581269209823e+00 6.984476953724107595e+00 3.362810603686289035e+00 9.214148595410736470e-03 4.091433271144631623e-02
0.000000000000000000e+00 2.948291899282263367e-04 3.566820820504548045e-03 1.200763950043212791e+00 1.367280517081201699e-02 3.342690560409432798e+00 2.096004031422275204e+01 2.444914282218736634e+00 6.941545220433661262e-03 3.355555896804935517e-02
0.000000000000000000e+00 2.948291899282263367e-04 3.566820820504548045e-03 8.968293368624620232e-01 1.072132875766698967e-01 3.415294687501155391e+00 7.128535796046562290e+00 5.089656747253546776e+00 1.907486196455600580e-01 4.169202458561531432e-02
0.000000000000000000e+00 2.948291899282263367e-04 3.566820820504548045e-03 6.190883140922821548e-01 5.950960965682347004e-01 1.733425943162021809e+00 3.203251921628721632e+00 1.489459570440210490e+00 7.125928907595144128e-03 2.985503151742381622e-02
0.000000000000000000e+00 2.948291899282263367e-04 3.566820820504548045e-03 1.224762231901585618e+00 1.368704152042660507e-02 3.270086353170602589e+00 2.368251238471748366e+01 1.769401589757454207e+00 5.300329114319803081e-03 2.603162940365656361e-02
0.000000000000000000e+00 2.948291899282263367e-04 2.360567276636679323e-03 2.948291899282263367e-04 3.230240572012757147e-03 4.675083168039347037e-02 1.241767027356019230e-02 2.469943230828653660e-04 2.517334221026391611e-04 9.958509863849487106e-04
0.000000000000000000e+00 2.948291899282263367e-04 3.566820820504548045e-03 4.280834724474600339e-01 3.078275730129799159e-01 6.334215578485216103e-01 6.243019973124805944e-01 3.604069574523527941e-01 2.767629867692652720e-03 1.054068027445460853e-02
0.000000000000000000e+00 2.948291899282263367e-04 3.566820820504548045e-03 1.224762231901585618e+00 1.368704152042660507e-02 3.197472387838909746e+00 2.658646087454705054e+01 1.206057355369704487e+00 4.073894113416432275e-03 1.004545961005889748e-01
0.000000000000000000e+00 2.948291899282263367e-04 3.566820820504548045e-03 6.358044314455429946e-01 5.369508701042496890e-01 2.834450171637997062e+00 4.389421415933445481e+00 4.201588904397675961e+00 8.476298825357331257e-03 3.712896288119708205e-02
0.000000000000000000e+00 2.948291899282263367e-04 3.566820820504548045e-03 1.224762231901585618e+00 1.590964775533107445e-01 2.907064136969689461e+00 6.984476953724107595e+00 1.216807380649701642e+01 8.519917370676857379e-03 4.030896471742687059e-02
0.000000000000000000e+00 2.948291899282263367e-04 3.566820820504548045e-03 6.190883140922821548e-01 3.230834542621937588e-01 1.352802127394005627e+00 2.604972683165966529e+00 1.092641359830290454e-01 5.075131480503161652e-03 2.044433524311303069e-02
0.000000000000000000e+00 2.948291899282263367e-04 3.566820820504548045e-03 1.571451793260329577e+00 5.170651007453962167e-02 2.979668735483596009e+00 6.984476953724107595e+00 1.198657566846403810e+01 8.519966260129531108e-03 4.025945236986503556e-02
0.000000000000000000e+00 2.948291899282263367e-04 3.566820820504548045e-03 6.190883140922821548e-01 8.887110615011786785e-02 2.688528066511704395e+00 3.203251921628721632e+00 7.472380606812010218e-01 6.081773469730368704e-03 2.520791476192436181e-02
0.000000000000000000e+00 2.948291899282263367e-04 3.566820820504548045e-03 6.023721967390212040e-01 8.885815596437628139e-02 2.748221369604183284e+00 3.413425245670556496e+00 1.287388402975925272e-01 6.061932365674274625e-03 2.498763865505183174e-02
0.000000000000000000e+00 2.948291899282263367e-04 3.566820820504548045e-03 1.600533680466906361e+00 1.659663142325090018e-02 2.907054770151903167e+00 7.272577399787166996e+00 1.107909530234194762e+01 8.519335341829997743e-03 4.005634796601099251e-02
0.000000000000000000e+00 2.948291899282263367e-04 3.377672391660942360e-03 2.948291899282263367e-04 3.566820820504548045e-03 1.118718866373088899e-01 2.582111064107547524e-02 2.966586583774235338e-04 4.021236884853710350e-04 1.237815217669897697e-03
0.000000000000000000e+00 2.948291899282263367e-04 3.566820820504548045e-03 6.023721967390212040e-01 8.885815596437628139e-02 2.748221369604183284e+00 3.308338583649639286e+00 5.025947986417602341e-03 6.048250280346746492e-03 2.483856564570122508e-02
0.000000000000000000e+00 2.948291899282263367e-04 3.566820820504548045e-03 6.358044314455429946e-01 8.888380688835968713e-02 2.628834692296825093e+00 3.413425245670556496e+00 7.472567650967670838e-01 6.094551848058890609e-03 2.535255536906953766e-02
0.000000000000000000e+00 2.948291899282263367e-04 3.566820820504548045e-03 1.224762231901585618e+00 1.009327031401570790e-01 2.979659291636619578e+00 7.128518557464713190e+00 1.107908497829913230e+01 8.518969500640872008e-03 2.060168750316392350e-01
0.000000000000000000e+00 2.948291899282263367e-04 2.709379117946833764e-03 2.948291899282263367e-04 3.490522795068585430e-03 3.744782382940554238e-02 3.373039556492736860e-03 2.433276217459231887e-04 3.368215327497330069e-04 9.847135955822602840e-04
0.000000000000000000e+00 2.948291899282263367e-04 3.566820820504548045e-03 6.358044314455429946e-01 1.486254150252243333e-01 3.705710381088396677e+00 7.128535796046562290e+00 8.460498537467635582e-01 8.449551837411388086e-03 3.672389108982616890e-02
0.000000000000000000e+00 2.948291899282263367e-04 3.566820820504548045e-03 6.190883140922821548e-01 1.685265836659373961e-01 1.502891555321082651e+00 2.693290865362761632e+00 1.370295233270819146e+00 1.297587220800724694e-01 2.498763865505183174e-02
0.000000000000000000e+00 2.948291899282263367e-04 3.566820820504548045e-03 8.171738593466424394e-01 8.316009644652216926e-02 2.509447732985621293e+00 3.308338583649639286e+00 3.175147492014561923e+00 8.381297186237195163e-03 3.578287245928677557e-02
0.000000000000000000e+00 2.948291899282263367e-04 3.566820820504548045e-03 8.769154674835071273e-01 8.320169175821810759e-02 2.330366775838907945e+00 3.413425245670556496e+00 3.607334857845330589e+00 8.407642268855809037e-03 3.613305701944066056e-02
0.000000000000000000e+00 2.948291899282263367e-04 3.566820820504548045e-03 8.769154674835071273e-01 5.920340989984469032e-02 2.270656475541908303e+00 3.623558357902310512e+00 3.607334857845330589e+00 8.407642268855809037e-03 3.613305701944066056e-02
0.000000000000000000e+00 2.948291899282263367e-04 3.566820820504548045e-03 6.023721967390212040e-01 3.230678479427172012e-01 1.352795347454638142e+00 2.693314080653641529e+00 4.245241220457806053e-01 5.094843490905763897e-03 2.064521364322556909e-02
0.000000000000000000e+00 2.948291899282263367e-04 3.566820820504548045e-03 8.769154674835071273e-01 1.120684618309782284e-02 2.509447732985621293e+00 5.502583207449808889e+00 2.691526728040384508e+00 8.426250031499831969e-03 2.041743685512328321e-01
0.000000000000000000e+00 2.948291899282263367e-04 3.566820820504548045e-03 6.190883140922821548e-01 3.230834542621937588e-01 1.352802127394005627e+00 2.516608763352870870e+00 6.346885991244111125e-01 5.101250791731954184e-03 2.071139927984671711e-02
0.000000000000000000e+00 2.948291899282263367e-04 3.566820820504548045e-03 1.176765668184839297e+00 1.881495857540228245e-01 2.979668735483596009e+00 6.696359269079193766e+00 9.082584462071395137e+00 9.253183776439978178e-03 4.272936499404612898e-02
0.000000000000000000e+00 2.948291899282263367e-04 3.566820820504548045e-03 8.968293368624620232e-01 1.122016014317617043e-02 3.633096415756703834e+00 2.114151673355760508e+01 9.545199195845580631e-01 6.951350104566809442e-03 3.316935579616556856e-02
0.000000000000000000e+00 2.948291899282263367e-04 3.566820820504548045e-03 8.171738593466424394e-01 1.071583783048956073e-01 3.705710381088396677e+00 4.265732633774608651e+00 4.872727649445361742e+00 9.190213910074152351e-03 4.050325763586049704e-02
0.000000000000000000e+00 2.948291899282263367e-04 3.566820820504548045e-03 8.769154674835071273e-01 1.120684618309782284e-02 2.509447732985621293e+00 5.378879622489973755e+00 2.859300205928567706e+00 8.426250031499831969e-03 3.638968228931507842e-02
0.000000000000000000e+00 2.948291899282263367e-04 3.566820820504548045e-03 4.138308477573182653e-01 2.878989020357885509e-01 1.090933121931810357e+00 1.043458944123177412e+00 5.110510964524355160e-01 4.181688411329299859e-03 1.636338571531073191e-02
0.000000000000000000e+00 2.948291899282263367e-04 3.566820820504548045e-03 6.190883140922821548e-01 5.660142093616579162e-01 2.907064136969689461e+00 4.265732633774608651e+00 3.866019531873832626e+00 8.465914044282991935e-03 3.696861836892282455e-02
0.000000000000000000e+00 2.948291899282263367e-04 2.742495336033674586e-03 2.948291899282263367e-04 3.050934151121155891e-03 5.605383953138140529e-02 3.124178270009848706e-03 2.469943230828653660e-04 3.403794831357770737e-04 1.000441999136968824e-03
0.000000000000000000e+00 2.948291899282263367e-04 3.566820820504548045e-03 1.224762231901585618e+00 1.881783647598875286e-01 2.834459462019090381e+00 6.984476953724107595e+00 9.990096150101241079e+00 8.515002830451954413e-03 3.968133851273039636e-02
0.000000000000000000e+00 2.948291899282263367e-04 3.528566292015173668e-03 2.948291899282263367e-04 3.086346847121619174e-03 1.118718866373088899e-01 1.524828124451041780e-02 1.086755467447682831e-02 4.021236884853710350e-04 1.237815217669897697e-03
0.000000000000000000e+00 2.948291899282263367e-04 3.566820820504548045e-03 4.684448898590350824e-02 1.526139795391724396e-01 7.686397617242537450e-01 1.881783647598875286e-01 7.146777156448820556e-02 1.553533379173402049e-03 5.593074593208297550e-03
0.000000000000000000e+00 2.948291899282263367e-04 3.566820820504548045e-03 6.358044314455429946e-01 2.511039143963928466e-01 1.452871104578348893e+00 1.414523600480779519e+00 6.219826378064129413e-01 2.152210113110947232e-01 2.030847184281263720e-02
0.000000000000000000e+00 2.948291899282263367e-04 3.566820820504548045e-03 8.968293368624620232e-01 5.921672385992302751e-02 3.560502698605290117e+00 7.128535796046562290e+00 3.027250775151741458e+00 9.209578978865259197e-03 4.083331111082222353e-02
0.000000000000000000e+00 2.948291899282263367e-04 3.566820820504548045e-03 1.224762231901585618e+00 1.368704152042660507e-02 3.270086353170602589e+00 2.440850493684941114e+01 1.769406112425998767e+00 4.087771663823065553e-03 2.016500529005249218e-02
0.000000000000000000e+00 2.948291899282263367e-04 3.566820820504548045e-03 1.200763950043212791e+00 1.367280517081201699e-02 4.951358669045072602e+00 1.950820951174130258e+01 4.125634118887155366e-01 6.952292065458052714e-03 3.309386394034211087e-02
0.000000000000000000e+00 3.102882349707364795e-04 1.328866530911664706e-02 4.280863465287543246e-01 2.879282287943087937e-01 5.982959190523616799e-01 7.744072396722931906e-01 2.207894484821978746e-03 2.746655397984113303e-03 1.036144353218078525e-02
0.000000000000000000e+00 2.948291899282263367e-04 3.566820820504548045e-03 1.224762231901585618e+00 4.276892872700342740e-02 3.197482066429861991e+00 2.331951610865152347e+01 1.873205718511898210e+00 5.301917127010591889e-03 2.601054290577373140e-02
0.000000000000000000e+00 2.948291899282263367e-04 3.566820820504548045e-03 6.190883140922821548e-01 2.270903268287000898e-01 1.452857264423407901e+00 2.781654785175856848e+00 1.265217418213105516e+00 1.297587220800724694e-01 2.498763865505183174e-02
0.000000000000000000e+00 2.948291899282263367e-04 3.566820820504548045e-03 8.171738593466424394e-01 2.271497875967627422e-01 3.342690560409432798e+00 4.265732633774608651e+00 4.704942963183436078e+00 9.185098626139785033e-03 4.041924698373509928e-02
0.000000000000000000e+00 2.948291899282263367e-04 3.566820820504548045e-03 8.171738593466424394e-01 2.031515057383893041e-01 3.415294687501155391e+00 4.265732633774608651e+00 4.369373590659593631e+00 9.174535866041829552e-03 4.024942110427414538e-02
0.000000000000000000e+00 2.948291899282263367e-04 3.566820820504548045e-03 8.171738593466424394e-01 2.271497875967627422e-01 3.342690560409432798e+00 4.265732633774608651e+00 4.537158276921518407e+00 9.179872774214559161e-03 4.033463518377265744e-02
0.000000000000000000e+00 2.948291899282263367e-04 3.566820820504548045e-03 8.570015981045523423e-01 1.119325910642839095e-02 2.569141247583883736e+00 3.203251921628721632e+00 3.031077706353687784e+00 7.184244617588609813e-03 3.056964036550745972e-02
0.000000000000000000e+00 2.948291899282263367e-04 3.566820820504548045e-03 1.176765668184839297e+00 1.881495857540228245e-01 2.979668735483596009e+00 6.984476953724107595e+00 1.035309242616720304e+01 8.516664572416869292e-03 3.979103787238166823e-02
0.000000000000000000e+00 2.948291899282263367e-04 3.566820820504548045e-03 8.370877287255974464e-01 5.917595896787802845e-02 3.778314097357655665e+00 4.265732633774608651e+00 5.711651080754966081e+00 9.214148595410736470e-03 4.091433271144631623e-02
0.000000000000000000e+00 2.948291899282263367e-04 3.566820820504548045e-03 4.280834724474600339e-01 2.679998342550701240e-01 1.132839314474232362e+00 9.837755329160133844e-01 7.288929924475144873e-01 4.201287506222509821e-03 1.049101663073173374e-01
0.000000000000000000e+00 2.948291899282263367e-04 3.015747651083287156e-03 3.025061749050248915e-04 3.566820820504548045e-03 1.118718866373088899e-01 3.634471205454187226e-02 2.985754010969273527e-04 4.039401184700464205e-04 1.248864901831533850e-03
0.000000000000000000e+00 2.948291899282263367e-04 3.566820820504548045e-03 9.632457581951780687e-03 5.981551588610330844e-02 2.227012856765214488e-01 7.773508641578620593e-02 5.145576393881573420e-04 6.782215865773058355e-04 2.226190730137007131e-03
0.000000000000000000e+00 2.948291899282263367e-04 3.566820820504548045e-03 4.280834724474600339e-01 2.879137036340250755e-01 1.090939085392663932e+00 8.643715119299297811e-01 8.014923071980567526e-01 4.194829562909471385e-03 1.648563122005989798e-02
0.000000000000000000e+00 2.948291899282263367e-04 3.566820820504548045e-03 1.224762231901585618e+00 4.276892872700342740e-02 3.197482066429861991e+00 2.459000307488238946e+01 3.326507464481384790e+00 6.547696124468033174e-02 1.585224398104969137e-02
0.000000000000000000e+00 2.948291899282263367e-04 3.121984819287207478e-03 2.948291899282263367e-04 3.415074495009799357e-03 4.675083168039347037e-02 3.383138514490994023e-03 2.451691870160407796e-04 3.386108362579438457e-04 9.993702636559534825e-04
0.000000000000000000e+00 2.948291899282263367e-04 3.566820820504548045e-03 6.190883140922821548e-01 2.270903268287000898e-01 1.452857264423407901e+00 2.781654785175856848e+00 1.265217418213105516e+00 2.534623070399073530e-01 2.506150742842171847e-02
0.000000000000000000e+00 2.948291899282263367e-04 3.566820820504548045e-03 6.190883140922821548e-01 2.270903268287000898e-01 1.452857264423407901e+00 2.781654785175856848e+00 1.265217418213105516e+00 2.534623070399073530e-01 2.506150742842171847e-02
0.000000000000000000e+00 2.948291899282263367e-04 3.566820820504548045e-03 6.358044314455429946e-01 5.369508701042496890e-01 2.834450171637997062e+00 4.389421415933445481e+00 4.369373590659593631e+00 9.174535866041829552e-03 4.024942110427414538e-02
0.000000000000000000e+00 2.948291899282263367e-04 3.566820820504548045e-03 1.224762231901585618e+00 4.276892872700342740e-02 3.197482066429861991e+00 2.313801797061853449e+01 1.977011052323185636e+00 5.301917127010591889e-03 2.601054290577373140e-02
0.000000000000000000e+00 2.948291899282263367e-04 3.566820820504548045e-03 8.968293368624620232e-01 1.072132875766698967e-01 3.342680722169462548e+00 7.272577399787166996e+00 4.726660471187583923e+00 9.243144938974285491e-03 4.146489679856184274e-02
0.000000000000000000e+00 2.948291899282263367e-04 3.566820820504548045e-03 1.224762231901585618e+00 4.276892872700342740e-02 3.052254135766475862e+00 7.128500378545836291e+00 1.017158384766252333e+01 1.745275734484475483e-01 3.973644434216621474e-02
0.000000000000000000e+00 2.948291899282263367e-04 3.566820820504548045e-03 1.224762231901585618e+00 1.368704152042660507e-02 3.197472387838909746e+00 7.272577399787166996e+00 5.815649299385475146e+00 9.217329742259755196e-03 4.170313059284400797e-02
0.000000000000000000e+00 2.948291899282263367e-04 3.566820820504548045e-03 1.224762231901585618e+00 1.300145903467339048e-01 2.979668735483596009e+00 7.128535796046562290e+00 1.180508785447387510e+01 8.519966260129531108e-03 4.025945236986503556e-02
0.000000000000000000e+00 2.948291899282263367e-04 3.566820820504548045e-03 1.571451793260329577e+00 8.683214887069945487e-02 2.907064136969689461e+00 7.128535796046562290e+00 1.144209157840791136e+01 8.519816690057156749e-03 4.015891264318949966e-02
0.000000000000000000e+00 2.948291899282263367e-04 3.566820820504548045e-03 1.224762231901585618e+00 1.368704152042660507e-02 3.270086353170602589e+00 7.128535796046562290e+00 6.178645575451438887e+00 9.223400984069556399e-03 4.160003894038191707e-02
0.000000000000000000e+00 2.948291899282263367e-04 3.566820820504548045e-03 1.893546543293971388e-02 1.326921203863487900e-02 1.588668699087321667e-01 5.535153773280689603e-03 3.554782541688216780e-04 4.782183133298798178e-04 1.497591008787294399e-03
0.000000000000000000e+00 2.948291899282263367e-04 3.528566292015173668e-03 9.641036042706755196e-03 1.330047663116363903e-02 1.800103976452577803e-01 3.025429017342470134e-02 3.619158537072368273e-04 4.842497761741859771e-04 1.513581231103066542e-03
0.000000000000000000e+00 2.948291899282263367e-04 3.566820820504548045e-03 6.358044314455429946e-01 2.511039143963928466e-01 1.452871104578348893e+00 1.269295669817393390e+00 9.754219705665994056e-01 2.152349009828204707e-01 2.044433524311303069e-02
0.000000000000000000e+00 2.948291899282263367e-04 3.566820820504548045e-03 9.632457581951780687e-03 1.063305551410428373e-01 2.711945423683989609e-01 1.246801398623862689e-01 6.375079494680861237e-04 8.302409961798260137e-04 2.802896015666823341e-03
0.000000000000000000e+00 2.948291899282263367e-04 3.566820820504548045e-03 8.968293368624620232e-01 1.072132875766698967e-01 3.415294687501155391e+00 6.984476953724107595e+00 5.089646423210729687e+00 1.907450033914919185e-01 4.161690078064682330e-02
0.000000000000000000e+00 2.948291899282263367e-04 3.566820820504548045e-03 1.571451793260329577e+00 5.170651007453962167e-02 2.979668735483596009e+00 7.128535796046562290e+00 1.162358971644089678e+01 8.519932798373677091e-03 4.020943525610445185e-02
0.000000000000000000e+00 2.948291899282263367e-04 3.528566292015173668e-03 2.948291899282263367e-04 2.259167316010457852e-02 1.482919094555625872e-01 4.717320389921356161e-03 3.004757041738715826e-04 4.057367717618593547e-04 1.259858412751593956e-03
0.000000000000000000e+00 2.948291899282263367e-04 3.566820820504548045e-03 1.483940297891106763e-01 3.918965021384542280e-01 3.127423400663991715e-01 4.380219313699126316e-01 1.477480241384617572e-03 1.866830250888604258e-03 6.741915790240188625e-03
0.000000000000000000e+00 2.948291899282263367e-04 3.566820820504548045e-03 2.948291899282263367e-04 3.566820820504548045e-03 9.326587093533302009e-02 4.653338783018354935e-03 2.888232524900767074e-04 3.946536838716763196e-04 1.193047644123033588e-03
0.000000000000000000e+00 2.948291899282263367e-04 3.566820820504548045e-03 1.104770822609719039e+00 3.523148642593681990e-02 3.560502698605290117e+00 2.096004031422275204e+01 7.458405486400229538e-03 8.519917370676857379e-03 4.030896471742687059e-02
0.000000000000000000e+00 2.948291899282263367e-04 3.566820820504548045e-03 8.769154674835071273e-01 3.520512804147125918e-02 2.449754149103496204e+00 5.502583207449808889e+00 2.166868532278146020e+00 8.420156034928726399e-03 3.630471088030798321e-02
0.000000000000000000e+00 2.948291899282263367e-04 3.566820820504548045e-03 8.570015981045523423e-01 2.031795139734152711e-01 1.302767555726550119e+00 2.604972683165966529e+00 1.265217418213105516e+00 1.297587220800724694e-01 2.498763865505183174e-02
0.000000000000000000e+00 2.948291899282263367e-04 3.566820820504548045e-03 5.856560793857604752e-01 8.884495275442877427e-02 2.807914600937993832e+00 3.413425245670556496e+00 5.035255337757650607e-03 6.055137120237564195e-03 2.491332508057146969e-02
0.000000000000000000e+00 2.948291899282263367e-04 3.566820820504548045e-03 1.104770822609719039e+00 3.523148642593681990e-02 3.560502698605290117e+00 7.128535796046562290e+00 3.195035461413659572e+00 1.907122866283884333e-01 4.099475978308492891e-02
0.000000000000000000e+00 2.948291899282263367e-04 3.566820820504548045e-03 8.570015981045523423e-01 2.753013350375998480e-01 1.252732929271029638e+00 2.604972683165966529e+00 1.265217418213105516e+00 6.055137120237564195e-03 2.491332508057146969e-02
0.000000000000000000e+00 2.948291899282263367e-04 3.566820820504548045e-03 8.968293368624620232e-01 1.072132875766698967e-01 3.415294687501155391e+00 7.128535796046562290e+00 4.726660471187583923e+00 1.907412829719605241e-01 4.154119185713806006e-02
0.000000000000000000e+00 2.948291899282263367e-04 3.566820820504548045e-03 8.570015981045523423e-01 2.031795139734152711e-01 3.197472387838909746e+00 4.389421415933445481e+00 5.711651080754966081e+00 9.214148595410736470e-03 4.091433271144631623e-02
0.000000000000000000e+00 2.948291899282263367e-04 3.566820820504548045e-03 8.968293368624620232e-01 3.521844200154960330e-02 3.560492615937516536e+00 4.265717830973611235e+00 5.711639872381232053e+00 9.209578978865259197e-03 4.083331111082222353e-02
0.000000000000000000e+00 2.948291899282263367e-04 3.566820820504548045e-03 1.224762231901585618e+00 1.368704152042660507e-02 3.270086353170602589e+00 7.128535796046562290e+00 5.634151161352497716e+00 9.214142009700540537e-03 4.163012507879351731e-02
0.000000000000000000e+00 2.948291899282263367e-04 3.566820820504548045e-03 1.224762231901585618e+00 1.368704152042660507e-02 3.197472387838909746e+00 7.272577399787166996e+00 5.452653023319511405e+00 9.210852320335452884e-03 4.155654038125050631e-02
0.000000000000000000e+00 2.948291899282263367e-04 3.566820820504548045e-03 1.571451793260329577e+00 1.372795043252930669e-02 2.834431360973233449e+00 7.560657777646365929e+00 1.198658599250685342e+01 8.519917370676857379e-03 4.030896471742687059e-02
0.000000000000000000e+00 2.948291899282263367e-04 3.566820820504548045e-03 6.358044314455429946e-01 2.991004781131396673e-01 1.302760831019880383e+00 1.487119057858539151e+00 5.336187179933175040e-01 5.040615501912253972e-03 2.010173982795567665e-02
0.000000000000000000e+00 2.948291899282263367e-04 3.566820820504548045e-03 1.176765668184839297e+00 3.326274500934695011e-01 2.761854711214527303e+00 7.128535796046562290e+00 9.082615783979150592e+00 8.510648139627785894e-03 3.945577654954017521e-02
0.000000000000000000e+00 2.948291899282263367e-04 3.566820820504548045e-03 1.200763950043212791e+00 4.275469237738815237e-02 3.270086353170602589e+00 6.696359269079193766e+00 6.541610529609655167e+00 9.220415930627898562e-03 4.177555790741727115e-02
0.000000000000000000e+00 2.948291899282263367e-04 3.566820820504548045e-03 1.224762231901585618e+00 4.276892872700342740e-02 3.124868101098168705e+00 7.272577399787166996e+00 4.726660471187583923e+00 9.243144938974285491e-03 4.146489679856184274e-02
0.000000000000000000e+00 2.948291899282263367e-04 3.566820820504548045e-03 8.570015981045523423e-01 3.519154096480182209e-02 2.509447732985621293e+00 3.308338583649639286e+00 1.489468967504433472e+00 7.132806364646197134e-03 2.993644711358812299e-02
0.000000000000000000e+00 2.948291899282263367e-04 2.742495336033674586e-03 2.948291899282263367e-04 2.980788225190484156e-03 3.744782382940554238e-02 3.903426785330857407e-03 2.433276217459231887e-04 3.368215327497330069e-04 9.847135955822602840e-04
0.000000000000000000e+00 2.948291899282263367e-04 3.566820820504548045e-03 1.600533680466906361e+00 5.172227021941072644e-02 2.907064136969689461e+00 7.128535796046562290e+00 1.107909530234194762e+01 1.745319059598334221e-01 4.010788379376054036e-02
0.000000000000000000e+00 2.948291899282263367e-04 3.566820820504548045e-03 8.968293368624620232e-01 3.521844200154960330e-02 3.633106581269209823e+00 6.984476953724107595e+00 3.362810603686289035e+00 1.907122866283884333e-01 4.099475978308492891e-02
0.000000000000000000e+00 2.948291899282263367e-04 3.566820820504548045e-03 1.224762231901585618e+00 1.368704152042660507e-02 3.052244457175523618e+00 7.560657777646365929e+00 1.071609902627598387e+01 8.518519810285920396e-03 3.995175238582528848e-02
0.000000000000000000e+00 2.948291899282263367e-04 3.566820820504548045e-03 1.600533680466906361e+00 1.659663142325090018e-02 2.834440804820209880e+00 7.416618063190749233e+00 1.271257854463878090e+01 6.952664461976097894e-03 1.685459022320272005e-01
0.000000000000000000e+00 2.948291899282263367e-04 3.566820820504548045e-03 2.012581767719359427e-01 1.203531171437311753e-01 3.590530191418787598e-01 1.552098512934161900e-01 5.914816846753766927e-02 1.266741771619090936e-03 4.483010166993474550e-03
0.000000000000000000e+00 2.948291899282263367e-04 3.566820820504548045e-03 1.224762231901585618e+00 4.276892872700342740e-02 3.197482066429861991e+00 7.128535796046562290e+00 1.017160461217704182e+01 1.745292351904124406e-01 3.984511987756613610e-02
0.000000000000000000e+00 2.948291899282263367e-04 3.566820820504548045e-03 6.190883140922821548e-01 2.990851724038203763e-01 1.402836643828763385e+00 2.516608763352870870e+00 7.397752611453283222e-01 5.107577186554398962e-03 2.077719962296335071e-02
0.000000000000000000e+00 2.948291899282263367e-04 3.566820820504548045e-03 5.689399620324996354e-01 3.470339979848118817e-01 1.452871104578348893e+00 2.516608763352870870e+00 8.448619231662330975e-01 6.019776842770279898e-03 2.453504777888198748e-02
0.000000000000000000e+00 2.948291899282263367e-04 2.676496003864652952e-03 2.948291899282263367e-04 3.193932705242744866e-03 1.118718866373088899e-01 3.654915776061273738e-03 2.927750565721865526e-04 3.984302158402465736e-04 1.209972005747213383e-03
0.000000000000000000e+00 2.948291899282263367e-04 3.566820820504548045e-03 8.370877287255974464e-01 8.317424082625146653e-02 2.449754149103496204e+00 3.098165259607804423e+00 2.598890131056981190e+00 7.159314708235142363e-03 3.025705829927005652e-02
0.000000000000000000e+00 2.948291899282263367e-04 3.566820820504548045e-03 8.370877287255974464e-01 8.317424082625146653e-02 2.449754149103496204e+00 3.308338583649639286e+00 2.598912122724732487e+00 7.171975008785623842e-03 3.041434863628450502e-02
0.000000000000000000e+00 2.948291899282263367e-04 3.157847106268249493e-03 2.948291899282263367e-04 3.566820820504548045e-03 8.396286308434509904e-02 4.641974364475995492e-03 2.868212366135504594e-04 3.927333879877538316e-04 1.181711701757699262e-03
0.000000000000000000e+00 2.948291899282263367e-04 3.566820820504548045e-03 6.190883140922821548e-01 3.230834542621937588e-01 1.352802127394005627e+00 2.516608763352870870e+00 9.499485851871503073e-01 6.027035142370487826e-03 2.461160144158560520e-02
0.000000000000000000e+00 2.948291899282263367e-04 3.566820820504548045e-03 1.600533680466906361e+00 1.659663142325090018e-02 2.979668735483596009e+00 7.128535796046562290e+00 1.107909530234194762e+01 8.519335341829997743e-03 4.005634796601099251e-02
0.000000000000000000e+00 2.948291899282263367e-04 3.528566292015173668e-03 9.632457581951780687e-03 1.948540356374741656e-01 5.183371037300157358e-01 1.122016014317617043e-02 7.925673733224438029e-04 1.022278707430273595e-03 2.752919028839134405e-02
0.000000000000000000e+00 2.948291899282263367e-04 3.566820820504548045e-03 1.629615567673483367e+00 5.173768247878251375e-02 2.834459462019090381e+00 6.984476953724107595e+00 1.289406635862894213e+01 6.952664461976097894e-03 3.305550562891653582e-02
0.000000000000000000e+00 2.948291899282263367e-04 3.566820820504548045e-03 1.224762231901585618e+00 1.368704152042660507e-02 3.052244457175523618e+00 2.422693807771265639e+01 4.260762142369364014e+00 3.151042088020868104e-03 1.587788246980471885e-02
0.000000000000000000e+00 2.948291899282263367e-04 1.328866530911664706e-02 6.190916849437037017e-01 2.511039143963928466e-01 1.452871104578348893e+00 1.269295669817393390e+00 1.063785890379694843e+00 2.152417198959822309e-01 2.051168260697993490e-02
0.000000000000000000e+00 2.948291899282263367e-04 3.566820820504548045e-03 1.224762231901585618e+00 1.368704152042660507e-02 3.124858422507216460e+00 7.416618063190749233e+00 5.815649299385475146e+00 9.217329742259755196e-03 4.170313059284400797e-02
0.000000000000000000e+00 2.948291899282263367e-04 3.566820820504548045e-03 1.224762231901585618e+00 1.368704152042660507e-02 3.197472387838909746e+00 2.331949438995339463e+01 2.080817742015346195e+00 5.300329114319803081e-03 2.603162940365656361e-02
0.000000000000000000e+00 2.948291899282263367e-04 3.566820820504548045e-03 6.190883140922821548e-01 1.685265836659373961e-01 3.705710381088396677e+00 4.265732633774608651e+00 4.033804218135750297e+00 8.471158456915902149e-03 3.704907060444421335e-02
0.000000000000000000e+00 2.948291899282263367e-04 3.566820820504548045e-03 1.801125179788058417e-01 2.582158604466160412e-01 7.279515565977353608e-01 4.808048807820441972e-01 1.800122742865291770e-03 2.259801027957773333e-03 8.334888814825218081e-03
0.000000000000000000e+00 2.948291899282263367e-04 3.566820820504548045e-03 6.358044314455429946e-01 5.660327573108263621e-01 2.834459462019090381e+00 4.018325463854941937e+00 4.369351058957280820e+00 8.471158456915902149e-03 3.704907060444421335e-02
0.000000000000000000e+00 2.948291899282263367e-04 3.566820820504548045e-03 1.224762231901585618e+00 1.368704152042660507e-02 3.270086353170602589e+00 2.440850493684941114e+01 1.769406112425998767e+00 4.087771663823065553e-03 2.016500529005249218e-02
0.000000000000000000e+00 2.948291899282263367e-04 3.566820820504548045e-03 8.968293368624620232e-01 1.072132875766698967e-01 3.342680722169462548e+00 7.128518557464713190e+00 4.726650147144766834e+00 9.239319921725625689e-03 4.138801458131190908e-02
0.000000000000000000e+00 2.948291899282263367e-04 3.566820820504548045e-03 6.358044314455429946e-01 3.230987599715125502e-01 1.302767555726550119e+00 1.414523600480779519e+00 1.801630387409354495e-01 9.257790032070738195e-02 1.672607369190438203e-02
0.000000000000000000e+00 2.948291899282263367e-04 3.566820820504548045e-03 3.092859474764499961e-01 3.674923218666040770e-01 1.132839314474232362e+00 8.643715119299297811e-01 2.931945498762058011e-01 3.408249777131578187e-03 1.319073782829451556e-02
0.000000000000000000e+00 2.948291899282263367e-04 3.566820820504548045e-03 8.769154674835071273e-01 5.920340989984469032e-02 3.560492615937516536e+00 7.128518557464713190e+00 4.545152009111779634e+00 9.235389870891275860e-03 4.131054417462418776e-02
0.000000000000000000e+00 2.948291899282263367e-04 3.566820820504548045e-03 2.948291899282263367e-04 3.566820820504548045e-03 1.694332474474206651e-01 4.667928920356168888e-03 3.004757041738715826e-04 4.057367717618593547e-04 1.254013365508174294e-03
0.000000000000000000e+00 2.948291899282263367e-04 3.566820820504548045e-03 8.370877287255974464e-01 3.517767710950459037e-02 2.569141247583883736e+00 3.308338583649639286e+00 2.598912122724732487e+00 7.171975008785623842e-03 3.041434863628450502e-02
0.000000000000000000e+00 2.948291899282263367e-04 3.566820820504548045e-03 1.600533680466906361e+00 1.659663142325090018e-02 2.761826839488516594e+00 7.560657777646365929e+00 1.271257854463878090e+01 6.952664461976097894e-03 3.305550562891653582e-02
0.000000000000000000e+00 2.948291899282263367e-04 3.566820820504548045e-03 4.684448898590350824e-02 1.526139795391724396e-01 7.686397617242537450e-01 1.881783647598875286e-01 1.216493972168535692e-03 1.545846878761815077e-03 5.534214199823996733e-03
0.000000000000000000e+00 2.948291899282263367e-04 3.566820820504548045e-03 9.632457581951780687e-03 1.330047663116363903e-02 1.800103976452577803e-01 6.731610470034971039e-02 4.247797594009869926e-04 5.654137768741487402e-04 1.814228257336485215e-03
0.000000000000000000e+00 2.948291899282263367e-04 3.566820820504548045e-03 1.894404389369468492e-02 2.261507714168557032e-02 1.588689817698314966e-01 5.546413822141509423e-03 3.576423901116470086e-04 4.802504258204194436e-04 1.510241963192741335e-03
0.000000000000000000e+00 2.948291899282263367e-04 3.566820820504548045e-03 1.224762231901585618e+00 1.368704152042660507e-02 3.197472387838909746e+00 2.440848321815127875e+01 3.430312091372889505e+00 6.547845131069478242e-02 1.584334467499652621e-02
0.000000000000000000e+00 2.948291899282263367e-04 1.328866530911664706e-02 7.972640056546731469e-01 4.909270817315898594e-02 2.569141247583883736e+00 3.413425245670556496e+00 2.742981803910586880e+00 7.184244617588609813e-03 3.056964036550745972e-02
0.000000000000000000e+00 2.948291899282263367e-04 3.566820820504548045e-03 6.190883140922821548e-01 3.230834542621937588e-01 1.352802127394005627e+00 2.604972683165966529e+00 1.265217418213105516e+00 1.297587220800724694e-01 2.498763865505183174e-02
0.000000000000000000e+00 2.948291899282263367e-04 3.566820820504548045e-03 8.171738593466424394e-01 8.316009644652216926e-02 2.509447732985621293e+00 3.308338583649639286e+00 3.031088649692104564e+00 7.190234108107875291e-03 3.064653941224416284e-02
0.000000000000000000e+00 2.948291899282263367e-04 3.566820820504548045e-03 6.358044314455429946e-01 2.511039143963928466e-01 3.487898733789192018e+00 4.265732633774608651e+00 4.704942963183436078e+00 1.906832366591260097e-01 4.050325763586049704e-02
0.000000000000000000e+00 2.948291899282263367e-04 3.566820820504548045e-03 4.684448898590350824e-02 3.767616458240247712e-01 7.570288757711811645e-01 3.969924956972000762e-01 1.497645284917316875e-03 1.884073230875489080e-03 6.912883708938069582e-03
0.000000000000000000e+00 2.948291899282263367e-04 3.566820820504548045e-03 2.948291899282263367e-04 1.842192013965044950e-01 5.581578356534731000e-01 1.072132875766698967e-01 9.765457246796063577e-04 1.253070060778923136e-03 4.381980118300221778e-03
0.000000000000000000e+00 2.948291899282263367e-04 3.566820820504548045e-03 9.632457581951780687e-03 1.330047663116363903e-02 1.800103976452577803e-01 7.955466338297779993e-02 4.271530089748412098e-04 5.676130926118165597e-04 1.828386266163348293e-03
0.000000000000000000e+00 2.948291899282263367e-04 3.566820820504548045e-03 2.948291899282263367e-04 1.156217516699837994e-01 2.711945423683989609e-01 9.124790515586449213e-02 6.315296495871500519e-04 8.248422938799761283e-04 2.765756107217503396e-03
0.000000000000000000e+00 2.948291899282263367e-04 3.566820820504548045e-03 1.224762231901585618e+00 1.368704152042660507e-02 3.270086353170602589e+00 2.331951610865152347e+01 1.873205718511898210e+00 5.301917127010591889e-03 2.601054290577373140e-02
0.000000000000000000e+00 2.948291899282263367e-04 3.566820820504548045e-03 1.224762231901585618e+00 4.276892872700342740e-02 3.197482066429861991e+00 2.350101424668449823e+01 1.977013713761171410e+00 5.298695050908678282e-03 1.298591037024611206e-01
0.000000000000000000e+00 2.948291899282263367e-04 3.566820820504548045e-03 6.023721967390212040e-01 1.485997641012409831e-01 2.569141247583883736e+00 3.203251921628721632e+00 1.489459570440210490e+00 7.125928907595144128e-03 2.985503151742381622e-02
0.000000000000000000e+00 2.948291899282263367e-04 3.566820820504548045e-03 4.138308477573182653e-01 2.480711632778787867e-01 1.132827239960162879e+00 1.043439840800995277e+00 2.932019065213506970e-01 3.413996198770658224e-03 1.324251007972074463e-02
0.000000000000000000e+00 2.948291899282263367e-04 3.566820820504548045e-03 1.224762231901585618e+00 4.276892872700342740e-02 3.197482066429861991e+00 2.368251238471748366e+01 1.146561451604491078e+00 5.309161204743373906e-03 2.590056866082306869e-02
0.000000000000000000e+00 2.948291899282263367e-04 3.566820820504548045e-03 1.200763950043212791e+00 1.367280517081201699e-02 3.342690560409432798e+00 1.968955334799187895e+01 2.444894343816897742e+00 6.948683885232616146e-03 3.331545639524672447e-02
0.000000000000000000e+00 2.948291899282263367e-04 3.015747651083287156e-03 2.948291899282263367e-04 3.121984819287207478e-03 7.465985523335726126e-02 4.074277540307133516e-03 2.505961851431170485e-04 3.438563017090229138e-04 1.025095496569231653e-03
0.000000000000000000e+00 2.948291899282263367e-04 3.566820820504548045e-03 1.224762231901585618e+00 1.368704152042660507e-02 4.863006623853220134e+00 1.950820951174130258e+01 4.125634118887155366e-01 1.424426886685623006e-01 3.313181380476477866e-02
0.000000000000000000e+00 2.948291899282263367e-04 3.566820820504548045e-03 1.224762231901585618e+00 4.276892872700342740e-02 3.052254135766475862e+00 2.368246776260104625e+01 3.118885994817853557e+00 4.077219701942432981e-03 2.026599501121753577e-02
0.000000000000000000e+00 2.948291899282263367e-04 3.566820820504548045e-03 1.513288018847176009e+00 4.278286257969064060e-02 3.124877700821328208e+00 2.331951610865152347e+01 3.222692684510013894e+00 4.075574027953477417e-03 2.027949989877264256e-02
0.000000000000000000e+00 2.948291899282263367e-04 3.566820820504548045e-03 1.224762231901585618e+00 4.276892872700342740e-02 3.197482066429861991e+00 2.331951610865152347e+01 1.977012408204058769e+00 5.300329114319803081e-03 2.603162940365656361e-02
0.000000000000000000e+00 2.948291899282263367e-04 3.566820820504548045e-03 2.948291899282263367e-04 1.156217516699837994e-01 2.569419176782572478e-01 1.246679471398541572e-01 6.345310980986808985e-04 8.275554730395142441e-04 2.784373046493779889e-03
0.000000000000000000e+00 2.948291899282263367e-04 2.911553900243270005e-03 2.948291899282263367e-04 2.980788225190484156e-03 1.025688787863209689e-01 4.615313282787527130e-03 2.908077860167684056e-04 3.965525059211700773e-04 1.198819795595397779e-03
0.000000000000000000e+00 2.948291899282263367e-04 3.566820820504548045e-03 1.224762231901585618e+00 4.276892872700342740e-02 3.197482066429861991e+00 4.265732633774608651e+00 1.089742984779003443e+01 9.249675488706319074e-03 4.259993542290963636e-02
0.000000000000000000e+00 2.948291899282263367e-04 2.742495336033674586e-03 2.948291899282263367e-04 3.050934151121155891e-03 6.535684738236934022e-02 4.063903696664917381e-03 2.488032508368130950e-04 3.421278502646143168e-04 1.019681964196070354e-03
0.000000000000000000e+00 2.948291899282263367e-04 3.566820820504548045e-03 1.224762231901585618e+00 4.276892872700342740e-02 3.124868101098168705e+00 7.272577399787166996e+00 4.908158609220569346e+00 9.246865358514197442e-03 4.154119185713806006e-02
0.000000000000000000e+00 2.948291899282263367e-04 3.566820820504548045e-03 8.769154674835071273e-01 1.120684618309782284e-02 2.509447732985621293e+00 3.098165259607804423e+00 4.039478554281554779e+00 8.407642268855809037e-03 3.613305701944066056e-02
0.000000000000000000e+00 2.948291899282263367e-04 3.566820820504548045e-03 3.092859474764499961e-01 6.108544071061996483e-01 1.302760831019880383e+00 1.487119057858539151e+00 3.435199114746509061e-03 4.201287506222509821e-03 1.654624649422182375e-02
0.000000000000000000e+00 2.948291899282263367e-04 3.566820820504548045e-03 6.190883140922821548e-01 3.230834542621937588e-01 1.352802127394005627e+00 2.604972683165966529e+00 1.092641359830290454e-01 1.101617935014203159e-01 2.051168260697993490e-02
0.000000000000000000e+00 2.948291899282263367e-04 3.566820820504548045e-03 1.176765668184839297e+00 2.172314729605996364e-01 2.907064136969689461e+00 7.128535796046562290e+00 9.264113922012128910e+00 8.511866517073007551e-03 2.055255100327348372e-01
0.000000000000000000e+00 2.948291899282263367e-04 3.566820820504548045e-03 1.200763950043212791e+00 1.881641284102722744e-01 2.907064136969689461e+00 7.128535796046562290e+00 9.990106474144056392e+00 8.515876402404027115e-03 3.973644434216621474e-02
0.000000000000000000e+00 2.948291899282263367e-04 3.566820820504548045e-03 4.280834724474600339e-01 2.480859648761152558e-01 4.371763508598026648e-01 1.024513532271315253e+00 3.007179469500310121e-01 2.772733325406348450e-03 1.058489250501427024e-02
0.000000000000000000e+00 2.948291899282263367e-04 3.566820820504548045e-03 1.200763950043212791e+00 1.300003539971186228e-01 3.052273256968312420e+00 2.313801797061853449e+01 1.873204362631025299e+00 5.303458940636700952e-03 2.598915413621554274e-02
0.000000000000000000e+00 2.948291899282263367e-04 3.566820820504548045e-03 1.224762231901585618e+00 1.368704152042660507e-02 3.270086353170602589e+00 4.142029048814773518e+00 1.107891586136154594e+01 9.249675488706319074e-03 4.259993542290963636e-02
0.000000000000000000e+00 2.948291899282263367e-04 2.742495336033674586e-03 2.948291899282263367e-04 1.287199052436238146e-02 1.025707884069185089e-01 3.639394003764052227e-02 2.985754010969273527e-04 4.039401184700464205e-04 1.248864901831533850e-03
0.000000000000000000e+00 2.948291899282263367e-04 3.566820820504548045e-03 2.948291899282263367e-04 1.947920307930695316e-01 3.348033447947454944e-01 8.888380688835968713e-02 6.491738165793811124e-04 8.407127398603329079e-04 2.876056901340858819e-03
0.000000000000000000e+00 2.948291899282263367e-04 3.566820820504548045e-03 2.948291899282263367e-04 1.156217516699837994e-01 2.711945423683989609e-01 2.438343574282136189e-02 5.198308652891495650e-04 6.830421346843746798e-04 2.258327171501667546e-03
0.000000000000000000e+00 2.948291899282263367e-04 3.566820820504548045e-03 2.948291899282263367e-04 6.910671241504423579e-02 2.227012856765214488e-01 6.348246172564442347e-02 5.118880151038018378e-04 6.757735621039013575e-04 2.210000253932856672e-03
0.000000000000000000e+00 2.948291899282263367e-04 3.566820820504548045e-03 1.128769104468092532e+00 5.924254667529497281e-02 3.415294687501155391e+00 7.128535796046562290e+00 4.363664195121620182e+00 9.235389870891275860e-03 4.131054417462418776e-02
0.000000000000000000e+00 2.948291899282263367e-04 1.328866530911664706e-02 6.190916849437037017e-01 3.230987599715125502e-01 1.302767555726550119e+00 1.269295669817393390e+00 6.219662913142173233e-01 4.232469740018197750e-03 1.675251530180720330e-02
0.000000000000000000e+00 2.948291899282263367e-04 3.566820820504548045e-03 1.026625360918309998e-01 1.784054165852077822e-01 9.314919785387877349e-01 2.273809449831927232e-01 1.482584006818539772e-03 4.377740061443768926e-02 6.845160648934038757e-03
0.000000000000000000e+00 2.948291899282263367e-04 3.566820820504548045e-03 6.358044314455429946e-01 2.991004781131396673e-01 1.302760831019880383e+00 1.487119057858539151e+00 6.219826378064129413e-01 1.101343492901775550e-01 2.023995378515118515e-02
0.000000000000000000e+00 2.948291899282263367e-04 3.566820820504548045e-03 9.632457581951780687e-03 1.063305551410428373e-01 2.711945423683989609e-01 4.109955309608204904e-02 5.224348973519079556e-04 6.854152844903058615e-04 2.274273957994436216e-03
0.000000000000000000e+00 2.948291899282263367e-04 3.566820820504548045e-03 6.190883140922821548e-01 3.230834542621937588e-01 1.352802127394005627e+00 2.604972683165966529e+00 4.245241220457806053e-01 5.094843490905763897e-03 2.064521364322556909e-02
0.000000000000000000e+00 2.948291899282263367e-04 3.566820820504548045e-03 9.632457581951780687e-03 1.842812062409091012e-01 5.382474846407695468e-01 1.552098512934161900e-01 5.914816846753766927e-02 3.034862897819591218e-02 4.507946355122547342e-03
0.000000000000000000e+00 2.948291899282263367e-04 3.566820820504548045e-03 4.423360971376018580e-01 2.879282287943087937e-01 6.334215578485216103e-01 7.243845900607309707e-01 6.190990497786379859e-02 2.751983929974989324e-03 1.040661240451013457e-02
0.000000000000000000e+00 2.948291899282263367e-04 3.015747651083287156e-03 2.948291899282263367e-04 3.086346847121619174e-03 4.675083168039347037e-02 4.042573643504542881e-03 2.451691870160407796e-04 3.386108362579438457e-04 9.948877526867220492e-04
0.000000000000000000e+00 2.948291899282263367e-04 3.566820820504548045e-03 8.370877287255974464e-01 1.071725226846248907e-01 3.633106581269209823e+00 4.265732633774608651e+00 5.711651080754966081e+00 9.214148595410736470e-03 4.091433271144631623e-02
0.000000000000000000e+00 2.948291899282263367e-04 3.566820820504548045e-03 3.995782230671765523e-01 3.077976891185091324e-01 1.090933121931810357e+00 1.043458944123177412e+00 2.205952351256636468e-01 3.413996198770658224e-03 1.324251007972074463e-02
0.000000000000000000e+00 2.948291899282263367e-04 3.566820820504548045e-03 8.769154674835071273e-01 5.920340989984469032e-02 2.270656475541908303e+00 3.623558357902310512e+00 3.607334857845330589e+00 8.407642268855809037e-03 3.613305701944066056e-02
0.000000000000000000e+00 2.948291899282263367e-04 3.566820820504548045e-03 1.893546543293971388e-02 1.737215518532732872e-01 5.183336152618145398e-01 2.753178002926334744e-01 3.007400222419353425e-02 1.270073496813143828e-03 4.507946355122547342e-03
0.000000000000000000e+00 2.948291899282263367e-04 3.566820820504548045e-03 4.138308477573182653e-01 2.679850326568337104e-01 1.132833301959290218e+00 9.837569336301356104e-01 8.014996638432017040e-01 4.201287506222509821e-03 1.654624649422182375e-02
0.000000000000000000e+00 2.948291899282263367e-04 3.566820820504548045e-03 3.995782230671765523e-01 5.629144536141478250e-01 1.302767555726550119e+00 1.341909635149086455e+00 6.219745005413502836e-01 5.040615501912253972e-03 1.999208016483776384e-02
0.000000000000000000e+00 2.948291899282263367e-04 3.566820820504548045e-03 1.801125179788058417e-01 2.582158604466160412e-01 7.279515565977353608e-01 4.388986882396221367e-01 1.794274654062986930e-03 2.254837397582940949e-03 8.294977828624228514e-03
0.000000000000000000e+00 2.948291899282263367e-04 3.566820820504548045e-03 6.023721967390212040e-01 1.286858947222860872e-01 2.569132681803782958e+00 3.518492178472283349e+00 1.878628749975843393e+00 2.952639444647863209e-01 3.025705829927005652e-02
0.000000000000000000e+00 2.948291899282263367e-04 3.566820820504548045e-03 1.893546543293971388e-02 1.318420252220821147e-02 1.694396993052972311e-01 4.260822834906637796e-02 3.640255868294906254e-04 4.862176428240491959e-04 1.547811838977159078e-03
0.000000000000000000e+00 2.948291899282263367e-04 3.566820820504548045e-03 8.570015981045523423e-01 1.119325910642839095e-02 2.509439237090841601e+00 3.518492178472283349e+00 3.895452542490245751e+00 3.439895285587721285e-01 3.647408488191293541e-02
0.000000000000000000e+00 2.948291899282263367e-04 3.566820820504548045e-03 8.769154674835071273e-01 3.520512804147125918e-02 2.449754149103496204e+00 5.502583207449808889e+00 2.166868532278146020e+00 8.420156034928726399e-03 3.630471088030798321e-02
0.000000000000000000e+00 2.948291899282263367e-04 3.566820820504548045e-03 1.224762231901585618e+00 1.009327031401570790e-01 2.979659291636619578e+00 7.128518557464713190e+00 1.180507753043105801e+01 8.519932798373677091e-03 4.020943525610445185e-02
0.000000000000000000e+00 2.948291899282263367e-04 3.566820820504548045e-03 8.171738593466424394e-01 8.316009644652216926e-02 2.449745722492579603e+00 3.518492178472283349e+00 1.489478274855773554e+00 1.511984254875855249e-01 3.009776071859974686e-02
0.000000000000000000e+00 2.948291899282263367e-04 3.566820820504548045e-03 1.224762231901585618e+00 1.368704152042660507e-02 3.270086353170602589e+00 2.368251238471748366e+01 1.873208279449619207e+00 5.298695050908678282e-03 2.605241401030064519e-02
0.000000000000000000e+00 2.948291899282263367e-04 3.566820820504548045e-03 1.200763950043212791e+00 1.367280517081201699e-02 3.342690560409432798e+00 1.968955334799187895e+01 3.122346326832432073e+00 6.943902705666310168e-03 1.689793691184609536e-01
0.000000000000000000e+00 2.948291899282263367e-04 3.566820820504548045e-03 6.358044314455429946e-01 5.660327573108263621e-01 2.834459462019090381e+00 4.265732633774608651e+00 4.369373590659593631e+00 9.174535866041829552e-03 4.024942110427414538e-02
0.000000000000000000e+00 2.948291899282263367e-04 3.566820820504548045e-03 6.358044314455429946e-01 5.660327573108263621e-01 2.834459462019090381e+00 4.265732633774608651e+00 4.537158276921518407e+00 1.906780108071922386e-01 4.041924698373509928e-02
0.000000000000000000e+00 2.948291899282263367e-04 3.566820820504548045e-03 8.769154674835071273e-01 3.043996874992103141e-01 3.052273256968312420e+00 4.142029048814773518e+00 4.369362382285858715e+00 1.906672254418960710e-01 4.024942110427414538e-02
0.000000000000000000e+00 2.948291899282263367e-04 3.566820820504548045e-03 1.200763950043212791e+00 1.367280517081201699e-02 3.342690560409432798e+00 1.968955334799187895e+01 2.580384740420002210e+00 6.947855661682529257e-03 3.335096751576442642e-02
0.000000000000000000e+00 2.948291899282263367e-04 3.566820820504548045e-03 1.152767386326465804e+00 3.525678060060599001e-02 3.342680722169462548e+00 2.350099252798637650e+01 3.430306063894339008e+00 4.072180064106749320e-03 1.004676418232521296e-01
0.000000000000000000e+00 2.948291899282263367e-04 3.566820820504548045e-03 1.600533680466906361e+00 1.659663142325090018e-02 2.979668735483596009e+00 7.128535796046562290e+00 1.126059344037493304e+01 8.519617637731947274e-03 4.010788379376054036e-02
0.000000000000000000e+00 2.948291899282263367e-04 3.566820820504548045e-03 6.023721967390212040e-01 3.230678479427172012e-01 1.352795347454638142e+00 2.604950160840546314e+00 6.346885991244111125e-01 5.101250791731954184e-03 2.071139927984671711e-02
0.000000000000000000e+00 2.948291899282263367e-04 1.328866530911664706e-02 6.023755675904428619e-01 3.470817361205666973e-01 1.302767555726550119e+00 2.516608763352870870e+00 1.055035247208067517e+00 6.034199802586440523e-03 2.468770490968873188e-02
0.000000000000000000e+00 2.948291899282263367e-04 3.528566292015173668e-03 2.948291899282263367e-04 3.528566292015173668e-03 1.118718866373088899e-01 1.524828124451041780e-02 2.947252779117725554e-04 4.002871637097437166e-04 1.221067105634453601e-03
0.000000000000000000e+00 2.948291899282263367e-04 2.709379117946833764e-03 2.948291899282263367e-04 3.490522795068585430e-03 7.465985523335726126e-02 1.263708428366012645e-02 2.868212366135504594e-04 3.927333879877538316e-04 1.176342543560398657e-03
0.000000000000000000e+00 2.948291899282263367e-04 3.566820820504548045e-03 4.280834724474600339e-01 3.078275730129799159e-01 6.334445786091498221e-01 7.243845900607309707e-01 3.007179469500310121e-01 2.772733325406348450e-03 1.058489250501427024e-02
0.000000000000000000e+00 2.948291899282263367e-04 3.566820820504548045e-03 6.190883140922821548e-01 3.230834542621937588e-01 1.352802127394005627e+00 2.604972683165966529e+00 1.160130756192188306e+00 6.048250280346746492e-03 1.485421506055361329e-01
0.000000000000000000e+00 2.948291899282263367e-04 3.566820820504548045e-03 4.280834724474600339e-01 2.879137036340250755e-01 3.499390002785165432e-01 6.065054811006145297e-01 3.521007490989054300e-01 2.746655397984113303e-03 1.036144353218078525e-02
0.000000000000000000e+00 2.948291899282263367e-04 3.566820820504548045e-03 4.684448898590350824e-02 1.526139795391724396e-01 7.686397617242537450e-01 1.881783647598875286e-01 3.634213276832835848e-02 1.549709819590839015e-03 5.563720205727453599e-03
0.000000000000000000e+00 2.948291899282263367e-04 3.566820820504548045e-03 3.092859474764499961e-01 3.475784524876491255e-01 1.174739494501712223e+00 6.852654804508043762e-01 2.233246708589746270e-03 2.767629867692652720e-03 1.054068027445460853e-02
0.000000000000000000e+00 2.948291899282263367e-04 3.566820820504548045e-03 4.280834724474600339e-01 3.078275730129799159e-01 5.982959190523616799e-01 7.744072396722931906e-01 3.007179469500310121e-01 7.598636702976566126e-02 1.292760839839581129e-02
0.000000000000000000e+00 2.948291899282263367e-04 3.566820820504548045e-03 7.972599899676875435e-01 1.311422314267937927e-01 3.705710381088396677e+00 4.265732633774608651e+00 4.872727649445361742e+00 1.906883519430518092e-01 4.058666826352855944e-02
0.000000000000000000e+00 2.948291899282263367e-04 3.566820820504548045e-03 8.370877287255974464e-01 2.031656501181186014e-01 3.270076595077739956e+00 4.265717830973611235e+00 5.711639872381232053e+00 9.209578978865259197e-03 4.083331111082222353e-02
0.000000000000000000e+00 2.948291899282263367e-04 3.566820820504548045e-03 8.370877287255974464e-01 2.271639319764914566e-01 3.197472387838909746e+00 4.389421415933445481e+00 5.543866394493049299e+00 9.209578978865259197e-03 4.083331111082222353e-02
0.000000000000000000e+00 2.948291899282263367e-04 3.566820820504548045e-03 1.200763950043212791e+00 2.172460156168490863e-01 2.834459462019090381e+00 6.696359269079193766e+00 9.082584462071395137e+00 9.253183776439978178e-03 4.272936499404612898e-02
0.000000000000000000e+00 2.948291899282263367e-04 3.566820820504548045e-03 1.200763950043212791e+00 1.881641284102722744e-01 2.907064136969689461e+00 6.984476953724107595e+00 9.990096150101241079e+00 8.515002830451954413e-03 3.968133851273039636e-02
0.000000000000000000e+00 2.948291899282263367e-04 3.566820820504548045e-03 6.190883140922821548e-01 8.887110615011786785e-02 2.688528066511704395e+00 3.413425245670556496e+00 6.235531801369321725e-01 6.088207243534765264e-03 2.528045539398942471e-02
0.000000000000000000e+00 2.948291899282263367e-04 3.566820820504548045e-03 1.152767386326465804e+00 1.125849874223256233e-02 3.487898733789192018e+00 1.987105148602486793e+01 2.986858986284878448e+00 6.943902705666310168e-03 3.348897251535030289e-02
0.000000000000000000e+00 2.948291899282263367e-04 3.566820820504548045e-03 4.138308477573182653e-01 3.078127714147434468e-01 1.007126700307819700e+00 4.742646701267314024e-01 5.395259889221983851e-01 3.396563075379768846e-03 1.308634224674862061e-02
0.000000000000000000e+00 2.948291899282263367e-04 3.566820820504548045e-03 1.224762231901585618e+00 7.185081593358025320e-02 3.052263735489634922e+00 7.272577399787166996e+00 1.071609902627598387e+01 1.745310904282893205e-01 4.000430441364364459e-02
0.000000000000000000e+00 2.948291899282263367e-04 3.566820820504548045e-03 8.171738593466424394e-01 1.071583783048956073e-01 3.705710381088396677e+00 4.265732633774608651e+00 5.208297021969205964e+00 9.200114705128662612e-03 4.066947998189569119e-02
0.000000000000000000e+00 2.948291899282263367e-04 3.566820820504548045e-03 4.138308477573182653e-01 2.480711632778787867e-01 1.216639625045006889e+00 9.837755329160133844e-01 2.932092004573566002e-01 3.419678580185831016e-03 1.329399975293471536e-02
0.000000000000000000e+00 2.948291899282263367e-04 3.566820820504548045e-03 9.632457581951780687e-03 1.842812062409091012e-01 1.856942329596271979e-01 7.667318389560481319e-03 5.172051836286385186e-04 6.806443383717460929e-04 2.242299564634642542e-03
0.000000000000000000e+00 2.948291899282263367e-04 3.566820820504548045e-03 1.200763950043212791e+00 1.367280517081201699e-02 3.342690560409432798e+00 1.987105148602486793e+01 2.580387796475559270e+00 6.946963213729455584e-03 1.688764707413869248e-01
0.000000000000000000e+00 2.948291899282263367e-04 3.566820820504548045e-03 1.801125179788058417e-01 3.011634840367865065e-02 5.183371037300157358e-01 3.625795961959579206e-01 1.216493972168535692e-03 3.667148567492164307e-02 5.563720205727453599e-03
0.000000000000000000e+00 2.948291899282263367e-04 3.566820820504548045e-03 8.968293368624620232e-01 3.521844200154960330e-02 3.633106581269209823e+00 2.132303659028871579e+01 5.480538084918198383e-01 6.951853869793588742e-03 3.313181380476477866e-02
0.000000000000000000e+00 2.948291899282263367e-04 2.911553900243270005e-03 2.948291899282263367e-04 3.566820820504548045e-03 1.025688787863209689e-01 3.688480120875723550e-03 2.908077860167684056e-04 3.965525059211700773e-04 1.204325591441321062e-03
0.000000000000000000e+00 2.948291899282263367e-04 3.566820820504548045e-03 1.224762231901585618e+00 4.276892872700342740e-02 4.774654481915508342e+00 1.932671137370832426e+01 5.480513031816648395e-01 6.952292065458052714e-03 3.309386394034211087e-02
0.000000000000000000e+00 2.948291899282263367e-04 3.566820820504548045e-03 9.632457581951780687e-03 1.948540356374741656e-01 5.183371037300157358e-01 1.552098512934161900e-01 5.914816846753766927e-02 1.266741771619090936e-03 4.483010166993474550e-03
0.000000000000000000e+00 2.948291899282263367e-04 3.566820820504548045e-03 6.190883140922821548e-01 8.887110615011786785e-02 2.688528066511704395e+00 3.413425245670556496e+00 7.472567650967670838e-01 6.094551848058890609e-03 2.535255536906953766e-02
0.000000000000000000e+00 2.948291899282263367e-04 3.566820820504548045e-03 1.200763950043212791e+00 1.367280517081201699e-02 3.342690560409432798e+00 1.968955334799187895e+01 2.580384740420002210e+00 6.947855661682529257e-03 3.335096751576442642e-02
0.000000000000000000e+00 2.948291899282263367e-04 3.566820820504548045e-03 6.023721967390212040e-01 3.470661298010905838e-01 1.302760831019880383e+00 1.487119057858539151e+00 2.685269585540310255e-01 4.220216497827566221e-03 1.672607369190438203e-02
0.000000000000000000e+00 2.948291899282263367e-04 3.566820820504548045e-03 1.893546543293971388e-02 1.331206929069763886e-02 3.994434332598446602e-01 4.109955309608204904e-02 5.224348973519079556e-04 6.854152844903058615e-04 2.274273957994436216e-03
0.000000000000000000e+00 2.948291899282263367e-04 3.566820820504548045e-03 1.224762231901585618e+00 1.009327031401570790e-01 2.979659291636619578e+00 7.128518557464713190e+00 1.126058311633211062e+01 8.519335341829997743e-03 4.005634796601099251e-02
0.000000000000000000e+00 2.948291899282263367e-04 3.566820820504548045e-03 1.200763950043212791e+00 1.367280517081201699e-02 3.342690560409432798e+00 2.041554590012380999e+01 2.851377341120033826e+00 6.941545220433661262e-03 3.355555896804935517e-02
0.000000000000000000e+00 2.948291899282263367e-04 3.566820820504548045e-03 1.176765668184839297e+00 4.274014972113938937e-02 3.342690560409432798e+00 2.005254962405784624e+01 3.257842765945772268e+00 6.940271973504107648e-03 3.358825007181417271e-02
0.000000000000000000e+00 2.948291899282263367e-04 3.452691739427951080e-03 2.948291899282263367e-04 1.328866530911664706e-02 1.905810765163490905e-01 4.260822834906637796e-02 3.640255868294906254e-04 4.862176428240491959e-04 1.533176654086473379e-03
0.000000000000000000e+00 2.948291899282263367e-04 3.566820820504548045e-03 4.423360971376018580e-01 2.879282287943087937e-01 6.334215578485216103e-01 7.243845900607309707e-01 6.190990497786379859e-02 6.245399442301680093e-02 1.045154097678707879e-02
0.000000000000000000e+00 2.948291899282263367e-04 3.566820820504548045e-03 1.200763950043212791e+00 1.367280517081201699e-02 3.342690560409432798e+00 1.987105148602486793e+01 2.851368589681774424e+00 6.944986518950493903e-03 3.345507609143359012e-02
0.000000000000000000e+00 2.948291899282263367e-04 3.566820820504548045e-03 2.948291899282263367e-04 1.259500750251011346e-02 1.905810765163490905e-01 5.496216652470804070e-02 4.223864839361130431e-04 5.631911273330013432e-04 1.799998389042816328e-03
0.000000000000000000e+00 2.948291899282263367e-04 3.566820820504548045e-03 1.200763950043212791e+00 1.590822412036954625e-01 2.979668735483596009e+00 6.552300426756732854e+00 9.264071925292240550e+00 9.253183776439978178e-03 4.272936499404612898e-02
0.000000000000000000e+00 2.948291899282263367e-04 3.157847106268249493e-03 2.948291899282263367e-04 3.566820820504548045e-03 9.326587093533302009e-02 3.944438972327582796e-03 2.888232524900767074e-04 3.946536838716763196e-04 1.182144424277446282e-03
0.000000000000000000e+00 2.948291899282263367e-04 3.566820820504548045e-03 1.224762231901585618e+00 1.009327031401570790e-01 2.979659291636619578e+00 7.272577399787166996e+00 1.180508785447387510e+01 8.519966260129531108e-03 4.025945236986503556e-02
0.000000000000000000e+00 2.948291899282263367e-04 3.566820820504548045e-03 9.632457581951780687e-03 1.948540356374741656e-01 3.013740383811999712e-01 4.904336739220807595e-02 6.404604285614940492e-04 8.328991795067213454e-04 2.821325455292661172e-03
0.000000000000000000e+00 2.948291899282263367e-04 3.566820820504548045e-03 6.358044314455429946e-01 2.991004781131396673e-01 1.352802127394005627e+00 1.341909635149086455e+00 3.568827411020635831e-01 9.258413631092309026e-02 1.678534629648212664e-02
0.000000000000000000e+00 2.948291899282263367e-04 3.566820820504548045e-03 5.856560793857604752e-01 8.884495275442877427e-02 2.748212590444951697e+00 3.518492178472283349e+00 1.287388402975925272e-01 6.061932365674274625e-03 2.498763865505183174e-02
0.000000000000000000e+00 2.948291899282263367e-04 3.566820820504548045e-03 6.358044314455429946e-01 2.511039143963928466e-01 3.487898733789192018e+00 4.265732633774608651e+00 5.040512335707279412e+00 9.195219109887105627e-03 4.058666826352855944e-02
0.000000000000000000e+00 2.948291899282263367e-04 3.566820820504548045e-03 8.171738593466424394e-01 1.071583783048956073e-01 3.705710381088396677e+00 4.265732633774608651e+00 4.872727649445361742e+00 9.190213910074152351e-03 4.050325763586049704e-02
0.000000000000000000e+00 2.948291899282263367e-04 3.566820820504548045e-03 1.200763950043212791e+00 1.367280517081201699e-02 3.342690560409432798e+00 1.987105148602486793e+01 2.851368589681774424e+00 6.944986518950493903e-03 3.345507609143359012e-02
0.000000000000000000e+00 2.948291899282263367e-04 3.566820820504548045e-03 1.152767386326465804e+00 1.125849874223256233e-02 3.487898733789192018e+00 1.968955334799187895e+01 2.715875137023112895e+00 1.424373598168336974e-01 3.342077681410974416e-02
0.000000000000000000e+00 2.948291899282263367e-04 3.566820820504548045e-03 6.023721967390212040e-01 3.470661298010905838e-01 1.352802127394005627e+00 1.196681704485700326e+00 1.063777608780367645e+00 1.101482389619033164e-01 2.037659865697575776e-02
0.000000000000000000e+00 2.948291899282263367e-04 3.566820820504548045e-03 1.176765668184839297e+00 3.326274500934695011e-01 2.761854711214527303e+00 7.128535796046562290e+00 8.901117645946165169e+00 8.509342749426137067e-03 3.939809744101209488e-02
0.000000000000000000e+00 2.948291899282263367e-04 3.566820820504548045e-03 1.176765668184839297e+00 1.590676985474459848e-01 2.979659291636619578e+00 7.128518557464713190e+00 9.264103597969311821e+00 8.510648139627785894e-03 3.945577654954017521e-02
0.000000000000000000e+00 2.948291899282263367e-04 3.566820820504548045e-03 6.190883140922821548e-01 3.230834542621937588e-01 1.352802127394005627e+00 2.604972683165966529e+00 5.296107840666977040e-01 2.152745748335539167e-01 2.453504777888198748e-02
0.000000000000000000e+00 2.948291899282263367e-04 3.566820820504548045e-03 1.200763950043212791e+00 4.275469237738815237e-02 3.270086353170602589e+00 1.968955334799187895e+01 3.257836723435542758e+00 6.942755535091010670e-03 1.690128632309946255e-01
0.000000000000000000e+00 2.948291899282263367e-04 3.566820820504548045e-03 1.200763950043212791e+00 1.367280517081201699e-02 3.342690560409432798e+00 2.132303659028871579e+01 2.851390550744649754e+00 5.312945402943720398e-03 1.296376264455598171e-01
0.000000000000000000e+00 2.948291899282263367e-04 3.566820820504548045e-03 4.280834724474600339e-01 3.078275730129799159e-01 3.208612178206105559e-01 6.065054811006145297e-01 3.020594527247801864e-01 2.741269557125495214e-03 1.031603358551348541e-02
0.000000000000000000e+00 2.948291899282263367e-04 3.566820820504548045e-03 1.224762231901585618e+00 4.276892872700342740e-02 2.979640170434783020e+00 7.560657777646365929e+00 9.990106474144056392e+00 8.515876402404027115e-03 3.973644434216621474e-02
0.000000000000000000e+00 2.948291899282263367e-04 3.566820820504548045e-03 2.948291899282263367e-04 2.259167316010457852e-02 1.588647388521276793e-01 5.465929724655061231e-03 3.532955704160820423e-04 4.761641409028207188e-04 1.477967092775624592e-03
0.000000000000000000e+00 2.948291899282263367e-04 3.566820820504548045e-03 1.224762231901585618e+00 4.276892872700342740e-02 3.124868101098168705e+00 7.272577399787166996e+00 1.035310275021002013e+01 8.517367655581847136e-03 3.984511987756613610e-02
0.000000000000000000e+00 2.948291899282263367e-04 3.566820820504548045e-03 2.948291899282263367e-04 6.910671241504423579e-02 2.227012856765214488e-01 3.497721234536085161e-02 4.318402700316267915e-04 5.719429879440155297e-04 1.856488264156435112e-03
0.000000000000000000e+00 2.948291899282263367e-04 3.566820820504548045e-03 8.968293368624620232e-01 8.321500571829647253e-02 3.487898733789192018e+00 6.984476953724107595e+00 5.271144561243707116e+00 1.907486196455600580e-01 4.169202458561531432e-02
0.000000000000000000e+00 2.948291899282263367e-04 3.566820820504548045e-03 1.119655439428189347e-01 4.420111501999396952e-01 3.127459274816242751e-01 4.380391262950841247e-01 1.482584006818539772e-03 1.871208072015628993e-03 6.811034087746523254e-03
0.000000000000000000e+00 2.948291899282263367e-04 3.566820820504548045e-03 1.906853473753709061e-01 2.415152611327448517e-01 7.279515565977353608e-01 5.646172658668883182e-01 1.018942672282803080e-01 2.279144528612826563e-03 8.492457321647965338e-03
0.000000000000000000e+00 2.948291899282263367e-04 3.566820820504548045e-03 8.968293368624620232e-01 1.072132875766698967e-01 3.415294687501155391e+00 7.128535796046562290e+00 5.089656747253546776e+00 1.907486196455600580e-01 4.169202458561531432e-02
0.000000000000000000e+00 2.948291899282263367e-04 3.528566292015173668e-03 2.948291899282263367e-04 3.566820820504548045e-03 1.025688787863209689e-01 4.664496637787876945e-03 2.908077860167684056e-04 3.965525059211700773e-04 1.204325591441321062e-03
0.000000000000000000e+00 2.948291899282263367e-04 3.566820820504548045e-03 9.632457581951780687e-03 1.948540356374741656e-01 3.180901557344608666e-01 1.486254150252243333e-01 7.925673733224438029e-04 1.022278707430273595e-03 3.513343147097274834e-03
0.000000000000000000e+00 2.948291899282263367e-04 2.775844154178533623e-03 2.948291899282263367e-04 3.157847106268249493e-03 1.118718866373088899e-01 5.753959883077064408e-02 3.532955704160820423e-04 4.761641409028207188e-04 1.484875598076763328e-03
0.000000000000000000e+00 2.948291899282263367e-04 3.566820820504548045e-03 4.138308477573182653e-01 2.679850326568337104e-01 1.174739494501712223e+00 9.837755329160133844e-01 7.536730446227765667e-02 3.402438882453292981e-03 1.313868216488774110e-02
0.000000000000000000e+00 2.948291899282263367e-04 3.566820820504548045e-03 2.969320093008083195e-01 3.674760718651246538e-01 1.174739494501712223e+00 6.852654804508043762e-01 6.193525720163155224e-02 2.772733325406348450e-03 1.058489250501427024e-02
0.000000000000000000e+00 2.948291899282263367e-04 3.566820820504548045e-03 3.995782230671765523e-01 3.476254278764189243e-01 1.049038807679183671e+00 8.643715119299297811e-01 5.836504112029776703e-01 4.175004230792832283e-03 1.630175356933730516e-02
0.000000000000000000e+00 2.948291899282263367e-04 3.566820820504548045e-03 8.968293368624620232e-01 2.753339345762274015e-01 3.052273256968312420e+00 4.265732633774608651e+00 4.201588904397675961e+00 8.476298825357331257e-03 2.216617416380960437e-01
0.000000000000000000e+00 2.948291899282263367e-04 3.566820820504548045e-03 8.968293368624620232e-01 3.521844200154960330e-02 3.560492615937516536e+00 4.265717830973611235e+00 5.711639872381232053e+00 9.209578978865259197e-03 4.083331111082222353e-02
0.000000000000000000e+00 2.948291899282263367e-04 3.566820820504548045e-03 8.370877287255974464e-01 1.071725226846248907e-01 3.633106581269209823e+00 4.265732633774608651e+00 5.711651080754966081e+00 9.214148595410736470e-03 4.091433271144631623e-02
0.000000000000000000e+00 2.948291899282263367e-04 3.566820820504548045e-03 8.968293368624620232e-01 3.521844200154960330e-02 3.633106581269209823e+00 2.132303659028871579e+01 5.480538084918198383e-01 6.951853869793588742e-03 1.686222104078754225e-01
0.000000000000000000e+00 2.948291899282263367e-04 3.566820820504548045e-03 6.190883140922821548e-01 2.750868905454469937e-01 1.452871104578348893e+00 2.604972683165966529e+00 1.092641359830290454e-01 1.101617935014203159e-01 2.051168260697993490e-02
0.000000000000000000e+00 2.948291899282263367e-04 3.566820820504548045e-03 4.280834724474600339e-01 3.078275730129799159e-01 6.334215578485216103e-01 7.243845900607309707e-01 1.813139259639474088e-01 2.762470752154248983e-03 1.049623001449136173e-02
0.000000000000000000e+00 2.948291899282263367e-04 3.566820820504548045e-03 3.092859474764499961e-01 3.475784524876491255e-01 1.174739494501712223e+00 8.643715119299297811e-01 2.738688549433843881e-03 3.384614932964378261e-03 1.298080622941845050e-02
0.000000000000000000e+00 2.948291899282263367e-04 3.566820820504548045e-03 1.224762231901585618e+00 4.276892872700342740e-02 3.124868101098168705e+00 4.265717830973611235e+00 1.162341027546049688e+01 9.254794135851890716e-03 4.279323303398513412e-02
0.000000000000000000e+00 2.948291899282263367e-04 3.566820820504548045e-03 1.104770822609719039e+00 1.123320456756339222e-02 3.633106581269209823e+00 4.265732633774608651e+00 5.040512335707279412e+00 9.195219109887105627e-03 4.058666826352855944e-02
0.000000000000000000e+00 2.948291899282263367e-04 3.566820820504548045e-03 6.358044314455429946e-01 2.511039143963928466e-01 3.487898733789192018e+00 4.142029048814773518e+00 5.040501127333544495e+00 9.190213910074152351e-03 4.050325763586049704e-02
0.000000000000000000e+00 2.948291899282263367e-04 3.566820820504548045e-03 1.893546543293971388e-02 1.842943812498383793e-01 3.180901557344608666e-01 1.287115456462694651e-01 7.891801476289732852e-04 1.019265495204025890e-03 3.509364613767833492e-03
0.000000000000000000e+00 2.948291899282263367e-04 3.566820820504548045e-03 1.176765668184839297e+00 1.881495857540228245e-01 2.979668735483596009e+00 6.984476953724107595e+00 9.445601736002288362e+00 8.511866517073007551e-03 3.951293941473139198e-02
0.000000000000000000e+00 2.948291899282263367e-04 3.566820820504548045e-03 6.358044314455429946e-01 2.914219875149501662e-02 2.688510579951910451e+00 3.413385033860475648e+00 3.761273058016962323e-01 6.061932365674274625e-03 2.498763865505183174e-02
0.000000000000000000e+00 2.948291899282263367e-04 3.566820820504548045e-03 6.190883140922821548e-01 8.887110615011786785e-02 2.688528066511704395e+00 3.308338583649639286e+00 1.287295329462525006e-01 6.055137120237564195e-03 2.491332508057146969e-02
0.000000000000000000e+00 2.948291899282263367e-04 3.566820820504548045e-03 6.023721967390212040e-01 1.087720253433311912e-01 2.688528066511704395e+00 3.413425245670556496e+00 1.287388402975925272e-01 6.061932365674274625e-03 2.498763865505183174e-02
0.000000000000000000e+00 2.948291899282263367e-04 3.566820820504548045e-03 8.370877287255974464e-01 1.071725226846248907e-01 3.487878650605823694e+00 4.513109390623205819e+00 3.362665473088071177e+00 8.449551837411388086e-03 3.672389108982616890e-02
0.000000000000000000e+00 2.948291899282263367e-04 3.566820820504548045e-03 6.190883140922821548e-01 8.887110615011786785e-02 2.688528066511704395e+00 3.413425245670556496e+00 6.235531801369321725e-01 6.088207243534765264e-03 2.528045539398942471e-02
0.000000000000000000e+00 2.948291899282263367e-04 3.566820820504548045e-03 6.190883140922821548e-01 5.660142093616579162e-01 2.834450171637997062e+00 4.389421415933445481e+00 3.866019531873832626e+00 8.465914044282991935e-03 3.696861836892282455e-02
0.000000000000000000e+00 2.948291899282263367e-04 3.566820820504548045e-03 8.968293368624620232e-01 5.921672385992302751e-02 3.487888733273597719e+00 7.272577399787166996e+00 3.819169781022678123e+00 9.222965102307922186e-03 4.107459340120230701e-02
0.000000000000000000e+00 2.948291899282263367e-04 3.566820820504548045e-03 1.893546543293971388e-02 1.842943812498383793e-01 3.180901557344608666e-01 1.287115456462694651e-01 4.878574386437584121e-02 1.025261399181150558e-03 3.552343030847155900e-03
0.000000000000000000e+00 2.948291899282263367e-04 3.566820820504548045e-03 6.358044314455429946e-01 2.271056325380193808e-01 1.502905509182241417e+00 1.414523600480779519e+00 6.219826378064129413e-01 2.152210113110947232e-01 2.030847184281263720e-02
0.000000000000000000e+00 2.948291899282263367e-04 3.566820820504548045e-03 8.968293368624620232e-01 1.122016014317617043e-02 3.705710381088396677e+00 2.186753100438766140e+01 6.099331513520887642e-03 6.952292065458052714e-03 3.309386394034211087e-02
0.000000000000000000e+00 2.948291899282263367e-04 3.566820820504548045e-03 9.632457581951780687e-03 1.948540356374741656e-01 5.183371037300157358e-01 1.552098512934161900e-01 3.006628126096084347e-02 1.263375897318236383e-03 4.457945969159948091e-03
0.000000000000000000e+00 2.948291899282263367e-04 3.566820820504548045e-03 6.358044314455429946e-01 2.271056325380193808e-01 1.502905509182241417e+00 1.269295669817393390e+00 1.063785890379694843e+00 1.101550578750650489e-01 2.044433524311303069e-02
0.000000000000000000e+00 2.948291899282263367e-04 3.566820820504548045e-03 1.224762231901585618e+00 1.368704152042660507e-02 3.124858422507216460e+00 2.350096962456806082e+01 3.015077949244814537e+00 4.080407901977321262e-03 2.023829497197332170e-02
0.000000000000000000e+00 2.948291899282263367e-04 3.566820820504548045e-03 1.695396885822408051e-01 2.201485193120583661e-01 7.279469885646042693e-01 5.226930960157704087e-01 5.184141911699053501e-02 2.264713145983220967e-03 8.374591539619388042e-03
0.000000000000000000e+00 2.948291899282263367e-04 3.566820820504548045e-03 6.190883140922821548e-01 3.470817361205666973e-01 1.302767555726550119e+00 2.604972683165966529e+00 3.194374600248633955e-01 5.088354819810407721e-03 1.256653037656803862e-01
0.000000000000000000e+00 2.948291899282263367e-04 3.566820820504548045e-03 3.092859474764499961e-01 5.868561252478261547e-01 1.352795347454638142e+00 1.487119057858539151e+00 3.435199114746509061e-03 4.201287506222509821e-03 1.654624649422182375e-02
0.000000000000000000e+00 2.948291899282263367e-04 3.528566292015173668e-03 9.632457581951780687e-03 6.911852373709122255e-02 2.103497284297071168e-01 3.497721234536085161e-02 4.318402700316267915e-04 5.719429879440155297e-04 1.829758279907695885e-03
0.000000000000000000e+00 2.948291899282263367e-04 3.566820820504548045e-03 9.632457581951780687e-03 1.842812062409091012e-01 3.348033447947454944e-01 8.888380688835968713e-02 2.478060376321689420e-02 1.016221439611456707e-03 3.487711104656445512e-03
0.000000000000000000e+00 2.948291899282263367e-04 3.566820820504548045e-03 8.370877287255974464e-01 8.317424082625146653e-02 2.449754149103496204e+00 3.098165259607804423e+00 2.598890131056981190e+00 7.159314708235142363e-03 3.025705829927005652e-02
0.000000000000000000e+00 2.948291899282263367e-04 3.566820820504548045e-03 8.769154674835071273e-01 1.071999736165915318e-01 2.210970977112609148e+00 3.518492178472283349e+00 3.895452542490245751e+00 8.420156034928726399e-03 3.630471088030798321e-02
0.000000000000000000e+00 2.948291899282263367e-04 3.566820820504548045e-03 1.600533680466906361e+00 1.659663142325090018e-02 2.834440804820209880e+00 7.416618063190749233e+00 1.289407668267176632e+01 6.952292065458052714e-03 3.309386394034211087e-02
0.000000000000000000e+00 2.948291899282263367e-04 3.566820820504548045e-03 1.224762231901585618e+00 1.368704152042660507e-02 3.124858422507216460e+00 2.350096962456806082e+01 3.015077949244814537e+00 4.080407901977321262e-03 2.023829497197332170e-02
0.000000000000000000e+00 2.948291899282263367e-04 3.566820820504548045e-03 6.023721967390212040e-01 2.990695660843437631e-01 1.452871104578348893e+00 2.604972683165966529e+00 1.092641359830290454e-01 5.075131480503161652e-03 2.044433524311303069e-02
0.000000000000000000e+00 2.948291899282263367e-04 3.566820820504548045e-03 8.769154674835071273e-01 8.320169175821810759e-02 2.330366775838907945e+00 3.413425245670556496e+00 3.463276015522876783e+00 8.401221474249619126e-03 3.604637224810126189e-02
0.000000000000000000e+00 2.948291899282263367e-04 3.566820820504548045e-03 1.200763950043212791e+00 4.275469237738815237e-02 3.197472387838909746e+00 2.350099252798637650e+01 2.184625787588384771e+00 8.425229320346012962e-02 2.014965259135275202e-02
0.000000000000000000e+00 2.948291899282263367e-04 3.377672391660942360e-03 2.948291899282263367e-04 1.324591871363184521e-02 1.025707884069185089e-01 5.753959883077064408e-02 3.532955704160820423e-04 4.761641409028207188e-04 1.484875598076763328e-03
0.000000000000000000e+00 2.948291899282263367e-04 3.566820820504548045e-03 1.224762231901585618e+00 1.368704152042660507e-02 3.270086353170602589e+00 6.984476953724107595e+00 7.086125941573527598e+00 9.234337918989888108e-03 4.212905546633315124e-02
0.000000000000000000e+00 2.948291899282263367e-04 3.566820820504548045e-03 1.224762231901585618e+00 4.276892872700342740e-02 3.197482066429861991e+00 7.128535796046562290e+00 6.904638127583367258e+00 9.234337918989888108e-03 4.212905546633315124e-02
0.000000000000000000e+00 2.948291899282263367e-04 3.566820820504548045e-03 8.968293368624620232e-01 1.122016014317617043e-02 3.560482450425010548e+00 7.272559220868296315e+00 3.362810603686289035e+00 1.907122866283884333e-01 4.099475978308492891e-02
0.000000000000000000e+00 2.948291899282263367e-04 3.566820820504548045e-03 4.138308477573182653e-01 2.878989020357885509e-01 1.090933121931810357e+00 9.837569336301356104e-01 4.384298371847366593e-01 7.603926267949905060e-02 1.630175356933730516e-02
0.000000000000000000e+00 2.948291899282263367e-04 2.709379117946833764e-03 2.948291899282263367e-04 3.566820820504548045e-03 6.535684738236934022e-02 3.402812280216571585e-03 2.488032508368130950e-04 3.421278502646143168e-04 1.015078334240027353e-03
0.000000000000000000e+00 2.948291899282263367e-04 3.566820820504548045e-03 1.224762231901585618e+00 4.276892872700342740e-02 3.197482066429861991e+00 4.265732633774608651e+00 1.089742984779003443e+01 1.898351469543946568e-01 4.266493275409656560e-02
0.000000000000000000e+00 2.948291899282263367e-04 3.566820820504548045e-03 1.224762231901585618e+00 1.368704152042660507e-02 3.270086353170602589e+00 4.142029048814773518e+00 1.107891586136154594e+01 9.249675488706319074e-03 4.259993542290963636e-02
0.000000000000000000e+00 2.948291899282263367e-04 3.566820820504548045e-03 6.023721967390212040e-01 1.485997641012409831e-01 2.569141247583883736e+00 3.203251921628721632e+00 1.613163155400042514e+00 7.132806364646197134e-03 2.993644711358812299e-02
0.000000000000000000e+00 2.948291899282263367e-04 3.566820820504548045e-03 8.570015981045523423e-01 5.918982282317526017e-02 2.449754149103496204e+00 3.203251921628721632e+00 1.489459570440210490e+00 7.125928907595144128e-03 2.985503151742381622e-02
0.000000000000000000e+00 2.948291899282263367e-04 3.566820820504548045e-03 1.906853473753709061e-01 2.415152611327448517e-01 7.279515565977353608e-01 5.646172658668883182e-01 5.185297085415507823e-02 2.274384493302610086e-03 8.453375084089446295e-03
0.000000000000000000e+00 2.948291899282263367e-04 3.566820820504548045e-03 1.224762231901585618e+00 1.368704152042660507e-02 3.124858422507216460e+00 2.350096962456806082e+01 3.015077949244814537e+00 8.424222893593480421e-02 2.025226012806075754e-02
0.000000000000000000e+00 2.948291899282263367e-04 3.566820820504548045e-03 1.893546543293971388e-02 1.737215518532732872e-01 5.382474846407695468e-01 2.753339345762274015e-01 9.959283690522840495e-04 3.665965694899639415e-02 5.474744993484438951e-03
0.000000000000000000e+00 2.948291899282263367e-04 3.566820820504548045e-03 1.483940297891106763e-01 4.086126194917151788e-01 3.127459274816242751e-01 4.380391262950841247e-01 1.482584006818539772e-03 1.871208072015628993e-03 4.871722663016858634e-02
0.000000000000000000e+00 3.025061749050248915e-04 3.566820820504548045e-03 5.614749683689143622e-02 1.420533827024894336e-01 7.686397617242537450e-01 4.380391262950841247e-01 1.482584006818539772e-03 1.871208072015628993e-03 6.811034087746523254e-03
0.000000000000000000e+00 2.948291899282263367e-04 3.566820820504548045e-03 2.948291899282263367e-04 3.566820820504548045e-03 1.025688787863209689e-01 7.867430241374326338e-02 3.554782541688216780e-04 4.782183133298798178e-04 1.497591008787294399e-03
0.000000000000000000e+00 2.948291899282263367e-04 3.121984819287207478e-03 2.948291899282263367e-04 3.121984819287207478e-03 9.326587093533302009e-02 4.604201620876505197e-03 2.888232524900767074e-04 3.946536838716763196e-04 1.176650953527228318e-03
0.000000000000000000e+00 2.948291899282263367e-04 3.193932705242744866e-03 2.948291899282263367e-04 3.528566292015173668e-03 7.465985523335726126e-02 3.373109153077948324e-03 2.505961851431170485e-04 3.438563017090229138e-04 1.029759522174994533e-03
0.000000000000000000e+00 2.948291899282263367e-04 3.566820820504548045e-03 1.104770822609719039e+00 3.523148642593681990e-02 3.560502698605290117e+00 7.128535796046562290e+00 3.195035461413659572e+00 1.907122866283884333e-01 4.099475978308492891e-02
0.000000000000000000e+00 2.948291899282263367e-04 3.566820820504548045e-03 6.190883140922821548e-01 3.230834542621937588e-01 1.352802127394005627e+00 2.604972683165966529e+00 3.194374600248633955e-01 5.088354819810407721e-03 2.057864174476324234e-02
0.000000000000000000e+00 2.948291899282263367e-04 3.566820820504548045e-03 4.280834724474600339e-01 3.078275730129799159e-01 5.982959190523616799e-01 7.744072396722931906e-01 1.216119154709056072e-01 2.757255576020701746e-03 1.045154097678707879e-02
0.000000000000000000e+00 2.948291899282263367e-04 3.566820820504548045e-03 6.358044314455429946e-01 5.660327573108263621e-01 2.834459462019090381e+00 4.265732633774608651e+00 4.369373590659593631e+00 9.174535866041829552e-03 4.024942110427414538e-02
0.000000000000000000e+00 2.948291899282263367e-04 3.566820820504548045e-03 1.600533680466906361e+00 1.659663142325090018e-02 2.907054770151903167e+00 7.272577399787166996e+00 1.126059344037493304e+01 8.519617637731947274e-03 4.010788379376054036e-02
0.000000000000000000e+00 2.948291899282263367e-04 3.566820820504548045e-03 2.948291899282263367e-04 1.155790050744989889e-01 2.711945423683989609e-01 7.667318389560481319e-03 5.172051836286385186e-04 6.806443383717460929e-04 1.893673503139120182e-02
0.000000000000000000e+00 2.948291899282263367e-04 3.566820820504548045e-03 1.224762231901585618e+00 1.368704152042660507e-02 3.270086353170602589e+00 2.150453472832169766e+01 2.851392988167387177e+00 5.311731215979912865e-03 2.585445225029630451e-02
0.000000000000000000e+00 2.948291899282263367e-04 3.566820820504548045e-03 6.358044314455429946e-01 3.230987599715125502e-01 1.302767555726550119e+00 1.341909635149086455e+00 2.685188212889680903e-01 4.213980507611861381e-03 1.666646680139642969e-02
0.000000000000000000e+00 2.948291899282263367e-04 3.566820820504548045e-03 1.224762231901585618e+00 4.276892872700342740e-02 3.124868101098168705e+00 2.422698508011830398e+01 3.534117675340126663e+00 3.158751387064300756e-03 1.583426845664989008e-02
0.000000000000000000e+00 2.948291899282263367e-04 2.775844154178533623e-03 2.948291899282263367e-04 2.911553900243270005e-03 7.465985523335726126e-02 3.180485835708529545e-03 2.505961851431170485e-04 3.527916112460444250e-04 1.025095496569231653e-03
0.000000000000000000e+00 2.948291899282263367e-04 3.566820820504548045e-03 1.224762231901585618e+00 1.368704152042660507e-02 3.197472387838909746e+00 2.350099252798637650e+01 1.977012408204058769e+00 5.300329114319803081e-03 2.603162940365656361e-02
0.000000000000000000e+00 2.948291899282263367e-04 3.566820820504548045e-03 1.224762231901585618e+00 1.368704152042660507e-02 3.270086353170602589e+00 2.386401052275045842e+01 1.769402795107862358e+00 5.298695050908678282e-03 2.605241401030064519e-02
0.000000000000000000e+00 2.948291899282263367e-04 3.566820820504548045e-03 1.224762231901585618e+00 1.368704152042660507e-02 3.270086353170602589e+00 2.368251238471748366e+01 1.042754761912325856e+00 5.310469764889012324e-03 2.587766275441232694e-02
0.000000000000000000e+00 2.948291899282263367e-04 3.528566292015173668e-03 2.948291899282263367e-04 3.566820820504548045e-03 1.025688787863209689e-01 4.664496637787876945e-03 2.908077860167684056e-04 3.965525059211700773e-04 1.204325591441321062e-03
0.000000000000000000e+00 2.948291899282263367e-04 3.566820820504548045e-03 2.969320093008083195e-01 3.475622024861697579e-01 1.216639625045006889e+00 8.643715119299297811e-01 2.931945498762058011e-01 3.408249777131578187e-03 1.319073782829451556e-02
0.000000000000000000e+00 2.948291899282263367e-04 3.566820820504548045e-03 1.224762231901585618e+00 4.276892872700342740e-02 4.774654481915508342e+00 1.950820951174130258e+01 2.770730152856049067e-01 6.952664461976097894e-03 3.305550562891653582e-02
0.000000000000000000e+00 2.948291899282263367e-04 3.566820820504548045e-03 2.948291899282263367e-04 1.842677827229511345e-01 5.382439662745182041e-01 1.071999736165915318e-01 8.025643033361913115e-04 1.031136476814329111e-03 3.594886461443551600e-03
0.000000000000000000e+00 2.948291899282263367e-04 3.566820820504548045e-03 4.280834724474600339e-01 2.480859648761152558e-01 4.371763508598026648e-01 9.744722358971898979e-01 4.798175057144277167e-01 3.384614932964378261e-03 1.298080622941845050e-02
0.000000000000000000e+00 2.948291899282263367e-04 3.566820820504548045e-03 2.948291899282263367e-04 6.910671241504423579e-02 2.227012856765214488e-01 3.497721234536085161e-02 2.893708965031519670e-02 6.757735621039013575e-04 2.210000253932856672e-03
0.000000000000000000e+00 2.948291899282263367e-04 3.566820820504548045e-03 5.856560793857604752e-01 3.470502185611539780e-01 1.402836643828763385e+00 1.341909635149086455e+00 6.219745005413502836e-01 1.101272775228294282e-01 2.017104345865263978e-02
0.000000000000000000e+00 2.948291899282263367e-04 3.566820820504548045e-03 6.358044314455429946e-01 3.230987599715125502e-01 1.302767555726550119e+00 1.269295669817393390e+00 7.986941309404084199e-01 5.047687269260405125e-03 2.017104345865263978e-02
0.000000000000000000e+00 2.948291899282263367e-04 3.566820820504548045e-03 8.968293368624620232e-01 1.072132875766698967e-01 3.415294687501155391e+00 7.128535796046562290e+00 4.726660471187583923e+00 9.243144938974285491e-03 4.146489679856184274e-02
0.000000000000000000e+00 2.948291899282263367e-04 3.566820820504548045e-03 3.092859474764499961e-01 3.475784524876491255e-01 1.174739494501712223e+00 8.046695014368880905e-01 1.479591994746466688e-01 3.390621909856050224e-03 1.303371722198753968e-02
0.000000000000000000e+00 2.948291899282263367e-04 3.566820820504548045e-03 6.358044314455429946e-01 3.230987599715125502e-01 1.302767555726550119e+00 1.269295669817393390e+00 7.986941309404084199e-01 5.047687269260405125e-03 2.017104345865263978e-02
0.000000000000000000e+00 2.948291899282263367e-04 3.566820820504548045e-03 1.224762231901585618e+00 1.368704152042660507e-02 3.270086353170602589e+00 2.331951610865152347e+01 1.873205718511898210e+00 1.091086068191710612e-01 2.603162940365656361e-02
0.000000000000000000e+00 2.948291899282263367e-04 3.566820820504548045e-03 1.224762231901585618e+00 4.276892872700342740e-02 3.124868101098168705e+00 7.128518557464713190e+00 5.452642699276694316e+00 9.253994129781716385e-03 4.169202458561531432e-02
0.000000000000000000e+00 2.948291899282263367e-04 3.566820820504548045e-03 1.176765668184839297e+00 2.463133601671764761e-01 2.834459462019090381e+00 6.840418111401648460e+00 9.445591295530595843e+00 8.510648139627785894e-03 3.945577654954017521e-02
0.000000000000000000e+00 2.948291899282263367e-04 3.566820820504548045e-03 1.224762231901585618e+00 4.276892872700342740e-02 3.197482066429861991e+00 6.984476953724107595e+00 7.267624079606513021e+00 9.236823322479187359e-03 4.219803388028704749e-02
0.000000000000000000e+00 2.948291899282263367e-04 3.566820820504548045e-03 1.224762231901585618e+00 1.368704152042660507e-02 3.197472387838909746e+00 7.272577399787166996e+00 5.089656747253546776e+00 1.907486196455600580e-01 4.169202458561531432e-02
0.000000000000000000e+00 2.948291899282263367e-04 3.566820820504548045e-03 6.358044314455429946e-01 2.991004781131396673e-01 1.352802127394005627e+00 1.341909635149086455e+00 9.179098166277914472e-02 9.256520731931802692e-02 1.660652471018234447e-02
0.000000000000000000e+00 2.948291899282263367e-04 3.566820820504548045e-03 8.968293368624620232e-01 1.122016014317617043e-02 2.449754149103496204e+00 3.203251921628721632e+00 4.039489602610892405e+00 8.413953617393870460e-03 3.621916950874060764e-02
0.000000000000000000e+00 2.948291899282263367e-04 2.742495336033674586e-03 2.948291899282263367e-04 2.946056709965222311e-03 1.025688787863209689e-01 4.615313282787527130e-03 2.908077860167684056e-04 3.965525059211700773e-04 1.198819795595397779e-03
0.000000000000000000e+00 2.948291899282263367e-04 3.566820820504548045e-03 8.769154674835071273e-01 5.920340989984469032e-02 2.330358486034949994e+00 3.518492178472283349e+00 3.319217173200416759e+00 8.394690713401105342e-03 3.595911402116371697e-02
0.000000000000000000e+00 2.948291899282263367e-04 3.566820820504548045e-03 8.370877287255974464e-01 2.031656501181186014e-01 3.270076595077739956e+00 4.265717830973611235e+00 5.711639872381232053e+00 9.209578978865259197e-03 4.083331111082222353e-02
0.000000000000000000e+00 2.948291899282263367e-04 3.566820820504548045e-03 8.570015981045523423e-01 2.031795139734152711e-01 3.197472387838909746e+00 4.389421415933445481e+00 5.711651080754966081e+00 9.214148595410736470e-03 4.091433271144631623e-02
0.000000000000000000e+00 2.948291899282263367e-04 3.566820820504548045e-03 1.906853473753709061e-01 2.582313784860055250e-01 6.988741997593737043e-01 5.646172658668883182e-01 1.811674480029838025e-03 2.269574165572461454e-03 5.845538309909099894e-02
0.000000000000000000e+00 2.948291899282263367e-04 3.566820820504548045e-03 1.629615567673483367e+00 5.173768247878251375e-02 2.761845496687397539e+00 7.272577399787166996e+00 9.990106474144056392e+00 1.745284470204074290e-01 3.979103787238166823e-02
0.000000000000000000e+00 2.948291899282263367e-04 3.566820820504548045e-03 6.190883140922821548e-01 3.230834542621937588e-01 1.352802127394005627e+00 2.516608763352870870e+00 8.448619231662330975e-01 6.019776842770279898e-03 2.453504777888198748e-02
0.000000000000000000e+00 2.948291899282263367e-04 3.566820820504548045e-03 7.972599899676875435e-01 8.890847390836793818e-02 3.705700132025963267e+00 4.389421415933445481e+00 5.040512335707279412e+00 9.195219109887105627e-03 4.058666826352855944e-02
0.000000000000000000e+00 2.948291899282263367e-04 3.528566292015173668e-03 2.948291899282263367e-04 1.156217516699837994e-01 2.426892929881154237e-01 1.079394050162772456e-01 5.275788430121546675e-04 6.900888411347994500e-04 2.294699941076347362e-03
0.000000000000000000e+00 2.948291899282263367e-04 3.528566292015173668e-03 2.948291899282263367e-04 3.566820820504548045e-03 1.588604180508556285e-01 4.657786179108815150e-03 2.985754010969273527e-04 4.039401184700464205e-04 1.248864901831533850e-03
0.000000000000000000e+00 2.948291899282263367e-04 3.566820820504548045e-03 2.948291899282263367e-04 1.948406121195161989e-01 5.382474846407695468e-01 3.510497626541753124e-02 2.479420884486714313e-02 1.028213886099563993e-03 3.573668886752216691e-03
0.000000000000000000e+00 2.948291899282263367e-04 3.566820820504548045e-03 1.600533680466906361e+00 5.172227021941072644e-02 2.907064136969689461e+00 7.128535796046562290e+00 1.107909530234194762e+01 8.519335341829997743e-03 4.005634796601099251e-02
0.000000000000000000e+00 2.948291899282263367e-04 3.566820820504548045e-03 8.570015981045523423e-01 3.519154096480182209e-02 2.449745722492579603e+00 3.413405516451366584e+00 1.489468967504433472e+00 7.132806364646197134e-03 2.993644711358812299e-02
0.000000000000000000e+00 2.948291899282263367e-04 3.566820820504548045e-03 1.629615567673483367e+00 5.173768247878251375e-02 2.834459462019090381e+00 6.984476953724107595e+00 1.289406635862894213e+01 6.952664461976097894e-03 3.305550562891653582e-02
0.000000000000000000e+00 2.948291899282263367e-04 3.566820820504548045e-03 6.023721967390212040e-01 5.950771843300416419e-01 1.733418304763168383e+00 3.413405516451366584e+00 1.613172552464268161e+00 7.139583165128193798e-03 3.001735647369310409e-02
0.000000000000000000e+00 2.948291899282263367e-04 3.566820820504548045e-03 1.893546543293971388e-02 1.842943812498383793e-01 3.180901557344608666e-01 1.486254150252243333e-01 4.878913109006930565e-02 1.028213886099563993e-03 3.573668886752216691e-03
0.000000000000000000e+00 2.948291899282263367e-04 3.157847106268249493e-03 2.948291899282263367e-04 3.566820820504548045e-03 9.326587093533302009e-02 3.678431978880395380e-03 2.888232524900767074e-04 3.946536838716763196e-04 1.176650953527228318e-03
0.000000000000000000e+00 2.948291899282263367e-04 3.566820820504548045e-03 5.856560793857604752e-01 8.884495275442877427e-02 2.748212590444951697e+00 3.518492178472283349e+00 1.287388402975925272e-01 6.061932365674274625e-03 2.498763865505183174e-02
0.000000000000000000e+00 2.948291899282263367e-04 3.566820820504548045e-03 8.171738593466424394e-01 8.316009644652216926e-02 2.509447732985621293e+00 3.203251921628721632e+00 2.598901179386315263e+00 7.165693936571593606e-03 3.033595383014404609e-02
0.000000000000000000e+00 2.948291899282263367e-04 3.566820820504548045e-03 4.280834724474600339e-01 3.078275730129799159e-01 5.631702802562019716e-01 7.743881363187750111e-01 2.201421770093261576e-03 6.244328005016729771e-02 1.036144353218078525e-02
0.000000000000000000e+00 2.948291899282263367e-04 3.566820820504548045e-03 2.948291899282263367e-04 3.189468101109250997e-02 1.694396993052972311e-01 5.546413822141509423e-03 3.576423901116470086e-04 4.802504258204194436e-04 1.503176364737761860e-03
0.000000000000000000e+00 2.948291899282263367e-04 3.566820820504548045e-03 8.769154674835071273e-01 5.920340989984469032e-02 2.330358486034949994e+00 3.518492178472283349e+00 3.895452542490245751e+00 8.420156034928726399e-03 3.630471088030798321e-02
0.000000000000000000e+00 2.948291899282263367e-04 3.566820820504548045e-03 8.769154674835071273e-01 1.120684618309782284e-02 2.449745722492579603e+00 3.518492178472283349e+00 3.895452542490245751e+00 8.420156034928726399e-03 3.630471088030798321e-02
0.000000000000000000e+00 2.948291899282263367e-04 3.566820820504548045e-03 8.769154674835071273e-01 5.920340989984469032e-02 2.330358486034949994e+00 3.518492178472283349e+00 3.895452542490245751e+00 8.420156034928726399e-03 3.630471088030798321e-02
0.000000000000000000e+00 2.948291899282263367e-04 3.566820820504548045e-03 3.995782230671765523e-01 2.679699503605993960e-01 1.174733432502584662e+00 1.043458944123177412e+00 6.562790271158216449e-01 4.194829562909471385e-03 1.648563122005989798e-02
0.000000000000000000e+00 2.948291899282263367e-04 3.566820820504548045e-03 2.969320093008083195e-01 3.674760718651246538e-01 1.132833301959290218e+00 7.449488916579685149e-01 6.193525720163155224e-02 7.598636702976566126e-02 1.292760839839581129e-02
0.000000000000000000e+00 2.948291899282263367e-04 3.566820820504548045e-03 7.773461205887327585e-01 5.369690588640282369e-01 2.834459462019090381e+00 4.265732633774608651e+00 5.208297021969205964e+00 9.200114705128662612e-03 4.066947998189569119e-02
0.000000000000000000e+00 2.948291899282263367e-04 3.193932705242744866e-03 2.948291899282263367e-04 1.311910005636413717e-02 1.905810765163490905e-01 4.260822834906637796e-02 3.640255868294906254e-04 4.862176428240491959e-04 1.533176654086473379e-03
0.000000000000000000e+00 2.948291899282263367e-04 3.566820820504548045e-03 8.968293368624620232e-01 8.321500571829647253e-02 3.487898733789192018e+00 6.984476953724107595e+00 3.362810603686289035e+00 9.214148595410736470e-03 4.091433271144631623e-02
0.000000000000000000e+00 2.948291899282263367e-04 3.193932705242744866e-03 2.948291899282263367e-04 1.259500750251011346e-02 1.025707884069185089e-01 2.582111064107547524e-02 2.966586583774235338e-04 4.021236884853710350e-04 1.237815217669897697e-03
0.000000000000000000e+00 2.948291899282263367e-04 3.566820820504548045e-03 8.968293368624620232e-01 8.321500571829647253e-02 3.487898733789192018e+00 7.128535796046562290e+00 4.908158609220569346e+00 9.246865358514197442e-03 4.154119185713806006e-02
0.000000000000000000e+00 2.948291899282263367e-04 3.528566292015173668e-03 2.948291899282263367e-04 3.528566292015173668e-03 3.091615751679987478e-01 2.072458765521906568e-02 4.295064437089658000e-04 5.697893930612574947e-04 1.833693195285898301e-03
0.000000000000000000e+00 2.948291899282263367e-04 3.566820820504548045e-03 1.224762231901585618e+00 1.368704152042660507e-02 3.124858422507216460e+00 7.416618063190749233e+00 5.815649299385475146e+00 9.217329742259755196e-03 4.170313059284400797e-02
0.000000000000000000e+00 2.948291899282263367e-04 3.566820820504548045e-03 1.224762231901585618e+00 1.368704152042660507e-02 3.197472387838909746e+00 7.272577399787166996e+00 5.452653023319511405e+00 9.210852320335452884e-03 4.155654038125050631e-02
0.000000000000000000e+00 2.948291899282263367e-04 3.566820820504548045e-03 1.224762231901585618e+00 1.368704152042660507e-02 3.270086353170602589e+00 7.128535796046562290e+00 5.452653023319511405e+00 9.210852320335452884e-03 4.155654038125050631e-02
0.000000000000000000e+00 2.948291899282263367e-04 3.566820820504548045e-03 1.224762231901585618e+00 4.276892872700342740e-02 4.774654481915508342e+00 1.950820951174130258e+01 5.480538084918198383e-01 6.951853869793588742e-03 3.313181380476477866e-02
0.000000000000000000e+00 2.948291899282263367e-04 3.566820820504548045e-03 1.224762231901585618e+00 1.368704152042660507e-02 3.270086353170602589e+00 7.128535796046562290e+00 5.634151161352497716e+00 9.214142009700540537e-03 4.163012507879351731e-02
0.000000000000000000e+00 2.948291899282263367e-04 3.566820820504548045e-03 1.224762231901585618e+00 1.368704152042660507e-02 3.197472387838909746e+00 7.272577399787166996e+00 5.634151161352497716e+00 9.214142009700540537e-03 4.163012507879351731e-02
0.000000000000000000e+00 2.948291899282263367e-04 3.566820820504548045e-03 1.200763950043212791e+00 1.367280517081201699e-02 3.342690560409432798e+00 7.128535796046562290e+00 6.178645575451438887e+00 9.223400984069556399e-03 4.184740799986713666e-02
0.000000000000000000e+00 2.948291899282263367e-04 3.566820820504548045e-03 1.200763950043212791e+00 1.367280517081201699e-02 3.270076595077739956e+00 7.272577399787166996e+00 6.178645575451438887e+00 9.223400984069556399e-03 4.184740799986713666e-02
0.000000000000000000e+00 2.948291899282263367e-04 3.566820820504548045e-03 1.224762231901585618e+00 1.368704152042660507e-02 3.197472387838909746e+00 7.128518557464713190e+00 7.086125941573527598e+00 9.234337918989888108e-03 4.212905546633315124e-02
0.000000000000000000e+00 2.948291899282263367e-04 3.566820820504548045e-03 1.224762231901585618e+00 1.368704152042660507e-02 3.270086353170602589e+00 6.984476953724107595e+00 7.086125941573527598e+00 9.234337918989888108e-03 4.212905546633315124e-02
0.000000000000000000e+00 2.948291899282263367e-04 3.566820820504548045e-03 8.769154674835071273e-01 5.920340989984469032e-02 3.633106581269209823e+00 7.128535796046562290e+00 3.819169781022678123e+00 9.222965102307922186e-03 4.107459340120230701e-02
0.000000000000000000e+00 2.948291899282263367e-04 3.566820820504548045e-03 4.280834724474600339e-01 2.879137036340250755e-01 1.090939085392663932e+00 9.240735224229716938e-01 5.836577678481227327e-01 4.181688411329299859e-03 1.636338571531073191e-02
0.000000000000000000e+00 2.948291899282263367e-04 3.566820820504548045e-03 8.968293368624620232e-01 1.072132875766698967e-01 3.415294687501155391e+00 7.128535796046562290e+00 4.726660471187583923e+00 9.243144938974285491e-03 4.146489679856184274e-02
0.000000000000000000e+00 2.948291899282263367e-04 2.676496003864652952e-03 2.948291899282263367e-04 3.566820820504548045e-03 7.465985523335726126e-02 3.334076432672305156e-03 2.505961851431170485e-04 3.438563017090229138e-04 1.025095496569231653e-03
0.000000000000000000e+00 2.948291899282263367e-04 3.566820820504548045e-03 1.571451793260329577e+00 1.372795043252930669e-02 3.052273256968312420e+00 7.128535796046562290e+00 1.126059344037493304e+01 8.519617637731947274e-03 4.010788379376054036e-02
0.000000000000000000e+00 2.948291899282263367e-04 3.566820820504548045e-03 1.224762231901585618e+00 4.276892872700342740e-02 3.124868101098168705e+00 7.272577399787166996e+00 1.035310275021002013e+01 8.517367655581847136e-03 3.984511987756613610e-02
0.000000000000000000e+00 2.948291899282263367e-04 3.566820820504548045e-03 1.224762231901585618e+00 4.276892872700342740e-02 3.052254135766475862e+00 7.416618063190749233e+00 1.035310275021002013e+01 8.517367655581847136e-03 3.984511987756613610e-02
0.000000000000000000e+00 2.948291899282263367e-04 3.121984819287207478e-03 2.948291899282263367e-04 3.566820820504548045e-03 1.118718866373088899e-01 3.654915776061273738e-03 2.927750565721865526e-04 3.984302158402465736e-04 1.204369588015452141e-03
0.000000000000000000e+00 2.948291899282263367e-04 3.566820820504548045e-03 8.570015981045523423e-01 2.031795139734152711e-01 1.252726259352424876e+00 2.693314080653641529e+00 1.160130756192188306e+00 6.048250280346746492e-03 2.483856564570122508e-02
0.000000000000000000e+00 2.948291899282263367e-04 3.566820820504548045e-03 6.358044314455429946e-01 2.991004781131396673e-01 1.352802127394005627e+00 1.341909635149086455e+00 1.801549014758746514e-01 4.207670998022630844e-03 1.660652471018234447e-02
0.000000000000000000e+00 2.948291899282263367e-04 3.566820820504548045e-03 6.358044314455429946e-01 2.991004781131396673e-01 1.352802127394005627e+00 1.414523600480779519e+00 2.685269585540310255e-01 4.220216497827566221e-03 1.050899935049999095e-01
0.000000000000000000e+00 2.948291899282263367e-04 3.566820820504548045e-03 1.200763950043212791e+00 2.172460156168490863e-01 4.332892347593755744e+00 1.841922068354341846e+01 1.335545518393363329e+00 1.424430610650867512e-01 3.309386394034211087e-02
0.000000000000000000e+00 2.948291899282263367e-04 3.566820820504548045e-03 1.200763950043212791e+00 2.172460156168490863e-01 2.834459462019090381e+00 6.696359269079193766e+00 9.264082600104380560e+00 9.254794135851890716e-03 4.279323303398513412e-02
0.000000000000000000e+00 2.948291899282263367e-04 3.566820820504548045e-03 8.370877287255974464e-01 3.517767710950459037e-02 2.569141247583883736e+00 3.203251921628721632e+00 2.598901179386315263e+00 7.165693936571593606e-03 3.033595383014404609e-02
0.000000000000000000e+00 2.948291899282263367e-04 3.566820820504548045e-03 2.948291899282263367e-04 1.948406121195161989e-01 5.382474846407695468e-01 3.510497626541753124e-02 2.479420884486714313e-02 1.028213886099563993e-03 3.573668886752216691e-03
0.000000000000000000e+00 2.948291899282263367e-04 3.566820820504548045e-03 8.570015981045523423e-01 2.031795139734152711e-01 1.302767555726550119e+00 2.604972683165966529e+00 1.265217418213105516e+00 1.297587220800724694e-01 2.498763865505183174e-02
0.000000000000000000e+00 2.948291899282263367e-04 3.566820820504548045e-03 8.769154674835071273e-01 5.920340989984469032e-02 2.330358486034949994e+00 3.518492178472283349e+00 3.751393700167791501e+00 8.413953617393870460e-03 3.621916950874060764e-02
0.000000000000000000e+00 2.948291899282263367e-04 3.566820820504548045e-03 8.968293368624620232e-01 8.321500571829647253e-02 3.487898733789192018e+00 6.984476953724107595e+00 5.452642699276694316e+00 9.253994129781716385e-03 4.169202458561531432e-02
0.000000000000000000e+00 2.948291899282263367e-04 3.566820820504548045e-03 2.948291899282263367e-04 3.189468101109250997e-02 1.694396993052972311e-01 5.546413822141509423e-03 3.576423901116470086e-04 4.802504258204194436e-04 1.503176364737761860e-03
0.000000000000000000e+00 2.948291899282263367e-04 3.050934151121155891e-03 2.948291899282263367e-04 3.086346847121619174e-03 1.118718866373088899e-01 1.524828124451041780e-02 2.947252779117725554e-04 4.002871637097437166e-04 1.226709010359095615e-03
0.000000000000000000e+00 2.948291899282263367e-04 3.566820820504548045e-03 7.972599899676875435e-01 8.890847390836793818e-02 3.778314097357655665e+00 4.265732633774608651e+00 4.872727649445361742e+00 1.906883519430518092e-01 4.058666826352855944e-02
0.000000000000000000e+00 2.948291899282263367e-04 3.566820820504548045e-03 6.190883140922821548e-01 8.887110615011786785e-02 2.688528066511704395e+00 3.308338583649639286e+00 1.287295329462525006e-01 6.055137120237564195e-03 2.491332508057146969e-02
0.000000000000000000e+00 2.948291899282263367e-04 3.528566292015173668e-03 2.948291899282263367e-04 3.086346847121619174e-03 1.588604180508556285e-01 4.657786179108815150e-03 2.985754010969273527e-04 4.039401184700464205e-04 1.248864901831533850e-03
0.000000000000000000e+00 2.948291899282263367e-04 3.566820820504548045e-03 2.948291899282263367e-04 1.311910005636413717e-02 1.694354177232189895e-01 5.523685266858015253e-03 3.532955704160820423e-04 4.761641409028207188e-04 1.477967092775624592e-03
0.000000000000000000e+00 2.948291899282263367e-04 3.566820820504548045e-03 1.026625360918309998e-01 1.784054165852077822e-01 9.314919785387877349e-01 2.273809449831927232e-01 8.529496909166266183e-02 1.879829185496945674e-03 6.879110310892862581e-03
0.000000000000000000e+00 2.948291899282263367e-04 3.566820820504548045e-03 1.224762231901585618e+00 4.276892872700342740e-02 3.124868101098168705e+00 7.272577399787166996e+00 4.908158609220569346e+00 9.246865358514197442e-03 4.154119185713806006e-02
0.000000000000000000e+00 2.948291899282263367e-04 3.566820820504548045e-03 6.358044314455429946e-01 3.230987599715125502e-01 1.302767555726550119e+00 1.341909635149086455e+00 2.685188212889680903e-01 4.213980507611861381e-03 1.666646680139642969e-02
0.000000000000000000e+00 2.948291899282263367e-04 3.566820820504548045e-03 1.224762231901585618e+00 1.368704152042660507e-02 3.270086353170602589e+00 2.404550866078344740e+01 1.769403950573354534e+00 5.297015084197204300e-03 1.002958886715616671e-01
0.000000000000000000e+00 2.948291899282263367e-04 3.566820820504548045e-03 1.224762231901585618e+00 1.368704152042660507e-02 3.197472387838909746e+00 7.128518557464713190e+00 7.086125941573527598e+00 9.234337918989888108e-03 4.212905546633315124e-02
0.000000000000000000e+00 2.948291899282263367e-04 3.566820820504548045e-03 1.893546543293971388e-02 1.737215518532732872e-01 3.348033447947454944e-01 6.896993750940480505e-02 6.462931478411279443e-04 8.381347536858466249e-04 2.857905474262438777e-03
0.000000000000000000e+00 2.948291899282263367e-04 3.566820820504548045e-03 1.176765668184839297e+00 1.881495857540228245e-01 2.979668735483596009e+00 6.984476953724107595e+00 9.445601736002288362e+00 8.511866517073007551e-03 3.951293941473139198e-02
0.000000000000000000e+00 2.948291899282263367e-04 3.566820820504548045e-03 6.190883140922821548e-01 3.470817361205666973e-01 1.302767555726550119e+00 1.196681704485700326e+00 7.103219295279855627e-01 4.232469740018197750e-03 1.684428552078854474e-02
0.000000000000000000e+00 2.948291899282263367e-04 3.566820820504548045e-03 2.948291899282263367e-04 3.566820820504548045e-03 2.011517356371158582e-01 5.496216652470804070e-02 4.223864839361130431e-04 5.631911273330013432e-04 1.799998389042816328e-03
0.000000000000000000e+00 2.948291899282263367e-04 3.566820820504548045e-03 6.190883140922821548e-01 2.990851724038203763e-01 1.352795347454638142e+00 2.693314080653641529e+00 9.499574321503538865e-01 6.034199802586440523e-03 2.468770490968873188e-02
0.000000000000000000e+00 2.948291899282263367e-04 3.566820820504548045e-03 6.358044314455429946e-01 2.991004781131396673e-01 1.352802127394005627e+00 1.414523600480779519e+00 2.685269585540310255e-01 4.220216497827566221e-03 1.672607369190438203e-02
0.000000000000000000e+00 2.948291899282263367e-04 3.566820820504548045e-03 6.358044314455429946e-01 5.369508701042496890e-01 2.907064136969689461e+00 4.142029048814773518e+00 5.208285813595463942e+00 1.906933571428733598e-01 4.066947998189569119e-02
0.000000000000000000e+00 2.948291899282263367e-04 3.121984819287207478e-03 2.948291899282263367e-04 3.193932705242744866e-03 1.118718866373088899e-01 3.611763166891483745e-03 2.927750565721865526e-04 3.984302158402465736e-04 1.204369588015452141e-03
0.000000000000000000e+00 2.948291899282263367e-04 3.566820820504548045e-03 6.190883140922821548e-01 3.230834542621937588e-01 1.302760831019880383e+00 2.604950160840546314e+00 1.265208571249901714e+00 6.048250280346746492e-03 2.483856564570122508e-02
0.000000000000000000e+00 2.948291899282263367e-04 3.566820820504548045e-03 8.769154674835071273e-01 8.320169175821810759e-02 2.330366775838907945e+00 3.308338583649639286e+00 3.175147492014561923e+00 1.761659834481588971e-01 3.587128115569905573e-02
0.000000000000000000e+00 2.948291899282263367e-04 3.015747651083287156e-03 2.948291899282263367e-04 3.566820820504548045e-03 1.118718866373088899e-01 2.484401703210342358e-02 2.966586583774235338e-04 4.021236884853710350e-04 1.237815217669897697e-03
0.000000000000000000e+00 2.948291899282263367e-04 3.566820820504548045e-03 1.893546543293971388e-02 1.737215518532732872e-01 3.348033447947454944e-01 4.905606813044990216e-02 6.433887559117512167e-04 8.355303316025590151e-04 2.839661799121634585e-03
0.000000000000000000e+00 2.948291899282263367e-04 3.566820820504548045e-03 8.370877287255974464e-01 1.071725226846248907e-01 3.415264685274130851e+00 4.636796550449651555e+00 3.362665473088071177e+00 8.449551837411388086e-03 3.672389108982616890e-02
0.000000000000000000e+00 2.948291899282263367e-04 3.566820820504548045e-03 2.948291899282263367e-04 5.980370456405630086e-02 2.350528216848217222e-01 3.497721234536085161e-02 1.468446496017341250e-02 5.740741785207701536e-04 1.870433015797393029e-03
0.000000000000000000e+00 2.948291899282263367e-04 3.566820820504548045e-03 6.023721967390212040e-01 1.485997641012409831e-01 2.569141247583883736e+00 3.203251921628721632e+00 1.613163155400042514e+00 7.132806364646197134e-03 2.993644711358812299e-02
0.000000000000000000e+00 2.948291899282263367e-04 3.566820820504548045e-03 1.224762231901585618e+00 4.276892872700342740e-02 3.197482066429861991e+00 7.128535796046562290e+00 5.452653023319511405e+00 9.210852320335452884e-03 4.155654038125050631e-02
0.000000000000000000e+00 2.948291899282263367e-04 3.566820820504548045e-03 8.769154674835071273e-01 8.320169175821810759e-02 2.330366775838907945e+00 3.413425245670556496e+00 3.463276015522876783e+00 8.401221474249619126e-03 3.604637224810126189e-02
0.000000000000000000e+00 2.948291899282263367e-04 3.566820820504548045e-03 8.769154674835071273e-01 8.320169175821810759e-02 2.330366775838907945e+00 3.413425245670556496e+00 3.607334857845330589e+00 8.407642268855809037e-03 3.613305701944066056e-02
0.000000000000000000e+00 2.948291899282263367e-04 3.566820820504548045e-03 8.769154674835071273e-01 1.071999736165915318e-01 3.487898733789192018e+00 7.128535796046562290e+00 3.819169781022678123e+00 1.907211031352856190e-01 4.115383463359809785e-02
0.000000000000000000e+00 2.948291899282263367e-04 3.566820820504548045e-03 6.190883140922821548e-01 3.230834542621937588e-01 1.352802127394005627e+00 2.604972683165966529e+00 6.346974460876149138e-01 5.107577186554398962e-03 2.077719962296335071e-02
0.000000000000000000e+00 2.948291899282263367e-04 3.566820820504548045e-03 1.571451793260329577e+00 5.170651007453962167e-02 2.979668735483596009e+00 7.128535796046562290e+00 1.144209157840791136e+01 8.519816690057156749e-03 4.015891264318949966e-02
0.000000000000000000e+00 2.948291899282263367e-04 3.566820820504548045e-03 8.968293368624620232e-01 3.521844200154960330e-02 3.633106581269209823e+00 2.132303659028871579e+01 5.480538084918198383e-01 6.951853869793588742e-03 1.686222104078754225e-01
0.000000000000000000e+00 2.948291899282263367e-04 3.566820820504548045e-03 4.423360971376018580e-01 3.709817162726998241e-01 1.007138481748265590e+00 9.837755329160133844e-01 2.753339130584667692e-03 3.396563075379768846e-03 1.308634224674862061e-02
0.000000000000000000e+00 2.948291899282263367e-04 2.775844154178533623e-03 2.948291899282263367e-04 3.157847106268249493e-03 1.118718866373088899e-01 3.639394003764052227e-02 1.087140479766198278e-02 4.057367717618593547e-04 1.259858412751593956e-03
0.000000000000000000e+00 2.948291899282263367e-04 3.566820820504548045e-03 2.948291899282263367e-04 1.328866530911664706e-02 1.905810765163490905e-01 7.955466338297779993e-02 4.271530089748412098e-04 5.676130926118165597e-04 1.828386266163348293e-03
0.000000000000000000e+00 2.948291899282263367e-04 3.566820820504548045e-03 8.570015981045523423e-01 5.918982282317526017e-02 2.449754149103496204e+00 3.413425245670556496e+00 1.489478274855773554e+00 7.139583165128193798e-03 3.001735647369310409e-02
0.000000000000000000e+00 2.948291899282263367e-04 3.566820820504548045e-03 1.224762231901585618e+00 1.368704152042660507e-02 3.124858422507216460e+00 2.422696217669998831e+01 3.015083071413817706e+00 4.073894113416432275e-03 2.029277506663150141e-02
0.000000000000000000e+00 2.948291899282263367e-04 3.566820820504548045e-03 2.969320093008083195e-01 3.674760718651246538e-01 1.174739494501712223e+00 6.852654804508043762e-01 2.233246708589746270e-03 1.221716508537762647e-01 1.292760839839581129e-02
0.000000000000000000e+00 2.948291899282263367e-04 3.566820820504548045e-03 1.600533680466906361e+00 1.659663142325090018e-02 2.761826839488516594e+00 7.560657777646365929e+00 1.271257854463878090e+01 6.952664461976097894e-03 3.305550562891653582e-02
0.000000000000000000e+00 2.948291899282263367e-04 3.377672391660942360e-03 2.948291899282263367e-04 1.283166754658426022e-02 1.025707884069185089e-01 4.696676943420558664e-02 3.004757041738715826e-04 4.057367717618593547e-04 1.254013365508174294e-03
0.000000000000000000e+00 2.948291899282263367e-04 3.566820820504548045e-03 6.190883140922821548e-01 3.230834542621937588e-01 1.352802127394005627e+00 2.604972683165966529e+00 9.499574321503538865e-01 6.034199802586440523e-03 2.468770490968873188e-02
0.000000000000000000e+00 2.948291899282263367e-04 1.328866530911664706e-02 3.995810971484707319e-01 2.878989020357885509e-01 1.132839314474232362e+00 9.837755329160133844e-01 7.536730446227765667e-02 3.402438882453292981e-03 1.313868216488774110e-02
0.000000000000000000e+00 2.948291899282263367e-04 3.566820820504548045e-03 1.224762231901585618e+00 1.368704152042660507e-02 3.052244457175523618e+00 7.560657777646365929e+00 1.071609902627598387e+01 8.518519810285920396e-03 3.995175238582528848e-02
0.000000000000000000e+00 2.948291899282263367e-04 3.566820820504548045e-03 9.632457581951780687e-03 3.997468780175705838e-03 1.905810765163490905e-01 7.967004287599137313e-02 1.467977769911662546e-02 5.697893930612574947e-04 1.842472806916435526e-03
0.000000000000000000e+00 2.948291899282263367e-04 3.566820820504548045e-03 1.200763950043212791e+00 1.367280517081201699e-02 3.270076595077739956e+00 7.272577399787166996e+00 6.178645575451438887e+00 9.223400984069556399e-03 4.184740799986713666e-02
0.000000000000000000e+00 2.948291899282263367e-04 3.566820820504548045e-03 1.224762231901585618e+00 1.368704152042660507e-02 3.270086353170602589e+00 7.128535796046562290e+00 6.360143713484425199e+00 9.226285308542423250e-03 4.191868184095688676e-02
0.000000000000000000e+00 2.948291899282263367e-04 3.566820820504548045e-03 3.754148113491557331e-02 5.984965652227797195e-02 4.685079284040966630e-01 1.486254150252243333e-01 7.925673733224438029e-04 2.502056056580370322e-02 3.552343030847155900e-03
0.000000000000000000e+00 2.948291899282263367e-04 3.528566292015173668e-03 9.632457581951780687e-03 1.063305551410428373e-01 2.711945423683989609e-01 7.667318389560481319e-03 5.172051836286385186e-04 6.806443383717460929e-04 2.242299564634642542e-03
0.000000000000000000e+00 2.948291899282263367e-04 3.566820820504548045e-03 3.995782230671765523e-01 2.679699503605993960e-01 1.174733432502584662e+00 1.043458944123177412e+00 6.562790271158216449e-01 4.194829562909471385e-03 1.648563122005989798e-02
0.000000000000000000e+00 2.948291899282263367e-04 3.452691739427951080e-03 2.948291899282263367e-04 1.154521864172312756e-01 2.711945423683989609e-01 7.667318389560481319e-03 5.172051836286385186e-04 6.806443383717460929e-04 2.220617678130320377e-03
0.000000000000000000e+00 2.948291899282263367e-04 3.566820820504548045e-03 1.893546543293971388e-02 4.009061439709705674e-03 1.800103976452577803e-01 7.967004287599137313e-02 1.467977769911662546e-02 5.697893930612574947e-04 1.842472806916435526e-03
0.000000000000000000e+00 2.948291899282263367e-04 3.566820820504548045e-03 1.200763950043212791e+00 1.009184667905418109e-01 3.124877700821328208e+00 7.128535796046562290e+00 1.035310275021002013e+01 8.517367655581847136e-03 3.984511987756613610e-02
0.000000000000000000e+00 2.948291899282263367e-04 2.843237368190843894e-03 2.948291899282263367e-04 2.911553900243270005e-03 7.465985523335726126e-02 1.248349368669635084e-02 2.868212366135504594e-04 3.927333879877538316e-04 1.170945436691569249e-03
0.000000000000000000e+00 2.948291899282263367e-04 3.566820820504548045e-03 8.570015981045523423e-01 5.918982282317526017e-02 2.449754149103496204e+00 3.413425245670556496e+00 1.489478274855773554e+00 1.511984254875855249e-01 1.741566030410570676e-01
0.000000000000000000e+00 2.948291899282263367e-04 3.566820820504548045e-03 6.190883140922821548e-01 2.990851724038203763e-01 1.402836643828763385e+00 2.604972683165966529e+00 1.092641359830290454e-01 5.075131480503161652e-03 2.044433524311303069e-02
0.000000000000000000e+00 2.948291899282263367e-04 2.709379117946833764e-03 2.948291899282263367e-04 1.328866530911664706e-02 1.025707884069185089e-01 4.696676943420558664e-02 3.004757041738715826e-04 4.487593061793274064e-04 1.259858412751593956e-03
0.000000000000000000e+00 2.948291899282263367e-04 3.566820820504548045e-03 2.948291899282263367e-04 5.050069671306837288e-02 2.474043361692773724e-01 6.471962965077282352e-03 4.271530089748412098e-04 1.482023778275360325e-02 1.842472806916435526e-03
0.000000000000000000e+00 2.948291899282263367e-04 3.566820820504548045e-03 1.176765668184839297e+00 3.326274500934695011e-01 2.761854711214527303e+00 7.128535796046562290e+00 9.082615783979150592e+00 8.510648139627785894e-03 3.945577654954017521e-02
0.000000000000000000e+00 2.948291899282263367e-04 3.566820820504548045e-03 1.176765668184839297e+00 2.172314729605996364e-01 2.907064136969689461e+00 7.128535796046562290e+00 9.445612060045114333e+00 8.512998208734023908e-03 3.956958683533141896e-02
0.000000000000000000e+00 2.948291899282263367e-04 3.566820820504548045e-03 1.801125179788058417e-01 3.005919102896335848e-02 5.183371037300157358e-01 3.625795961959579206e-01 1.216493972168535692e-03 1.545846878761815077e-03 5.534214199823996733e-03
0.000000000000000000e+00 2.948291899282263367e-04 3.566820820504548045e-03 4.280834724474600339e-01 2.879137036340250755e-01 3.499390002785165432e-01 6.065054811006145297e-01 3.020594527247801864e-01 2.741269557125495214e-03 1.031603358551348541e-02
0.000000000000000000e+00 2.948291899282263367e-04 3.566820820504548045e-03 2.823847328392764533e-02 1.737344836985214025e-01 3.180901557344608666e-01 2.914219875149501662e-02 2.055432980751638328e-02 8.355303316025590151e-04 2.839661799121634585e-03
0.000000000000000000e+00 2.948291899282263367e-04 3.566820820504548045e-03 1.906853473753709061e-01 2.582313784860055250e-01 6.988741997593737043e-01 5.646172658668883182e-01 1.811674480029838025e-03 2.269574165572461454e-03 8.414086724965760475e-03
0.000000000000000000e+00 2.948291899282263367e-04 3.566820820504548045e-03 4.280834724474600339e-01 3.078275730129799159e-01 3.208612178206105559e-01 6.065054811006145297e-01 3.521007490989054300e-01 2.746655397984113303e-03 1.036144353218078525e-02
0.000000000000000000e+00 2.948291899282263367e-04 2.911553900243270005e-03 2.948291899282263367e-04 3.490522795068585430e-03 1.025688787863209689e-01 3.645095021115456278e-03 2.908077860167684056e-04 4.495233352056678686e-04 1.204325591441321062e-03
0.000000000000000000e+00 2.948291899282263367e-04 3.566820820504548045e-03 1.224762231901585618e+00 1.590964775533107445e-01 2.907064136969689461e+00 6.984476953724107595e+00 1.216807380649701642e+01 8.519917370676857379e-03 4.030896471742687059e-02
0.000000000000000000e+00 2.948291899282263367e-04 3.566820820504548045e-03 6.358044314455429946e-01 2.511039143963928466e-01 3.487898733789192018e+00 4.265732633774608651e+00 5.040512335707279412e+00 9.195219109887105627e-03 4.058666826352855944e-02
0.000000000000000000e+00 2.948291899282263367e-04 3.566820820504548045e-03 1.224762231901585618e+00 4.276892872700342740e-02 4.774654481915508342e+00 1.950820951174130258e+01 2.770730152856049067e-01 6.952664461976097894e-03 3.305550562891653582e-02
0.000000000000000000e+00 2.948291899282263367e-04 3.566820820504548045e-03 9.632457581951780687e-03 3.997468780175705838e-03 1.905810765163490905e-01 7.967004287599137313e-02 1.467977769911662546e-02 5.697893930612574947e-04 1.609509749705822015e-02
0.000000000000000000e+00 2.948291899282263367e-04 3.566820820504548045e-03 1.176765668184839297e+00 2.172314729605996364e-01 2.907064136969689461e+00 7.128535796046562290e+00 9.627110198078090875e+00 8.514043539148303044e-03 3.962571960507345337e-02
0.000000000000000000e+00 2.948291899282263367e-04 3.566820820504548045e-03 1.906853473753709061e-01 2.415152611327448517e-01 7.279515565977353608e-01 5.646172658668883182e-01 1.018942672282803080e-01 2.279144528612826563e-03 8.492457321647965338e-03
0.000000000000000000e+00 2.948291899282263367e-04 3.566820820504548045e-03 1.224762231901585618e+00 1.368704152042660507e-02 4.863006623853220134e+00 1.950820951174130258e+01 2.770730152856049067e-01 6.952664461976097894e-03 3.305550562891653582e-02
0.000000000000000000e+00 2.948291899282263367e-04 3.566820820504548045e-03 1.224762231901585618e+00 1.368704152042660507e-02 4.863006623853220134e+00 1.950820951174130258e+01 4.125634118887155366e-01 1.424426886685623006e-01 3.313181380476477866e-02
0.000000000000000000e+00 2.948291899282263367e-04 3.566820820504548045e-03 4.280834724474600339e-01 2.679998342550701240e-01 1.132839314474232362e+00 8.643715119299297811e-01 1.479666192128198388e-01 3.396563075379768846e-03 1.308634224674862061e-02
0.000000000000000000e+00 2.948291899282263367e-04 3.566820820504548045e-03 1.224762231901585618e+00 4.276892872700342740e-02 3.197482066429861991e+00 4.265732633774608651e+00 1.089742984779003443e+01 1.898351469543946568e-01 4.266493275409656560e-02
0.000000000000000000e+00 2.948291899282263367e-04 3.566820820504548045e-03 1.224762231901585618e+00 4.276892872700342740e-02 3.197482066429861991e+00 4.142029048814773518e+00 1.126041399939453136e+01 9.251477682917287962e-03 4.266493275409656560e-02
0.000000000000000000e+00 2.948291899282263367e-04 3.566820820504548045e-03 1.200763950043212791e+00 2.172460156168490863e-01 2.834459462019090381e+00 2.005254962405784624e+01 1.169529373567397723e+00 6.953210931279259904e-03 1.684679579554077822e-01
0.000000000000000000e+00 2.948291899282263367e-04 3.340486718947844116e-03 2.948291899282263367e-04 1.328866530911664706e-02 1.905810765163490905e-01 5.496216652470804070e-02 4.223864839361130431e-04 5.631911273330013432e-04 1.799998389042816328e-03
0.000000000000000000e+00 2.948291899282263367e-04 3.566820820504548045e-03 6.190883140922821548e-01 3.470817361205666973e-01 1.302767555726550119e+00 2.604972683165966529e+00 3.194374600248633955e-01 5.088354819810407721e-03 2.057864174476324234e-02
0.000000000000000000e+00 2.948291899282263367e-04 3.566820820504548045e-03 1.200763950043212791e+00 2.172460156168490863e-01 2.834459462019090381e+00 6.696359269079193766e+00 9.082584462071395137e+00 1.898386552421283402e-01 4.279323303398513412e-02
0.000000000000000000e+00 2.948291899282263367e-04 3.566820820504548045e-03 1.200763950043212791e+00 1.367280517081201699e-02 3.342690560409432798e+00 2.150453472832169766e+01 2.715902591564283153e+00 5.312945402943720398e-03 2.583093675339935905e-02
0.000000000000000000e+00 2.948291899282263367e-04 3.566820820504548045e-03 1.224762231901585618e+00 1.368704152042660507e-02 3.270086353170602589e+00 2.386401052275045842e+01 1.769402795107862358e+00 5.298695050908678282e-03 2.605241401030064519e-02
0.000000000000000000e+00 2.948291899282263367e-04 3.015747651083287156e-03 2.948291899282263367e-04 2.946056709965222311e-03 4.675083168039347037e-02 3.305154993549581401e-03 2.451691870160407796e-04 3.474156255304015179e-04 9.948877526867220492e-04
0.000000000000000000e+00 2.948291899282263367e-04 3.566820820504548045e-03 6.190883140922821548e-01 1.087849755290727499e-01 2.628834692296825093e+00 3.308338583649639286e+00 4.998402878257572346e-01 6.075250052673923304e-03 2.513493245052919947e-02
0.000000000000000000e+00 2.948291899282263367e-04 3.566820820504548045e-03 9.632457581951780687e-03 1.948540356374741656e-01 3.013740383811999712e-01 8.887110615011786785e-02 6.462931478411279443e-04 8.381347536858466249e-04 2.857905474262438777e-03
0.000000000000000000e+00 2.948291899282263367e-04 3.566820820504548045e-03 1.224762231901585618e+00 1.368704152042660507e-02 3.270086353170602589e+00 2.368251238471748366e+01 1.042754761912325856e+00 1.091171594570543857e-01 2.590056866082306869e-02
0.000000000000000000e+00 2.948291899282263367e-04 3.193932705242744866e-03 2.948291899282263367e-04 3.566820820504548045e-03 1.118718866373088899e-01 3.634471205454187226e-02 2.985754010969273527e-04 4.039401184700464205e-04 1.248864901831533850e-03
0.000000000000000000e+00 2.948291899282263367e-04 3.566820820504548045e-03 5.614749683689143622e-02 1.420044466348873435e-01 7.686397617242537450e-01 4.380391262950841247e-01 4.338877654924060134e-02 1.875540923536637115e-03 6.845160648934038757e-03
0.000000000000000000e+00 2.948291899282263367e-04 2.742495336033674586e-03 2.948291899282263367e-04 3.193932705242744866e-03 2.814481597841760052e-02 3.132593343257701266e-03 2.414694001053035045e-04 2.645884553954594692e-04 9.744863553003100002e-04
0.000000000000000000e+00 2.948291899282263367e-04 3.566820820504548045e-03 4.138308477573182653e-01 2.878989020357885509e-01 1.132839314474232362e+00 8.643715119299297811e-01 5.110364458712848279e-01 3.425297347806059017e-03 1.334520767287350126e-02
0.000000000000000000e+00 2.948291899282263367e-04 3.528566292015173668e-03 2.948291899282263367e-04 2.054134415160812355e-01 3.180901557344608666e-01 9.228329372540122408e-03 6.375079494680861237e-04 8.302409961798260137e-04 2.789157947159816298e-03
0.000000000000000000e+00 2.948291899282263367e-04 3.566820820504548045e-03 4.280834724474600339e-01 3.078275730129799159e-01 6.334215578485216103e-01 7.243845900607309707e-01 1.813139259639474088e-01 2.762470752154248983e-03 1.049623001449136173e-02
0.000000000000000000e+00 2.948291899282263367e-04 3.566820820504548045e-03 2.969320093008083195e-01 3.475622024861697579e-01 1.216639625045006889e+00 9.240735224229716938e-01 7.536001052627172569e-02 3.396563075379768846e-03 1.308634224674862061e-02
0.000000000000000000e+00 2.948291899282263367e-04 3.566820820504548045e-03 8.769154674835071273e-01 3.043996874992103141e-01 3.052273256968312420e+00 4.142029048814773518e+00 4.369362382285858715e+00 1.906672254418960710e-01 4.024942110427414538e-02
0.000000000000000000e+00 2.948291899282263367e-04 3.566820820504548045e-03 8.968293368624620232e-01 2.753339345762274015e-01 3.052273256968312420e+00 4.265732633774608651e+00 4.201588904397675961e+00 8.476298825357331257e-03 2.216617416380960437e-01
0.000000000000000000e+00 2.948291899282263367e-04 3.566820820504548045e-03 8.570015981045523423e-01 1.119325910642839095e-02 2.569141247583883736e+00 3.203251921628721632e+00 2.887018864031229981e+00 7.178158409315548057e-03 3.049224379268071841e-02
0.000000000000000000e+00 2.948291899282263367e-04 3.566820820504548045e-03 9.632457581951780687e-03 3.997468780175705838e-03 1.800082471197840261e-01 5.535153773280689603e-03 3.554782541688216780e-04 4.782183133298798178e-04 1.497591008787294399e-03
0.000000000000000000e+00 2.948291899282263367e-04 3.566820820504548045e-03 5.856560793857604752e-01 3.470502185611539780e-01 1.402836643828763385e+00 1.341909635149086455e+00 6.219745005413502836e-01 1.101272775228294282e-01 2.017104345865263978e-02
0.000000000000000000e+00 2.948291899282263367e-04 3.528566292015173668e-03 2.948291899282263367e-04 2.980788225190484156e-03 9.326587093533302009e-02 4.653338783018354935e-03 2.888232524900767074e-04 3.946536838716763196e-04 1.193047644123033588e-03
0.000000000000000000e+00 2.948291899282263367e-04 3.566820820504548045e-03 8.370877287255974464e-01 2.271639319764914566e-01 3.270086353170602589e+00 4.265732633774608651e+00 5.543866394493049299e+00 9.209578978865259197e-03 4.083331111082222353e-02
0.000000000000000000e+00 2.948291899282263367e-04 3.566820820504548045e-03 1.026625360918309998e-01 1.784054165852077822e-01 9.314919785387877349e-01 2.273809449831927232e-01 8.529496909166266183e-02 1.879829185496945674e-03 6.879110310892862581e-03
0.000000000000000000e+00 2.948291899282263367e-04 3.566820820504548045e-03 1.658697454880060151e+00 1.662711220623376909e-02 2.834459462019090381e+00 7.128535796046562290e+00 1.198658599250685342e+01 8.519917370676857379e-03 4.030896471742687059e-02
0.000000000000000000e+00 2.948291899282263367e-04 3.566820820504548045e-03 8.968293368624620232e-01 5.921672385992302751e-02 3.560502698605290117e+00 7.128535796046562290e+00 3.819169781022678123e+00 9.222965102307922186e-03 4.107459340120230701e-02
0.000000000000000000e+00 2.948291899282263367e-04 2.911553900243270005e-03 2.948291899282263367e-04 2.980788225190484156e-03 1.025688787863209689e-01 3.645095021115456278e-03 2.908077860167684056e-04 3.965525059211700773e-04 1.204325591441321062e-03
0.000000000000000000e+00 2.948291899282263367e-04 3.566820820504548045e-03 1.200763950043212791e+00 1.367280517081201699e-02 3.342690560409432798e+00 7.128535796046562290e+00 6.178645575451438887e+00 9.223400984069556399e-03 4.184740799986713666e-02
0.000000000000000000e+00 2.948291899282263367e-04 3.566820820504548045e-03 3.092859474764499961e-01 3.674923218666040770e-01 1.132839314474232362e+00 8.643715119299297811e-01 2.931945498762058011e-01 7.602221510882456457e-02 1.324251007972074463e-02
0.000000000000000000e+00 2.948291899282263367e-04 3.566820820504548045e-03 6.358044314455429946e-01 5.660327573108263621e-01 2.834459462019090381e+00 4.265732633774608651e+00 4.537158276921518407e+00 1.906780108071922386e-01 4.041924698373509928e-02
0.000000000000000000e+00 2.948291899282263367e-04 3.566820820504548045e-03 8.171738593466424394e-01 2.031515057383893041e-01 3.415294687501155391e+00 4.265732633774608651e+00 4.369373590659593631e+00 9.174535866041829552e-03 4.024942110427414538e-02
0.000000000000000000e+00 2.948291899282263367e-04 3.566820820504548045e-03 1.571451793260329577e+00 5.170651007453962167e-02 2.979668735483596009e+00 6.984476953724107595e+00 1.198657566846403810e+01 8.519966260129531108e-03 4.025945236986503556e-02
0.000000000000000000e+00 2.948291899282263367e-04 3.566820820504548045e-03 1.658697454880060151e+00 1.662711220623376909e-02 2.834459462019090381e+00 6.984476953724107595e+00 1.253107008256297838e+01 6.953210931279259904e-03 3.297756135229712449e-02
0.000000000000000000e+00 2.948291899282263367e-04 3.566820820504548045e-03 1.571451793260329577e+00 1.372795043252930669e-02 2.834431360973233449e+00 7.560657777646365929e+00 1.198658599250685342e+01 8.519917370676857379e-03 4.030896471742687059e-02
0.000000000000000000e+00 2.948291899282263367e-04 3.566820820504548045e-03 8.171738593466424394e-01 4.909270817315898594e-02 2.569141247583883736e+00 3.308338583649639286e+00 2.887029807369646761e+00 7.184244617588609813e-03 3.056964036550745972e-02
0.000000000000000000e+00 2.948291899282263367e-04 3.566820820504548045e-03 1.224762231901585618e+00 1.368704152042660507e-02 3.052244457175523618e+00 2.458993435377862369e+01 3.949344434108773338e+00 3.152635585698377371e-03 1.586951267503428423e-02
0.000000000000000000e+00 2.948291899282263367e-04 3.566820820504548045e-03 1.224762231901585618e+00 1.009327031401570790e-01 2.979659291636619578e+00 7.272577399787166996e+00 1.089759716430897107e+01 8.518969500640872008e-03 4.000430441364364459e-02
0.000000000000000000e+00 2.948291899282263367e-04 3.566820820504548045e-03 8.171738593466424394e-01 8.316009644652216926e-02 2.509447732985621293e+00 3.308338583649639286e+00 3.175147492014561923e+00 8.381297186237195163e-03 3.578287245928677557e-02
0.000000000000000000e+00 2.948291899282263367e-04 3.566820820504548045e-03 1.224762231901585618e+00 1.368704152042660507e-02 3.052244457175523618e+00 2.422693807771265639e+01 4.260762142369364014e+00 3.151042088020868104e-03 1.587788246980471885e-02
0.000000000000000000e+00 2.948291899282263367e-04 3.566820820504548045e-03 8.370877287255974464e-01 1.071725226846248907e-01 3.415264685274130851e+00 4.636796550449651555e+00 3.362665473088071177e+00 8.449551837411388086e-03 3.672389108982616890e-02
0.000000000000000000e+00 2.948291899282263367e-04 3.566820820504548045e-03 6.190883140922821548e-01 5.660142093616579162e-01 2.907064136969689461e+00 4.265732633774608651e+00 3.866019531873832626e+00 8.465914044282991935e-03 3.696861836892282455e-02
0.000000000000000000e+00 2.948291899282263367e-04 3.566820820504548045e-03 8.370877287255974464e-01 2.271639319764914566e-01 3.197472387838909746e+00 4.389421415933445481e+00 5.543866394493049299e+00 9.209578978865259197e-03 4.083331111082222353e-02
0.000000000000000000e+00 2.948291899282263367e-04 3.566820820504548045e-03 8.968293368624620232e-01 3.521844200154960330e-02 3.633106581269209823e+00 2.132303659028871579e+01 5.480538084918198383e-01 6.951853869793588742e-03 3.313181380476477866e-02
0.000000000000000000e+00 2.948291899282263367e-04 3.566820820504548045e-03 8.968293368624620232e-01 1.122016014317617043e-02 3.705710381088396677e+00 2.186753100438766140e+01 6.099331513520887642e-03 6.952292065458052714e-03 3.309386394034211087e-02
0.000000000000000000e+00 2.948291899282263367e-04 3.566820820504548045e-03 2.948291899282263367e-04 2.259167316010457852e-02 1.694375682486927159e-01 5.535153773280689603e-03 3.554782541688216780e-04 4.782183133298798178e-04 1.490603873239336376e-03
0.000000000000000000e+00 3.025061749050248915e-04 3.566820820504548045e-03 5.614749683689143622e-02 1.420533827024894336e-01 7.686397617242537450e-01 4.380391262950841247e-01 1.482584006818539772e-03 1.871208072015628993e-03 6.811034087746523254e-03
0.000000000000000000e+00 2.948291899282263367e-04 3.157847106268249493e-03 2.948291899282263367e-04 2.911553900243270005e-03 9.326587093533302009e-02 3.678431978880395380e-03 2.888232524900767074e-04 3.946536838716763196e-04 1.176650953527228318e-03
0.000000000000000000e+00 2.948291899282263367e-04 3.566820820504548045e-03 8.769154674835071273e-01 8.320169175821810759e-02 3.560502698605290117e+00 7.128535796046562290e+00 3.819169781022678123e+00 1.907211031352856190e-01 4.115383463359809785e-02
0.000000000000000000e+00 2.948291899282263367e-04 3.566820820504548045e-03 8.769154674835071273e-01 8.320169175821810759e-02 3.560502698605290117e+00 7.128535796046562290e+00 4.000667919055655553e+00 9.227212906409791235e-03 4.115383463359809785e-02
0.000000000000000000e+00 2.948291899282263367e-04 3.566820820504548045e-03 1.224762231901585618e+00 4.276892872700342740e-02 3.197482066429861991e+00 7.128535796046562290e+00 4.908158609220569346e+00 9.246865358514197442e-03 4.154119185713806006e-02
0.000000000000000000e+00 2.948291899282263367e-04 3.528566292015173668e-03 2.948291899282263367e-04 2.054134415160812355e-01 3.180901557344608666e-01 9.228329372540122408e-03 6.375079494680861237e-04 8.302409961798260137e-04 2.789157947159816298e-03
0.000000000000000000e+00 2.948291899282263367e-04 3.566820820504548045e-03 5.614749683689143622e-02 1.420533827024894336e-01 7.686397617242537450e-01 4.380391262950841247e-01 4.338877654924060134e-02 1.875540923536637115e-03 6.845160648934038757e-03
0.000000000000000000e+00 2.948291899282263367e-04 2.709379117946833764e-03 2.948291899282263367e-04 3.490522795068585430e-03 6.535684738236934022e-02 3.402812280216571585e-03 2.488032508368130950e-04 3.421278502646143168e-04 1.015078334240027353e-03
0.000000000000000000e+00 2.948291899282263367e-04 3.566820820504548045e-03 1.801125179788058417e-01 3.023156161814135462e-02 4.984232343510607843e-01 3.625634619123639379e-01 1.211999925202578892e-03 3.666758299490805589e-02 5.534214199823996733e-03
0.000000000000000000e+00 2.948291899282263367e-04 3.566820820504548045e-03 8.968293368624620232e-01 3.521844200154960330e-02 3.633106581269209823e+00 6.984476953724107595e+00 3.362810603686289035e+00 9.214148595410736470e-03 4.091433271144631623e-02
0.000000000000000000e+00 2.948291899282263367e-04 3.566820820504548045e-03 8.968293368624620232e-01 5.921672385992302751e-02 3.560502698605290117e+00 6.984476953724107595e+00 3.362810603686289035e+00 9.214148595410736470e-03 4.091433271144631623e-02
0.000000000000000000e+00 2.948291899282263367e-04 3.566820820504548045e-03 8.968293368624620232e-01 5.921672385992302751e-02 3.560502698605290117e+00 6.984476953724107595e+00 3.362810603686289035e+00 9.214148595410736470e-03 4.091433271144631623e-02
0.000000000000000000e+00 2.948291899282263367e-04 3.566820820504548045e-03 8.968293368624620232e-01 3.521844200154960330e-02 3.633106581269209823e+00 6.984476953724107595e+00 3.362810603686289035e+00 1.907122866283884333e-01 4.099475978308492891e-02
0.000000000000000000e+00 2.948291899282263367e-04 3.566820820504548045e-03 8.769154674835071273e-01 1.071999736165915318e-01 3.487898733789192018e+00 7.128535796046562290e+00 3.819169781022678123e+00 1.907211031352856190e-01 4.115383463359809785e-02
0.000000000000000000e+00 2.948291899282263367e-04 3.566820820504548045e-03 8.769154674835071273e-01 5.920340989984469032e-02 3.633106581269209823e+00 7.128535796046562290e+00 4.000667919055655553e+00 9.227212906409791235e-03 4.115383463359809785e-02
0.000000000000000000e+00 2.948291899282263367e-04 3.566820820504548045e-03 8.769154674835071273e-01 5.920340989984469032e-02 3.633106581269209823e+00 7.128535796046562290e+00 4.000667919055655553e+00 9.227212906409791235e-03 4.115383463359809785e-02
0.000000000000000000e+00 2.948291899282263367e-04 3.566820820504548045e-03 1.483940297891106763e-01 4.086126194917151788e-01 3.127459274816242751e-01 4.380391262950841247e-01 1.482584006818539772e-03 1.871208072015628993e-03 4.871722663016858634e-02
0.000000000000000000e+00 2.948291899282263367e-04 3.566820820504548045e-03 1.152767386326465804e+00 1.125849874223256233e-02 3.487898733789192018e+00 1.968955334799187895e+01 2.715875137023112895e+00 1.424373598168336974e-01 3.342077681410974416e-02
0.000000000000000000e+00 2.948291899282263367e-04 3.566820820504548045e-03 9.632457581951780687e-03 1.063305551410428373e-01 2.569419176782572478e-01 7.451959508007170718e-02 5.250174884530040822e-04 6.877640888384153536e-04 2.290140324724998164e-03
0.000000000000000000e+00 2.948291899282263367e-04 3.566820820504548045e-03 2.948291899282263367e-04 1.291256186990033007e-02 1.025707884069185089e-01 6.811242822733569457e-02 3.554782541688216780e-04 4.782183133298798178e-04 1.497591008787294399e-03
0.000000000000000000e+00 2.948291899282263367e-04 3.566820820504548045e-03 2.823847328392764533e-02 8.770460075499689201e-02 2.711945423683989609e-01 5.781567044934293048e-02 5.250174884530040822e-04 6.877640888384153536e-04 2.290140324724998164e-03
0.000000000000000000e+00 2.948291899282263367e-04 3.566820820504548045e-03 1.200763950043212791e+00 1.367280517081201699e-02 3.342690560409432798e+00 7.128535796046562290e+00 6.360143713484425199e+00 9.226285308542423250e-03 4.191868184095688676e-02
0.000000000000000000e+00 2.948291899282263367e-04 3.566820820504548045e-03 1.224762231901585618e+00 1.368704152042660507e-02 3.270086353170602589e+00 7.128535796046562290e+00 6.360143713484425199e+00 9.226285308542423250e-03 4.191868184095688676e-02
0.000000000000000000e+00 2.948291899282263367e-04 3.566820820504548045e-03 1.200763950043212791e+00 1.367280517081201699e-02 3.342690560409432798e+00 2.150453472832169766e+01 2.851392988167387177e+00 5.311731215979912865e-03 2.585445225029630451e-02
0.000000000000000000e+00 2.948291899282263367e-04 3.566820820504548045e-03 1.176765668184839297e+00 4.274014972113938937e-02 3.342690560409432798e+00 2.005254962405784624e+01 3.257842765945772268e+00 6.940271973504107648e-03 3.358825007181417271e-02
0.000000000000000000e+00 2.948291899282263367e-04 3.566820820504548045e-03 1.224762231901585618e+00 1.881783647598875286e-01 2.834459462019090381e+00 6.984476953724107595e+00 9.990096150101241079e+00 8.515002830451954413e-03 3.968133851273039636e-02
0.000000000000000000e+00 2.948291899282263367e-04 3.121984819287207478e-03 2.948291899282263367e-04 2.911553900243270005e-03 3.744782382940554238e-02 3.180287329367041411e-03 2.433276217459231887e-04 3.368215327497330069e-04 9.757990836530972120e-04
0.000000000000000000e+00 2.948291899282263367e-04 3.528566292015173668e-03 2.948291899282263367e-04 1.328866530911664706e-02 1.905810765163490905e-01 5.496216652470804070e-02 4.223864839361130431e-04 5.631911273330013432e-04 1.782934242016771765e-03
0.000000000000000000e+00 2.948291899282263367e-04 2.709379117946833764e-03 2.948291899282263367e-04 2.775844154178533623e-03 1.884180812742967601e-02 3.047971520096940789e-03 2.395942883845946436e-04 3.331793805321401031e-04 9.642056419042631301e-04
0.000000000000000000e+00 2.948291899282263367e-04 3.193932705242744866e-03 2.948291899282263367e-04 2.259167316010457852e-02 1.694375682486927159e-01 5.535153773280689603e-03 3.554782541688216780e-04 4.782183133298798178e-04 1.497591008787294399e-03
0.000000000000000000e+00 2.948291899282263367e-04 3.566820820504548045e-03 8.570015981045523423e-01 5.918982282317526017e-02 2.449754149103496204e+00 3.203251921628721632e+00 1.489459570440210490e+00 7.125928907595144128e-03 2.985503151742381622e-02
0.000000000000000000e+00 2.948291899282263367e-04 3.528566292015173668e-03 9.632457581951780687e-03 5.981551588610330844e-02 2.227012856765214488e-01 2.072458765521906568e-02 4.295064437089658000e-04 5.697893930612574947e-04 1.816010136679574840e-03
0.000000000000000000e+00 2.948291899282263367e-04 3.566820820504548045e-03 1.224762231901585618e+00 1.368704152042660507e-02 3.197472387838909746e+00 2.350099252798637650e+01 1.977012408204058769e+00 5.300329114319803081e-03 2.603162940365656361e-02
