0.000000000000000000e+00 2.948291899282263367e-04 3.566820820504548045e-03 2.893011319846949370e+00 4.242393858600572165e-01 2.865988857300958564e-02 2.523495333471244351e+01 6.509638368462659308e+00 1.585224398104969137e-02 3.155745279944628841e-03
0.000000000000000000e+00 2.150356535994840277e-04 3.415074495009799357e-03 2.948291899282263367e-04 1.773663795380837124e-03 3.015747651083287156e-03 9.538800276441742818e-03 2.377020460513788378e-04 9.538710565126549230e-04 3.313257082961330521e-04
0.000000000000000000e+00 2.110139522177564885e-04 3.452691739427951080e-03 3.025061749050248915e-04 1.117300008338735669e-02 3.997468780175705838e-03 2.377020460513788378e-04 2.377020460513788378e-04 9.581100699938390397e-04 3.313257082961330521e-04
0.000000000000000000e+00 2.150356535994840277e-04 3.415074495009799357e-03 2.948291899282263367e-04 1.773663795380837124e-03 3.050934151121155891e-03 1.884180812742967601e-02 2.395942883845946436e-04 9.642056419042631301e-04 3.331793805321401031e-04
0.000000000000000000e+00 2.110139522177564885e-04 2.611430897835240704e-03 2.948291899282263367e-04 2.980661965687054701e-02 3.441520031140494693e-03 2.414694001053035045e-04 2.414694001053035045e-04 9.744863553003100002e-04 3.350111823022334438e-04
0.000000000000000000e+00 2.110139522177564885e-04 3.566820820504548045e-03 2.948291899282263367e-04 2.050361180588261209e-02 4.009061439709705674e-03 2.395942883845946436e-04 2.395942883845946436e-04 9.642056419042631301e-04 3.331793805321401031e-04
0.000000000000000000e+00 2.110139522177564885e-04 2.611430897835240704e-03 2.948291899282263367e-04 3.894779606738166255e-02 3.531798702352940186e-03 2.433276217459231887e-04 2.433276217459231887e-04 9.891353867860623074e-04 3.368215327497330069e-04
0.000000000000000000e+00 2.110139522177564885e-04 3.452691739427951080e-03 2.948291899282263367e-04 2.977901578536322133e-02 4.020440140089575481e-03 2.414694001053035045e-04 2.414694001053035045e-04 9.744863553003100002e-04 3.350111823022334438e-04
0.000000000000000000e+00 2.110139522177564885e-04 3.452691739427951080e-03 2.948291899282263367e-04 1.904060667696319195e-03 3.050934151121155891e-03 9.538800276441742818e-03 2.377020460513788378e-04 9.538710565126549230e-04 2.377020460513788378e-04
0.000000000000000000e+00 2.110139522177564885e-04 3.415074495009799357e-03 2.948291899282263367e-04 1.103877251441786125e-02 3.420161631218111321e-03 2.377020460513788378e-04 2.377020460513788378e-04 9.538710565126549230e-04 3.313257082961330521e-04
0.000000000000000000e+00 2.110139522177564885e-04 3.415074495009799357e-03 3.025061749050248915e-04 2.044865785076275741e-02 3.470632849191029098e-03 2.395942883845946436e-04 2.395942883845946436e-04 9.642056419042631301e-04 3.331793805321401031e-04
0.000000000000000000e+00 2.948291899282263367e-04 3.566820820504548045e-03 2.948291899282263367e-04 1.673482304682453320e-03 3.050934151121155891e-03 1.884180812742967601e-02 2.395942883845946436e-04 9.642056419042631301e-04 3.331793805321401031e-04
0.000000000000000000e+00 2.948291899282263367e-04 3.566820820504548045e-03 2.934917512389371819e+00 5.658614594647206619e-01 2.868893686926653891e-02 2.614248288651834429e+01 3.741724777089952436e+00 7.812567618658299018e-02 3.161653277857158235e-03
0.000000000000000000e+00 2.948291899282263367e-04 3.566820820504548045e-03 2.893011319846949370e+00 5.658428601788428880e-01 2.867464208685149493e-02 2.596096539953554583e+01 5.290235305375085240e+00 1.581558445815535452e-02 3.161653277857158235e-03
0.000000000000000000e+00 2.110139522177564885e-04 3.452691739427951080e-03 2.948291899282263367e-04 4.846860734954454297e-02 3.422509505586055455e-03 2.451691870160407796e-04 2.451691870160407796e-04 9.948877526867220492e-04 2.451691870160407796e-04
0.000000000000000000e+00 2.110139522177564885e-04 3.415074495009799357e-03 1.894404389369468492e-02 2.046396730103539757e-02 1.279474098202548933e-02 2.451691870160407796e-04 2.451691870160407796e-04 9.948877526867220492e-04 2.451691870160407796e-04
0.000000000000000000e+00 2.110139522177564885e-04 3.415074495009799357e-03 2.948291899282263367e-04 5.779998471648369052e-02 3.512096089695546271e-03 2.517334221026391611e-04 2.469943230828653660e-04 1.005009207917025461e-03 3.403794831357770737e-04
0.000000000000000000e+00 2.110139522177564885e-04 3.415074495009799357e-03 2.948291899282263367e-04 4.864268568935176812e-02 1.272551735657398604e-02 2.469943230828653660e-04 2.469943230828653660e-04 1.005009207917025461e-03 2.469943230828653660e-04
0.000000000000000000e+00 2.110139522177564885e-04 3.415074495009799357e-03 2.948291899282263367e-04 6.710299256747161156e-02 3.442294792994937333e-03 2.535821415569615455e-04 2.488032508368130950e-04 1.015078334240027353e-03 3.421278502646143168e-04
0.000000000000000000e+00 2.110139522177564885e-04 3.415074495009799357e-03 2.948291899282263367e-04 5.747628087317117884e-02 3.512096089695546271e-03 2.469943230828653660e-04 9.550002174070796115e-03 1.010450448260508333e-03 3.421278502646143168e-04
0.000000000000000000e+00 2.948291899282263367e-04 3.566820820504548045e-03 1.571451793260329577e+00 6.902806763486617481e-01 2.240897899956184325e-01 2.830884317449225307e+00 5.624021572228599553e+00 2.040893971422336750e-01 8.426250031499831969e-03
0.000000000000000000e+00 2.948291899282263367e-04 3.566820820504548045e-03 1.571451793260329577e+00 6.902806763486617481e-01 2.240897899956184325e-01 3.471711684058631953e+00 5.479974747349762865e+00 2.040893971422336750e-01 8.426250031499831969e-03
0.000000000000000000e+00 2.150356535994840277e-04 3.566820820504548045e-03 2.948291899282263367e-04 1.673482304682453320e-03 3.050934151121155891e-03 1.884180812742967601e-02 2.395942883845946436e-04 9.685056823984724032e-04 3.331793805321401031e-04
0.000000000000000000e+00 2.948291899282263367e-04 3.566820820504548045e-03 2.948291899282263367e-04 1.673482304682453320e-03 3.050934151121155891e-03 1.884180812742967601e-02 2.395942883845946436e-04 9.642056419042631301e-04 3.331793805321401031e-04
0.000000000000000000e+00 2.110139522177564885e-04 2.611430897835240704e-03 9.632457581951780687e-03 2.981447521906456163e-02 3.988648219631359126e-03 2.433276217459231887e-04 2.433276217459231887e-04 9.847135955822602840e-04 9.639829383737665708e-03
0.000000000000000000e+00 2.110139522177564885e-04 3.528566292015173668e-03 2.948291899282263367e-04 8.771272811702000849e-02 4.641974364475995492e-03 2.868212366135504594e-04 2.868212366135504594e-04 1.181711701757699262e-03 3.927333879877538316e-04
0.000000000000000000e+00 2.110139522177564885e-04 3.452691739427951080e-03 2.948291899282263367e-04 7.646350983186642192e-02 3.373109153077948324e-03 2.554145723384617034e-04 2.505961851431170485e-04 1.020407045722291489e-03 3.438563017090229138e-04
0.000000000000000000e+00 2.110139522177564885e-04 3.415074495009799357e-03 2.948291899282263367e-04 1.103877251441786125e-02 3.420161631218111321e-03 2.377020460513788378e-04 2.377020460513788378e-04 9.538710565126549230e-04 3.313257082961330521e-04
0.000000000000000000e+00 2.110139522177564885e-04 3.415074495009799357e-03 2.948291899282263367e-04 9.468831227712279364e-02 4.035385800421385262e-03 2.888232524900767074e-04 2.888232524900767074e-04 1.182144424277446282e-03 3.946536838716763196e-04
0.000000000000000000e+00 2.110139522177564885e-04 3.452691739427951080e-03 2.948291899282263367e-04 7.643462651278726261e-02 1.279472406759317969e-02 2.868212366135504594e-04 2.868212366135504594e-04 1.181711701757699262e-03 3.927333879877538316e-04
0.000000000000000000e+00 2.110139522177564885e-04 3.415074495009799357e-03 2.948291899282263367e-04 6.701865106082227630e-02 3.522010405930306193e-03 9.551811101824745145e-03 2.505961851431170485e-04 1.029759522174994533e-03 3.438563017090229138e-04
0.000000000000000000e+00 2.948291899282263367e-04 3.566820820504548045e-03 2.214159157141553980e+00 1.282144609636308497e+00 8.337259642523578984e-01 4.334423131253363870e+00 1.343840378025178062e+01 2.059643230038286921e-01 8.518969500640872008e-03
0.000000000000000000e+00 2.110139522177564885e-04 3.490522795068585430e-03 2.948291899282263367e-04 7.840972026603217071e-02 4.074277540307133516e-03 2.505961851431170485e-04 2.505961851431170485e-04 1.029759522174994533e-03 3.438563017090229138e-04
0.000000000000000000e+00 2.110139522177564885e-04 3.415074495009799357e-03 2.948291899282263367e-04 1.904060667696319195e-03 3.050934151121155891e-03 9.538800276441742818e-03 2.377020460513788378e-04 9.538710565126549230e-04 2.377020460513788378e-04
0.000000000000000000e+00 2.110139522177564885e-04 3.415074495009799357e-03 2.948291899282263367e-04 1.799281689123697139e-03 3.050934151121155891e-03 9.538800276441742818e-03 2.377020460513788378e-04 9.538710565126549230e-04 3.313257082961330521e-04
0.000000000000000000e+00 2.948291899282263367e-04 3.566820820504548045e-03 2.934917512389371819e+00 8.046695014368880905e-01 4.706414586509677922e-01 5.076574155309619307e+00 1.325690564221880408e+01 3.989869112714480165e-02 8.517985964694682263e-03
0.000000000000000000e+00 2.150356535994840277e-04 3.415074495009799357e-03 2.948291899282263367e-04 4.841263535884641339e-02 3.422509505586055455e-03 2.498681957179608678e-04 2.451691870160407796e-04 9.993702636559534825e-04 3.386108362579438457e-04
0.000000000000000000e+00 2.110139522177564885e-04 3.566820820504548045e-03 3.025061749050248915e-04 5.771564320983434832e-02 4.053337044326792843e-03 2.469943230828653660e-04 2.469943230828653660e-04 1.009552332408318251e-03 3.403794831357770737e-04
0.000000000000000000e+00 2.110139522177564885e-04 3.415074495009799357e-03 2.948291899282263367e-04 5.747628087317117884e-02 3.512096089695546271e-03 2.469943230828653660e-04 9.550002174070796115e-03 1.010450448260508333e-03 3.421278502646143168e-04
0.000000000000000000e+00 2.948291899282263367e-04 3.566820820504548045e-03 2.214159157141553980e+00 1.401548630622392322e+00 3.254559929399485907e-01 4.829178990230428958e+00 1.706835441644994589e+01 3.335096751576442642e-02 6.947855661682529257e-03
0.000000000000000000e+00 2.150356535994840277e-04 3.415074495009799357e-03 2.948291899282263367e-04 3.905467355273862379e-02 1.283480655334087381e-02 9.566992340215815446e-03 2.469943230828653660e-04 1.005009207917025461e-03 3.403794831357770737e-04
0.000000000000000000e+00 2.948291899282263367e-04 3.415074495009799357e-03 2.110139522177564885e-04 1.134516393236523896e-01 4.626223864846702553e-03 2.927750565721865526e-04 2.927750565721865526e-04 1.198739023840385927e-03 3.984302158402465736e-04
0.000000000000000000e+00 2.110139522177564885e-04 3.415074495009799357e-03 9.641036042706755196e-03 2.975938109369993118e-02 3.491733131037557877e-03 9.546335472733855076e-03 2.451691870160407796e-04 9.948877526867220492e-04 2.451691870160407796e-04
0.000000000000000000e+00 2.110139522177564885e-04 3.415074495009799357e-03 2.948291899282263367e-04 4.864268568935176812e-02 1.272551735657398604e-02 2.469943230828653660e-04 2.469943230828653660e-04 1.005009207917025461e-03 2.469943230828653660e-04
0.000000000000000000e+00 2.948291899282263367e-04 3.566820820504548045e-03 2.214159157141553980e+00 1.162740588650225115e+00 9.789240062166401080e-01 1.997183431618295302e+01 4.748234142125259183e+00 2.596746271250833030e-02 1.091116440980857971e-01
0.000000000000000000e+00 2.948291899282263367e-04 3.566820820504548045e-03 2.934917512389371819e+00 5.658614594647206619e-01 1.480929578553501491e-01 2.596102295931430604e+01 2.184625787588384771e+00 8.217522779771940789e-01 4.075574027953477417e-03
0.000000000000000000e+00 2.948291899282263367e-04 3.566820820504548045e-03 2.214159157141553980e+00 1.222442599143266806e+00 3.980274933192747833e-01 8.072786090074554721e+00 1.670552725732155963e+01 2.587766275441232694e-02 5.310469764889012324e-03
0.000000000000000000e+00 2.110139522177564885e-04 3.490522795068585430e-03 1.119655439428189347e-01 2.484401703210342358e-02 4.647456723995821090e-03 2.966586583774235338e-04 2.966586583774235338e-04 1.232105461049703456e-03 4.021236884853710350e-04
0.000000000000000000e+00 2.110139522177564885e-04 3.452691739427951080e-03 2.948291899282263367e-04 1.043436500657509564e-01 4.000218576702971665e-03 2.964165495733596151e-04 2.908077860167684056e-04 1.198819795595397779e-03 3.965525059211700773e-04
0.000000000000000000e+00 2.110139522177564885e-04 3.528566292015173668e-03 2.948291899282263367e-04 9.701573596800794341e-02 4.653338783018354935e-03 2.888232524900767074e-04 2.888232524900767074e-04 1.193047644123033588e-03 3.946536838716763196e-04
0.000000000000000000e+00 2.948291899282263367e-04 3.566820820504548045e-03 2.214159157141553980e+00 1.401548630622392322e+00 4.706839236033345530e-01 7.640665243908746795e+00 1.452755992496860138e+01 1.689111734172203672e-01 6.944986518950493903e-03
0.000000000000000000e+00 2.948291899282263367e-04 3.566820820504548045e-03 2.893011319846949370e+00 8.046509021510100945e-01 4.706262488947891010e-01 5.076562046169734721e+00 1.416438420792224306e+01 4.010788379376054036e-02 8.519617637731947274e-03
0.000000000000000000e+00 2.110139522177564885e-04 3.452691739427951080e-03 1.119655439428189347e-01 2.336845673598024128e-02 4.696769395342777556e-03 2.966586583774235338e-04 2.966586583774235338e-04 1.232105461049703456e-03 4.125626540533510280e-04
0.000000000000000000e+00 2.948291899282263367e-04 3.566820820504548045e-03 1.658697454880060151e+00 1.640214894689651537e+00 5.432701029255859737e-01 4.705487306423779437e+00 1.198640655152645884e+01 3.945577654954017521e-02 8.510648139627785894e-03
0.000000000000000000e+00 2.110139522177564885e-04 3.452691739427951080e-03 2.948291899282263367e-04 8.570900826944737039e-02 3.933864628894776991e-03 2.868212366135504594e-04 2.868212366135504594e-04 1.176342543560398657e-03 3.927333879877538316e-04
0.000000000000000000e+00 2.948291899282263367e-04 3.566820820504548045e-03 1.224762231901585618e+00 8.159403053686695717e-01 8.046695014368880905e-01 2.035693836168495974e+00 5.624021572228599553e+00 3.630471088030798321e-02 8.420156034928726399e-03
0.000000000000000000e+00 2.110139522177564885e-04 3.566820820504548045e-03 2.948291899282263367e-04 2.064546272593884360e-02 3.550777511934432532e-03 2.395942883845946436e-04 2.395942883845946436e-04 9.642056419042631301e-04 3.331793805321401031e-04
0.000000000000000000e+00 2.948291899282263367e-04 3.566820820504548045e-03 2.851105127304527809e+00 9.837378303079532538e-01 2.528142415988140490e-01 2.487214493926976999e+01 2.288432477280549993e+00 7.416060418969849799e-01 4.075574027953477417e-03
0.000000000000000000e+00 2.948291899282263367e-04 3.566820820504548045e-03 2.214159157141553980e+00 1.162740588650225115e+00 2.872911456141679157e-02 2.596104182323428233e+01 2.392240472529823414e+00 2.018012602131942848e-02 4.086368689758715367e-03
0.000000000000000000e+00 2.110139522177564885e-04 3.415074495009799357e-03 3.025061749050248915e-04 2.050361180588261209e-02 4.009061439709705674e-03 2.441711991541659272e-04 2.395942883845946436e-04 9.685056823984724032e-04 3.331793805321401031e-04
0.000000000000000000e+00 2.948291899282263367e-04 3.566820820504548045e-03 8.769154674835071273e-01 6.837902960446092804e-01 2.713734351905848219e-01 1.963197603563786142e+00 2.105818545926611662e+00 2.476335928159225860e-02 6.041271343839825503e-03
0.000000000000000000e+00 2.948291899282263367e-04 3.566820820504548045e-03 2.851105127304527809e+00 4.742646701267314024e-01 5.062759725173441305e-01 2.559810118490402786e+01 3.430308624832060449e+00 1.580597626294957120e-02 3.163064943470207061e-03
0.000000000000000000e+00 2.948291899282263367e-04 3.566820820504548045e-03 8.968293368624620232e-01 6.486841445332233169e-01 7.243845900607309707e-01 2.565821541266356309e+00 2.355285660338815035e+00 2.960773595990590437e-02 7.104687404678781092e-03
0.000000000000000000e+00 2.948291899282263367e-04 3.566820820504548045e-03 2.179033518345393716e+00 1.222420352533069687e+00 8.336960755532540901e-01 4.581807215117589926e+00 1.434589447041669708e+01 4.020943525610445185e-02 8.519932798373677091e-03
0.000000000000000000e+00 2.948291899282263367e-04 3.566820820504548045e-03 2.179033518345393716e+00 1.282122363026111378e+00 8.337112853094327258e-01 4.458115223843595487e+00 1.597937771271352858e+01 3.316935579616556856e-02 6.951350104566809442e-03
0.000000000000000000e+00 2.948291899282263367e-04 3.566820820504548045e-03 2.179033518345393716e+00 1.222420352533069687e+00 2.527843528997101852e-01 8.216801891309247097e+00 1.688700439748961557e+01 1.296611419424567868e-01 5.310469764889012324e-03
0.000000000000000000e+00 2.948291899282263367e-04 3.566820820504548045e-03 2.851105127304527809e+00 1.103141851294036968e+00 5.432978889350275065e-01 4.581807215117589926e+00 1.652387212681247064e+01 1.687699368253817722e-01 6.948683885232616146e-03
0.000000000000000000e+00 2.948291899282263367e-04 3.566820820504548045e-03 2.214159157141553980e+00 1.103038578157183203e+00 9.789082604002006249e-01 2.033481373062209840e+01 4.748237128579939181e+00 2.598915413621554274e-02 5.303458940636700952e-03
0.000000000000000000e+00 2.110139522177564885e-04 3.566820820504548045e-03 2.948291899282263367e-04 4.846860734954454297e-02 3.462131980059526392e-03 2.451691870160407796e-04 2.451691870160407796e-04 9.948877526867220492e-04 3.386108362579438457e-04
0.000000000000000000e+00 2.110139522177564885e-04 3.566820820504548045e-03 2.948291899282263367e-04 8.576651768285424582e-02 4.116655535525651048e-03 2.868212366135504594e-04 2.868212366135504594e-04 1.176342543560398657e-03 3.927333879877538316e-04
0.000000000000000000e+00 2.948291899282263367e-04 3.566820820504548045e-03 2.214159157141553980e+00 1.401548630622392322e+00 4.706839236033345530e-01 4.705499104493894080e+00 1.670537026484545606e+01 3.331545639524672447e-02 6.948683885232616146e-03
0.000000000000000000e+00 2.948291899282263367e-04 3.566820820504548045e-03 1.658697454880060151e+00 1.520810873703567712e+00 7.610821102215612477e-01 4.458091934574227366e+00 1.162339802664864408e+01 4.272936499404612898e-02 9.253183776439978178e-03
0.000000000000000000e+00 2.948291899282263367e-04 3.566820820504548045e-03 2.214159157141553980e+00 1.282144609636308497e+00 7.611119989206649450e-01 4.458115223843595487e+00 1.325690564221880408e+01 2.059112617451403782e-01 8.518519810285920396e-03
0.000000000000000000e+00 2.948291899282263367e-04 3.566820820504548045e-03 1.658697454880060151e+00 1.520810873703567712e+00 6.158541795581752298e-01 4.952882575190263204e+00 9.989939157625128630e+00 4.226644080030815542e-02 9.239209978636666459e-03
0.000000000000000000e+00 2.110139522177564885e-04 3.566820820504548045e-03 2.948291899282263367e-04 7.646350983186642192e-02 1.287504214426994816e-02 2.868212366135504594e-04 2.868212366135504594e-04 1.181711701757699262e-03 3.927333879877538316e-04
0.000000000000000000e+00 2.948291899282263367e-04 3.566820820504548045e-03 2.214159157141553980e+00 1.401548630622392322e+00 4.706839236033345530e-01 7.640665243908746795e+00 1.434606178693562306e+01 3.338607413828265091e-02 6.946963213729455584e-03
0.000000000000000000e+00 2.948291899282263367e-04 3.566820820504548045e-03 2.179033518345393716e+00 7.744072396722931906e-01 3.271699410382186146e-01 3.261628375080057207e+00 8.563784197879277471e+00 2.224124707444239957e-01 9.218610483606044445e-03
0.000000000000000000e+00 2.948291899282263367e-04 3.566820820504548045e-03 1.224762231901585618e+00 1.324625041867976138e+00 1.196681704485700326e+00 4.334400045197923212e+00 6.047197921576497492e+00 4.091433271144631623e-02 9.214148595410736470e-03
0.000000000000000000e+00 2.948291899282263367e-04 3.566820820504548045e-03 1.224762231901585618e+00 7.740341128262473447e-01 2.240742003635573798e-01 2.830874493434172745e+00 5.624009444302444649e+00 2.040038557706583267e-01 8.420156034928726399e-03
0.000000000000000000e+00 2.948291899282263367e-04 3.566820820504548045e-03 1.224762231901585618e+00 8.159403053686695717e-01 5.658614594647206619e-01 2.389112621762243815e+00 5.624021572228599553e+00 3.630471088030798321e-02 8.420156034928726399e-03
0.000000000000000000e+00 2.110139522177564885e-04 3.415074495009799357e-03 2.948291899282263367e-04 1.043725333848301295e-01 4.138064804803350157e-03 2.908077860167684056e-04 2.908077860167684056e-04 1.193285680458133508e-03 3.965525059211700773e-04
0.000000000000000000e+00 2.948291899282263367e-04 3.566820820504548045e-03 1.658697454880060151e+00 1.401406852717484330e+00 4.705942158672999920e-01 5.447648267382414033e+00 1.271241122811985136e+01 3.973644434216621474e-02 8.515876402404027115e-03
0.000000000000000000e+00 2.110139522177564885e-04 3.415074495009799357e-03 2.948291899282263367e-04 9.515772494429132478e-02 4.506710182783789549e-03 2.888232524900767074e-04 2.888232524900767074e-04 1.187610101881930811e-03 3.946536838716763196e-04
0.000000000000000000e+00 2.948291899282263367e-04 3.566820820504548045e-03 2.214159157141553980e+00 1.162740588650225115e+00 9.789240062166401080e-01 1.997183431618295302e+01 4.612743745522155159e+00 2.594546825012387925e-02 5.306403372640967897e-03
0.000000000000000000e+00 2.110139522177564885e-04 3.566820820504548045e-03 9.632457581951780687e-03 5.748350889498535926e-02 3.482027865537157957e-03 9.556589992544894246e-03 2.505961851431170485e-04 1.029759522174994533e-03 3.438563017090229138e-04
0.000000000000000000e+00 2.110139522177564885e-04 3.415074495009799357e-03 2.948291899282263367e-04 6.713161866179932769e-02 3.442294792994937333e-03 2.488032508368130950e-04 2.488032508368130950e-04 1.015078334240027353e-03 3.421278502646143168e-04
0.000000000000000000e+00 2.948291899282263367e-04 3.566820820504548045e-03 1.629615567673483367e+00 1.074533361464151016e+00 5.062759725173441305e-01 3.366747251117002904e+00 9.082280982211758058e+00 2.226519726665843468e-01 9.231354346894629984e-03
0.000000000000000000e+00 2.948291899282263367e-04 3.566820820504548045e-03 8.769154674835071273e-01 1.574648740170820016e+00 5.659470809447679773e-01 1.947338945433291668e+00 3.751256622036654331e+00 1.742365032822024984e-01 7.159314708235142363e-03
0.000000000000000000e+00 2.948291899282263367e-04 3.566820820504548045e-03 1.658697454880060151e+00 1.282002831731400505e+00 4.465887155381441098e-01 5.571339426550209417e+00 9.989939157625128630e+00 4.226644080030815542e-02 9.239209978636666459e-03
0.000000000000000000e+00 2.948291899282263367e-04 3.566820820504548045e-03 1.224762231901585618e+00 1.324625041867976138e+00 5.062759725173441305e-01 3.366747251117002904e+00 5.543711563924701657e+00 3.672389108982616890e-02 8.449551837411388086e-03
0.000000000000000000e+00 2.948291899282263367e-04 3.566820820504548045e-03 1.224762231901585618e+00 1.274583745493850895e+00 1.196663196531767115e+00 4.705499104493894080e+00 3.362665473088071177e+00 3.672389108982616890e-02 8.449551837411388086e-03
0.000000000000000000e+00 2.110139522177564885e-04 3.566820820504548045e-03 9.632457581951780687e-03 5.748350889498535926e-02 3.482027865537157957e-03 2.488032508368130950e-04 9.551811101824745145e-03 1.029759522174994533e-03 3.438563017090229138e-04
0.000000000000000000e+00 2.948291899282263367e-04 3.566820820504548045e-03 1.176765668184839297e+00 1.374616818114621442e+00 4.465587450883466425e-01 2.035693836168495974e+00 5.335903887583683947e+00 3.613305701944066056e-02 8.407642268855809037e-03
0.000000000000000000e+00 2.948291899282263367e-04 3.566820820504548045e-03 8.570015981045523423e-01 1.109106858346038171e+00 4.242393858600572165e-01 2.477457621453261094e+00 2.850089585906321776e+00 2.985503151742381622e-02 7.125928907595144128e-03
0.000000000000000000e+00 2.948291899282263367e-04 3.566820820504548045e-03 1.658697454880060151e+00 1.024513532271315253e+00 4.465739620243023289e-01 3.576909928649197212e+00 1.017128346617346324e+01 4.169202458561531432e-02 9.253994129781716385e-03
0.000000000000000000e+00 2.948291899282263367e-04 3.566820820504548045e-03 1.658697454880060151e+00 1.640214894689651537e+00 5.432701029255859737e-01 4.829190891383614570e+00 1.053443357172406891e+01 4.246824189314987730e-02 9.245781317842318228e-03
0.000000000000000000e+00 2.948291899282263367e-04 3.566820820504548045e-03 2.143907879549233897e+00 1.401503592663952080e+00 4.706561375938930203e-01 7.928755329655264639e+00 1.525355247710052708e+01 1.690459555711600059e-01 6.940271973504107648e-03
0.000000000000000000e+00 2.948291899282263367e-04 3.566820820504548045e-03 1.658697454880060151e+00 1.024513532271315253e+00 5.062759725173441305e-01 5.571339426550209417e+00 9.263946605493199371e+00 4.198938039493007451e-02 9.229069306737600065e-03
0.000000000000000000e+00 2.948291899282263367e-04 3.566820820504548045e-03 1.658697454880060151e+00 1.580512884196609846e+00 9.789392159728187437e-01 3.839620183041539292e+00 1.017140054865077126e+01 4.212905546633315124e-02 9.234337918989888108e-03
0.000000000000000000e+00 2.110139522177564885e-04 3.566820820504548045e-03 1.026625360918309998e-01 6.805228966217787001e-02 5.523685266858015253e-03 3.532955704160820423e-04 3.532955704160820423e-04 1.477967092775624592e-03 4.761641409028207188e-04
0.000000000000000000e+00 2.948291899282263367e-04 3.566820820504548045e-03 1.658697454880060151e+00 1.024513532271315253e+00 5.062759725173441305e-01 5.571339426550209417e+00 9.082448467460222830e+00 4.191868184095688676e-02 9.226285308542423250e-03
0.000000000000000000e+00 2.948291899282263367e-04 3.566820820504548045e-03 1.658697454880060151e+00 1.461108863210526243e+00 9.789082604002006249e-01 4.334411638883760354e+00 1.144191213742750968e+01 4.272936499404612898e-02 9.253183776439978178e-03
0.000000000000000000e+00 2.948291899282263367e-04 3.566820820504548045e-03 2.893011319846949370e+00 6.255448706718846896e-01 2.868893686926653891e-02 2.614248288651834429e+01 3.430304708013466541e+00 2.029277506663150141e-02 4.073894113416432275e-03
0.000000000000000000e+00 2.948291899282263367e-04 3.566820820504548045e-03 1.658697454880060151e+00 1.640214894689651537e+00 5.432701029255859737e-01 4.705487306423779437e+00 1.180490841349347164e+01 3.714232386770111027e-01 8.511866517073007551e-03
0.000000000000000000e+00 2.110139522177564885e-04 3.452691739427951080e-03 2.948291899282263367e-04 1.137637406462671669e-01 4.010484903992537868e-03 2.927750565721865526e-04 2.984274022850179949e-04 1.209972005747213383e-03 3.984302158402465736e-04
0.000000000000000000e+00 2.948291899282263367e-04 3.566820820504548045e-03 6.358044314455429946e-01 5.369508701042496890e-01 2.273658764595816451e-01 1.434953156514693351e+00 7.288929924475144873e-01 2.816380059335062969e-01 4.220216497827566221e-03
0.000000000000000000e+00 2.948291899282263367e-04 3.566820820504548045e-03 8.968293368624620232e-01 6.135585057370634976e-01 2.294516272489049435e-01 2.108408632153814466e+00 3.435199114746509061e-03 1.932740861204107763e-01 4.213980507611861381e-03
0.000000000000000000e+00 2.948291899282263367e-04 3.566820820504548045e-03 1.658697454880060151e+00 1.024513532271315253e+00 5.062759725173441305e-01 5.447635841590373396e+00 1.071591958529558042e+01 4.246824189314987730e-02 9.245781317842318228e-03
0.000000000000000000e+00 2.948291899282263367e-04 3.566820820504548045e-03 1.224762231901585618e+00 1.274583745493850895e+00 4.465587450883466425e-01 5.571314253822337470e+00 5.879413235314578934e+00 4.083331111082222353e-02 9.209578978865259197e-03
0.000000000000000000e+00 2.948291899282263367e-04 3.566820820504548045e-03 8.968293368624620232e-01 6.486841445332233169e-01 7.243845900607309707e-01 2.565821541266356309e+00 2.107878490419145212e+00 2.528045539398942471e-02 6.088207243534765264e-03
0.000000000000000000e+00 2.948291899282263367e-04 3.415074495009799357e-03 2.110139522177564885e-04 6.716050198087850087e-02 4.020798513201816020e-03 2.535821415569615455e-04 2.488032508368130950e-04 1.010450448260508333e-03 3.421278502646143168e-04
0.000000000000000000e+00 2.948291899282263367e-04 3.566820820504548045e-03 2.214159157141553980e+00 1.282144609636308497e+00 4.706561375938930203e-01 4.705475405270597378e+00 1.525336078730828504e+01 2.063705436453784903e-01 6.953210931279259904e-03
0.000000000000000000e+00 2.110139522177564885e-04 3.452691739427951080e-03 2.948291899282263367e-04 1.136466579167388774e-01 4.010484903992537868e-03 2.984274022850179949e-04 2.984274022850179949e-04 1.209972005747213383e-03 3.984302158402465736e-04
0.000000000000000000e+00 2.948291899282263367e-04 3.566820820504548045e-03 2.214159157141553980e+00 1.341846620129350409e+00 5.432842562169380995e-01 4.458091934574227366e+00 1.597935333944021252e+01 3.309386394034211087e-02 6.952292065458052714e-03
0.000000000000000000e+00 2.948291899282263367e-04 3.566820820504548045e-03 2.214159157141553980e+00 1.401548630622392322e+00 4.706839236033345530e-01 4.705499104493894080e+00 1.579787957468054138e+01 3.313181380476477866e-02 6.951853869793588742e-03
0.000000000000000000e+00 2.948291899282263367e-04 3.566820820504548045e-03 1.658697454880060151e+00 8.243483467748154991e-01 7.450203180805069492e-01 3.471833913137919669e+00 9.263792776008548557e+00 4.131054417462418776e-02 9.235389870891275860e-03
0.000000000000000000e+00 2.948291899282263367e-04 3.566820820504548045e-03 2.809198934762105804e+00 1.043420227946080248e+00 5.432701029255859737e-01 4.829190891383614570e+00 1.507188702254861568e+01 3.297756135229712449e-02 6.953210931279259904e-03
0.000000000000000000e+00 2.948291899282263367e-04 3.566820820504548045e-03 2.214159157141553980e+00 1.103038578157183203e+00 9.789082604002006249e-01 2.051631186865508738e+01 4.748240045653341568e+00 2.601054290577373140e-02 5.301917127010591889e-03
0.000000000000000000e+00 2.948291899282263367e-04 3.566820820504548045e-03 1.658697454880060151e+00 1.520810873703567712e+00 1.633072025417779960e+00 3.592257583445912950e+00 1.017142517119664014e+01 4.226644080030815542e-02 9.239209978636666459e-03
0.000000000000000000e+00 2.948291899282263367e-04 3.566820820504548045e-03 1.658697454880060151e+00 1.282002831731400505e+00 4.465887155381441098e-01 5.571339426550209417e+00 9.989939157625128630e+00 4.226644080030815542e-02 1.898246814443250163e-01
0.000000000000000000e+00 2.948291899282263367e-04 3.566820820504548045e-03 8.370877287255974464e-01 1.192895034139863197e+00 9.240735224229716938e-01 3.471833913137919669e+00 3.175158330877958957e+00 3.587128115569905573e-02 8.388049460945038935e-03
0.000000000000000000e+00 2.150356535994840277e-04 3.415074495009799357e-03 2.948291899282263367e-04 3.905467355273862379e-02 1.279474098202548933e-02 9.566992340215815446e-03 2.469943230828653660e-04 1.005009207917025461e-03 3.403794831357770737e-04
0.000000000000000000e+00 2.948291899282263367e-04 3.566820820504548045e-03 8.370877287255974464e-01 1.624632795771193461e+00 8.831483882257001872e-02 2.742530139829674418e+00 2.973803585137986705e+00 4.621938834410649899e-01 7.159314708235142363e-03
0.000000000000000000e+00 2.948291899282263367e-04 3.566820820504548045e-03 2.893011319846949370e+00 5.658428601788428880e-01 4.465887155381441098e-01 2.577959932293700618e+01 3.222696450798143708e+00 1.579619032531762515e-02 3.164450315664892738e-03
0.000000000000000000e+00 2.110139522177564885e-04 3.415074495009799357e-03 2.948291899282263367e-04 6.701865106082227630e-02 3.442294792994937333e-03 9.556589992544894246e-03 2.505961851431170485e-04 1.029759522174994533e-03 3.438563017090229138e-04
0.000000000000000000e+00 2.948291899282263367e-04 3.566820820504548045e-03 2.179033518345393716e+00 1.103016331546986084e+00 5.432081811989929454e-01 2.487214493926976999e+01 2.911272615433527555e+00 2.023829497197332170e-02 4.080407901977321262e-03
0.000000000000000000e+00 2.110139522177564885e-04 3.452691739427951080e-03 3.025061749050248915e-04 4.838503148733908771e-02 4.042573643504542881e-03 2.498681957179608678e-04 2.451691870160407796e-04 9.993702636559534825e-04 3.386108362579438457e-04
0.000000000000000000e+00 2.110139522177564885e-04 3.528566292015173668e-03 1.119655439428189347e-01 6.735685964593451924e-02 5.419855827926281684e-03 3.554782541688216780e-04 3.623806825207418923e-04 1.497591008787294399e-03 4.782183133298798178e-04
0.000000000000000000e+00 2.948291899282263367e-04 3.566820820504548045e-03 6.358044314455429946e-01 5.369508701042496890e-01 2.273658764595816451e-01 1.434953156514693351e+00 5.836650617841285804e-01 1.642467794467271022e-02 4.188296692170177284e-03
0.000000000000000000e+00 2.948291899282263367e-04 3.566820820504548045e-03 2.214159157141553980e+00 9.239325466780577978e-01 4.465887155381441098e-01 2.505360677080508225e+01 2.807464569860488979e+00 2.020967272451315577e-02 4.083457854442378368e-03
0.000000000000000000e+00 2.948291899282263367e-04 3.566820820504548045e-03 8.968293368624620232e-01 6.486841445332233169e-01 6.743432936866058380e-01 2.565811961112513639e+00 3.097496755825988490e+00 3.001735647369310409e-02 7.139583165128193798e-03
0.000000000000000000e+00 2.110139522177564885e-04 3.452691739427951080e-03 2.948291899282263367e-04 2.977901578536322133e-02 4.020440140089575481e-03 2.414694001053035045e-04 2.414694001053035045e-04 9.744863553003100002e-04 3.350111823022334438e-04
0.000000000000000000e+00 2.948291899282263367e-04 3.566820820504548045e-03 2.934917512389371819e+00 5.658614594647206619e-01 2.868893686926653891e-02 2.614248288651834429e+01 3.637918087397792100e+00 7.811589024894810551e-02 3.163064943470207061e-03
0.000000000000000000e+00 2.948291899282263367e-04 3.566820820504548045e-03 1.658697454880060151e+00 8.743896431489394105e-01 7.450369542460300032e-01 3.366757806874209891e+00 9.808287190107497722e+00 2.230393298901157395e-01 9.250481612573807286e-03
0.000000000000000000e+00 2.948291899282263367e-04 3.566820820504548045e-03 1.629615567673483367e+00 1.024492065090025772e+00 4.465587450883466425e-01 5.818721423742004184e+00 9.082448467460222830e+00 4.191868184095688676e-02 9.226285308542423250e-03
0.000000000000000000e+00 2.948291899282263367e-04 3.566820820504548045e-03 1.658697454880060151e+00 1.520810873703567712e+00 1.986527704670161931e+00 3.221189831140268467e+00 9.082448467460222830e+00 4.191868184095688676e-02 9.226285308542423250e-03
0.000000000000000000e+00 2.948291899282263367e-04 3.566820820504548045e-03 8.968293368624620232e-01 6.486841445332233169e-01 2.713734351905848219e-01 1.963197603563786142e+00 2.000731883905694009e+00 2.720948748293585129e-01 6.048250280346746492e-03
0.000000000000000000e+00 2.948291899282263367e-04 3.566820820504548045e-03 1.658697454880060151e+00 1.401406852717484330e+00 5.432081811989929454e-01 5.323957002029955810e+00 1.271241122811985136e+01 3.973644434216621474e-02 8.515876402404027115e-03
0.000000000000000000e+00 2.110139522177564885e-04 3.566820820504548045e-03 1.119655439428189347e-01 1.413564027934417489e-01 2.070110955129603192e-02 4.247797594009869926e-04 4.330721823405635500e-04 1.814228257336485215e-03 5.654137768741487402e-04
0.000000000000000000e+00 2.948291899282263367e-04 3.566820820504548045e-03 8.968293368624620232e-01 1.067247640834253497e+00 8.643715119299297811e-01 3.576909928649197212e+00 2.742981803910586880e+00 3.056964036550745972e-02 7.184244617588609813e-03
0.000000000000000000e+00 2.948291899282263367e-04 3.566820820504548045e-03 1.200763950043212791e+00 1.274559248961513624e+00 4.465430599586844296e-01 5.942412260449143169e+00 5.711651080754966081e+00 4.091433271144631623e-02 9.214148595410736470e-03
0.000000000000000000e+00 2.948291899282263367e-04 3.566820820504548045e-03 1.629615567673483367e+00 1.074533361464151016e+00 5.062759725173441305e-01 3.366747251117002904e+00 9.082280982211758058e+00 4.115383463359809785e-02 9.227212906409791235e-03
0.000000000000000000e+00 2.948291899282263367e-04 3.566820820504548045e-03 2.214159157141553980e+00 1.341846620129350409e+00 4.706702908852451461e-01 4.705487306423779437e+00 1.634236186431801841e+01 1.686968870883048532e-01 6.950146775950251030e-03
0.000000000000000000e+00 2.948291899282263367e-04 3.566820820504548045e-03 2.214159157141553980e+00 1.103038578157183203e+00 9.789082604002006249e-01 1.997181745455613822e+01 5.154702275879027518e+00 2.601054290577373140e-02 5.301917127010591889e-03
0.000000000000000000e+00 2.110139522177564885e-04 3.415074495009799357e-03 1.120005760117602084e-01 5.753959883077064408e-02 5.523685266858015253e-03 3.532955704160820423e-04 3.532955704160820423e-04 1.477967092775624592e-03 5.010503599841090996e-04
0.000000000000000000e+00 2.110139522177564885e-04 3.452691739427951080e-03 2.948291899282263367e-04 7.658162743603837141e-02 3.572034293282125988e-03 2.505961851431170485e-04 2.505961851431170485e-04 1.029759522174994533e-03 3.438563017090229138e-04
0.000000000000000000e+00 2.948291899282263367e-04 3.566820820504548045e-03 1.658697454880060151e+00 1.461108863210526243e+00 9.062942950685075605e-01 4.458103630157754793e+00 1.162341027546049688e+01 4.279323303398513412e-02 9.254794135851890716e-03
0.000000000000000000e+00 2.948291899282263367e-04 3.566820820504548045e-03 1.658697454880060151e+00 8.243483467748154991e-01 7.450203180805069492e-01 3.471833913137919669e+00 9.989785328140476039e+00 4.161690078064682330e-02 9.250481612573807286e-03
0.000000000000000000e+00 2.948291899282263367e-04 3.566820820504548045e-03 1.658697454880060151e+00 9.744722358971898979e-01 9.788213005366880326e-01 3.051528949013972536e+00 1.035278160420643978e+01 4.155654038125050631e-02 9.210852320335452884e-03
0.000000000000000000e+00 2.110139522177564885e-04 3.452691739427951080e-03 2.948291899282263367e-04 3.908202363635115278e-02 4.031609416350501185e-03 2.433276217459231887e-04 2.433276217459231887e-04 9.847135955822602840e-04 3.368215327497330069e-04
0.000000000000000000e+00 2.110139522177564885e-04 3.415074495009799357e-03 2.948291899282263367e-04 9.501201612043529143e-02 4.035385800421385262e-03 2.888232524900767074e-04 2.888232524900767074e-04 1.182144424277446282e-03 3.946536838716763196e-04
0.000000000000000000e+00 2.948291899282263367e-04 3.566820820504548045e-03 1.224762231901585618e+00 1.324625041867976138e+00 4.465739620243023289e-01 3.471823266628279558e+00 6.718204367758149331e+00 4.033463518377265744e-02 9.179872774214559161e-03
0.000000000000000000e+00 2.110139522177564885e-04 3.566820820504548045e-03 2.948291899282263367e-04 1.154942208950798938e-01 4.577254649210752216e-03 2.984274022850179949e-04 2.927750565721865526e-04 1.209972005747213383e-03 3.984302158402465736e-04
0.000000000000000000e+00 2.948291899282263367e-04 3.566820820504548045e-03 1.658697454880060151e+00 1.401406852717484330e+00 3.979802505356069831e-01 5.571339426550209417e+00 9.989939157625128630e+00 4.226644080030815542e-02 9.239209978636666459e-03
0.000000000000000000e+00 2.948291899282263367e-04 3.566820820504548045e-03 2.214159157141553980e+00 1.282144609636308497e+00 4.706561375938930203e-01 4.705475405270597378e+00 1.525336078730828504e+01 4.035797302738291376e-02 8.519786423295084427e-03
0.000000000000000000e+00 2.948291899282263367e-04 3.566820820504548045e-03 1.176765668184839297e+00 1.424658114488746685e+00 5.062759725173441305e-01 3.261660589096085694e+00 4.183548444933346211e+00 5.396587696660770650e-01 8.438114777248506906e-03
0.000000000000000000e+00 2.948291899282263367e-04 1.328866530911664706e-02 8.171778750336280428e-01 1.192895034139863197e+00 9.240735224229716938e-01 3.471833913137919669e+00 3.319217173200416759e+00 3.595911402116371697e-02 8.394690713401105342e-03
0.000000000000000000e+00 2.948291899282263367e-04 3.566820820504548045e-03 1.658697454880060151e+00 1.401406852717484330e+00 4.705942158672999920e-01 5.447648267382414033e+00 1.253091309008687482e+01 3.968133851273039636e-02 8.515002830451954413e-03
0.000000000000000000e+00 2.110139522177564885e-04 3.566820820504548045e-03 3.092859474764499961e-01 1.913893545919022054e-01 9.202678448556728813e-03 2.054539902854203917e-02 6.345310980986808985e-04 2.784373046493779889e-03 8.707610921626381508e-04
0.000000000000000000e+00 2.110139522177564885e-04 3.415074495009799357e-03 2.948291899282263367e-04 1.042306824647738772e-01 4.664496637787876945e-03 2.908077860167684056e-04 2.964165495733596151e-04 1.204325591441321062e-03 3.965525059211700773e-04
0.000000000000000000e+00 2.948291899282263367e-04 3.566820820504548045e-03 1.176765668184839297e+00 8.158988356197367509e-01 7.393429913373068818e-02 1.963197603563786142e+00 2.315991869968445638e+00 2.723204950002413027e-01 6.068636512964864678e-03
0.000000000000000000e+00 2.110139522177564885e-04 2.611430897835240704e-03 9.632457581951780687e-03 3.911748307005248615e-02 4.042573643504542881e-03 2.451691870160407796e-04 2.451691870160407796e-04 9.993702636559534825e-04 9.641618687245877631e-03
0.000000000000000000e+00 2.110139522177564885e-04 3.490522795068585430e-03 1.119655439428189347e-01 2.488774839986013926e-02 1.526959879190783326e-02 2.985754010969273527e-04 2.985754010969273527e-04 1.243087430515347471e-03 4.250563423854934828e-04
0.000000000000000000e+00 2.948291899282263367e-04 3.566820820504548045e-03 1.658697454880060151e+00 1.520810873703567712e+00 1.051537971548333061e+00 3.839620183041539292e+00 1.035289868668375846e+01 4.219803388028704749e-02 9.236823322479187359e-03
0.000000000000000000e+00 2.948291899282263367e-04 3.566820820504548045e-03 2.214159157141553980e+00 1.103038578157183203e+00 2.871616860957404774e-02 9.225154654054744441e+00 1.561654875316649260e+01 1.295652460148146168e-01 5.315231359195307301e-03
0.000000000000000000e+00 2.110139522177564885e-04 1.328866530911664706e-02 2.969345005067014487e-01 1.914678992672869395e-01 9.202678448556728813e-03 6.315296495871500519e-04 6.315296495871500519e-04 2.752260196313117101e-03 8.248422938799761283e-04
0.000000000000000000e+00 2.948291899282263367e-04 3.566820820504548045e-03 1.200763950043212791e+00 1.374641841709763890e+00 1.414523600480779519e+00 4.087027352961206894e+00 5.879424558643149723e+00 4.091433271144631623e-02 9.214148595410736470e-03
0.000000000000000000e+00 2.948291899282263367e-04 3.566820820504548045e-03 1.224762231901585618e+00 1.324625041867976138e+00 4.465739620243023289e-01 3.576909928649197212e+00 5.879293560424031284e+00 3.696861836892282455e-02 8.465914044282991935e-03
0.000000000000000000e+00 2.948291899282263367e-04 3.566820820504548045e-03 1.224762231901585618e+00 1.324625041867976138e+00 5.062759725173441305e-01 3.471833913137919669e+00 6.047078246685948955e+00 2.048337568663698427e-01 8.476298825357331257e-03
0.000000000000000000e+00 2.948291899282263367e-04 3.566820820504548045e-03 8.769154674835071273e-01 1.674731332919070281e+00 8.336118778272355589e-01 3.156605324274883273e+00 2.598922961588129521e+00 3.049224379268071841e-02 7.178158409315548057e-03
0.000000000000000000e+00 2.110139522177564885e-04 3.566820820504548045e-03 1.119655439428189347e-01 6.801423102860108816e-02 5.535153773280689603e-03 3.623806825207418923e-04 3.554782541688216780e-04 1.497591008787294399e-03 4.782183133298798178e-04
0.000000000000000000e+00 2.948291899282263367e-04 3.566820820504548045e-03 2.214159157141553980e+00 1.282144609636308497e+00 4.706561375938930203e-01 7.496578802687897003e+00 1.507202301715979509e+01 3.342077681410974416e-02 6.946006760321015577e-03
0.000000000000000000e+00 2.110139522177564885e-04 3.566820820504548045e-03 2.012581767719359427e-01 4.249284885605279782e-02 1.793291667277558885e-02 4.223864839361130431e-04 4.223864839361130431e-04 1.782934242016771765e-03 5.631911273330013432e-04
0.000000000000000000e+00 2.948291899282263367e-04 3.566820820504548045e-03 2.143907879549233897e+00 8.244294326929001437e-01 5.659779830103859322e-01 3.051497820811458705e+00 8.228240930518841978e+00 4.091433271144631623e-02 9.214148595410736470e-03
0.000000000000000000e+00 2.948291899282263367e-04 3.566820820504548045e-03 2.934917512389371819e+00 5.658614594647206619e-01 2.674969788414337524e-01 2.196810149076958751e+01 4.206269499657291355e+00 1.296611419424567868e-01 5.310469764889012324e-03
0.000000000000000000e+00 2.948291899282263367e-04 3.566820820504548045e-03 2.214159157141553980e+00 1.282144609636308497e+00 9.063399295840509629e-01 4.210730937921042027e+00 1.307540750418581688e+01 2.058576904955695674e-01 8.517985964694682263e-03
0.000000000000000000e+00 2.948291899282263367e-04 3.566820820504548045e-03 1.224762231901585618e+00 1.324625041867976138e+00 5.062759725173441305e-01 3.471833913137919669e+00 5.375939501638269391e+00 2.045085773517438810e-01 8.455111209307461517e-03
0.000000000000000000e+00 2.948291899282263367e-04 3.566820820504548045e-03 2.179033518345393716e+00 7.744072396722931906e-01 2.674679305451768130e-01 3.156530790928465446e+00 8.899326968730166598e+00 2.224124707444239957e-01 9.218610483606044445e-03
0.000000000000000000e+00 2.948291899282263367e-04 3.566820820504548045e-03 2.214159157141553980e+00 1.282144609636308497e+00 4.706561375938930203e-01 7.928755329655264639e+00 1.561654875316649260e+01 1.295652460148146168e-01 5.315231359195307301e-03
0.000000000000000000e+00 2.948291899282263367e-04 3.566820820504548045e-03 1.224762231901585618e+00 1.324625041867976138e+00 5.062759725173441305e-01 3.471833913137919669e+00 6.047078246685948955e+00 3.704907060444421335e-02 8.471158456915902149e-03
0.000000000000000000e+00 2.948291899282263367e-04 3.566820820504548045e-03 1.629615567673483367e+00 1.401381241193094151e+00 3.869009998275174111e-01 5.571339426550209417e+00 1.053443357172406891e+01 4.246824189314987730e-02 9.245781317842318228e-03
0.000000000000000000e+00 2.948291899282263367e-04 3.566820820504548045e-03 1.658697454880060151e+00 7.743070504006901444e-01 8.047052093938238393e-01 5.447635841590373396e+00 8.537941928899806854e+00 4.163012507879351731e-02 9.214142009700540537e-03
0.000000000000000000e+00 2.110139522177564885e-04 3.490522795068585430e-03 2.948291899282263367e-04 1.063187438189958645e-01 4.664496637787876945e-03 2.908077860167684056e-04 2.964165495733596151e-04 1.204325591441321062e-03 3.965525059211700773e-04
0.000000000000000000e+00 2.948291899282263367e-04 3.566820820504548045e-03 2.767292742219683355e+00 1.043400099960590355e+00 6.884833546460468190e-01 2.033477956056124469e+01 5.425683069085242671e+00 1.298591037024611206e-01 5.297015084197204300e-03
0.000000000000000000e+00 2.110139522177564885e-04 3.566820820504548045e-03 2.948291899282263367e-04 1.056250860123893187e-01 4.664496637787876945e-03 2.908077860167684056e-04 2.964165495733596151e-04 1.204325591441321062e-03 3.965525059211700773e-04
0.000000000000000000e+00 2.110139522177564885e-04 3.415074495009799357e-03 1.120005760117602084e-01 5.682919002651110746e-02 5.523685266858015253e-03 3.532955704160820423e-04 3.532955704160820423e-04 1.477967092775624592e-03 5.010503599841090996e-04
0.000000000000000000e+00 2.948291899282263367e-04 3.566820820504548045e-03 2.214159157141553980e+00 1.282144609636308497e+00 8.337259642523578984e-01 6.920411537207019848e+00 1.180506708995935661e+01 4.015891264318949966e-02 8.519816690057156749e-03
0.000000000000000000e+00 2.948291899282263367e-04 3.566820820504548045e-03 2.934917512389371819e+00 5.061594489716788603e-01 2.077806735659769033e-01 2.596102295931430604e+01 3.637919443278665454e+00 1.580597626294957120e-02 3.163064943470207061e-03
0.000000000000000000e+00 2.948291899282263367e-04 3.566820820504548045e-03 2.214159157141553980e+00 1.282144609636308497e+00 4.706561375938930203e-01 4.705475405270597378e+00 1.525336078730828504e+01 2.063705436453784903e-01 6.953210931279259904e-03
0.000000000000000000e+00 2.110139522177564885e-04 3.566820820504548045e-03 3.092859474764499961e-01 2.246656835135337482e-01 9.228329372540122408e-03 1.002068548442425489e-01 7.857650720582636623e-04 3.487711104656445512e-03 1.016221439611456707e-03
0.000000000000000000e+00 2.948291899282263367e-04 3.566820820504548045e-03 1.224762231901585618e+00 1.324625041867976138e+00 5.062759725173441305e-01 3.366747251117002904e+00 2.887029807369646761e+00 3.056964036550745972e-02 7.184244617588609813e-03
0.000000000000000000e+00 2.948291899282263367e-04 3.566820820504548045e-03 4.423360971376018580e-01 4.909731255645663484e-01 1.881783647598875286e-01 5.462318255717754090e-01 2.520181563506548872e-01 1.027038178125511125e-02 2.735825977406862800e-03
0.000000000000000000e+00 2.948291899282263367e-04 3.566820820504548045e-03 2.214159157141553980e+00 1.401548630622392322e+00 4.706839236033345530e-01 4.458091934574227366e+00 1.616085147747319084e+01 1.686222104078754225e-01 6.951350104566809442e-03
0.000000000000000000e+00 2.948291899282263367e-04 3.566820820504548045e-03 1.224762231901585618e+00 1.074418559997351030e+00 8.644072198868656409e-01 3.366757806874209891e+00 6.886001677995561288e+00 4.050325763586049704e-02 9.190213910074152351e-03
0.000000000000000000e+00 2.948291899282263367e-04 3.566820820504548045e-03 1.176765668184839297e+00 8.578050281621588669e-01 2.390901486705641552e-02 1.890583638232093522e+00 2.421068854758823274e+00 2.491332508057146969e-02 6.055137120237564195e-03
0.000000000000000000e+00 2.948291899282263367e-04 3.566820820504548045e-03 6.358044314455429946e-01 5.660327573108263621e-01 4.808048807820441972e-01 7.185717710550239001e-01 8.014622457693740820e-01 1.334520767287350126e-02 3.425297347806059017e-03
0.000000000000000000e+00 2.948291899282263367e-04 3.566820820504548045e-03 8.968293368624620232e-01 6.486841445332233169e-01 7.243845900607309707e-01 2.565821541266356309e+00 2.726396415218319547e+00 2.985503151742381622e-02 7.125928907595144128e-03
0.000000000000000000e+00 2.948291899282263367e-04 3.566820820504548045e-03 1.224762231901585618e+00 1.324625041867976138e+00 1.051453773822314419e+00 4.458080136504112723e+00 6.214971169026409115e+00 4.091433271144631623e-02 9.214148595410736470e-03
0.000000000000000000e+00 2.948291899282263367e-04 3.566820820504548045e-03 8.968293368624620232e-01 6.135585057370634976e-01 1.875454347064828831e-01 2.108400075589241585e+00 4.452466609151591315e-01 1.678534629648212664e-02 4.226379425185804693e-03
0.000000000000000000e+00 2.948291899282263367e-04 3.566820820504548045e-03 8.968293368624620232e-01 2.462520473696505896e-01 3.678211469747279527e-01 6.523072457622336451e-01 5.395195162074695183e-01 3.034895785487594644e-01 3.413996198770658224e-03
0.000000000000000000e+00 2.948291899282263367e-04 3.566820820504548045e-03 2.934917512389371819e+00 3.742136791179941357e-01 2.865988857300958564e-02 2.523495333471244351e+01 6.238657575256445043e+00 1.583426845664989008e-02 3.158751387064300756e-03
0.000000000000000000e+00 2.110139522177564885e-04 3.566820820504548045e-03 2.969320093008083195e-01 2.416026107368582365e-01 2.914219875149501662e-02 1.002098073233359532e-01 7.891801476289732852e-04 3.509364613767833492e-03 1.019265495204025890e-03
0.000000000000000000e+00 2.948291899282263367e-04 3.566820820504548045e-03 2.214159157141553980e+00 1.222442599143266806e+00 4.706414586509677922e-01 8.072800191757002253e+00 1.507205433906755054e+01 1.690128632309946255e-01 6.941545220433661262e-03
0.000000000000000000e+00 2.948291899282263367e-04 3.566820820504548045e-03 2.108782240753074522e+00 8.244098674964143170e-01 5.659627660744301902e-01 3.156573927075168484e+00 8.228240930518841978e+00 2.224124707444239957e-01 9.218610483606044445e-03
0.000000000000000000e+00 2.948291899282263367e-04 3.566820820504548045e-03 1.224762231901585618e+00 1.324625041867976138e+00 5.062759725173441305e-01 3.366747251117002904e+00 5.879280936448536998e+00 3.688760509673484622e-02 8.460565119266811457e-03
0.000000000000000000e+00 2.948291899282263367e-04 3.566820820504548045e-03 1.224762231901585618e+00 1.274583745493850895e+00 5.062607555813883886e-01 3.471823266628279558e+00 6.382634995234306885e+00 3.712896288119708205e-02 8.476298825357331257e-03
0.000000000000000000e+00 2.948291899282263367e-04 3.566820820504548045e-03 2.179033518345393716e+00 1.282122363026111378e+00 4.706414586509677922e-01 5.076574155309619307e+00 1.525338516058160110e+01 1.685071348962510485e-01 6.952664461976097894e-03
0.000000000000000000e+00 2.948291899282263367e-04 3.566820820504548045e-03 1.200763950043212791e+00 1.374641841709763890e+00 3.868719515312604162e-01 3.576899190831558606e+00 2.454853280402275573e+00 3.033595383014404609e-02 7.165693936571593606e-03
0.000000000000000000e+00 2.110139522177564885e-04 3.452691739427951080e-03 1.119655439428189347e-01 3.634471205454187226e-02 4.040232125443397361e-03 2.985754010969273527e-04 2.985754010969273527e-04 1.243087430515347471e-03 4.039401184700464205e-04
0.000000000000000000e+00 2.948291899282263367e-04 3.566820820504548045e-03 8.769154674835071273e-01 1.524607443796694772e+00 3.868248912877790269e-01 2.300758042939154091e+00 2.973803585137986705e+00 1.740761987961504109e-01 7.146259819871692530e-03
0.000000000000000000e+00 2.948291899282263367e-04 3.566820820504548045e-03 8.769154674835071273e-01 1.067224391779265424e+00 4.242393858600572165e-01 2.565821541266356309e+00 2.973803585137986705e+00 1.740761987961504109e-01 7.146259819871692530e-03
0.000000000000000000e+00 2.948291899282263367e-04 3.566820820504548045e-03 8.968293368624620232e-01 6.486841445332233169e-01 7.243845900607309707e-01 2.565821541266356309e+00 2.231582075378979901e+00 2.535255536906953766e-02 6.094551848058890609e-03
0.000000000000000000e+00 2.948291899282263367e-04 1.328866530911664706e-02 5.856594502371819111e-01 5.659952971234648578e-01 1.922248254040500315e-01 8.524539961784508568e-01 4.798239784291565280e-01 1.303371722198753968e-02 3.390621909856050224e-03
0.000000000000000000e+00 2.948291899282263367e-04 3.566820820504548045e-03 4.423360971376018580e-01 4.909731255645663484e-01 1.881783647598875286e-01 5.462318255717754090e-01 1.519355636024055656e-01 5.857263050801661541e-02 2.288515285183565211e-03
0.000000000000000000e+00 2.110139522177564885e-04 3.452691739427951080e-03 2.948291899282263367e-04 3.908202363635115278e-02 4.031609416350501185e-03 2.433276217459231887e-04 2.433276217459231887e-04 9.891353867860623074e-04 3.368215327497330069e-04
0.000000000000000000e+00 2.948291899282263367e-04 3.566820820504548045e-03 2.214159157141553980e+00 1.162740588650225115e+00 3.253983182314031941e-01 8.504934046393447744e+00 1.525355247710052708e+01 3.355555896804935517e-02 6.941545220433661262e-03
0.000000000000000000e+00 2.948291899282263367e-04 3.566820820504548045e-03 1.176765668184839297e+00 8.578050281621588669e-01 2.390901486705641552e-02 1.890583638232093522e+00 2.421068854758823274e+00 3.960240799600762140e-01 6.075250052673923304e-03
0.000000000000000000e+00 2.948291899282263367e-04 3.566820820504548045e-03 2.214159157141553980e+00 1.282144609636308497e+00 3.980421722622000114e-01 7.640623664789633729e+00 1.507202301715979509e+01 1.689111734172203672e-01 6.944986518950493903e-03
0.000000000000000000e+00 2.110139522177564885e-04 3.490522795068585430e-03 1.119655439428189347e-01 2.488774839986013926e-02 4.696769395342777556e-03 1.086948805494247945e-02 2.985754010969273527e-04 1.243087430515347471e-03 4.039401184700464205e-04
0.000000000000000000e+00 2.948291899282263367e-04 3.566820820504548045e-03 1.629615567673483367e+00 1.074533361464151016e+00 4.465739620243023289e-01 5.571326893928232771e+00 1.071591958529558042e+01 4.246824189314987730e-02 1.898312527835306907e-01
0.000000000000000000e+00 2.948291899282263367e-04 3.566820820504548045e-03 8.769154674835071273e-01 6.837902960446092804e-01 2.294672426481627336e-01 2.035803152871610511e+00 2.315991869968445638e+00 1.486169100404063637e-01 6.061932365674274625e-03
0.000000000000000000e+00 2.948291899282263367e-04 1.328866530911664706e-02 6.190916849437037017e-01 5.369508701042496890e-01 2.273658764595816451e-01 1.434953156514693351e+00 5.110510964524355160e-01 1.636338571531073191e-02 4.181688411329299859e-03
0.000000000000000000e+00 2.948291899282263367e-04 3.566820820504548045e-03 8.968293368624620232e-01 6.135585057370634976e-01 1.875454347064828831e-01 2.108400075589241585e+00 3.568827411020635831e-01 1.672607369190438203e-02 4.220216497827566221e-03
0.000000000000000000e+00 2.948291899282263367e-04 3.566820820504548045e-03 4.423360971376018580e-01 4.909731255645663484e-01 1.881783647598875286e-01 5.462318255717754090e-01 3.521007490989054300e-01 1.036144353218078525e-02 2.746655397984113303e-03
0.000000000000000000e+00 2.110139522177564885e-04 3.566820820504548045e-03 2.948291899282263367e-04 8.573763436377508651e-02 4.592884992866893071e-03 2.868212366135504594e-04 2.868212366135504594e-04 1.181711701757699262e-03 3.927333879877538316e-04
0.000000000000000000e+00 2.110139522177564885e-04 3.452691739427951080e-03 1.119655439428189347e-01 1.444783624016372260e-02 4.686208208414921472e-03 3.004208881498062226e-04 2.947252779117725554e-04 1.226709010359095615e-03 4.002871637097437166e-04
0.000000000000000000e+00 2.948291899282263367e-04 3.566820820504548045e-03 8.968293368624620232e-01 6.135585057370634976e-01 3.132640123337490645e-01 1.963197603563786142e+00 1.370211911780203629e+00 2.057864174476324234e-02 5.088354819810407721e-03
0.000000000000000000e+00 2.110139522177564885e-04 3.566820820504548045e-03 2.012581767719359427e-01 1.346724687539162801e-01 6.505583883898657070e-03 4.341546898963248189e-04 4.341546898963248189e-04 1.870433015797393029e-03 5.740741785207701536e-04
0.000000000000000000e+00 2.948291899282263367e-04 3.566820820504548045e-03 2.214159157141553980e+00 1.341846620129350409e+00 4.706702908852451461e-01 4.705487306423779437e+00 1.652386000235100383e+01 3.324321843920186731e-02 6.950146775950251030e-03
0.000000000000000000e+00 2.948291899282263367e-04 3.566820820504548045e-03 1.658697454880060151e+00 1.580512884196609846e+00 9.789392159728187437e-01 3.839620183041539292e+00 9.263909858485863680e+00 4.177555790741727115e-02 9.220415930627898562e-03
0.000000000000000000e+00 2.948291899282263367e-04 3.566820820504548045e-03 1.658697454880060151e+00 1.461108863210526243e+00 9.062942950685075605e-01 4.581807215117589926e+00 1.071593170975705611e+01 4.253437210351613401e-02 9.247776824424710010e-03
0.000000000000000000e+00 2.948291899282263367e-04 3.566820820504548045e-03 2.214159157141553980e+00 1.341846620129350409e+00 1.809853459733302472e+00 5.768068286624898455e+00 1.162358971644089678e+01 4.020943525610445185e-02 8.519932798373677091e-03
0.000000000000000000e+00 2.948291899282263367e-04 3.566820820504548045e-03 8.370877287255974464e-01 1.192895034139863197e+00 9.837755329160133844e-01 3.366757806874209891e+00 3.031099488555502042e+00 3.578287245928677557e-02 8.381297186237195163e-03
0.000000000000000000e+00 2.110139522177564885e-04 3.452691739427951080e-03 1.119655439428189347e-01 2.700641953661239974e-03 1.524828124451041780e-02 3.004208881498062226e-04 2.947252779117725554e-04 1.226709010359095615e-03 4.002871637097437166e-04
0.000000000000000000e+00 2.948291899282263367e-04 3.566820820504548045e-03 8.769154674835071273e-01 1.474566147422570861e+00 3.868082551222560284e-01 2.300748701949148600e+00 3.097496755825988490e+00 3.181350411186077420e-01 7.152836834241897875e-03
0.000000000000000000e+00 2.948291899282263367e-04 3.566820820504548045e-03 1.224762231901585618e+00 1.024377263623225787e+00 9.240916230701486933e-01 3.261671144853292681e+00 7.221558426543910336e+00 4.058666826352855944e-02 9.195219109887105627e-03
0.000000000000000000e+00 2.948291899282263367e-04 3.566820820504548045e-03 1.200763950043212791e+00 1.374641841709763890e+00 1.269295669817393390e+00 4.334411638883760354e+00 5.711639872381232053e+00 4.083331111082222353e-02 9.209578978865259197e-03
0.000000000000000000e+00 2.948291899282263367e-04 3.566820820504548045e-03 1.658697454880060151e+00 1.401406852717484330e+00 5.432081811989929454e-01 5.323957002029955810e+00 1.234941495205388939e+01 3.962571960507345337e-02 8.514043539148303044e-03
0.000000000000000000e+00 2.110139522177564885e-04 3.566820820504548045e-03 1.119655439428189347e-01 7.784022076830350578e-02 5.431034329127943164e-03 3.576423901116470086e-04 3.576423901116470086e-04 1.510241963192741335e-03 4.802504258204194436e-04
0.000000000000000000e+00 2.948291899282263367e-04 1.328866530911664706e-02 8.570056137915378347e-01 6.837902960446092804e-01 2.713734351905848219e-01 1.963197603563786142e+00 1.580385235822037826e+00 2.071139927984671711e-02 1.101879128126491275e-01
0.000000000000000000e+00 2.948291899282263367e-04 3.566820820504548045e-03 2.214159157141553980e+00 1.162740588650225115e+00 2.527843528997101852e-01 8.648978418276614732e+00 1.543505061513351606e+01 3.358825007181417271e-02 6.940271973504107648e-03
0.000000000000000000e+00 2.948291899282263367e-04 3.566820820504548045e-03 2.214159157141553980e+00 1.103038578157183203e+00 4.706105030783496179e-01 8.360889550853077168e+00 1.561654875316649260e+01 1.295652460148146168e-01 5.315231359195307301e-03
0.000000000000000000e+00 2.948291899282263367e-04 3.566820820504548045e-03 2.934917512389371819e+00 5.061594489716788603e-01 2.867464208685149493e-02 2.523497284740361835e+01 6.238659810255534843e+00 1.584334467499652621e-02 3.157261321046928807e-03
0.000000000000000000e+00 2.948291899282263367e-04 3.566820820504548045e-03 2.214159157141553980e+00 1.043336567664141290e+00 5.432081811989929454e-01 2.487214493926976999e+01 2.599852546357036331e+00 1.003568361052282615e-01 4.083457854442378368e-03
0.000000000000000000e+00 2.948291899282263367e-04 3.566820820504548045e-03 2.214159157141553980e+00 1.043336567664141290e+00 6.884361118623789633e-01 2.432768621221572047e+01 2.807464569860488979e+00 1.003714937584706396e-01 4.081950213256254657e-03
0.000000000000000000e+00 2.110139522177564885e-04 3.415074495009799357e-03 1.119655439428189347e-01 1.519905326141175739e-02 4.686208208414921472e-03 2.947252779117725554e-04 2.947252779117725554e-04 1.221067105634453601e-03 4.002871637097437166e-04
0.000000000000000000e+00 2.948291899282263367e-04 3.566820820504548045e-03 1.629615567673483367e+00 1.074533361464151016e+00 4.465739620243023289e-01 5.571326893928232771e+00 1.234940282759242258e+01 3.956958683533141896e-02 1.745255688267296490e-01
0.000000000000000000e+00 2.110139522177564885e-04 3.415074495009799357e-03 1.119655439428189347e-01 2.582111064107547524e-02 4.598401282144134669e-03 3.023972188334665234e-04 2.966586583774235338e-04 1.232105461049703456e-03 4.021236884853710350e-04
0.000000000000000000e+00 2.110139522177564885e-04 3.415074495009799357e-03 2.948291899282263367e-04 5.791603490947639515e-02 3.967451333594797062e-03 2.517334221026391611e-04 2.469943230828653660e-04 1.005009207917025461e-03 3.403794831357770737e-04
0.000000000000000000e+00 2.110139522177564885e-04 3.490522795068585430e-03 2.948291899282263367e-04 7.640600041845953261e-02 4.031127403592036328e-03 2.554145723384617034e-04 2.505961851431170485e-04 1.015694460347839638e-03 3.438563017090229138e-04
0.000000000000000000e+00 2.948291899282263367e-04 3.566820820504548045e-03 4.423360971376018580e-01 4.909731255645663484e-01 2.624109323142849171e-01 5.043309508183806411e-01 3.521007490989054300e-01 1.036144353218078525e-02 6.244866589102592708e-02
0.000000000000000000e+00 2.948291899282263367e-04 3.566820820504548045e-03 8.370877287255974464e-01 1.624632795771193461e+00 8.831483882257001872e-02 2.742530139829674418e+00 2.973803585137986705e+00 3.181350411186077420e-01 7.152836834241897875e-03
0.000000000000000000e+00 2.948291899282263367e-04 3.566820820504548045e-03 2.893011319846949370e+00 5.658428601788428880e-01 3.271846945520605621e-01 2.541656611339623595e+01 3.845531466782117658e+00 1.581558445815535452e-02 3.161653277857158235e-03
0.000000000000000000e+00 2.948291899282263367e-04 3.566820820504548045e-03 4.423360971376018580e-01 4.909731255645663484e-01 3.677878487027644305e-01 6.522950063171819579e-01 4.798043962435491472e-01 1.058489250501427024e-02 2.772733325406348450e-03
0.000000000000000000e+00 2.948291899282263367e-04 3.566820820504548045e-03 2.143907879549233897e+00 7.743881363187750111e-01 2.674527136092211821e-01 3.156519775777151704e+00 9.067098166389261138e+00 2.224124707444239957e-01 9.218610483606044445e-03
0.000000000000000000e+00 2.948291899282263367e-04 3.566820820504548045e-03 8.968293368624620232e-01 1.067247640834253497e+00 7.449674909438461778e-01 2.124048649652301890e+00 5.479962729906145746e+00 3.621916950874060764e-02 8.413953617393870460e-03
0.000000000000000000e+00 2.110139522177564885e-04 3.566820820504548045e-03 2.012581767719359427e-01 1.784251421261815254e-02 5.442011074755785834e-03 3.597881882562314502e-04 3.597881882562314502e-04 1.515684947440144566e-03 4.822608070889896422e-04
0.000000000000000000e+00 2.948291899282263367e-04 3.566820820504548045e-03 2.214159157141553980e+00 1.401548630622392322e+00 4.706839236033345530e-01 4.705499104493894080e+00 1.670537026484545606e+01 3.331545639524672447e-02 6.948683885232616146e-03
0.000000000000000000e+00 2.948291899282263367e-04 3.566820820504548045e-03 2.179033518345393716e+00 1.401526384012195203e+00 4.706702908852451461e-01 4.829190891383614570e+00 1.634237398877949232e+01 1.687336150423061343e-01 6.949447663958261724e-03
0.000000000000000000e+00 2.948291899282263367e-04 3.566820820504548045e-03 4.423360971376018580e-01 4.909731255645663484e-01 1.881783647598875286e-01 5.462318255717754090e-01 1.519355636024055656e-01 8.531334133892544414e-03 2.283854663996026223e-03
0.000000000000000000e+00 2.110139522177564885e-04 3.566820820504548045e-03 1.119655439428189347e-01 2.497607378547823595e-02 4.598401282144134669e-03 2.966586583774235338e-04 2.966586583774235338e-04 1.237815217669897697e-03 4.021236884853710350e-04
0.000000000000000000e+00 2.110139522177564885e-04 3.452691739427951080e-03 2.948291899282263367e-04 9.504064221476300756e-02 4.653338783018354935e-03 2.943881128547921086e-04 2.888232524900767074e-04 1.193047644123033588e-03 3.946536838716763196e-04
0.000000000000000000e+00 2.948291899282263367e-04 3.566820820504548045e-03 2.893011319846949370e+00 4.242393858600572165e-01 2.077659200521349836e-01 2.614250207276876736e+01 2.080819097896223990e+00 8.217364604792471994e-01 4.077219701942432981e-03
0.000000000000000000e+00 2.948291899282263367e-04 3.566820820504548045e-03 3.092859474764499961e-01 6.348526889645723648e-01 1.881783647598875286e-01 2.119703267491275245e-01 2.110135467189288294e-01 5.837618518895045655e-02 2.264713145983220967e-03
0.000000000000000000e+00 2.948291899282263367e-04 3.566820820504548045e-03 8.769154674835071273e-01 6.486646572484494611e-01 3.132640123337490645e-01 1.963197603563786142e+00 1.265125249759286419e+00 2.051168260697993490e-02 5.081784308355222213e-03
0.000000000000000000e+00 2.110139522177564885e-04 3.490522795068585430e-03 1.119655439428189347e-01 2.582111064107547524e-02 1.526959879190783326e-02 2.985754010969273527e-04 2.985754010969273527e-04 1.248864901831533850e-03 4.039401184700464205e-04
0.000000000000000000e+00 2.110139522177564885e-04 3.566820820504548045e-03 2.948291899282263367e-04 5.800579000681155978e-02 3.674286289992468538e-03 2.517334221026391611e-04 2.469943230828653660e-04 1.005009207917025461e-03 3.403794831357770737e-04
0.000000000000000000e+00 2.948291899282263367e-04 3.566820820504548045e-03 2.809198934762105804e+00 1.162824248932164073e+00 4.706839236033345530e-01 4.581795519534058947e+00 1.452738048398820681e+01 4.020943525610445185e-02 8.519932798373677091e-03
0.000000000000000000e+00 2.948291899282263367e-04 3.566820820504548045e-03 8.968293368624620232e-01 9.415290632069873711e-01 5.242895273109964283e-01 2.565821541266356309e+00 1.860471320499475167e+00 2.513493245052919947e-02 6.075250052673923304e-03
0.000000000000000000e+00 2.948291899282263367e-04 3.566820820504548045e-03 8.968293368624620232e-01 6.486841445332233169e-01 2.713734351905848219e-01 1.963197603563786142e+00 5.336187179933175040e-01 2.010173982795567665e-02 5.040615501912253972e-03
0.000000000000000000e+00 2.948291899282263367e-04 3.566820820504548045e-03 1.658697454880060151e+00 1.401406852717484330e+00 4.705942158672999920e-01 5.447648267382414033e+00 1.180492053795494733e+01 3.945577654954017521e-02 8.510648139627785894e-03
0.000000000000000000e+00 2.110139522177564885e-04 3.415074495009799357e-03 2.948291899282263367e-04 1.147754181016468478e-01 4.675451847945363837e-03 2.927750565721865526e-04 1.086560445313724220e-02 1.226709010359095615e-03 4.002871637097437166e-04
0.000000000000000000e+00 2.948291899282263367e-04 3.566820820504548045e-03 4.423360971376018580e-01 2.879282287943087937e-01 3.521844200154960330e-02 3.208652891075418623e-01 3.634213276832835848e-02 7.581499779804710959e-02 1.557317908390906018e-03
0.000000000000000000e+00 2.948291899282263367e-04 3.566820820504548045e-03 8.968293368624620232e-01 1.067247640834253497e+00 6.852654804508043762e-01 2.212403385404721590e+00 5.335903887583683947e+00 3.613305701944066056e-02 8.407642268855809037e-03
0.000000000000000000e+00 2.110139522177564885e-04 3.452691739427951080e-03 1.119655439428189347e-01 2.577188265797681135e-02 4.696769395342777556e-03 2.966586583774235338e-04 2.966586583774235338e-04 1.237815217669897697e-03 4.021236884853710350e-04
0.000000000000000000e+00 2.948291899282263367e-04 3.566820820504548045e-03 2.214159157141553980e+00 1.341846620129350409e+00 8.337401175437101353e-01 6.920424803311415296e+00 1.162357939239807259e+01 4.015891264318949966e-02 8.519816690057156749e-03
0.000000000000000000e+00 2.948291899282263367e-04 3.566820820504548045e-03 2.214159157141553980e+00 1.401548630622392322e+00 4.706839236033345530e-01 7.640665243908746795e+00 1.452755992496860138e+01 3.342077681410974416e-02 6.946006760321015577e-03
0.000000000000000000e+00 2.948291899282263367e-04 3.566820820504548045e-03 2.214159157141553980e+00 1.341846620129350409e+00 4.706702908852451461e-01 7.784710346804630809e+00 1.434606178693562306e+01 4.398572639476017732e-01 6.943902705666310168e-03
0.000000000000000000e+00 2.110139522177564885e-04 3.566820820504548045e-03 2.012581767719359427e-01 6.725826691518468903e-02 6.460332620020116032e-03 4.247797594009869926e-04 4.247797594009869926e-04 1.805627091927890834e-03 5.800771597256375789e-04
0.000000000000000000e+00 2.948291899282263367e-04 3.566820820504548045e-03 2.214159157141553980e+00 1.341846620129350409e+00 4.706702908852451461e-01 4.705487306423779437e+00 1.634236186431801841e+01 3.320649048519419555e-02 6.950780997796560806e-03
0.000000000000000000e+00 2.948291899282263367e-04 3.566820820504548045e-03 2.214159157141553980e+00 1.162740588650225115e+00 9.789240062166401080e-01 1.997183431618295302e+01 4.748234142125259183e+00 2.596746271250833030e-02 5.304954405920433297e-03
0.000000000000000000e+00 2.948291899282263367e-04 1.328866530911664706e-02 5.856594502371819111e-01 5.950771843300416419e-01 1.922402376634217980e-01 8.024188954395575779e-01 8.740529872398190570e-01 1.324251007972074463e-02 3.413996198770658224e-03
0.000000000000000000e+00 2.948291899282263367e-04 3.566820820504548045e-03 1.658697454880060151e+00 1.024513532271315253e+00 3.868719515312604162e-01 5.447610668862502337e+00 1.180488379094760454e+01 4.272936499404612898e-02 9.253183776439978178e-03
0.000000000000000000e+00 2.948291899282263367e-04 3.566820820504548045e-03 2.725386549677261794e+00 1.282187493114757215e+00 2.528420276082555818e-01 8.072800191757002253e+00 1.561654875316649260e+01 1.295652460148146168e-01 5.315231359195307301e-03
0.000000000000000000e+00 2.948291899282263367e-04 3.566820820504548045e-03 2.214159157141553980e+00 1.103038578157183203e+00 9.789082604002006249e-01 2.033481373062209840e+01 4.883727525183042317e+00 1.298172325979342068e-01 5.300329114319803081e-03
0.000000000000000000e+00 2.110139522177564885e-04 3.452691739427951080e-03 2.948291899282263367e-04 1.043436500657509564e-01 4.664496637787876945e-03 2.964165495733596151e-04 2.908077860167684056e-04 1.204325591441321062e-03 3.965525059211700773e-04
0.000000000000000000e+00 2.948291899282263367e-04 1.328866530911664706e-02 8.769194831704927307e-01 6.486841445332233169e-01 7.243845900607309707e-01 2.565821541266356309e+00 2.231582075378979901e+00 2.535255536906953766e-02 6.094551848058890609e-03
0.000000000000000000e+00 2.948291899282263367e-04 3.566820820504548045e-03 2.893011319846949370e+00 5.658428601788428880e-01 2.077806735659769033e-01 2.577952482128132061e+01 2.184624431707511416e+00 7.415746394452860102e-01 4.078831028969610341e-03
0.000000000000000000e+00 2.948291899282263367e-04 3.566820820504548045e-03 8.370877287255974464e-01 1.624632795771193461e+00 1.480168493156118481e-01 2.654175880925609299e+00 2.973803585137986705e+00 3.181350411186077420e-01 7.152836834241897875e-03
0.000000000000000000e+00 2.948291899282263367e-04 3.566820820504548045e-03 4.280834724474600339e-01 5.149539030954836116e-01 1.881783647598875286e-01 5.462318255717754090e-01 5.394795214317531507e-01 1.045154097678707879e-02 2.757255576020701746e-03
0.000000000000000000e+00 2.110139522177564885e-04 3.415074495009799357e-03 2.012581767719359427e-01 4.255039056390134966e-02 5.578978497133919162e-03 3.640255868294906254e-04 3.640255868294906254e-04 1.547811838977159078e-03 4.862176428240491959e-04
0.000000000000000000e+00 2.110139522177564885e-04 3.415074495009799357e-03 2.948291899282263367e-04 1.147754181016468478e-01 4.675451847945363837e-03 2.984274022850179949e-04 2.984274022850179949e-04 1.215545922992410967e-03 3.984302158402465736e-04
0.000000000000000000e+00 2.948291899282263367e-04 3.566820820504548045e-03 2.893011319846949370e+00 9.240549231370936978e-01 9.063399295840509629e-01 4.210730937921042027e+00 1.253091309008687482e+01 3.968133851273039636e-02 8.515002830451954413e-03
0.000000000000000000e+00 2.948291899282263367e-04 3.566820820504548045e-03 2.893011319846949370e+00 8.046509021510100945e-01 5.432402142264822764e-01 4.952870570349785062e+00 1.343839165579031558e+01 3.989869112714480165e-02 8.517985964694682263e-03
0.000000000000000000e+00 2.948291899282263367e-04 3.566820820504548045e-03 1.200763950043212791e+00 1.374641841709763890e+00 5.659779830103859322e-01 3.366757806874209891e+00 3.319217173200416759e+00 2.037438002830893324e-01 8.401221474249619126e-03
0.000000000000000000e+00 2.948291899282263367e-04 3.566820820504548045e-03 8.769154674835071273e-01 1.067224391779265424e+00 4.242393858600572165e-01 2.565821541266356309e+00 2.850100000178151571e+00 2.993644711358812299e-02 7.132806364646197134e-03
0.000000000000000000e+00 2.948291899282263367e-04 3.566820820504548045e-03 2.851105127304527809e+00 1.043439840800995277e+00 3.498649889508723132e-02 2.505360677080508225e+01 2.392237811091837418e+00 8.217678629309462801e-01 4.073894113416432275e-03
0.000000000000000000e+00 2.948291899282263367e-04 1.328866530911664706e-02 5.856594502371819111e-01 6.241590715366185371e-01 1.571296673908730568e-01 8.024188954395575779e-01 9.466669525715120104e-01 1.329399975293471536e-02 3.419678580185831016e-03
0.000000000000000000e+00 2.150356535994840277e-04 1.328866530911664706e-02 1.906874794157393249e-01 1.631777181341998451e-01 7.655125667028372244e-03 5.145576393881573420e-04 5.145576393881573420e-04 2.215477952746567388e-03 6.782215865773058355e-04
0.000000000000000000e+00 2.948291899282263367e-04 3.566820820504548045e-03 2.108782240753074522e+00 8.244098674964143170e-01 5.659627660744301902e-01 3.051487265054250830e+00 8.396012625951234654e+00 4.091433271144631623e-02 9.214148595410736470e-03
0.000000000000000000e+00 2.948291899282263367e-04 3.566820820504548045e-03 2.934917512389371819e+00 5.061594489716788603e-01 2.867464208685149493e-02 2.523497284740361835e+01 6.238659810255534843e+00 1.584334467499652621e-02 3.157261321046928807e-03
0.000000000000000000e+00 2.948291899282263367e-04 3.566820820504548045e-03 2.179033518345393716e+00 7.744072396722931906e-01 2.674679305451768130e-01 3.156530790928465446e+00 8.899326968730166598e+00 2.224124707444239957e-01 9.218610483606044445e-03
0.000000000000000000e+00 2.948291899282263367e-04 3.566820820504548045e-03 1.629615567673483367e+00 1.074533361464151016e+00 4.465739620243023289e-01 5.695030478888067904e+00 1.216791681402091285e+01 3.956958683533141896e-02 8.512998208734023908e-03
0.000000000000000000e+00 2.948291899282263367e-04 1.328866530911664706e-02 1.629621432116688196e+00 8.743896431489394105e-01 7.450369542460300032e-01 3.366757806874209891e+00 9.808287190107497722e+00 4.154119185713806006e-02 9.246865358514197442e-03
0.000000000000000000e+00 2.110139522177564885e-04 3.415074495009799357e-03 2.948291899282263367e-04 6.701865106082227630e-02 3.442294792994937333e-03 2.535821415569615455e-04 9.551811101824745145e-03 1.025095496569231653e-03 3.438563017090229138e-04
0.000000000000000000e+00 2.948291899282263367e-04 3.566820820504548045e-03 1.658697454880060151e+00 8.243483467748154991e-01 7.450203180805069492e-01 3.366747251117002904e+00 9.626775396310708999e+00 4.138801458131190908e-02 9.239319921725625689e-03
0.000000000000000000e+00 2.948291899282263367e-04 3.566820820504548045e-03 1.658697454880060151e+00 8.743896431489394105e-01 7.450369542460300032e-01 3.366757806874209891e+00 9.445290914041532204e+00 4.138801458131190908e-02 9.239319921725625689e-03
0.000000000000000000e+00 2.948291899282263367e-04 3.566820820504548045e-03 8.968293368624620232e-01 6.486841445332233169e-01 2.713734351905848219e-01 1.963197603563786142e+00 2.000731883905694009e+00 2.468770490968873188e-02 6.034199802586440523e-03
0.000000000000000000e+00 2.948291899282263367e-04 3.566820820504548045e-03 1.200763950043212791e+00 8.159197911838835804e-01 7.395031124118164878e-02 1.890591984712451046e+00 2.315991869968445638e+00 1.486169100404063637e-01 6.061932365674274625e-03
0.000000000000000000e+00 2.110139522177564885e-04 3.566820820504548045e-03 2.012581767719359427e-01 1.489250934440580765e-01 7.642700896712345537e-03 5.219231275227563353e-04 5.118880151038018378e-04 2.210000253932856672e-03 6.932941111017840293e-04
0.000000000000000000e+00 2.948291899282263367e-04 3.566820820504548045e-03 1.200763950043212791e+00 1.374641841709763890e+00 1.269295669817393390e+00 4.334411638883760354e+00 5.543855186119306389e+00 4.075169389799352532e-02 9.204901171089973494e-03
0.000000000000000000e+00 2.948291899282263367e-04 3.566820820504548045e-03 8.968293368624620232e-01 2.753339345762274015e-01 3.327116204438182456e-01 7.023485421363588888e-01 4.798239784291565280e-01 2.308756132170665110e-01 3.408249777131578187e-03
0.000000000000000000e+00 2.948291899282263367e-04 3.566820820504548045e-03 1.658697454880060151e+00 8.243483467748154991e-01 7.450203180805069492e-01 3.471833913137919669e+00 9.808287190107497722e+00 4.154119185713806006e-02 9.246865358514197442e-03
0.000000000000000000e+00 2.948291899282263367e-04 3.566820820504548045e-03 1.658697454880060151e+00 1.024513532271315253e+00 9.062258431589287344e-01 3.051528949013972536e+00 9.989785328140476039e+00 2.231150388136330653e-01 9.253994129781716385e-03
0.000000000000000000e+00 2.150356535994840277e-04 1.328866530911664706e-02 1.906874794157393249e-01 1.346724687539162801e-01 6.505583883898657070e-03 4.341546898963248189e-04 4.341546898963248189e-04 1.861475785060916471e-03 5.740741785207701536e-04
0.000000000000000000e+00 2.948291899282263367e-04 3.566820820504548045e-03 2.934917512389371819e+00 8.046695014368880905e-01 5.432554239826608011e-01 4.952882575190263204e+00 1.343840378025178062e+01 3.995175238582528848e-02 8.518519810285920396e-03
0.000000000000000000e+00 2.948291899282263367e-04 1.328866530911664706e-02 4.279429108849856500e-01 2.680143594153539532e-01 3.509167660164618646e-02 2.479084923169587451e-02 7.959269864937089552e-04 2.753291692974005334e-02 1.028213886099563993e-03
0.000000000000000000e+00 2.948291899282263367e-04 3.566820820504548045e-03 1.224762231901585618e+00 1.324625041867976138e+00 5.062759725173441305e-01 3.471833913137919669e+00 6.047078246685948955e+00 3.704907060444421335e-02 8.471158456915902149e-03
0.000000000000000000e+00 2.948291899282263367e-04 3.566820820504548045e-03 2.214159157141553980e+00 1.043336567664141290e+00 7.610500771940720277e-01 2.069774106508114997e+01 6.103135052100776115e+00 1.003568361052282615e-01 4.083457854442378368e-03
0.000000000000000000e+00 2.948291899282263367e-04 3.566820820504548045e-03 2.934917512389371819e+00 5.061594489716788603e-01 8.837665257989330003e-02 2.614248288651834429e+01 3.534111397705626878e+00 1.004676418232521296e-01 3.164450315664892738e-03
0.000000000000000000e+00 2.948291899282263367e-04 3.566820820504548045e-03 2.767292742219683355e+00 1.162804120946673958e+00 6.158982215486311640e-01 4.581807215117589926e+00 1.452739260844967184e+01 4.025945236986503556e-02 8.519966260129531108e-03
0.000000000000000000e+00 2.110139522177564885e-04 3.566820820504548045e-03 1.119655439428189347e-01 7.792968904249956974e-02 5.431034329127943164e-03 1.271158056575331582e-02 3.597881882562314502e-04 1.522828839827171724e-03 4.822608070889896422e-04
0.000000000000000000e+00 2.948291899282263367e-04 3.566820820504548045e-03 2.214159157141553980e+00 1.222442599143266806e+00 2.527995626558887654e-01 8.072757519426078332e+00 1.670550625945663725e+01 2.583093675339935905e-02 5.312945402943720398e-03
0.000000000000000000e+00 2.948291899282263367e-04 3.566820820504548045e-03 1.658697454880060151e+00 8.743896431489394105e-01 7.450369542460300032e-01 3.366757806874209891e+00 9.445290914041532204e+00 4.138801458131190908e-02 9.239319921725625689e-03
0.000000000000000000e+00 2.948291899282263367e-04 3.566820820504548045e-03 2.969320093008083195e-01 2.248864933835973690e-01 1.486127142869825279e-01 1.687771531562423932e-01 1.754757172938449516e-01 4.065985299598381952e-02 1.549709819590839015e-03
0.000000000000000000e+00 2.948291899282263367e-04 3.566820820504548045e-03 1.200763950043212791e+00 1.374641841709763890e+00 5.062759725173441305e-01 3.366747251117002904e+00 3.463265176659476641e+00 3.595911402116371697e-02 8.394690713401105342e-03
0.000000000000000000e+00 2.948291899282263367e-04 3.566820820504548045e-03 1.176765668184839297e+00 1.424658114488746685e+00 4.465739620243023289e-01 3.366736604607362349e+00 4.183548444933346211e+00 3.718740834041513454e-01 8.432236112198336631e-03
0.000000000000000000e+00 2.948291899282263367e-04 2.259167316010457852e-02 8.570095817325920073e-01 6.486841445332233169e-01 2.713734351905848219e-01 1.963197603563786142e+00 1.895645221884777243e+00 2.461160144158560520e-02 6.027035142370487826e-03
0.000000000000000000e+00 2.948291899282263367e-04 3.566820820504548045e-03 1.658697454880060151e+00 1.520810873703567712e+00 9.789240062166401080e-01 3.839608791414026889e+00 9.808391773350839671e+00 4.191868184095688676e-02 9.226285308542423250e-03
0.000000000000000000e+00 2.150356535994840277e-04 3.566820820504548045e-03 2.012581767719359427e-01 1.202867318053609524e-01 6.494585252464219437e-03 4.402920830977208756e-04 4.318402700316267915e-04 1.856488264156435112e-03 5.719429879440155297e-04
0.000000000000000000e+00 2.948291899282263367e-04 3.566820820504548045e-03 1.658697454880060151e+00 1.461108863210526243e+00 9.062942950685075605e-01 4.581807215117589926e+00 1.180492053795494733e+01 3.945577654954017521e-02 8.510648139627785894e-03
0.000000000000000000e+00 2.110139522177564885e-04 1.328866530911664706e-02 1.906874794157393249e-01 3.013891068041113508e-02 1.792226093353253141e-02 3.711195719931520572e-04 3.640255868294906254e-04 1.540511871967777981e-03 4.862176428240491959e-04
0.000000000000000000e+00 2.948291899282263367e-04 3.566820820504548045e-03 3.092859474764499961e-01 6.348526889645723648e-01 1.881783647598875286e-01 2.119703267491275245e-01 1.691073541765067689e-01 5.833627420274947739e-02 2.259801027957773333e-03
0.000000000000000000e+00 2.948291899282263367e-04 3.566820820504548045e-03 1.224762231901585618e+00 1.324625041867976138e+00 5.062759725173441305e-01 3.366747251117002904e+00 6.885989054020067890e+00 4.041924698373509928e-02 9.185098626139785033e-03
0.000000000000000000e+00 2.948291899282263367e-04 3.566820820504548045e-03 1.658697454880060151e+00 1.580512884196609846e+00 9.789392159728187437e-01 2.315991869968445638e+00 1.107877415633836726e+01 4.184740799986713666e-02 9.223400984069556399e-03
0.000000000000000000e+00 2.948291899282263367e-04 3.566820820504548045e-03 2.214159157141553980e+00 1.341846620129350409e+00 4.706702908852451461e-01 4.705487306423779437e+00 1.634236186431801841e+01 3.320649048519419555e-02 6.950780997796560806e-03
0.000000000000000000e+00 2.948291899282263367e-04 3.566820820504548045e-03 1.658697454880060151e+00 1.024513532271315253e+00 4.465739620243023289e-01 5.447623308968400302e+00 1.162339802664864408e+01 4.272936499404612898e-02 9.253183776439978178e-03
0.000000000000000000e+00 2.948291899282263367e-04 3.566820820504548045e-03 2.214159157141553980e+00 1.043336567664141290e+00 9.788919731891511100e-01 2.033479672034392038e+01 5.019214935331474337e+00 1.298172325979342068e-01 5.300329114319803081e-03
0.000000000000000000e+00 2.948291899282263367e-04 3.566820820504548045e-03 2.214159157141553980e+00 1.103038578157183203e+00 6.884523990734285892e-01 2.178672989327904119e+01 4.748248382758477604e+00 1.002958886715616671e-01 4.089139527649506001e-03
0.000000000000000000e+00 2.948291899282263367e-04 3.566820820504548045e-03 1.176765668184839297e+00 1.324575521740495976e+00 5.062450704517261757e-01 2.035693836168495974e+00 5.191845045261231029e+00 3.604637224810126189e-02 8.401221474249619126e-03
0.000000000000000000e+00 2.948291899282263367e-04 3.566820820504548045e-03 1.658697454880060151e+00 1.401406852717484330e+00 4.705942158672999920e-01 5.447648267382414033e+00 1.180492053795494733e+01 2.054683471675357587e-01 8.511866517073007551e-03
0.000000000000000000e+00 2.948291899282263367e-04 3.566820820504548045e-03 1.629615567673483367e+00 1.074533361464151016e+00 3.868719515312604162e-01 5.695017838782169051e+00 1.234940282759242258e+01 3.956958683533141896e-02 8.512998208734023908e-03
0.000000000000000000e+00 2.948291899282263367e-04 3.566820820504548045e-03 2.214159157141553980e+00 1.401548630622392322e+00 4.706839236033345530e-01 4.705499104493894080e+00 1.616087585074650690e+01 3.320649048519419555e-02 6.950780997796560806e-03
0.000000000000000000e+00 2.948291899282263367e-04 3.566820820504548045e-03 2.073656601956914702e+00 8.243898351024863125e-01 4.465430599586844296e-01 3.471801699121890739e+00 8.228240930518841978e+00 2.224124707444239957e-01 9.218610483606044445e-03
0.000000000000000000e+00 2.948291899282263367e-04 3.566820820504548045e-03 1.658697454880060151e+00 1.024513532271315253e+00 4.465739620243023289e-01 3.576909928649197212e+00 1.017128346617346324e+01 4.169202458561531432e-02 1.907521321627594357e-01
0.000000000000000000e+00 2.948291899282263367e-04 3.566820820504548045e-03 2.108782240753074522e+00 8.744511638705397827e-01 5.659779830103859322e-01 3.051497820811458705e+00 8.228240930518841978e+00 2.224124707444239957e-01 9.218610483606044445e-03
0.000000000000000000e+00 2.948291899282263367e-04 3.566820820504548045e-03 1.224762231901585618e+00 1.324625041867976138e+00 5.062759725173441305e-01 3.471833913137919669e+00 6.214862932947874619e+00 3.712896288119708205e-02 8.476298825357331257e-03
0.000000000000000000e+00 2.110139522177564885e-04 3.566820820504548045e-03 1.119655439428189347e-01 7.858706042516613866e-02 5.431034329127943164e-03 1.271158056575331582e-02 1.271372636389775726e-02 1.535352010195604588e-03 4.842497761741859771e-04
0.000000000000000000e+00 2.948291899282263367e-04 3.566820820504548045e-03 8.769154674835071273e-01 6.486646572484494611e-01 2.713578197913270040e-01 1.963189187539917446e+00 7.103384203544457209e-01 2.017104345865263978e-02 5.047687269260405125e-03
0.000000000000000000e+00 2.948291899282263367e-04 3.566820820504548045e-03 8.570015981045523423e-01 1.067200665803615944e+00 4.242233737526061588e-01 2.565811961112513639e+00 2.478978831026816820e+00 2.960773595990590437e-02 7.104687404678781092e-03
0.000000000000000000e+00 2.948291899282263367e-04 3.566820820504548045e-03 1.224762231901585618e+00 1.324625041867976138e+00 5.062759725173441305e-01 3.471833913137919669e+00 6.550432305471717953e+00 4.033463518377265744e-02 9.179872774214559161e-03
0.000000000000000000e+00 2.948291899282263367e-04 3.566820820504548045e-03 4.280834724474600339e-01 4.909556212371107842e-01 2.172460156168490863e-01 9.024763974623615237e-01 4.798109784384363974e-01 1.292760839839581129e-02 3.378541684755252163e-03
0.000000000000000000e+00 2.150356535994840277e-04 3.566820820504548045e-03 2.012581767719359427e-01 1.774303428243416692e-01 1.079640225091253875e-01 6.345310980986808985e-04 6.345310980986808985e-04 2.784373046493779889e-03 8.490055822892379929e-04
0.000000000000000000e+00 2.150356535994840277e-04 3.566820820504548045e-03 4.423492397236899465e-01 2.281866206574441336e-01 9.276706477595465794e-03 6.491738165793811124e-04 6.491738165793811124e-04 2.876056901340858819e-03 8.407127398603329079e-04
0.000000000000000000e+00 2.948291899282263367e-04 3.566820820504548045e-03 8.769154674835071273e-01 6.837902960446092804e-01 6.743432936866058380e-01 2.565811961112513639e+00 2.726386000946486643e+00 2.977310855478870755e-02 7.118950277581386453e-03
0.000000000000000000e+00 2.948291899282263367e-04 3.566820820504548045e-03 8.769154674835071273e-01 6.486646572484494611e-01 2.294516272489049435e-01 2.035794666822121179e+00 9.754301797937322549e-01 2.037659865697575776e-02 5.068395854147879874e-03
0.000000000000000000e+00 2.948291899282263367e-04 1.328866530911664706e-02 5.856594502371819111e-01 5.950771843300416419e-01 1.922402376634217980e-01 1.494647835801114599e+00 3.658231657890496091e-01 8.595917300456649979e-02 4.175004230792832283e-03
0.000000000000000000e+00 2.948291899282263367e-04 3.566820820504548045e-03 1.224762231901585618e+00 1.324625041867976138e+00 4.465739620243023289e-01 3.471823266628279558e+00 6.550419681496224555e+00 4.024942110427414538e-02 9.174535866041829552e-03
0.000000000000000000e+00 2.110139522177564885e-04 3.566820820504548045e-03 4.280834724474600339e-01 2.679060443799536340e-01 1.119325910642839095e-02 7.857650720582636623e-04 2.478404693043169058e-02 3.509364613767833492e-03 1.019265495204025890e-03
0.000000000000000000e+00 2.948291899282263367e-04 3.566820820504548045e-03 1.658697454880060151e+00 1.520810873703567712e+00 9.789240062166401080e-01 4.087015961333697156e+00 9.445420370252870512e+00 4.191868184095688676e-02 9.226285308542423250e-03
0.000000000000000000e+00 2.948291899282263367e-04 3.566820820504548045e-03 8.968293368624620232e-01 8.158104855797210231e-01 6.743614890105249504e-01 2.565821541266356309e+00 2.355285660338815035e+00 2.960773595990590437e-02 7.104687404678781092e-03
0.000000000000000000e+00 2.948291899282263367e-04 3.566820820504548045e-03 1.224762231901585618e+00 8.159403053686695717e-01 5.658614594647206619e-01 2.389112621762243815e+00 5.624021572228599553e+00 3.630471088030798321e-02 8.420156034928726399e-03
0.000000000000000000e+00 2.948291899282263367e-04 3.566820820504548045e-03 8.570015981045523423e-01 1.574620408353797352e+00 5.062289122738626856e-01 2.124048649652301890e+00 2.973803585137986705e+00 3.181350411186077420e-01 7.152836834241897875e-03
0.000000000000000000e+00 2.948291899282263367e-04 3.566820820504548045e-03 8.769154674835071273e-01 1.524607443796694772e+00 3.868248912877790269e-01 2.300758042939154091e+00 2.973803585137986705e+00 1.740761987961504109e-01 7.146259819871692530e-03
0.000000000000000000e+00 2.948291899282263367e-04 3.566820820504548045e-03 8.769154674835071273e-01 6.486646572484494611e-01 2.713578197913270040e-01 2.035803152871610511e+00 1.370211911780203629e+00 2.057864174476324234e-02 5.088354819810407721e-03
0.000000000000000000e+00 2.948291899282263367e-04 1.328866530911664706e-02 4.280863465287543246e-01 2.879282287943087937e-01 3.521844200154960330e-02 3.208652891075418623e-01 3.634213276832835848e-02 5.563720205727453599e-03 1.549709819590839015e-03
0.000000000000000000e+00 2.948291899282263367e-04 3.566820820504548045e-03 2.851105127304527809e+00 4.742646701267314024e-01 2.077659200521349836e-01 2.269403745014211182e+01 4.612743745522155159e+00 2.594546825012387925e-02 5.306403372640967897e-03
0.000000000000000000e+00 2.948291899282263367e-04 3.566820820504548045e-03 4.423360971376018580e-01 4.909731255645663484e-01 1.881783647598875286e-01 5.462318255717754090e-01 1.811674480029838025e-03 8.414086724965760475e-03 2.269574165572461454e-03
0.000000000000000000e+00 2.948291899282263367e-04 3.566820820504548045e-03 8.570015981045523423e-01 6.486447702102771107e-01 3.551542071129486500e-01 1.963197603563786142e+00 1.685471897842955258e+00 2.077719962296335071e-02 5.107577186554398962e-03
0.000000000000000000e+00 2.948291899282263367e-04 3.566820820504548045e-03 2.809198934762105804e+00 1.043420227946080248e+00 3.497234560373509854e-02 2.523508652095096494e+01 2.392237811091837418e+00 7.416060418969849799e-01 4.075574027953477417e-03
0.000000000000000000e+00 2.110139522177564885e-04 3.452691739427951080e-03 1.119655439428189347e-01 3.634471205454187226e-02 1.484519142835702410e-02 3.004757041738715826e-04 3.004757041738715826e-04 1.254013365508174294e-03 4.162668306416771199e-04
0.000000000000000000e+00 2.150356535994840277e-04 3.415074495009799357e-03 1.119655439428189347e-01 4.598967582523353498e-02 4.618793143590416844e-03 3.004757041738715826e-04 3.004757041738715826e-04 1.254013365508174294e-03 4.057367717618593547e-04
0.000000000000000000e+00 2.948291899282263367e-04 3.566820820504548045e-03 8.968293368624620232e-01 6.135585057370634976e-01 2.713578197913270040e-01 2.035803152871610511e+00 8.870743972456995863e-01 2.037659865697575776e-02 5.068395854147879874e-03
0.000000000000000000e+00 2.948291899282263367e-04 3.566820820504548045e-03 2.214159157141553980e+00 1.341846620129350409e+00 1.809853459733302472e+00 5.768068286624898455e+00 1.162358971644089678e+01 2.062220058741000284e-01 8.519966260129531108e-03
0.000000000000000000e+00 2.948291899282263367e-04 3.566820820504548045e-03 2.214159157141553980e+00 1.162740588650225115e+00 9.789240062166401080e-01 2.015333245421592423e+01 5.154708318389257471e+00 2.605241401030064519e-02 1.091053847430691476e-01
0.000000000000000000e+00 2.110139522177564885e-04 3.566820820504548045e-03 1.119655439428189347e-01 4.696676943420558664e-02 4.717320389921356161e-03 3.004757041738715826e-04 3.004757041738715826e-04 1.254013365508174294e-03 4.162668306416771199e-04
0.000000000000000000e+00 2.110139522177564885e-04 3.415074495009799357e-03 2.012581767719359427e-01 4.237866346344608404e-02 5.521028988543403258e-03 3.711195719931520572e-04 3.640255868294906254e-04 1.540511871967777981e-03 4.862176428240491959e-04
0.000000000000000000e+00 2.948291899282263367e-04 3.566820820504548045e-03 2.214159157141553980e+00 1.341846620129350409e+00 4.706702908852451461e-01 4.705487306423779437e+00 1.616086372628504009e+01 3.316935579616556856e-02 6.951350104566809442e-03
0.000000000000000000e+00 2.948291899282263367e-04 3.566820820504548045e-03 2.214159157141553980e+00 1.282144609636308497e+00 8.337259642523578984e-01 4.334423131253363870e+00 1.325690564221880408e+01 3.989869112714480165e-02 8.517985964694682263e-03
0.000000000000000000e+00 2.948291899282263367e-04 3.566820820504548045e-03 2.214159157141553980e+00 1.282144609636308497e+00 9.063399295840509629e-01 4.210730937921042027e+00 1.325690564221880408e+01 2.059112617451403782e-01 8.518519810285920396e-03
0.000000000000000000e+00 2.110139522177564885e-04 1.328866530911664706e-02 1.906874794157393249e-01 4.255039056390134966e-02 1.793291667277558885e-02 4.223864839361130431e-04 4.306250201392221766e-04 1.799998389042816328e-03 5.631911273330013432e-04
0.000000000000000000e+00 2.948291899282263367e-04 3.566820820504548045e-03 1.629615567673483367e+00 1.520785262179177755e+00 9.789082604002006249e-01 4.334411638883760354e+00 9.263934481031734336e+00 4.191868184095688676e-02 9.226285308542423250e-03
0.000000000000000000e+00 2.948291899282263367e-04 3.566820820504548045e-03 8.769154674835071273e-01 6.837902960446092804e-01 7.243845900607309707e-01 2.565821541266356309e+00 2.602692830258484857e+00 2.977310855478870755e-02 7.118950277581386453e-03
0.000000000000000000e+00 2.948291899282263367e-04 1.328866530911664706e-02 8.769194831704927307e-01 6.486841445332233169e-01 2.713734351905848219e-01 1.963197603563786142e+00 8.870743972456995863e-01 2.037659865697575776e-02 5.068395854147879874e-03
0.000000000000000000e+00 2.948291899282263367e-04 3.566820820504548045e-03 1.629615567673483367e+00 7.742855832194006638e-01 2.741462580506045521e-01 2.477448041299417980e+00 3.221189831140268467e+00 3.181350411186077420e-01 7.152836834241897875e-03
0.000000000000000000e+00 2.948291899282263367e-04 3.566820820504548045e-03 8.968293368624620232e-01 6.486841445332233169e-01 2.713734351905848219e-01 1.963197603563786142e+00 8.870743972456995863e-01 2.305499226988100558e-01 1.101684463292723903e-01
0.000000000000000000e+00 2.948291899282263367e-04 3.566820820504548045e-03 4.280834724474600339e-01 5.149539030954836116e-01 1.881783647598875286e-01 2.119703267491275245e-01 4.338877654924060134e-02 6.845160648934038757e-03 1.875540923536637115e-03
0.000000000000000000e+00 2.948291899282263367e-04 3.566820820504548045e-03 2.969320093008083195e-01 4.073038106230343902e-01 3.916453491189407776e-01 1.417190491568078303e-01 8.528471938635702465e-02 6.811034087746523254e-03 1.871208072015628993e-03
0.000000000000000000e+00 2.948291899282263367e-04 3.566820820504548045e-03 1.200763950043212791e+00 1.374641841709763890e+00 5.659779830103859322e-01 3.366757806874209891e+00 3.319217173200416759e+00 3.595911402116371697e-02 8.394690713401105342e-03
0.000000000000000000e+00 2.948291899282263367e-04 3.566820820504548045e-03 8.769154674835071273e-01 6.837902960446092804e-01 2.713734351905848219e-01 1.963197603563786142e+00 1.475298573801120838e+00 1.257318756641427338e-01 5.101250791731954184e-03
0.000000000000000000e+00 2.948291899282263367e-04 3.566820820504548045e-03 1.224762231901585618e+00 1.324625041867976138e+00 5.062759725173441305e-01 3.366747251117002904e+00 6.885989054020067890e+00 4.041924698373509928e-02 9.185098626139785033e-03
0.000000000000000000e+00 2.948291899282263367e-04 3.566820820504548045e-03 1.200763950043212791e+00 8.578259837263055854e-01 7.396590087324386720e-02 1.817986296792527101e+00 2.105818545926611662e+00 1.484669442414271734e-01 6.048250280346746492e-03
0.000000000000000000e+00 2.150356535994840277e-04 3.415074495009799357e-03 2.012581767719359427e-01 1.784251421261815254e-02 5.557468991830506917e-03 3.667870799528169198e-04 3.597881882562314502e-04 1.515684947440144566e-03 4.947716454966954525e-04
0.000000000000000000e+00 2.948291899282263367e-04 3.566820820504548045e-03 2.851105127304527809e+00 1.043439840800995277e+00 6.885121868803242284e-01 2.033481373062209840e+01 5.290198714992362383e+00 2.607289710412126829e-02 5.297015084197204300e-03
0.000000000000000000e+00 2.948291899282263367e-04 3.566820820504548045e-03 1.600533680466906361e+00 9.744288118358138684e-01 6.256329332599462889e-01 3.471823266628279558e+00 5.040357505138933547e+00 3.647408488191293541e-02 8.432236112198336631e-03
0.000000000000000000e+00 2.948291899282263367e-04 3.566820820504548045e-03 3.092859474764499961e-01 4.073200606245138689e-01 1.552098512934161900e-01 4.226966348165303033e-01 2.948259318037729226e-01 5.845538309909099894e-02 2.274384493302610086e-03
0.000000000000000000e+00 2.948291899282263367e-04 1.328866530911664706e-02 8.570056137915378347e-01 6.837902960446092804e-01 2.713734351905848219e-01 1.963197603563786142e+00 1.475298573801120838e+00 1.257318756641427338e-01 5.101250791731954184e-03
0.000000000000000000e+00 2.948291899282263367e-04 3.566820820504548045e-03 1.224762231901585618e+00 1.324625041867976138e+00 5.062759725173441305e-01 3.366747251117002904e+00 2.887029807369646761e+00 3.056964036550745972e-02 7.184244617588609813e-03
0.000000000000000000e+00 2.948291899282263367e-04 3.566820820504548045e-03 1.224762231901585618e+00 1.324625041867976138e+00 5.062759725173441305e-01 3.261660589096085694e+00 5.879268190791466786e+00 3.680602970181413164e-02 8.455111209307461517e-03
0.000000000000000000e+00 2.948291899282263367e-04 3.566820820504548045e-03 1.224762231901585618e+00 1.324625041867976138e+00 5.062759725173441305e-01 3.471833913137919669e+00 5.879293560424031284e+00 3.696861836892282455e-02 8.465914044282991935e-03
0.000000000000000000e+00 2.948291899282263367e-04 3.566820820504548045e-03 1.224762231901585618e+00 1.324625041867976138e+00 4.465739620243023289e-01 3.471823266628279558e+00 5.879280936448536998e+00 3.688760509673484622e-02 8.460565119266811457e-03
0.000000000000000000e+00 2.948291899282263367e-04 3.566820820504548045e-03 2.214159157141553980e+00 1.103038578157183203e+00 5.432244684100426824e-01 2.450916658369534318e+01 2.599851190476163421e+00 1.003419470552769088e-01 4.084930716508388716e-03
0.000000000000000000e+00 2.948291899282263367e-04 3.566820820504548045e-03 4.423360971376018580e-01 4.669748437061935209e-01 2.172460156168490863e-01 8.524351010882365021e-01 3.006983647644236313e-01 1.045154097678707879e-02 2.757255576020701746e-03
0.000000000000000000e+00 2.110139522177564885e-04 3.566820820504548045e-03 1.801125179788058417e-01 1.042974351297882712e-01 2.072458765521906568e-02 4.295064437089658000e-04 4.295064437089658000e-04 1.842472806916435526e-03 5.697893930612574947e-04
0.000000000000000000e+00 2.110139522177564885e-04 3.566820820504548045e-03 2.012581767719359427e-01 1.772311896500516071e-01 2.422630040559952888e-02 5.300464538458652406e-04 5.198308652891495650e-04 2.236438988646544286e-03 6.830421346843746798e-04
0.000000000000000000e+00 2.948291899282263367e-04 3.566820820504548045e-03 1.658697454880060151e+00 1.520810873703567712e+00 1.051537971548333061e+00 3.715916598081705491e+00 9.626893635317852471e+00 4.184740799986713666e-02 9.223400984069556399e-03
0.000000000000000000e+00 2.110139522177564885e-04 3.490522795068585430e-03 2.969320093008083195e-01 2.248864933835973690e-01 2.912949801325318694e-02 6.500944684660394388e-04 6.375079494680861237e-04 2.789157947159816298e-03 8.302409961798260137e-04
0.000000000000000000e+00 2.948291899282263367e-04 3.566820820504548045e-03 2.214159157141553980e+00 1.401548630622392322e+00 4.706839236033345530e-01 7.640665243908746795e+00 1.434606178693562306e+01 1.688764707413869248e-01 6.946006760321015577e-03
0.000000000000000000e+00 2.948291899282263367e-04 3.566820820504548045e-03 3.092859474764499961e-01 4.073200606245138689e-01 3.521844200154960330e-02 1.207873362783602883e-01 9.843940543840250419e-04 3.351464045189725405e-02 1.263375897318236383e-03
0.000000000000000000e+00 2.110139522177564885e-04 3.452691739427951080e-03 2.948291899282263367e-04 7.643462651278726261e-02 3.491716216605356225e-03 2.505961851431170485e-04 2.505961851431170485e-04 1.029759522174994533e-03 3.438563017090229138e-04
0.000000000000000000e+00 2.948291899282263367e-04 3.566820820504548045e-03 1.200763950043212791e+00 1.374641841709763890e+00 5.062759725173441305e-01 3.366747251117002904e+00 3.319206334337019282e+00 3.587128115569905573e-02 8.388049460945038935e-03
0.000000000000000000e+00 2.110139522177564885e-04 3.528566292015173668e-03 2.012581767719359427e-01 1.060341071152191561e-01 6.483379379375300323e-03 4.295064437089658000e-04 4.295064437089658000e-04 1.842472806916435526e-03 5.697893930612574947e-04
0.000000000000000000e+00 2.948291899282263367e-04 3.566820820504548045e-03 8.968293368624620232e-01 6.135585057370634976e-01 2.713578197913270040e-01 2.035803152871610511e+00 7.103465576195083786e-01 2.023995378515118515e-02 5.054674246387597276e-03
0.000000000000000000e+00 2.948291899282263367e-04 3.566820820504548045e-03 1.571451793260329577e+00 1.074488952093307415e+00 5.659470809447679773e-01 3.576909928649197212e+00 4.872585442852501281e+00 3.647408488191293541e-02 8.432236112198336631e-03
0.000000000000000000e+00 2.948291899282263367e-04 3.566820820504548045e-03 1.658697454880060151e+00 8.243483467748154991e-01 7.450203180805069492e-01 3.366747251117002904e+00 9.626775396310708999e+00 4.138801458131190908e-02 9.239319921725625689e-03
0.000000000000000000e+00 2.948291899282263367e-04 3.566820820504548045e-03 1.658697454880060151e+00 8.243483467748154991e-01 7.450203180805069492e-01 3.471833913137919669e+00 9.626789052074512298e+00 4.146489679856184274e-02 9.243144938974285491e-03
0.000000000000000000e+00 2.110139522177564885e-04 3.415074495009799357e-03 1.119655439428189347e-01 1.412416632022985563e-01 6.448484861154244255e-03 4.306250201392221766e-04 4.223864839361130431e-04 1.799998389042816328e-03 5.631911273330013432e-04
0.000000000000000000e+00 2.110139522177564885e-04 3.452691739427951080e-03 1.119655439428189347e-01 4.691754145110692276e-02 4.282168995172362311e-03 3.062992350529930769e-04 3.004757041738715826e-04 1.254013365508174294e-03 4.057367717618593547e-04
0.000000000000000000e+00 2.948291899282263367e-04 3.566820820504548045e-03 1.224762231901585618e+00 1.274583745493850895e+00 1.196663196531767115e+00 4.458091934574227366e+00 6.047197921576497492e+00 2.224124707444239957e-01 9.218610483606044445e-03
0.000000000000000000e+00 2.110139522177564885e-04 3.528566292015173668e-03 3.025061749050248915e-04 4.838503148733908771e-02 4.042573643504542881e-03 2.498681957179608678e-04 2.451691870160407796e-04 9.993702636559534825e-04 3.386108362579438457e-04
0.000000000000000000e+00 2.948291899282263367e-04 3.566820820504548045e-03 2.809198934762105804e+00 1.162824248932164073e+00 5.432978889350275065e-01 4.581807215117589926e+00 1.434589447041669708e+01 4.020943525610445185e-02 8.519932798373677091e-03
0.000000000000000000e+00 2.948291899282263367e-04 3.566820820504548045e-03 8.769154674835071273e-01 6.837902960446092804e-01 2.713734351905848219e-01 1.963197603563786142e+00 9.179911892784202443e-02 1.933343643363713005e-01 4.220216497827566221e-03
0.000000000000000000e+00 2.110139522177564885e-04 2.611430897835240704e-03 9.632457581951780687e-03 3.911748307005248615e-02 4.042573643504542881e-03 2.451691870160407796e-04 2.451691870160407796e-04 9.993702636559534825e-04 9.641618687245877631e-03
0.000000000000000000e+00 2.150356535994840277e-04 1.324591871363184521e-02 1.906874794157393249e-01 7.967004287599137313e-02 6.471962965077282352e-03 4.271530089748412098e-04 4.271530089748412098e-04 1.819695775028054184e-03 5.676130926118165597e-04
0.000000000000000000e+00 2.948291899282263367e-04 1.328866530911664706e-02 8.570056137915378347e-01 6.837902960446092804e-01 2.713734351905848219e-01 1.963197603563786142e+00 1.580385235822037826e+00 2.308847233216686778e-01 6.019776842770279898e-03
0.000000000000000000e+00 2.110139522177564885e-04 3.566820820504548045e-03 3.092859474764499961e-01 1.412410025321197415e-01 7.691021543594323343e-03 5.224348973519079556e-04 5.224348973519079556e-04 2.274273957994436216e-03 7.031830737285352326e-04
0.000000000000000000e+00 2.948291899282263367e-04 3.566820820504548045e-03 1.224762231901585618e+00 1.324625041867976138e+00 5.062759725173441305e-01 3.366747251117002904e+00 5.543711563924701657e+00 3.672389108982616890e-02 8.449551837411388086e-03
0.000000000000000000e+00 2.948291899282263367e-04 3.566820820504548045e-03 1.224762231901585618e+00 1.274583745493850895e+00 5.062607555813883886e-01 3.576909928649197212e+00 6.382647619209792289e+00 4.024942110427414538e-02 9.174535866041829552e-03
0.000000000000000000e+00 2.948291899282263367e-04 3.566820820504548045e-03 1.224762231901585618e+00 1.274583745493850895e+00 5.062607555813883886e-01 3.576909928649197212e+00 6.550432305471717953e+00 4.033463518377265744e-02 9.179872774214559161e-03
0.000000000000000000e+00 2.948291899282263367e-04 1.328866530911664706e-02 2.969345005067014487e-01 2.249001339738087302e-01 2.914219875149501662e-02 2.647529218089786363e-01 8.822614755871695247e-02 6.264678458014712181e-02 1.538001414340884731e-03
0.000000000000000000e+00 2.948291899282263367e-04 3.566820820504548045e-03 1.658697454880060151e+00 1.520810873703567712e+00 1.633072025417779960e+00 3.715961168405748083e+00 9.808441019592152088e+00 4.219803388028704749e-02 9.236823322479187359e-03
0.000000000000000000e+00 2.948291899282263367e-04 3.566820820504548045e-03 1.658697454880060151e+00 1.580512884196609846e+00 9.789392159728187437e-01 3.839620183041539292e+00 1.017140054865077126e+01 4.212905546633315124e-02 9.234337918989888108e-03
0.000000000000000000e+00 2.948291899282263367e-04 3.566820820504548045e-03 4.423360971376018580e-01 2.879282287943087937e-01 1.552098512934161900e-01 4.226966348165303033e-01 8.529496909166266183e-02 6.879110310892862581e-03 4.378602172791900421e-02
0.000000000000000000e+00 2.150356535994840277e-04 1.328866530911664706e-02 4.280863465287543246e-01 2.481004900363990295e-01 1.119325910642839095e-02 7.857650720582636623e-04 7.857650720582636623e-04 3.487711104656445512e-03 1.016221439611456707e-03
0.000000000000000000e+00 2.948291899282263367e-04 3.566820820504548045e-03 2.214159157141553980e+00 1.282144609636308497e+00 4.706561375938930203e-01 7.496578802687897003e+00 1.507202301715979509e+01 1.689111734172203672e-01 6.944986518950493903e-03
0.000000000000000000e+00 9.632457581951780687e-03 3.997468780175705838e-03 2.845920154269457880e-01 4.272176800019892862e-01 1.122016014317617043e-02 1.447822585235624682e-01 1.754757172938449516e-01 4.065985299598381952e-02 1.549709819590839015e-03
0.000000000000000000e+00 2.948291899282263367e-04 3.566820820504548045e-03 6.358044314455429946e-01 5.369508701042496890e-01 2.273658764595816451e-01 1.434953156514693351e+00 7.288929924475144873e-01 1.932740861204107763e-01 4.213980507611861381e-03
0.000000000000000000e+00 2.948291899282263367e-04 3.566820820504548045e-03 1.658697454880060151e+00 1.520810873703567712e+00 1.898163784857066272e+00 3.344882810572691767e+00 9.082448467460222830e+00 4.191868184095688676e-02 9.226285308542423250e-03
0.000000000000000000e+00 2.948291899282263367e-04 3.566820820504548045e-03 2.851105127304527809e+00 9.837378303079532538e-01 1.802002762671210678e-01 2.487212686391810479e+01 2.496044500783997755e+00 7.416213945956887654e-01 4.073894113416432275e-03
0.000000000000000000e+00 2.110139522177564885e-04 3.566820820504548045e-03 3.092859474764499961e-01 2.246656835135337482e-01 9.228329372540122408e-03 6.375079494680861237e-04 2.055137732842297546e-02 2.821325455292661172e-03 8.328991795067213454e-04
0.000000000000000000e+00 2.948291899282263367e-04 3.566820820504548045e-03 2.214159157141553980e+00 1.162740588650225115e+00 2.527843528997101852e-01 8.648978418276614732e+00 1.543505061513351606e+01 3.358825007181417271e-02 6.940271973504107648e-03
0.000000000000000000e+00 2.948291899282263367e-04 3.566820820504548045e-03 1.658697454880060151e+00 8.243483467748154991e-01 7.450203180805069492e-01 3.471833913137919669e+00 9.626789052074512298e+00 4.146489679856184274e-02 9.243144938974285491e-03
0.000000000000000000e+00 2.948291899282263367e-04 3.566820820504548045e-03 1.200763950043212791e+00 1.274559248961513624e+00 5.062450704517261757e-01 3.681985852852475816e+00 6.886001677995561288e+00 4.050325763586049704e-02 9.190213910074152351e-03
0.000000000000000000e+00 2.948291899282263367e-04 3.566820820504548045e-03 2.214159157141553980e+00 1.043336567664141290e+00 5.432081811989929454e-01 2.469064680123678812e+01 2.703657880168323313e+00 2.019501507126699597e-02 4.084930716508388716e-03
0.000000000000000000e+00 2.948291899282263367e-04 1.328866530911664706e-02 8.370917444125830498e-01 6.837704090064369300e-01 3.132640123337490645e-01 1.963197603563786142e+00 2.315991869968445638e+00 2.491332508057146969e-02 6.055137120237564195e-03
0.000000000000000000e+00 2.948291899282263367e-04 3.566820820504548045e-03 2.893011319846949370e+00 1.043458944123177412e+00 6.885258195984134133e-01 1.997183431618295302e+01 5.154705331934578361e+00 1.298383190958219413e-01 5.298695050908678282e-03
0.000000000000000000e+00 2.948291899282263367e-04 3.566820820504548045e-03 1.176765668184839297e+00 8.158988356197367509e-01 1.239755955078559319e-01 1.890591984712451046e+00 2.315991869968445638e+00 2.723204950002413027e-01 6.068636512964864678e-03
0.000000000000000000e+00 2.110139522177564885e-04 3.415074495009799357e-03 1.120005760117602084e-01 5.669456197517340479e-02 5.523685266858015253e-03 3.532955704160820423e-04 3.532955704160820423e-04 1.477967092775624592e-03 5.010503599841090996e-04
0.000000000000000000e+00 2.948291899282263367e-04 3.566820820504548045e-03 2.214159157141553980e+00 1.282144609636308497e+00 2.528142415988140490e-01 7.928713023885706868e+00 1.670550625945663725e+01 2.583093675339935905e-02 5.312945402943720398e-03
0.000000000000000000e+00 2.948291899282263367e-04 3.566820820504548045e-03 2.214159157141553980e+00 1.162740588650225115e+00 9.789240062166401080e-01 1.997183431618295302e+01 4.748234142125259183e+00 2.596746271250833030e-02 5.304954405920433297e-03
0.000000000000000000e+00 2.948291899282263367e-04 3.566820820504548045e-03 1.600533680466906361e+00 1.124552700958189488e+00 9.788398084906213548e-01 4.952882575190263204e+00 9.989939157625128630e+00 4.226644080030815542e-02 9.239209978636666459e-03
0.000000000000000000e+00 2.110139522177564885e-04 3.528566292015173668e-03 2.948291899282263367e-04 9.605760852379661985e-02 4.653338783018354935e-03 2.888232524900767074e-04 2.888232524900767074e-04 1.193047644123033588e-03 3.946536838716763196e-04
0.000000000000000000e+00 2.948291899282263367e-04 3.566820820504548045e-03 8.769154674835071273e-01 6.837902960446092804e-01 2.713734351905848219e-01 1.963197603563786142e+00 1.475298573801120838e+00 2.064521364322556909e-02 5.094843490905763897e-03
0.000000000000000000e+00 2.948291899282263367e-04 3.566820820504548045e-03 2.767292742219683355e+00 1.043400099960590355e+00 7.610973199777397724e-01 2.015329858231093141e+01 5.561173465688346695e+00 2.607289710412126829e-02 5.297015084197204300e-03
0.000000000000000000e+00 2.948291899282263367e-04 3.566820820504548045e-03 2.809198934762105804e+00 9.837182174530384460e-01 5.432554239826608011e-01 4.829178990230428958e+00 1.470887862202118335e+01 4.025945236986503556e-02 8.519966260129531108e-03
0.000000000000000000e+00 2.948291899282263367e-04 3.566820820504548045e-03 2.214159157141553980e+00 1.162740588650225115e+00 1.801703875680171762e-01 8.793022665751124123e+00 1.579804689119947980e+01 2.578298919010544796e-02 5.315231359195307301e-03
0.000000000000000000e+00 2.948291899282263367e-04 3.566820820504548045e-03 8.370877287255974464e-01 1.624632795771193461e+00 1.480168493156118481e-01 2.654175880925609299e+00 2.973803585137986705e+00 1.740761987961504109e-01 7.146259819871692530e-03
0.000000000000000000e+00 2.948291899282263367e-04 3.566820820504548045e-03 2.214159157141553980e+00 1.341846620129350409e+00 4.706702908852451461e-01 4.829190891383614570e+00 1.688686840287843083e+01 3.335096751576442642e-02 6.947855661682529257e-03
0.000000000000000000e+00 2.948291899282263367e-04 3.566820820504548045e-03 6.023721967390212040e-01 5.950771843300416419e-01 1.922402376634217980e-01 8.024188954395575779e-01 5.395259889221983851e-01 8.570030757844160352e-02 3.402438882453292981e-03
0.000000000000000000e+00 2.948291899282263367e-04 3.566820820504548045e-03 8.769154674835071273e-01 6.486646572484494611e-01 2.713578197913270040e-01 1.963189187539917446e+00 2.315982192737906065e+00 2.483856564570122508e-02 6.048250280346746492e-03
0.000000000000000000e+00 2.948291899282263367e-04 3.566820820504548045e-03 2.809198934762105804e+00 1.043420227946080248e+00 5.432701029255859737e-01 4.829190891383614570e+00 1.489038888451563736e+01 3.039187674284196672e-01 6.952970828173908949e-03
0.000000000000000000e+00 2.948291899282263367e-04 3.566820820504548045e-03 2.934917512389371819e+00 5.658614594647206619e-01 8.839094736230834748e-02 2.269403745014211182e+01 5.019214935331474337e+00 7.415423056525648482e-01 4.081950213256254657e-03
0.000000000000000000e+00 2.110139522177564885e-04 3.452691739427951080e-03 2.948291899282263367e-04 8.698051598211521684e-02 4.544056697263309033e-03 2.868212366135504594e-04 2.868212366135504594e-04 1.181711701757699262e-03 4.029368179280343903e-04
0.000000000000000000e+00 2.948291899282263367e-04 3.566820820504548045e-03 2.214159157141553980e+00 1.103038578157183203e+00 3.253825724149636556e-01 8.504919575954161814e+00 1.561653842912367729e+01 1.295405065524147248e-01 1.091229925054683497e-01
0.000000000000000000e+00 2.948291899282263367e-04 3.566820820504548045e-03 1.658697454880060151e+00 1.401406852717484330e+00 3.979802505356069831e-01 5.571339426550209417e+00 1.234941495205388939e+01 3.962571960507345337e-02 8.514043539148303044e-03
0.000000000000000000e+00 2.948291899282263367e-04 3.566820820504548045e-03 2.214159157141553980e+00 1.282144609636308497e+00 9.063399295840509629e-01 4.210730937921042027e+00 1.325690564221880408e+01 2.059112617451403782e-01 8.518519810285920396e-03
0.000000000000000000e+00 2.948291899282263367e-04 3.566820820504548045e-03 1.658697454880060151e+00 1.580512884196609846e+00 1.898182293606302418e+00 3.097486246180433334e+00 9.082436342998747136e+00 4.184740799986713666e-02 9.223400984069556399e-03
0.000000000000000000e+00 2.948291899282263367e-04 3.566820820504548045e-03 1.658697454880060151e+00 1.580512884196609846e+00 5.432554239826608011e-01 4.952882575190263204e+00 1.180492053795494733e+01 2.054683471675357587e-01 1.745244371350764268e-01
0.000000000000000000e+00 2.948291899282263367e-04 3.566820820504548045e-03 2.179033518345393716e+00 7.744072396722931906e-01 3.271699410382186146e-01 3.156541713059151988e+00 8.731555645681675415e+00 4.091433271144631623e-02 9.214148595410736470e-03
0.000000000000000000e+00 2.110139522177564885e-04 3.566820820504548045e-03 1.026711145525859709e-01 8.914902463712012781e-02 5.546413822141509423e-03 3.715517141169176387e-04 3.645932230155358045e-04 1.496076069013879510e-03 4.927102825707362771e-04
0.000000000000000000e+00 2.948291899282263367e-04 3.566820820504548045e-03 1.200763950043212791e+00 8.159197911838835804e-01 2.390901486705641552e-02 1.963197603563786142e+00 2.105818545926611662e+00 1.484669442414271734e-01 6.048250280346746492e-03
0.000000000000000000e+00 2.948291899282263367e-04 3.566820820504548045e-03 2.179033518345393716e+00 1.401526384012195203e+00 4.706702908852451461e-01 4.829190891383614570e+00 1.634237398877949232e+01 1.687336150423061343e-01 6.949447663958261724e-03
0.000000000000000000e+00 2.110139522177564885e-04 3.415074495009799357e-03 2.948291899282263367e-04 1.147754181016468478e-01 4.675451847945363837e-03 1.086560445313724220e-02 2.947252779117725554e-04 1.226709010359095615e-03 4.002871637097437166e-04
0.000000000000000000e+00 2.948291899282263367e-04 3.566820820504548045e-03 2.179033518345393716e+00 1.282122363026111378e+00 5.432554239826608011e-01 7.784696487332810833e+00 1.616103284322261757e+01 2.580711586647806491e-02 5.314112169709104584e-03
0.000000000000000000e+00 2.948291899282263367e-04 3.566820820504548045e-03 2.214159157141553980e+00 1.401548630622392322e+00 1.633142209759013586e+00 5.768056047631404226e+00 1.180507753043105801e+01 4.020943525610445185e-02 8.519932798373677091e-03
0.000000000000000000e+00 2.110139522177564885e-04 3.452691739427951080e-03 2.948291899282263367e-04 1.773663795380837124e-03 3.015747651083287156e-03 1.884180812742967601e-02 2.395942883845946436e-04 9.685056823984724032e-04 3.506391614887753973e-04
0.000000000000000000e+00 2.948291899282263367e-04 3.566820820504548045e-03 1.629615567673483367e+00 1.074533361464151016e+00 3.868719515312604162e-01 5.695017838782169051e+00 1.234940282759242258e+01 3.956958683533141896e-02 8.512998208734023908e-03
0.000000000000000000e+00 2.948291899282263367e-04 3.566820820504548045e-03 2.214159157141553980e+00 1.341846620129350409e+00 8.337401175437101353e-01 6.920424803311415296e+00 1.162357939239807259e+01 2.061714832611929171e-01 8.519932798373677091e-03
0.000000000000000000e+00 2.948291899282263367e-04 3.566820820504548045e-03 1.658697454880060151e+00 1.640214894689651537e+00 4.706561375938930203e-01 4.829178990230428958e+00 1.180490841349347164e+01 3.714232386770111027e-01 8.511866517073007551e-03
0.000000000000000000e+00 2.948291899282263367e-04 3.566820820504548045e-03 2.214159157141553980e+00 1.282144609636308497e+00 4.706561375938930203e-01 7.928755329655264639e+00 1.489055620103456690e+01 1.689793691184609536e-01 6.942755535091010670e-03
0.000000000000000000e+00 2.948291899282263367e-04 3.566820820504548045e-03 2.214159157141553980e+00 1.282144609636308497e+00 3.254282069305070024e-01 7.928727247752092921e+00 1.507203357455303205e+01 3.345507609143359012e-02 6.944986518950493903e-03
0.000000000000000000e+00 2.948291899282263367e-04 3.566820820504548045e-03 2.809198934762105804e+00 1.103122238439122160e+00 3.254423602218591838e-01 2.087922158958906138e+01 5.019211879275923494e+00 2.598915413621554274e-02 5.303458940636700952e-03
0.000000000000000000e+00 2.948291899282263367e-04 3.566820820504548045e-03 4.423360971376018580e-01 4.909731255645663484e-01 1.881783647598875286e-01 5.043256330293532930e-01 1.519298116964826750e-01 8.492457321647965338e-03 2.279144528612826563e-03
0.000000000000000000e+00 2.110139522177564885e-04 3.566820820504548045e-03 4.423360971376018580e-01 1.246801398623862689e-01 9.228329372540122408e-03 2.055137732842297546e-02 6.404604285614940492e-04 2.807466773819256717e-03 8.328991795067213454e-04
0.000000000000000000e+00 2.948291899282263367e-04 3.566820820504548045e-03 8.968293368624620232e-01 2.753339345762274015e-01 2.975859816476584263e-01 7.023424475946403733e-01 5.395195162074695183e-01 2.308756132170665110e-01 3.408249777131578187e-03
0.000000000000000000e+00 2.948291899282263367e-04 3.566820820504548045e-03 1.200763950043212791e+00 1.374641841709763890e+00 1.196681704485700326e+00 4.334400045197923212e+00 5.711628549052654158e+00 4.075169389799352532e-02 9.204901171089973494e-03
0.000000000000000000e+00 2.948291899282263367e-04 3.566820820504548045e-03 8.769154674835071273e-01 6.837902960446092804e-01 7.243845900607309707e-01 2.477457621453261094e+00 8.448619231662330975e-01 2.453504777888198748e-02 6.019776842770279898e-03
0.000000000000000000e+00 2.110139522177564885e-04 3.566820820504548045e-03 2.012581767719359427e-01 1.772972305659280545e-01 7.667318389560481319e-03 5.172051836286385186e-04 5.172051836286385186e-04 2.220617678130320377e-03 6.982896957321033798e-04
0.000000000000000000e+00 2.948291899282263367e-04 3.566820820504548045e-03 1.176765668184839297e+00 1.374616818114621442e+00 5.062607555813883886e-01 3.576909928649197212e+00 3.463276015522876783e+00 3.604637224810126189e-02 8.401221474249619126e-03
0.000000000000000000e+00 2.948291899282263367e-04 3.566820820504548045e-03 2.214159157141553980e+00 1.222442599143266806e+00 4.706414586509677922e-01 7.928741349434549335e+00 1.525354215305771355e+01 3.352246662789039322e-02 6.942755535091010670e-03
0.000000000000000000e+00 2.948291899282263367e-04 1.328866530911664706e-02 6.190916849437037017e-01 5.369508701042496890e-01 2.273658764595816451e-01 1.434953156514693351e+00 5.836650617841285804e-01 1.047885977577682204e-01 4.194829562909471385e-03
0.000000000000000000e+00 2.110139522177564885e-04 1.328866530911664706e-02 1.906874794157393249e-01 6.731610470034971039e-02 6.460332620020116032e-03 4.247797594009869926e-04 4.247797594009869926e-04 1.805627091927890834e-03 5.654137768741487402e-04
0.000000000000000000e+00 2.150356535994840277e-04 3.415074495009799357e-03 1.119655439428189347e-01 3.541684642866847754e-02 1.518151924449673111e-02 3.004757041738715826e-04 3.062992350529930769e-04 1.254013365508174294e-03 4.057367717618593547e-04
0.000000000000000000e+00 2.150356535994840277e-04 3.415074495009799357e-03 1.906853473753709061e-01 2.582313784860055250e-01 7.691021543594323343e-03 5.327098070771181613e-04 5.224348973519079556e-04 2.263252051550725813e-03 6.854152844903058615e-04
0.000000000000000000e+00 2.948291899282263367e-04 1.328866530911664706e-02 6.190916849437037017e-01 5.369508701042496890e-01 2.273658764595816451e-01 1.434953156514693351e+00 7.288929924475144873e-01 1.049101663073173374e-01 4.207670998022630844e-03
0.000000000000000000e+00 2.948291899282263367e-04 3.566820820504548045e-03 6.358044314455429946e-01 5.369508701042496890e-01 2.273658764595816451e-01 1.434953156514693351e+00 7.288929924475144873e-01 1.654624649422182375e-02 4.201287506222509821e-03
0.000000000000000000e+00 2.948291899282263367e-04 3.566820820504548045e-03 2.893011319846949370e+00 9.837569336301356104e-01 6.885121868803242284e-01 2.015331559258912009e+01 5.154705331934578361e+00 2.603162940365656361e-02 5.300329114319803081e-03
0.000000000000000000e+00 2.948291899282263367e-04 3.566820820504548045e-03 8.769154674835071273e-01 6.837902960446092804e-01 2.713734351905848219e-01 1.963197603563786142e+00 8.870743972456995863e-01 2.305499226988100558e-01 5.081784308355222213e-03
0.000000000000000000e+00 2.948291899282263367e-04 3.566820820504548045e-03 2.214159157141553980e+00 1.282144609636308497e+00 1.075863109354280728e-01 7.928684206664328826e+00 1.688698292994422800e+01 1.296138055586434357e-01 5.312945402943720398e-03
0.000000000000000000e+00 2.948291899282263367e-04 3.566820820504548045e-03 8.570015981045523423e-01 1.674703001102048061e+00 9.788213005366880326e-01 2.841355624972137672e+00 2.598901179386315263e+00 3.033595383014404609e-02 7.165693936571593606e-03
0.000000000000000000e+00 2.948291899282263367e-04 1.328866530911664706e-02 6.190916849437037017e-01 5.369508701042496890e-01 2.273658764595816451e-01 1.434953156514693351e+00 7.288929924475144873e-01 1.932740861204107763e-01 4.213980507611861381e-03
0.000000000000000000e+00 2.110139522177564885e-04 3.566820820504548045e-03 2.012581767719359427e-01 2.582466144614074532e-01 7.702538685039132284e-03 5.353513063350336110e-04 5.250174884530040822e-04 2.267841077783371798e-03 6.877640888384153536e-04
0.000000000000000000e+00 2.948291899282263367e-04 3.566820820504548045e-03 6.358044314455429946e-01 5.369508701042496890e-01 2.273658764595816451e-01 1.434953156514693351e+00 7.288929924475144873e-01 1.049101663073173374e-01 4.207670998022630844e-03
0.000000000000000000e+00 2.948291899282263367e-04 3.566820820504548045e-03 2.214159157141553980e+00 1.282144609636308497e+00 4.706561375938930203e-01 7.784696487332810833e+00 1.525354215305771355e+01 3.352246662789039322e-02 6.942755535091010670e-03
0.000000000000000000e+00 2.948291899282263367e-04 3.566820820504548045e-03 1.629615567673483367e+00 1.074533361464151016e+00 5.659779830103859322e-01 3.366757806874209891e+00 9.082294637975568463e+00 2.227306225734728140e-01 9.235389870891275860e-03
0.000000000000000000e+00 2.110139522177564885e-04 3.566820820504548045e-03 2.012581767719359427e-01 1.774303428243416692e-01 7.667318389560481319e-03 3.394943989015020841e-02 5.224348973519079556e-04 2.274273957994436216e-03 6.854152844903058615e-04
0.000000000000000000e+00 2.948291899282263367e-04 3.566820820504548045e-03 6.358044314455429946e-01 5.369508701042496890e-01 2.273658764595816451e-01 1.434953156514693351e+00 7.288929924475144873e-01 1.932740861204107763e-01 9.257790032070738195e-02
0.000000000000000000e+00 2.948291899282263367e-04 3.566820820504548045e-03 2.214159157141553980e+00 1.162740588650225115e+00 2.872911456141679157e-02 9.081110784417422366e+00 1.561654875316649260e+01 2.575855632264922521e-02 5.316302813302979831e-03
0.000000000000000000e+00 2.948291899282263367e-04 1.328866530911664706e-02 4.280863465287543246e-01 2.879282287943087937e-01 1.122016014317617043e-02 3.499431050271873400e-01 3.634213276832835848e-02 4.068935900188728333e-02 1.553533379173402049e-03
0.000000000000000000e+00 2.110139522177564885e-04 3.415074495009799357e-03 2.948291899282263367e-04 4.841263535884641339e-02 3.502004876638114064e-03 2.639844892278834501e-04 2.451691870160407796e-04 9.903813317097900915e-04 3.386108362579438457e-04
0.000000000000000000e+00 2.948291899282263367e-04 3.566820820504548045e-03 8.570015981045523423e-01 1.674703001102048061e+00 9.788213005366880326e-01 2.946442286993054882e+00 2.310794438079817770e+00 1.743159006217273599e-01 7.165693936571593606e-03
0.000000000000000000e+00 2.150356535994840277e-04 3.415074495009799357e-03 1.119655439428189347e-01 3.541684642866847754e-02 1.518151924449673111e-02 3.004757041738715826e-04 3.062992350529930769e-04 1.254013365508174294e-03 4.057367717618593547e-04
0.000000000000000000e+00 2.110139522177564885e-04 3.566820820504548045e-03 1.119655439428189347e-01 7.858706042516613866e-02 1.778497250476961458e-02 3.597881882562314502e-04 1.271372636389775726e-02 1.535352010195604588e-03 4.842497761741859771e-04
0.000000000000000000e+00 2.948291899282263367e-04 3.566820820504548045e-03 4.280834724474600339e-01 5.149539030954836116e-01 1.881783647598875286e-01 3.786070554020871115e-01 5.522426380857681227e-01 7.006345402522259902e-02 6.245399442301680093e-02
0.000000000000000000e+00 2.948291899282263367e-04 3.566820820504548045e-03 1.600533680466906361e+00 1.074511404584064245e+00 9.788213005366880326e-01 5.076574155309619307e+00 9.989939157625128630e+00 4.226644080030815542e-02 9.239209978636666459e-03
0.000000000000000000e+00 2.948291899282263367e-04 3.566820820504548045e-03 2.767292742219683355e+00 1.222506131439715871e+00 4.706839236033345530e-01 4.581795519534058947e+00 1.470887862202118335e+01 4.025945236986503556e-02 8.519966260129531108e-03
0.000000000000000000e+00 2.948291899282263367e-04 3.566820820504548045e-03 1.224762231901585618e+00 1.324625041867976138e+00 1.124067739154007484e+00 4.458091934574227366e+00 6.047197921576497492e+00 4.091433271144631623e-02 9.214148595410736470e-03
0.000000000000000000e+00 2.948291899282263367e-04 3.566820820504548045e-03 1.224762231901585618e+00 1.324625041867976138e+00 1.124067739154007484e+00 4.334388349614392233e+00 6.214971169026409115e+00 4.091433271144631623e-02 9.214148595410736470e-03
0.000000000000000000e+00 2.948291899282263367e-04 3.566820820504548045e-03 1.658697454880060151e+00 1.341704842224442418e+00 5.431913471695638540e-01 5.323944682422579788e+00 1.089741772332856762e+01 4.253437210351613401e-02 9.247776824424710010e-03
0.000000000000000000e+00 2.948291899282263367e-04 3.566820820504548045e-03 2.969320093008083195e-01 4.071172416700614693e-01 3.520512804147125918e-02 1.447822585235624682e-01 9.843940543840250419e-04 4.432753245320436054e-03 1.259975545541750430e-03
0.000000000000000000e+00 2.948291899282263367e-04 1.328866530911664706e-02 4.138337218386125560e-01 5.149539030954836116e-01 1.881783647598875286e-01 4.624194404869312325e-01 4.021304937358660681e-01 1.031603358551348541e-02 2.741269557125495214e-03
0.000000000000000000e+00 2.948291899282263367e-04 3.566820820504548045e-03 1.658697454880060151e+00 1.580512884196609846e+00 1.898182293606302418e+00 3.097486246180433334e+00 8.900938204965770595e+00 4.177555790741727115e-02 9.220415930627898562e-03
0.000000000000000000e+00 2.110139522177564885e-04 3.566820820504548045e-03 2.012581767719359427e-01 1.773636159042983329e-01 2.430467499888700270e-02 5.300464538458652406e-04 1.723594821854983541e-02 2.263252051550725813e-03 7.031830737285352326e-04
0.000000000000000000e+00 2.948291899282263367e-04 3.566820820504548045e-03 1.629615567673483367e+00 1.401381241193094151e+00 3.869009998275174111e-01 5.571339426550209417e+00 1.053443357172406891e+01 4.246824189314987730e-02 9.245781317842318228e-03
0.000000000000000000e+00 2.948291899282263367e-04 3.566820820504548045e-03 2.214159157141553980e+00 1.162740588650225115e+00 9.789240062166401080e-01 2.051632873028188797e+01 5.019223686769733739e+00 1.002958886715616671e-01 4.089139527649506001e-03
0.000000000000000000e+00 2.948291899282263367e-04 3.566820820504548045e-03 2.179033518345393716e+00 1.162718342040027997e+00 8.841817910261585978e-02 2.559804554716832214e+01 2.392237811091837418e+00 2.014965259135275202e-02 4.089139527649506001e-03
0.000000000000000000e+00 2.948291899282263367e-04 3.566820820504548045e-03 1.224762231901585618e+00 1.174501152745600185e+00 4.465269017808208285e-01 5.942399403377699230e+00 5.879424558643149723e+00 4.091433271144631623e-02 9.214148595410736470e-03
0.000000000000000000e+00 2.948291899282263367e-04 3.566820820504548045e-03 8.769154674835071273e-01 6.837902960446092804e-01 2.294672426481627336e-01 2.035803152871610511e+00 8.870743972456995863e-01 2.305499226988100558e-01 5.081784308355222213e-03
0.000000000000000000e+00 2.948291899282263367e-04 3.566820820504548045e-03 1.513288018847176009e+00 7.740541911213533188e-01 5.658614594647206619e-01 2.389112621762243815e+00 5.624021572228599553e+00 3.630471088030798321e-02 8.420156034928726399e-03
0.000000000000000000e+00 2.948291899282263367e-04 3.566820820504548045e-03 2.934917512389371819e+00 5.061594489716788603e-01 1.480786630729351017e-01 2.596100393473578194e+01 2.184624431707511416e+00 7.415746394452860102e-01 4.078831028969610341e-03
0.000000000000000000e+00 2.948291899282263367e-04 3.566820820504548045e-03 1.658697454880060151e+00 1.024513532271315253e+00 4.465739620243023289e-01 5.447623308968400302e+00 1.162339802664864408e+01 4.272936499404612898e-02 9.253183776439978178e-03
0.000000000000000000e+00 2.948291899282263367e-04 3.566820820504548045e-03 8.769154674835071273e-01 1.067224391779265424e+00 4.242393858600572165e-01 2.565821541266356309e+00 2.973803585137986705e+00 1.740761987961504109e-01 7.146259819871692530e-03
0.000000000000000000e+00 2.948291899282263367e-04 3.566820820504548045e-03 8.570015981045523423e-01 1.109106858346038171e+00 4.242393858600572165e-01 2.477457621453261094e+00 3.097496755825988490e+00 3.001735647369310409e-02 7.139583165128193798e-03
0.000000000000000000e+00 2.110139522177564885e-04 3.566820820504548045e-03 2.012581767719359427e-01 7.967004287599137313e-02 6.471962965077282352e-03 4.354989380304945170e-04 4.271530089748412098e-04 1.819695775028054184e-03 5.823325558757573919e-04
0.000000000000000000e+00 2.150356535994840277e-04 3.566820820504548045e-03 2.012581767719359427e-01 1.767078711216289386e-02 1.791140716747203002e-02 3.689624617450536735e-04 3.619158537072368273e-04 1.535352010195604588e-03 4.842497761741859771e-04
0.000000000000000000e+00 2.948291899282263367e-04 3.566820820504548045e-03 1.658697454880060151e+00 1.024513532271315253e+00 3.868719515312604162e-01 5.818721423742004184e+00 1.144192426188898182e+01 4.279323303398513412e-02 9.254794135851890716e-03
0.000000000000000000e+00 2.948291899282263367e-04 3.566820820504548045e-03 1.224762231901585618e+00 1.324625041867976138e+00 5.062759725173441305e-01 3.366747251117002904e+00 2.887029807369646761e+00 1.746284826879647700e-01 7.190234108107875291e-03
0.000000000000000000e+00 2.948291899282263367e-04 3.566820820504548045e-03 2.969320093008083195e-01 1.914542586770755783e-01 1.485865608912934344e-01 2.167668586302037570e-01 1.173119428806913139e-01 4.060038378964427042e-02 1.541944198748227681e-03
0.000000000000000000e+00 2.948291899282263367e-04 3.566820820504548045e-03 1.200763950043212791e+00 1.274559248961513624e+00 4.465430599586844296e-01 5.942412260449143169e+00 5.711651080754966081e+00 4.091433271144631623e-02 9.214148595410736470e-03
0.000000000000000000e+00 2.948291899282263367e-04 3.566820820504548045e-03 2.809198934762105804e+00 1.043420227946080248e+00 6.884980335889719916e-01 2.015329858231093141e+01 5.154702275879027518e+00 1.298172325979342068e-01 5.300329114319803081e-03
0.000000000000000000e+00 2.948291899282263367e-04 1.328866530911664706e-02 2.969345005067014487e-01 2.249001339738087302e-01 2.914219875149501662e-02 2.887512036673515192e-01 3.006628126096084347e-02 6.262172038231358928e-02 1.270073496813143828e-03
0.000000000000000000e+00 2.948291899282263367e-04 3.566820820504548045e-03 2.851105127304527809e+00 4.742646701267314024e-01 5.062759725173441305e-01 2.214963656227737943e+01 4.612749649050236656e+00 1.297958438283760008e-01 5.301917127010591889e-03
0.000000000000000000e+00 2.948291899282263367e-04 3.566820820504548045e-03 1.629615567673483367e+00 1.401381241193094151e+00 3.869009998275174111e-01 5.571339426550209417e+00 1.071593170975705611e+01 4.253437210351613401e-02 9.247776824424710010e-03
0.000000000000000000e+00 2.948291899282263367e-04 3.566820820504548045e-03 8.968293368624620232e-01 6.135585057370634976e-01 2.294516272489049435e-01 2.108408632153814466e+00 4.452547981802220112e-01 1.684428552078854474e-02 4.232469740018197750e-03
0.000000000000000000e+00 2.948291899282263367e-04 3.566820820504548045e-03 4.421926099508440844e-01 2.680143594153539532e-01 3.509167660164618646e-02 7.925673733224438029e-04 7.925673733224438029e-04 3.495702678649635891e-03 1.022278707430273595e-03
0.000000000000000000e+00 2.948291899282263367e-04 3.566820820504548045e-03 2.809198934762105804e+00 1.043420227946080248e+00 5.432701029255859737e-01 4.829190891383614570e+00 1.507188702254861568e+01 3.297756135229712449e-02 6.953210931279259904e-03
0.000000000000000000e+00 2.948291899282263367e-04 3.566820820504548045e-03 2.214159157141553980e+00 1.282144609636308497e+00 2.528142415988140490e-01 7.928713023885706868e+00 1.688700439748961557e+01 2.585445225029630451e-02 5.311731215979912865e-03
0.000000000000000000e+00 2.948291899282263367e-04 3.566820820504548045e-03 2.969320093008083195e-01 2.081703760303364736e-01 2.911654782751161782e-02 1.599454861297378294e-01 1.447822585235624682e-01 4.432753245320436054e-03 1.259975545541750430e-03
0.000000000000000000e+00 2.948291899282263367e-04 3.566820820504548045e-03 2.809198934762105804e+00 1.103122238439122160e+00 3.254423602218591838e-01 2.106071972762205036e+01 5.154705331934578361e+00 2.603162940365656361e-02 5.300329114319803081e-03
0.000000000000000000e+00 2.110139522177564885e-04 3.566820820504548045e-03 2.012581767719359427e-01 1.773636159042983329e-01 1.077289023197948031e-01 6.345310980986808985e-04 6.345310980986808985e-04 2.784373046493779889e-03 8.275554730395142441e-04
0.000000000000000000e+00 2.948291899282263367e-04 3.566820820504548045e-03 1.658697454880060151e+00 8.243483467748154991e-01 8.047223285735488618e-01 5.323944682422579788e+00 8.537941928899806854e+00 4.163012507879351731e-02 9.214142009700540537e-03
0.000000000000000000e+00 2.948291899282263367e-04 3.566820820504548045e-03 4.280834724474600339e-01 4.909556212371107842e-01 1.881641284102722744e-01 5.462264640067220345e-01 6.588766800786759470e-01 1.049623001449136173e-02 2.762470752154248983e-03
0.000000000000000000e+00 2.948291899282263367e-04 3.566820820504548045e-03 1.629615567673483367e+00 1.074533361464151016e+00 4.465739620243023289e-01 5.447623308968400302e+00 1.089740547451671837e+01 2.230537133588381959e-01 9.247776824424710010e-03
0.000000000000000000e+00 2.948291899282263367e-04 3.566820820504548045e-03 2.809198934762105804e+00 9.837182174530384460e-01 3.495766666080983576e-02 2.541656611339623595e+01 2.392237811091837418e+00 2.014965259135275202e-02 4.089139527649506001e-03
0.000000000000000000e+00 2.948291899282263367e-04 3.566820820504548045e-03 8.769154674835071273e-01 6.837902960446092804e-01 2.713734351905848219e-01 1.963197603563786142e+00 7.103465576195083786e-01 1.253266158060683533e-01 5.061576940986141360e-03
0.000000000000000000e+00 2.948291899282263367e-04 3.566820820504548045e-03 2.809198934762105804e+00 1.103122238439122160e+00 2.528283948901662304e-01 2.124220009910168017e+01 5.154705331934578361e+00 2.603162940365656361e-02 5.300329114319803081e-03
0.000000000000000000e+00 2.948291899282263367e-04 3.566820820504548045e-03 4.423360971376018580e-01 4.909731255645663484e-01 4.029134874989243054e-01 5.522185584722659746e-01 4.797977587669522426e-01 1.054068027445460853e-02 2.767629867692652720e-03
0.000000000000000000e+00 2.110139522177564885e-04 3.566820820504548045e-03 1.119655439428189347e-01 4.696676943420558664e-02 4.282168995172362311e-03 3.004757041738715826e-04 3.004757041738715826e-04 1.254013365508174294e-03 4.162668306416771199e-04
0.000000000000000000e+00 2.948291899282263367e-04 3.566820820504548045e-03 4.423360971376018580e-01 4.909731255645663484e-01 1.881783647598875286e-01 5.462318255717754090e-01 1.811674480029838025e-03 5.845538309909099894e-02 5.231568086742784812e-02
0.000000000000000000e+00 2.110139522177564885e-04 3.566820820504548045e-03 2.012581767719359427e-01 1.203531171437311753e-01 6.494585252464219437e-03 1.469291677323950746e-02 4.341546898963248189e-04 1.870433015797393029e-03 5.740741785207701536e-04
0.000000000000000000e+00 2.948291899282263367e-04 3.566820820504548045e-03 8.968293368624620232e-01 6.486841445332233169e-01 2.713734351905848219e-01 1.963197603563786142e+00 3.097398673282529824e+00 2.513493245052919947e-02 6.075250052673923304e-03
0.000000000000000000e+00 2.948291899282263367e-04 3.566820820504548045e-03 2.845780711251666983e-01 4.271076595959116262e-01 1.551965373333384079e-01 1.754718091784474021e-01 1.211999925202578892e-03 7.575583358495238673e-02 1.549709819590839015e-03
0.000000000000000000e+00 2.948291899282263367e-04 3.566820820504548045e-03 8.968293368624620232e-01 8.158104855797210231e-01 6.743614890105249504e-01 2.565821541266356309e+00 2.355285660338815035e+00 2.960773595990590437e-02 7.104687404678781092e-03
0.000000000000000000e+00 2.110139522177564885e-04 3.566820820504548045e-03 7.475351253886731995e-02 1.209315226951956923e-01 1.790035199778318084e-02 3.667870799528169198e-04 3.597881882562314502e-04 1.522828839827171724e-03 4.947716454966954525e-04
0.000000000000000000e+00 2.948291899282263367e-04 3.566820820504548045e-03 2.893011319846949370e+00 4.242393858600572165e-01 2.077659200521349836e-01 2.596100393473578194e+01 2.080817742015346195e+00 8.217204101464314903e-01 4.078831028969610341e-03
0.000000000000000000e+00 2.948291899282263367e-04 3.566820820504548045e-03 2.934917512389371819e+00 5.061594489716788603e-01 1.480786630729351017e-01 2.596100393473578194e+01 2.184624431707511416e+00 7.415746394452860102e-01 4.078831028969610341e-03
0.000000000000000000e+00 2.948291899282263367e-04 3.566820820504548045e-03 8.769154674835071273e-01 6.486646572484494611e-01 2.713578197913270040e-01 2.035803152871610511e+00 8.870743972456995863e-01 2.305499226988100558e-01 1.101684463292723903e-01
0.000000000000000000e+00 2.948291899282263367e-04 3.566820820504548045e-03 8.968293368624620232e-01 6.486841445332233169e-01 2.713734351905848219e-01 1.963197603563786142e+00 6.219826378064129413e-01 2.017104345865263978e-02 5.047687269260405125e-03
0.000000000000000000e+00 2.110139522177564885e-04 3.415074495009799357e-03 1.119655439428189347e-01 1.165910054667504553e-01 5.568322757890861729e-03 3.619158537072368273e-04 3.619158537072368273e-04 1.535352010195604588e-03 4.842497761741859771e-04
0.000000000000000000e+00 2.110139522177564885e-04 3.566820820504548045e-03 1.119655439428189347e-01 6.735685964593451924e-02 5.535153773280689603e-03 3.554782541688216780e-04 3.554782541688216780e-04 1.497591008787294399e-03 4.782183133298798178e-04
0.000000000000000000e+00 2.948291899282263367e-04 3.566820820504548045e-03 8.570015981045523423e-01 1.109106858346038171e+00 4.242393858600572165e-01 2.477457621453261094e+00 3.097496755825988490e+00 3.001735647369310409e-02 7.139583165128193798e-03
0.000000000000000000e+00 2.948291899282263367e-04 3.566820820504548045e-03 5.856560793857604752e-01 6.241397897860380128e-01 4.388807109309262877e-01 1.017067811362669882e+00 4.384150608014185657e-01 1.324251007972074463e-02 3.413996198770658224e-03
0.000000000000000000e+00 2.110139522177564885e-04 3.566820820504548045e-03 1.119655439428189347e-01 4.691754145110692276e-02 4.618793143590416844e-03 3.004757041738715826e-04 3.004757041738715826e-04 1.254013365508174294e-03 4.269444645264099700e-04
0.000000000000000000e+00 2.110139522177564885e-04 3.566820820504548045e-03 2.012581767719359427e-01 3.025429017342470134e-02 5.568322757890861729e-03 3.689624617450536735e-04 3.619158537072368273e-04 1.528129994441628252e-03 4.842497761741859771e-04
0.000000000000000000e+00 2.110139522177564885e-04 3.415074495009799357e-03 2.012679261565973876e-01 5.431034329127943164e-03 5.546413822141509423e-03 3.645932230155358045e-04 3.576423901116470086e-04 1.510241963192741335e-03 4.802504258204194436e-04
0.000000000000000000e+00 2.150356535994840277e-04 3.566820820504548045e-03 4.423360971376018580e-01 2.680143594153539532e-01 5.920340989984469032e-02 2.479420884486714313e-02 7.992592202041653125e-04 3.573668886752216691e-03 1.028213886099563993e-03
0.000000000000000000e+00 2.948291899282263367e-04 3.566820820504548045e-03 2.214159157141553980e+00 1.103038578157183203e+00 3.253825724149636556e-01 8.648978418276614732e+00 1.525355247710052708e+01 3.355555896804935517e-02 6.941545220433661262e-03
0.000000000000000000e+00 2.110139522177564885e-04 3.566820820504548045e-03 2.948291899282263367e-04 1.148895395350790216e-01 1.524828124451041780e-02 3.004208881498062226e-04 3.004208881498062226e-04 1.221067105634453601e-03 4.002871637097437166e-04
0.000000000000000000e+00 2.948291899282263367e-04 3.566820820504548045e-03 1.658697454880060151e+00 1.401406852717484330e+00 3.979802505356069831e-01 5.571339426550209417e+00 1.234941495205388939e+01 3.962571960507345337e-02 8.514043539148303044e-03
0.000000000000000000e+00 2.948291899282263367e-04 3.566820820504548045e-03 2.214159157141553980e+00 1.043336567664141290e+00 5.432081811989929454e-01 2.469064680123678812e+01 2.703657880168323313e+00 1.003568361052282615e-01 4.083457854442378368e-03
0.000000000000000000e+00 2.110139522177564885e-04 3.566820820504548045e-03 2.012581767719359427e-01 1.772972305659280545e-01 2.438343574282136189e-02 5.300464538458652406e-04 5.198308652891495650e-04 2.258327171501667546e-03 6.830421346843746798e-04
0.000000000000000000e+00 2.948291899282263367e-04 3.566820820504548045e-03 5.856560793857604752e-01 6.241397897860380128e-01 1.922402376634217980e-01 8.024188954395575779e-01 5.395259889221983851e-01 1.308634224674862061e-02 3.396563075379768846e-03
0.000000000000000000e+00 2.948291899282263367e-04 3.566820820504548045e-03 1.200763950043212791e+00 1.374641841709763890e+00 5.062759725173441305e-01 3.471833913137919669e+00 3.319217173200416759e+00 3.595911402116371697e-02 8.394690713401105342e-03
0.000000000000000000e+00 2.150356535994840277e-04 3.566820820504548045e-03 2.012581767719359427e-01 3.002472528780442129e-02 5.568322757890861729e-03 3.689624617450536735e-04 3.619158537072368273e-04 1.535352010195604588e-03 4.842497761741859771e-04
0.000000000000000000e+00 2.948291899282263367e-04 3.566820820504548045e-03 2.767292742219683355e+00 1.162804120946673958e+00 2.528283948901662304e-01 2.124220009910168017e+01 5.154705331934578361e+00 1.298383190958219413e-01 5.298695050908678282e-03
0.000000000000000000e+00 2.948291899282263367e-04 3.566820820504548045e-03 2.214159157141553980e+00 1.282144609636308497e+00 4.706561375938930203e-01 7.928755329655264639e+00 1.507205433906755054e+01 1.690128632309946255e-01 6.941545220433661262e-03
0.000000000000000000e+00 2.948291899282263367e-04 3.566820820504548045e-03 2.214159157141553980e+00 1.103038578157183203e+00 8.841817910261585978e-02 9.081110784417422366e+00 1.561654875316649260e+01 1.295652460148146168e-01 5.315231359195307301e-03
0.000000000000000000e+00 2.110139522177564885e-04 3.566820820504548045e-03 2.012581767719359427e-01 1.489250934440580765e-01 2.435881824997322351e-02 5.145576393881573420e-04 5.145576393881573420e-04 2.215477952746567388e-03 6.782215865773058355e-04
0.000000000000000000e+00 2.110139522177564885e-04 1.324591871363184521e-02 1.906874794157393249e-01 1.790035199778318084e-02 5.557468991830506917e-03 3.737939017417104127e-04 3.597881882562314502e-04 1.508506170369037407e-03 4.822608070889896422e-04
0.000000000000000000e+00 2.110139522177564885e-04 3.452691739427951080e-03 1.119655439428189347e-01 1.435893827323116503e-02 4.686208208414921472e-03 3.004208881498062226e-04 2.947252779117725554e-04 1.221067105634453601e-03 4.002871637097437166e-04
0.000000000000000000e+00 2.948291899282263367e-04 3.566820820504548045e-03 2.179033518345393716e+00 1.341824373519153291e+00 4.706561375938930203e-01 7.928755329655264639e+00 1.525355247710052708e+01 3.355555896804935517e-02 6.941545220433661262e-03
0.000000000000000000e+00 2.948291899282263367e-04 1.328866530911664706e-02 4.280863465287543246e-01 2.879282287943087937e-01 1.122016014317617043e-02 3.499431050271873400e-01 1.768446879529677052e-01 6.776729983947515044e-03 1.866830250888604258e-03
0.000000000000000000e+00 2.110139522177564885e-04 3.566820820504548045e-03 1.119655439428189347e-01 7.853835197674755020e-02 5.431034329127943164e-03 3.576423901116470086e-04 3.576423901116470086e-04 1.386418013883440950e-02 4.822608070889896422e-04
0.000000000000000000e+00 2.948291899282263367e-04 3.566820820504548045e-03 2.214159157141553980e+00 1.222442599143266806e+00 4.706414586509677922e-01 7.784682507112089311e+00 1.670551681684986534e+01 2.585445225029630451e-02 5.311731215979912865e-03
0.000000000000000000e+00 2.948291899282263367e-04 3.566820820504548045e-03 4.280834724474600339e-01 5.149539030954836116e-01 1.881783647598875286e-01 2.119703267491275245e-01 1.691073541765067689e-01 8.294977828624228514e-03 2.254837397582940949e-03
0.000000000000000000e+00 3.025061749050248915e-04 3.566820820504548045e-03 3.092859474764499961e-01 2.249001339738087302e-01 9.228329372540122408e-03 1.400471801211502776e-01 1.207839766651895852e-01 6.257120588513474801e-02 1.263375897318236383e-03
0.000000000000000000e+00 2.948291899282263367e-04 3.566820820504548045e-03 8.769154674835071273e-01 6.837902960446092804e-01 2.713734351905848219e-01 1.890583638232093522e+00 2.000722206675154879e+00 2.461160144158560520e-02 6.027035142370487826e-03
0.000000000000000000e+00 2.948291899282263367e-04 3.566820820504548045e-03 2.179033518345393716e+00 1.341824373519153291e+00 4.706561375938930203e-01 7.928755329655264639e+00 1.507205433906755054e+01 3.352246662789039322e-02 6.942755535091010670e-03
0.000000000000000000e+00 2.948291899282263367e-04 3.566820820504548045e-03 6.190883140922821548e-01 5.950960965682347004e-01 2.273809449831927232e-01 7.023485421363588888e-01 4.201219679361147263e-01 1.298080622941845050e-02 3.384614932964378261e-03
0.000000000000000000e+00 2.150356535994840277e-04 3.566820820504548045e-03 2.012581767719359427e-01 7.961220509082636565e-02 6.471962965077282352e-03 1.468812362817228066e-02 4.295064437089658000e-04 1.833693195285898301e-03 5.845644042305142779e-04
0.000000000000000000e+00 2.948291899282263367e-04 3.566820820504548045e-03 8.968293368624620232e-01 6.486841445332233169e-01 2.713734351905848219e-01 1.963197603563786142e+00 6.219826378064129413e-01 2.017104345865263978e-02 5.047687269260405125e-03
0.000000000000000000e+00 2.948291899282263367e-04 3.566820820504548045e-03 8.769154674835071273e-01 6.837902960446092804e-01 2.294672426481627336e-01 1.963189187539917446e+00 9.754301797937322549e-01 1.254632606778929294e-01 5.075131480503161652e-03
0.000000000000000000e+00 2.948291899282263367e-04 3.566820820504548045e-03 2.073656601956914702e+00 8.744311314766115562e-01 5.659627660744301902e-01 3.366747251117002904e+00 7.892697171591597893e+00 4.091433271144631623e-02 9.214148595410736470e-03
0.000000000000000000e+00 2.948291899282263367e-04 3.566820820504548045e-03 2.893011319846949370e+00 9.837569336301356104e-01 1.076004642267802264e-01 2.505362500195109021e+01 2.392239166972710329e+00 6.614595735617274652e-01 4.075574027953477417e-03
0.000000000000000000e+00 2.948291899282263367e-04 3.566820820504548045e-03 1.200763950043212791e+00 1.374641841709763890e+00 1.196681704485700326e+00 4.334400045197923212e+00 5.376059176528810823e+00 4.058666826352855944e-02 9.195219109887105627e-03
0.000000000000000000e+00 2.110139522177564885e-04 3.566820820504548045e-03 1.026625360918309998e-01 6.805228966217787001e-02 5.408472052395312153e-03 3.532955704160820423e-04 3.532955704160820423e-04 1.477967092775624592e-03 5.010503599841090996e-04
0.000000000000000000e+00 2.948291899282263367e-04 3.566820820504548045e-03 4.423360971376018580e-01 2.481004900363990295e-01 2.031795139734152711e-01 4.226966348165303033e-01 2.110135467189288294e-01 8.334888814825218081e-03 2.259801027957773333e-03
0.000000000000000000e+00 2.948291899282263367e-04 3.566820820504548045e-03 2.214159157141553980e+00 1.282144609636308497e+00 3.254282069305070024e-01 7.928727247752092921e+00 1.507203357455303205e+01 3.345507609143359012e-02 6.944986518950493903e-03
0.000000000000000000e+00 2.948291899282263367e-04 3.566820820504548045e-03 1.176765668184839297e+00 8.578050281621588669e-01 2.390901486705641552e-02 1.890583638232093522e+00 2.421068854758823274e+00 1.486169100404063637e-01 6.061932365674274625e-03
0.000000000000000000e+00 2.948291899282263367e-04 3.566820820504548045e-03 2.179033518345393716e+00 1.222420352533069687e+00 2.527843528997101852e-01 8.216801891309247097e+00 1.688700439748961557e+01 1.296611419424567868e-01 5.310469764889012324e-03
0.000000000000000000e+00 2.110139522177564885e-04 3.415074495009799357e-03 2.948291899282263367e-04 1.148895395350790216e-01 4.675451847945363837e-03 2.984274022850179949e-04 2.984274022850179949e-04 1.215545922992410967e-03 3.984302158402465736e-04
0.000000000000000000e+00 2.110139522177564885e-04 3.566820820504548045e-03 1.119655439428189347e-01 7.858706042516613866e-02 5.431034329127943164e-03 3.576423901116470086e-04 3.576423901116470086e-04 1.386418013883440950e-02 4.822608070889896422e-04
0.000000000000000000e+00 2.948291899282263367e-04 3.566820820504548045e-03 8.968293368624620232e-01 6.486841445332233169e-01 2.713734351905848219e-01 1.963197603563786142e+00 3.097398673282529824e+00 2.513493245052919947e-02 6.075250052673923304e-03
0.000000000000000000e+00 2.948291899282263367e-04 3.566820820504548045e-03 2.214159157141553980e+00 1.103038578157183203e+00 5.432244684100426824e-01 2.450916658369534318e+01 2.599851190476163421e+00 1.003419470552769088e-01 4.084930716508388716e-03
0.000000000000000000e+00 2.948291899282263367e-04 3.566820820504548045e-03 2.214159157141553980e+00 1.103038578157183203e+00 5.432244684100426824e-01 2.450916658369534318e+01 2.599851190476163421e+00 2.018012602131942848e-02 4.086368689758715367e-03
0.000000000000000000e+00 2.948291899282263367e-04 3.566820820504548045e-03 1.658697454880060151e+00 1.401406852717484330e+00 5.432081811989929454e-01 5.323957002029955810e+00 1.089742984779003443e+01 4.259993542290963636e-02 9.249675488706319074e-03
0.000000000000000000e+00 2.948291899282263367e-04 3.566820820504548045e-03 2.214159157141553980e+00 1.043336567664141290e+00 6.158221465306860098e-01 2.469066472172833215e+01 2.703659236049201109e+00 2.020967272451315577e-02 4.083457854442378368e-03
0.000000000000000000e+00 2.948291899282263367e-04 3.566820820504548045e-03 4.421926099508440844e-01 2.680143594153539532e-01 3.509167660164618646e-02 7.925673733224438029e-04 7.925673733224438029e-04 3.513343147097274834e-03 1.022278707430273595e-03
0.000000000000000000e+00 2.948291899282263367e-04 3.566820820504548045e-03 2.214159157141553980e+00 1.103038578157183203e+00 4.706105030783496179e-01 8.360889550853077168e+00 1.561654875316649260e+01 1.295652460148146168e-01 5.315231359195307301e-03
0.000000000000000000e+00 2.150356535994840277e-04 3.566820820504548045e-03 4.423360971376018580e-01 2.481004900363990295e-01 1.096692269161467920e-02 7.857650720582636623e-04 7.857650720582636623e-04 3.487711104656445512e-03 2.501450329798489067e-02
0.000000000000000000e+00 2.948291899282263367e-04 3.566820820504548045e-03 4.280834724474600339e-01 4.909556212371107842e-01 3.677706537775929374e-01 6.522888106819511034e-01 4.200957482739104409e-01 1.049623001449136173e-02 2.762470752154248983e-03
0.000000000000000000e+00 2.948291899282263367e-04 3.566820820504548045e-03 8.968293368624620232e-01 6.135585057370634976e-01 3.132640123337490645e-01 1.963197603563786142e+00 1.475298573801120838e+00 2.064521364322556909e-02 5.094843490905763897e-03
0.000000000000000000e+00 2.948291899282263367e-04 3.566820820504548045e-03 1.658697454880060151e+00 1.461108863210526243e+00 9.062942950685075605e-01 4.581807215117589926e+00 1.180492053795494733e+01 3.945577654954017521e-02 8.510648139627785894e-03
0.000000000000000000e+00 2.110139522177564885e-04 3.566820820504548045e-03 3.092859474764499961e-01 2.249001339738087302e-01 2.914219875149501662e-02 6.404604285614940492e-04 6.404604285614940492e-04 2.821325455292661172e-03 2.079025155653259349e-02
0.000000000000000000e+00 2.948291899282263367e-04 3.566820820504548045e-03 1.658697454880060151e+00 8.743896431489394105e-01 7.450369542460300032e-01 3.366757806874209891e+00 9.808287190107497722e+00 4.154119185713806006e-02 9.246865358514197442e-03
0.000000000000000000e+00 2.948291899282263367e-04 3.566820820504548045e-03 2.893011319846949370e+00 5.658428601788428880e-01 2.674826840590187049e-01 2.233107906257465203e+01 4.612743745522155159e+00 1.297521579422843685e-01 5.304954405920433297e-03
0.000000000000000000e+00 2.948291899282263367e-04 1.328866530911664706e-02 4.280863465287543246e-01 2.879282287943087937e-01 1.122016014317617043e-02 3.208612178206105559e-01 1.768401939060017247e-01 6.742247685923664913e-03 1.862407072838024192e-03
0.000000000000000000e+00 2.948291899282263367e-04 3.566820820504548045e-03 2.893011319846949370e+00 5.658428601788428880e-01 3.271846945520605621e-01 2.541656611339623595e+01 3.845531466782117658e+00 1.581558445815535452e-02 3.161653277857158235e-03
0.000000000000000000e+00 2.948291899282263367e-04 1.328866530911664706e-02 4.138337218386125560e-01 5.149539030954836116e-01 1.881783647598875286e-01 5.462318255717754090e-01 4.797775109387114045e-01 1.040661240451013457e-02 2.751983929974989324e-03
0.000000000000000000e+00 2.150356535994840277e-04 1.324591871363184521e-02 1.906874794157393249e-01 1.774303428243416692e-01 7.667318389560481319e-03 5.172051836286385186e-04 5.172051836286385186e-04 2.231483492725774061e-03 6.806443383717460929e-04
0.000000000000000000e+00 2.948291899282263367e-04 3.566820820504548045e-03 8.570015981045523423e-01 6.837704090064369300e-01 3.132640123337490645e-01 1.963197603563786142e+00 1.895645221884777243e+00 2.461160144158560520e-02 6.027035142370487826e-03
0.000000000000000000e+00 2.110139522177564885e-04 3.415074495009799357e-03 2.948291899282263367e-04 1.147754181016468478e-01 1.524828124451041780e-02 2.947252779117725554e-04 3.004208881498062226e-04 1.226709010359095615e-03 4.002871637097437166e-04
0.000000000000000000e+00 2.110139522177564885e-04 3.566820820504548045e-03 2.012679261565973876e-01 1.060341071152191561e-01 6.483379379375300323e-03 1.468213113385075271e-02 4.318402700316267915e-04 1.847619738819852300e-03 5.867730191278864096e-04
0.000000000000000000e+00 2.110139522177564885e-04 3.566820820504548045e-03 3.092859474764499961e-01 2.249001339738087302e-01 2.914219875149501662e-02 4.046819918647127229e-02 6.462931478411279443e-04 2.857905474262438777e-03 8.381347536858466249e-04
0.000000000000000000e+00 2.948291899282263367e-04 3.415074495009799357e-03 2.110139522177564885e-04 6.716050198087850087e-02 4.020798513201816020e-03 2.535821415569615455e-04 2.488032508368130950e-04 1.010450448260508333e-03 3.421278502646143168e-04
0.000000000000000000e+00 2.948291899282263367e-04 1.328866530911664706e-02 6.190916849437037017e-01 5.369508701042496890e-01 2.273658764595816451e-01 1.434953156514693351e+00 7.288929924475144873e-01 1.654624649422182375e-02 4.201287506222509821e-03
0.000000000000000000e+00 2.948291899282263367e-04 3.566820820504548045e-03 6.358044314455429946e-01 5.369508701042496890e-01 2.273658764595816451e-01 1.434953156514693351e+00 5.836650617841285804e-01 1.047885977577682204e-01 4.194829562909471385e-03
0.000000000000000000e+00 2.948291899282263367e-04 3.566820820504548045e-03 1.658697454880060151e+00 1.461108863210526243e+00 4.706105030783496179e-01 5.323957002029955810e+00 1.180492053795494733e+01 2.054683471675357587e-01 8.511866517073007551e-03
0.000000000000000000e+00 2.110139522177564885e-04 3.566820820504548045e-03 1.119655439428189347e-01 7.792968904249956974e-02 5.431034329127943164e-03 3.576423901116470086e-04 3.576423901116470086e-04 1.510241963192741335e-03 4.802504258204194436e-04
0.000000000000000000e+00 2.150356535994840277e-04 1.328866530911664706e-02 1.906874794157393249e-01 1.778497250476961458e-02 1.791140716747203002e-02 3.619158537072368273e-04 3.619158537072368273e-04 1.535352010195604588e-03 4.842497761741859771e-04
0.000000000000000000e+00 2.110139522177564885e-04 3.528566292015173668e-03 3.092859474764499961e-01 1.580356645607653709e-01 7.702538685039132284e-03 5.353513063350336110e-04 5.250174884530040822e-04 2.290140324724998164e-03 6.877640888384153536e-04
0.000000000000000000e+00 2.948291899282263367e-04 3.566820820504548045e-03 2.143907879549233897e+00 7.743881363187750111e-01 3.271547241022629837e-01 3.261617452949382656e+00 8.731555645681675415e+00 2.224124707444239957e-01 1.907167485165922882e-01
0.000000000000000000e+00 2.110139522177564885e-04 3.566820820504548045e-03 2.948291899282263367e-04 8.771272811702000849e-02 4.592884992866893071e-03 2.868212366135504594e-04 2.868212366135504594e-04 1.181711701757699262e-03 3.927333879877538316e-04
0.000000000000000000e+00 2.948291899282263367e-04 3.566820820504548045e-03 4.280834724474600339e-01 4.909556212371107842e-01 1.881641284102722744e-01 9.525112914494028304e-01 4.201089679453946513e-01 1.058489250501427024e-02 2.772733325406348450e-03
0.000000000000000000e+00 2.110139522177564885e-04 3.566820820504548045e-03 2.012679261565973876e-01 1.060341071152191561e-01 6.483379379375300323e-03 4.295064437089658000e-04 1.468213113385075271e-02 1.847619738819852300e-03 5.719429879440155297e-04
0.000000000000000000e+00 2.110139522177564885e-04 1.320340793022865312e-02 1.906874794157393249e-01 7.955466338297779993e-02 2.065761828930650842e-02 4.295064437089658000e-04 4.295064437089658000e-04 1.842472806916435526e-03 5.697893930612574947e-04
0.000000000000000000e+00 2.948291899282263367e-04 3.566820820504548045e-03 4.423360971376018580e-01 2.879282287943087937e-01 1.122016014317617043e-02 3.499431050271873400e-01 3.634213276832835848e-02 4.068935900188728333e-02 1.553533379173402049e-03
0.000000000000000000e+00 2.948291899282263367e-04 3.566820820504548045e-03 1.658697454880060151e+00 1.520810873703567712e+00 6.158541795581752298e-01 4.829178990230428958e+00 9.989927033163661818e+00 4.219803388028704749e-02 9.236823322479187359e-03
0.000000000000000000e+00 2.948291899282263367e-04 3.566820820504548045e-03 8.968293368624620232e-01 8.158104855797210231e-01 1.875762874557450333e-01 2.035803152871610511e+00 8.870743972456995863e-01 2.037659865697575776e-02 5.068395854147879874e-03
0.000000000000000000e+00 2.948291899282263367e-04 3.566820820504548045e-03 2.767292742219683355e+00 1.162804120946673958e+00 5.432842562169380995e-01 4.581795519534058947e+00 1.452738048398820681e+01 4.020943525610445185e-02 8.519932798373677091e-03
0.000000000000000000e+00 2.948291899282263367e-04 3.566820820504548045e-03 2.809198934762105804e+00 1.162824248932164073e+00 5.432978889350275065e-01 4.581807215117589926e+00 1.452739260844967184e+01 4.025945236986503556e-02 8.519966260129531108e-03
0.000000000000000000e+00 2.948291899282263367e-04 3.566820820504548045e-03 6.023721967390212040e-01 5.950771843300416419e-01 1.922402376634217980e-01 8.024188954395575779e-01 5.395259889221983851e-01 8.570030757844160352e-02 3.402438882453292981e-03
0.000000000000000000e+00 2.948291899282263367e-04 3.566820820504548045e-03 5.856560793857604752e-01 6.241397897860380128e-01 1.922402376634217980e-01 8.024188954395575779e-01 5.395259889221983851e-01 1.308634224674862061e-02 3.396563075379768846e-03
0.000000000000000000e+00 2.948291899282263367e-04 3.566820820504548045e-03 1.224762231901585618e+00 1.324625041867976138e+00 5.062759725173441305e-01 3.471833913137919669e+00 6.382647619209792289e+00 4.024942110427414538e-02 9.174535866041829552e-03
0.000000000000000000e+00 2.948291899282263367e-04 3.566820820504548045e-03 2.845780711251666983e-01 4.471149956073328102e-01 2.171701601630738054e-01 8.823393194900322478e-02 2.822125792727039340e-01 4.871722663016858634e-02 1.875540923536637115e-03
0.000000000000000000e+00 2.948291899282263367e-04 3.566820820504548045e-03 2.893011319846949370e+00 5.658428601788428880e-01 2.867464208685149493e-02 2.614246353756853480e+01 5.154746810441522165e+00 1.581558445815535452e-02 3.161653277857158235e-03
0.000000000000000000e+00 2.110139522177564885e-04 3.490522795068585430e-03 1.119655439428189347e-01 2.567420499392226996e-02 1.522028612056087679e-02 2.985754010969273527e-04 2.985754010969273527e-04 1.243087430515347471e-03 4.039401184700464205e-04
0.000000000000000000e+00 2.948291899282263367e-04 3.566820820504548045e-03 2.214159157141553980e+00 1.103038578157183203e+00 5.432244684100426824e-01 2.450916658369534318e+01 2.599851190476163421e+00 2.018012602131942848e-02 4.086368689758715367e-03
0.000000000000000000e+00 2.150356535994840277e-04 3.566820820504548045e-03 2.948291899282263367e-04 1.673482304682453320e-03 3.050934151121155891e-03 1.884180812742967601e-02 2.395942883845946436e-04 9.642056419042631301e-04 3.331793805321401031e-04
0.000000000000000000e+00 2.150356535994840277e-04 1.316113453421274490e-02 1.906972812803062189e-01 1.774303428243416692e-01 7.667318389560481319e-03 5.172051836286385186e-04 5.172051836286385186e-04 2.231483492725774061e-03 6.806443383717460929e-04
0.000000000000000000e+00 2.948291899282263367e-04 3.566820820504548045e-03 2.809198934762105804e+00 1.043420227946080248e+00 7.611119989206649450e-01 1.997181745455613822e+01 5.154702275879027518e+00 2.601054290577373140e-02 5.301917127010591889e-03
0.000000000000000000e+00 2.110139522177564885e-04 3.528566292015173668e-03 2.969320093008083195e-01 2.248864933835973690e-01 2.912949801325318694e-02 6.500944684660394388e-04 6.375079494680861237e-04 2.789157947159816298e-03 8.302409961798260137e-04
0.000000000000000000e+00 2.110139522177564885e-04 3.415074495009799357e-03 2.948291899282263367e-04 6.701865106082227630e-02 3.442294792994937333e-03 2.535821415569615455e-04 9.551811101824745145e-03 1.025095496569231653e-03 3.438563017090229138e-04
0.000000000000000000e+00 2.948291899282263367e-04 3.566820820504548045e-03 1.200763950043212791e+00 1.374641841709763890e+00 1.196681704485700326e+00 4.334400045197923212e+00 5.711628549052654158e+00 4.075169389799352532e-02 9.204901171089973494e-03
0.000000000000000000e+00 2.948291899282263367e-04 3.566820820504548045e-03 1.176765668184839297e+00 8.578050281621588669e-01 2.390901486705641552e-02 1.890583638232093522e+00 2.421068854758823274e+00 1.486169100404063637e-01 6.061932365674274625e-03
0.000000000000000000e+00 2.948291899282263367e-04 3.566820820504548045e-03 6.358044314455429946e-01 1.318511808333526547e+00 3.241567931118066737e-01 1.527562863682569105e+00 7.103465576195083786e-01 2.023995378515118515e-02 5.054674246387597276e-03
0.000000000000000000e+00 2.948291899282263367e-04 3.566820820504548045e-03 1.658697454880060151e+00 8.743896431489394105e-01 7.450369542460300032e-01 3.366757806874209891e+00 9.989785328140476039e+00 2.231150388136330653e-01 9.253994129781716385e-03
0.000000000000000000e+00 2.948291899282263367e-04 3.566820820504548045e-03 4.423360971376018580e-01 4.909731255645663484e-01 1.881783647598875286e-01 5.462318255717754090e-01 1.811674480029838025e-03 5.845538309909099894e-02 2.274384493302610086e-03
0.000000000000000000e+00 2.948291899282263367e-04 3.566820820504548045e-03 1.176765668184839297e+00 1.424658114488746685e+00 4.465739620243023289e-01 3.366736604607362349e+00 4.183548444933346211e+00 3.718740834041513454e-01 8.432236112198336631e-03
0.000000000000000000e+00 2.110139522177564885e-04 1.328866530911664706e-02 1.906874794157393249e-01 1.489250934440580765e-01 7.642700896712345537e-03 5.219231275227563353e-04 5.118880151038018378e-04 2.199391020437631381e-03 6.757735621039013575e-04
0.000000000000000000e+00 2.948291899282263367e-04 3.566820820504548045e-03 2.214159157141553980e+00 1.401548630622392322e+00 4.706839236033345530e-01 7.640665243908746795e+00 1.434606178693562306e+01 3.338607413828265091e-02 6.946963213729455584e-03
0.000000000000000000e+00 2.948291899282263367e-04 3.566820820504548045e-03 8.769154674835071273e-01 1.067224391779265424e+00 4.242393858600572165e-01 2.565821541266356309e+00 2.478989245298649724e+00 2.969067708558669957e-02 7.111869952549535606e-03
0.000000000000000000e+00 2.948291899282263367e-04 3.566820820504548045e-03 2.214159157141553980e+00 1.282144609636308497e+00 5.432701029255859737e-01 7.640651504482177003e+00 1.561653842912367729e+01 1.295405065524147248e-01 5.316302813302979831e-03
0.000000000000000000e+00 2.948291899282263367e-04 3.566820820504548045e-03 2.214159157141553980e+00 1.401548630622392322e+00 3.980699582716415441e-01 7.784710346804630809e+00 1.434606178693562306e+01 3.338607413828265091e-02 6.946963213729455584e-03
0.000000000000000000e+00 2.948291899282263367e-04 3.566820820504548045e-03 2.809198934762105804e+00 1.043420227946080248e+00 7.611119989206649450e-01 1.997181745455613822e+01 5.561173465688346695e+00 2.607289710412126829e-02 5.297015084197204300e-03
0.000000000000000000e+00 2.110139522177564885e-04 3.415074495009799357e-03 2.948291899282263367e-04 7.779393691211314299e-02 4.074277540307133516e-03 2.554145723384617034e-04 2.505961851431170485e-04 1.029759522174994533e-03 3.438563017090229138e-04
0.000000000000000000e+00 2.110139522177564885e-04 3.566820820504548045e-03 4.280834724474600339e-01 1.246679471398541572e-01 2.912949801325318694e-02 6.375079494680861237e-04 6.375079494680861237e-04 2.789157947159816298e-03 8.302409961798260137e-04
0.000000000000000000e+00 2.948291899282263367e-04 3.566820820504548045e-03 1.658697454880060151e+00 1.282002831731400505e+00 4.465887155381441098e-01 5.571339426550209417e+00 9.989939157625128630e+00 4.226644080030815542e-02 9.239209978636666459e-03
0.000000000000000000e+00 2.110139522177564885e-04 3.415074495009799357e-03 9.641036042706755196e-03 2.975938109369993118e-02 3.491733131037557877e-03 9.546335472733855076e-03 2.451691870160407796e-04 9.948877526867220492e-04 2.451691870160407796e-04
0.000000000000000000e+00 2.948291899282263367e-04 3.566820820504548045e-03 8.968293368624620232e-01 6.486841445332233169e-01 2.713734351905848219e-01 1.963197603563786142e+00 2.000731883905694009e+00 2.468770490968873188e-02 6.034199802586440523e-03
0.000000000000000000e+00 2.948291899282263367e-04 3.566820820504548045e-03 2.214159157141553980e+00 1.282144609636308497e+00 4.706561375938930203e-01 7.496578802687897003e+00 1.507202301715979509e+01 1.689111734172203672e-01 6.944986518950493903e-03
0.000000000000000000e+00 2.948291899282263367e-04 3.566820820504548045e-03 2.809198934762105804e+00 5.242895273109964283e-01 5.062759725173441305e-01 2.196813842424439045e+01 4.612746731976828052e+00 1.297741524046736872e-01 5.303458940636700952e-03
0.000000000000000000e+00 2.948291899282263367e-04 3.566820820504548045e-03 2.809198934762105804e+00 1.103122238439122160e+00 3.254423602218591838e-01 2.106071972762205036e+01 5.154705331934578361e+00 2.603162940365656361e-02 5.300329114319803081e-03
0.000000000000000000e+00 2.948291899282263367e-04 3.566820820504548045e-03 2.214159157141553980e+00 1.103038578157183203e+00 5.432244684100426824e-01 2.505366099779429589e+01 2.703661796986922550e+00 1.004001160059307812e-01 4.078831028969610341e-03
0.000000000000000000e+00 2.948291899282263367e-04 1.328866530911664706e-02 4.280863465287543246e-01 2.879282287943087937e-01 3.521844200154960330e-02 3.208652891075418623e-01 1.768446879529677052e-01 6.776729983947515044e-03 1.866830250888604258e-03
0.000000000000000000e+00 2.948291899282263367e-04 3.566820820504548045e-03 6.023721967390212040e-01 5.950771843300416419e-01 1.922402376634217980e-01 1.494647835801114599e+00 3.658231657890496091e-01 1.334520767287350126e-02 3.425297347806059017e-03
0.000000000000000000e+00 2.948291899282263367e-04 3.566820820504548045e-03 2.214159157141553980e+00 1.282144609636308497e+00 4.706561375938930203e-01 7.928755329655264639e+00 1.489055620103456690e+01 1.689793691184609536e-01 6.942755535091010670e-03
0.000000000000000000e+00 2.948291899282263367e-04 3.566820820504548045e-03 2.845780711251666983e-01 4.471149956073328102e-01 1.122016014317617043e-02 1.447822585235624682e-01 9.843940543840250419e-04 3.351464045189725405e-02 1.263375897318236383e-03
0.000000000000000000e+00 2.948291899282263367e-04 3.566820820504548045e-03 1.200763950043212791e+00 1.274559248961513624e+00 5.062450704517261757e-01 3.681985852852475816e+00 6.886001677995561288e+00 4.050325763586049704e-02 9.190213910074152351e-03
0.000000000000000000e+00 2.948291899282263367e-04 3.566820820504548045e-03 1.200763950043212791e+00 1.374641841709763890e+00 1.414523600480779519e+00 4.087027352961206894e+00 5.879424558643149723e+00 4.091433271144631623e-02 9.214148595410736470e-03
0.000000000000000000e+00 2.948291899282263367e-04 3.566820820504548045e-03 4.423360971376018580e-01 2.879282287943087937e-01 1.552098512934161900e-01 4.226966348165303033e-01 8.529496909166266183e-02 4.878530285331492133e-02 1.884073230875489080e-03
0.000000000000000000e+00 2.948291899282263367e-04 1.328866530911664706e-02 2.969345005067014487e-01 4.073200606245138689e-01 3.521844200154960330e-02 1.207873362783602883e-01 1.463938300872681397e-01 5.504555992632732472e-03 1.541944198748227681e-03
0.000000000000000000e+00 2.948291899282263367e-04 3.566820820504548045e-03 2.214159157141553980e+00 1.282144609636308497e+00 9.063399295840509629e-01 4.210730937921042027e+00 1.307540750418581688e+01 2.058576904955695674e-01 8.517985964694682263e-03
0.000000000000000000e+00 2.948291899282263367e-04 3.566820820504548045e-03 2.214159157141553980e+00 1.282144609636308497e+00 8.337259642523578984e-01 4.334423131253363870e+00 1.325690564221880408e+01 3.989869112714480165e-02 8.517985964694682263e-03
0.000000000000000000e+00 2.948291899282263367e-04 3.566820820504548045e-03 6.023721967390212040e-01 5.950771843300416419e-01 1.571145988672619787e-01 8.524539961784508568e-01 4.201219679361147263e-01 1.298080622941845050e-02 3.384614932964378261e-03
0.000000000000000000e+00 2.948291899282263367e-04 1.328866530911664706e-02 8.769194831704927307e-01 6.486841445332233169e-01 1.875610501057406732e-01 2.035794666822121179e+00 3.568827411020635831e-01 1.672607369190438203e-02 4.220216497827566221e-03
0.000000000000000000e+00 2.110139522177564885e-04 3.415074495009799357e-03 2.948291899282263367e-04 5.788663529670493718e-02 3.592698340451752365e-03 2.517334221026391611e-04 2.469943230828653660e-04 1.005009207917025461e-03 3.403794831357770737e-04
0.000000000000000000e+00 2.948291899282263367e-04 3.566820820504548045e-03 4.423360971376018580e-01 2.878344013142934421e-01 1.552098512934161900e-01 4.226966348165303033e-01 8.529496909166266183e-02 9.069149539573698182e-02 2.254837397582940949e-03
0.000000000000000000e+00 2.948291899282263367e-04 3.566820820504548045e-03 6.023721967390212040e-01 5.950771843300416419e-01 1.571145988672619787e-01 8.524539961784508568e-01 4.201219679361147263e-01 1.298080622941845050e-02 3.384614932964378261e-03
0.000000000000000000e+00 2.948291899282263367e-04 3.566820820504548045e-03 6.190883140922821548e-01 5.950960965682347004e-01 2.273809449831927232e-01 7.023485421363588888e-01 4.201219679361147263e-01 1.298080622941845050e-02 3.384614932964378261e-03
0.000000000000000000e+00 2.948291899282263367e-04 3.566820820504548045e-03 1.658697454880060151e+00 1.401406852717484330e+00 2.078088090110941644e-01 5.571314253822337470e+00 1.216789244074759679e+01 3.945577654954017521e-02 8.510648139627785894e-03
0.000000000000000000e+00 2.948291899282263367e-04 3.566820820504548045e-03 4.280834724474600339e-01 5.149539030954836116e-01 1.881783647598875286e-01 4.624194404869312325e-01 4.021304937358660681e-01 1.031603358551348541e-02 2.741269557125495214e-03
0.000000000000000000e+00 2.110139522177564885e-04 3.566820820504548045e-03 2.948291899282263367e-04 7.637763090250833387e-02 4.074277540307133516e-03 2.505961851431170485e-04 2.554145723384617034e-04 1.015694460347839638e-03 3.438563017090229138e-04
0.000000000000000000e+00 3.025061749050248915e-04 3.566820820504548045e-03 3.092973392516163988e-01 2.249001339738087302e-01 9.228329372540122408e-03 1.400345936021523130e-01 1.207839766651895852e-01 4.407431471981791173e-03 3.033842758748013166e-02
0.000000000000000000e+00 2.948291899282263367e-04 3.566820820504548045e-03 1.200763950043212791e+00 1.374641841709763890e+00 3.271699410382186146e-01 3.681975023163725158e+00 6.885989054020067890e+00 4.041924698373509928e-02 9.185098626139785033e-03
0.000000000000000000e+00 2.948291899282263367e-04 3.566820820504548045e-03 2.179033518345393716e+00 1.162718342040027997e+00 7.610663644051216536e-01 4.705487306423779437e+00 1.434588234595522138e+01 4.015891264318949966e-02 8.519816690057156749e-03
0.000000000000000000e+00 2.948291899282263367e-04 3.566820820504548045e-03 4.423360971376018580e-01 2.481004900363990295e-01 1.791812321150423881e-01 4.226919145228006380e-01 8.528986532622874484e-02 6.845160648934038757e-03 1.875540923536637115e-03
0.000000000000000000e+00 2.110139522177564885e-04 3.566820820504548045e-03 1.119655439428189347e-01 7.792968904249956974e-02 5.431034329127943164e-03 3.576423901116470086e-04 1.271158056575331582e-02 1.522828839827171724e-03 4.822608070889896422e-04
0.000000000000000000e+00 2.110139522177564885e-04 3.452691739427951080e-03 1.119655439428189347e-01 3.619858865879836685e-02 1.484519142835702410e-02 3.062992350529930769e-04 3.004757041738715826e-04 1.254013365508174294e-03 4.162668306416771199e-04
0.000000000000000000e+00 2.948291899282263367e-04 3.566820820504548045e-03 1.658697454880060151e+00 1.461108863210526243e+00 1.051522225731893689e+00 3.839608791414026889e+00 1.035288618744978173e+01 4.212905546633315124e-02 9.234337918989888108e-03
0.000000000000000000e+00 2.948291899282263367e-04 3.566820820504548045e-03 2.851105127304527809e+00 4.742646701267314024e-01 2.674679305451768130e-01 2.233106019865466862e+01 4.748231086069708340e+00 1.297521579422843685e-01 5.304954405920433297e-03
0.000000000000000000e+00 2.948291899282263367e-04 3.566820820504548045e-03 6.023721967390212040e-01 5.950771843300416419e-01 1.922402376634217980e-01 1.494647835801114599e+00 3.658231657890496091e-01 1.334520767287350126e-02 3.425297347806059017e-03
0.000000000000000000e+00 2.948291899282263367e-04 1.328866530911664706e-02 2.969345005067014487e-01 4.073200606245138689e-01 3.521844200154960330e-02 1.207873362783602883e-01 1.463938300872681397e-01 5.504555992632732472e-03 1.541944198748227681e-03
0.000000000000000000e+00 2.948291899282263367e-04 3.566820820504548045e-03 1.224762231901585618e+00 1.324625041867976138e+00 5.062759725173441305e-01 3.366747251117002904e+00 5.543711563924701657e+00 2.045085773517438810e-01 8.455111209307461517e-03
0.000000000000000000e+00 2.948291899282263367e-04 3.566820820504548045e-03 1.224762231901585618e+00 1.324625041867976138e+00 5.062759725173441305e-01 3.366747251117002904e+00 5.711496250186620216e+00 3.680602970181413164e-02 8.455111209307461517e-03
0.000000000000000000e+00 2.948291899282263367e-04 3.566820820504548045e-03 2.845780711251666983e-01 4.471149956073328102e-01 1.552098512934161900e-01 8.823005567411447425e-02 2.822080109895061528e-01 9.058911506879163689e-02 1.875540923536637115e-03
0.000000000000000000e+00 2.948291899282263367e-04 3.566820820504548045e-03 2.108782240753074522e+00 8.244098674964143170e-01 5.659627660744301902e-01 3.051487265054250830e+00 8.396012625951234654e+00 4.091433271144631623e-02 9.214148595410736470e-03
0.000000000000000000e+00 2.948291899282263367e-04 1.328866530911664706e-02 2.845805623310597721e-01 4.272176800019892862e-01 3.521844200154960330e-02 1.207873362783602883e-01 3.006628126096084347e-02 3.353983317573677042e-02 1.266741771619090936e-03
0.000000000000000000e+00 2.948291899282263367e-04 3.566820820504548045e-03 4.423360971376018580e-01 2.879282287943087937e-01 1.552098512934161900e-01 4.226966348165303033e-01 8.529496909166266183e-02 9.069149539573698182e-02 2.254837397582940949e-03
0.000000000000000000e+00 2.110139522177564885e-04 3.415074495009799357e-03 2.948291899282263367e-04 1.147754181016468478e-01 4.675451847945363837e-03 1.086560445313724220e-02 2.947252779117725554e-04 1.226709010359095615e-03 4.002871637097437166e-04
0.000000000000000000e+00 2.110139522177564885e-04 3.452691739427951080e-03 2.012581767719359427e-01 7.961220509082636565e-02 6.471962965077282352e-03 4.354989380304945170e-04 4.271530089748412098e-04 1.819695775028054184e-03 5.823325558757573919e-04
0.000000000000000000e+00 2.948291899282263367e-04 3.566820820504548045e-03 1.629615567673483367e+00 1.074533361464151016e+00 5.062759725173441305e-01 3.366747251117002904e+00 9.082280982211758058e+00 4.115383463359809785e-02 9.227212906409791235e-03
0.000000000000000000e+00 2.110139522177564885e-04 3.566820820504548045e-03 1.119655439428189347e-01 6.801423102860108816e-02 5.419855827926281684e-03 3.623806825207418923e-04 3.554782541688216780e-04 1.490603873239336376e-03 5.032093820634899080e-04
0.000000000000000000e+00 2.948291899282263367e-04 3.566820820504548045e-03 2.214159157141553980e+00 1.401548630622392322e+00 1.633142209759013586e+00 5.768056047631404226e+00 1.180507753043105801e+01 4.020943525610445185e-02 8.519932798373677091e-03
0.000000000000000000e+00 2.948291899282263367e-04 3.566820820504548045e-03 1.224762231901585618e+00 1.174501152745600185e+00 4.465269017808208285e-01 5.942399403377699230e+00 5.879424558643149723e+00 4.091433271144631623e-02 9.214148595410736470e-03
0.000000000000000000e+00 2.948291899282263367e-04 3.566820820504548045e-03 1.600533680466906361e+00 1.074511404584064245e+00 5.659627660744301902e-01 3.366747251117002904e+00 9.263779120244743481e+00 4.123248454049513456e-02 9.231354346894629984e-03
0.000000000000000000e+00 2.948291899282263367e-04 3.566820820504548045e-03 1.224762231901585618e+00 1.224542449119725651e+00 4.465430599586844296e-01 5.942412260449143169e+00 5.711651080754966081e+00 2.224124707444239957e-01 9.218610483606044445e-03
0.000000000000000000e+00 2.948291899282263367e-04 1.328866530911664706e-02 2.845805623310597721e-01 2.248864933835973690e-01 1.486127142869825279e-01 1.687771531562423932e-01 1.463938300872681397e-01 5.504555992632732472e-03 1.541944198748227681e-03
0.000000000000000000e+00 2.948291899282263367e-04 3.566820820504548045e-03 2.214159157141553980e+00 1.401548630622392322e+00 3.980699582716415441e-01 7.784710346804630809e+00 1.434606178693562306e+01 3.338607413828265091e-02 6.946963213729455584e-03
0.000000000000000000e+00 2.948291899282263367e-04 3.566820820504548045e-03 1.658697454880060151e+00 1.282002831731400505e+00 4.465887155381441098e-01 5.571339426550209417e+00 9.263946605493199371e+00 2.225748518606184556e-01 9.231753378124655379e-03
0.000000000000000000e+00 2.948291899282263367e-04 3.566820820504548045e-03 1.629615567673483367e+00 1.074533361464151016e+00 4.465739620243023289e-01 5.571326893928232771e+00 1.089741772332856762e+01 2.231198435691959803e-01 9.249675488706319074e-03
0.000000000000000000e+00 2.110139522177564885e-04 3.566820820504548045e-03 2.948291899282263367e-04 9.605760852379661985e-02 4.653338783018354935e-03 2.888232524900767074e-04 2.888232524900767074e-04 1.193047644123033588e-03 3.946536838716763196e-04
0.000000000000000000e+00 2.948291899282263367e-04 3.566820820504548045e-03 2.179033518345393716e+00 1.222420352533069687e+00 2.872911456141679157e-02 2.577954368520130757e+01 2.496045856664875551e+00 2.018012602131942848e-02 4.086368689758715367e-03
0.000000000000000000e+00 2.948291899282263367e-04 3.566820820504548045e-03 1.224762231901585618e+00 1.274583745493850895e+00 1.196663196531767115e+00 4.705499104493894080e+00 3.362665473088071177e+00 3.672389108982616890e-02 8.449551837411388086e-03
0.000000000000000000e+00 2.948291899282263367e-04 3.566820820504548045e-03 2.767292742219683355e+00 1.043400099960590355e+00 8.337112853094327258e-01 4.458115223843595487e+00 1.470889074648265016e+01 4.030896471742687059e-02 8.519917370676857379e-03
0.000000000000000000e+00 2.150356535994840277e-04 3.566820820504548045e-03 4.423360971376018580e-01 2.680143594153539532e-01 5.920340989984469032e-02 2.479420884486714313e-02 7.992592202041653125e-04 3.573668886752216691e-03 2.502649574447299644e-02
0.000000000000000000e+00 2.110139522177564885e-04 3.566820820504548045e-03 1.906853473753709061e-01 2.582313784860055250e-01 7.691021543594323343e-03 5.327098070771181613e-04 5.224348973519079556e-04 2.263252051550725813e-03 6.854152844903058615e-04
0.000000000000000000e+00 2.948291899282263367e-04 3.566820820504548045e-03 1.224762231901585618e+00 1.324625041867976138e+00 5.062759725173441305e-01 3.261660589096085694e+00 5.879268190791466786e+00 3.680602970181413164e-02 8.455111209307461517e-03
0.000000000000000000e+00 2.948291899282263367e-04 3.566820820504548045e-03 2.767292742219683355e+00 1.222506131439715871e+00 4.706839236033345530e-01 4.581795519534058947e+00 1.470887862202118335e+01 4.025945236986503556e-02 8.519966260129531108e-03
0.000000000000000000e+00 2.948291899282263367e-04 3.566820820504548045e-03 2.767292742219683355e+00 1.043400099960590355e+00 8.337112853094327258e-01 4.458115223843595487e+00 1.470889074648265016e+01 4.030896471742687059e-02 8.519917370676857379e-03
0.000000000000000000e+00 2.110139522177564885e-04 3.566820820504548045e-03 2.012581767719359427e-01 1.772972305659280545e-01 9.124790515586449213e-02 6.439791954926972614e-04 6.315296495871500519e-04 2.752260196313117101e-03 8.248422938799761283e-04
0.000000000000000000e+00 2.948291899282263367e-04 3.566820820504548045e-03 1.176765668184839297e+00 1.374616818114621442e+00 5.062607555813883886e-01 3.576909928649197212e+00 3.463276015522876783e+00 3.604637224810126189e-02 8.401221474249619126e-03
0.000000000000000000e+00 2.948291899282263367e-04 3.566820820504548045e-03 1.200763950043212791e+00 1.374641841709763890e+00 5.062759725173441305e-01 3.471833913137919669e+00 3.319217173200416759e+00 2.037438002830893324e-01 8.401221474249619126e-03
0.000000000000000000e+00 2.110139522177564885e-04 3.566820820504548045e-03 3.092859474764499961e-01 2.249001339738087302e-01 2.914219875149501662e-02 2.055432980751638328e-02 2.055725813486664055e-02 2.857905474262438777e-03 8.381347536858466249e-04
0.000000000000000000e+00 2.948291899282263367e-04 3.566820820504548045e-03 2.214159157141553980e+00 1.401548630622392322e+00 4.706839236033345530e-01 4.705499104493894080e+00 1.616087585074650690e+01 3.320649048519419555e-02 6.950780997796560806e-03
0.000000000000000000e+00 2.110139522177564885e-04 3.566820820504548045e-03 1.906853473753709061e-01 2.582313784860055250e-01 7.691021543594323343e-03 5.327098070771181613e-04 5.224348973519079556e-04 2.263252051550725813e-03 6.854152844903058615e-04
0.000000000000000000e+00 2.948291899282263367e-04 3.566820820504548045e-03 2.214159157141553980e+00 1.103038578157183203e+00 3.253825724149636556e-01 8.648978418276614732e+00 1.525355247710052708e+01 3.355555896804935517e-02 6.941545220433661262e-03
0.000000000000000000e+00 2.948291899282263367e-04 1.328866530911664706e-02 4.280863465287543246e-01 2.879282287943087937e-01 1.122016014317617043e-02 3.208612178206105559e-01 1.768401939060017247e-01 6.742247685923664913e-03 1.862407072838024192e-03
0.000000000000000000e+00 2.948291899282263367e-04 3.566820820504548045e-03 4.423360971376018580e-01 4.909731255645663484e-01 1.881783647598875286e-01 5.462318255717754090e-01 1.811674480029838025e-03 5.845538309909099894e-02 2.274384493302610086e-03
0.000000000000000000e+00 2.948291899282263367e-04 3.566820820504548045e-03 8.769154674835071273e-01 6.837902960446092804e-01 2.713734351905848219e-01 1.963197603563786142e+00 7.103465576195083786e-01 1.253266158060683533e-01 5.061576940986141360e-03
0.000000000000000000e+00 2.948291899282263367e-04 1.328866530911664706e-02 1.200768789363301225e+00 1.324625041867976138e+00 5.062759725173441305e-01 3.471833913137919669e+00 6.382647619209792289e+00 4.024942110427414538e-02 9.174535866041829552e-03
0.000000000000000000e+00 2.150356535994840277e-04 3.566820820504548045e-03 2.012581767719359427e-01 1.202867318053609524e-01 6.494585252464219437e-03 4.402920830977208756e-04 4.318402700316267915e-04 1.856488264156435112e-03 5.719429879440155297e-04
0.000000000000000000e+00 2.110139522177564885e-04 3.566820820504548045e-03 1.119655439428189347e-01 7.792968904249956974e-02 5.373791160972024063e-03 3.576423901116470086e-04 3.576423901116470086e-04 1.386418013883440950e-02 4.822608070889896422e-04
0.000000000000000000e+00 2.110139522177564885e-04 3.452691739427951080e-03 2.948291899282263367e-04 1.043436500657509564e-01 4.000218576702971665e-03 2.964165495733596151e-04 2.908077860167684056e-04 1.198819795595397779e-03 3.965525059211700773e-04
0.000000000000000000e+00 2.110139522177564885e-04 3.566820820504548045e-03 2.012581767719359427e-01 3.025429017342470134e-02 5.568322757890861729e-03 3.689624617450536735e-04 3.619158537072368273e-04 1.513581231103066542e-03 4.842497761741859771e-04
0.000000000000000000e+00 2.948291899282263367e-04 3.566820820504548045e-03 1.571451793260329577e+00 6.902806763486617481e-01 2.240897899956184325e-01 3.471711684058631953e+00 5.479974747349762865e+00 2.040893971422336750e-01 8.426250031499831969e-03
0.000000000000000000e+00 2.110139522177564885e-04 3.528566292015173668e-03 2.948291899282263367e-04 9.701573596800794341e-02 4.653338783018354935e-03 2.888232524900767074e-04 2.888232524900767074e-04 1.193047644123033588e-03 3.946536838716763196e-04
0.000000000000000000e+00 2.948291899282263367e-04 3.566820820504548045e-03 2.809198934762105804e+00 1.043420227946080248e+00 3.497234560373509854e-02 2.523508652095096494e+01 2.392237811091837418e+00 7.416060418969849799e-01 4.075574027953477417e-03
0.000000000000000000e+00 2.948291899282263367e-04 3.566820820504548045e-03 4.280834724474600339e-01 5.149539030954836116e-01 3.677878487027644305e-01 7.523775990654324453e-01 4.201154952213859151e-01 1.292760839839581129e-02 3.378541684755252163e-03
0.000000000000000000e+00 2.948291899282263367e-04 3.566820820504548045e-03 2.214159157141553980e+00 1.103038578157183203e+00 8.841817910261585978e-02 9.081110784417422366e+00 1.561654875316649260e+01 1.295652460148146168e-01 5.315231359195307301e-03
