0.000000000000000000e+00 2.110139522177564885e-04 2.948291899282263367e-04 2.300208623118810657e-03 2.150356535994840277e-04 2.330269946368406214e-03 2.110139522177564885e-04 2.110139522177564885e-04
0.000000000000000000e+00 3.566820820504548045e-03 2.948291899282263367e-04 3.566820820504548045e-03 3.854951945682905556e+00 3.938653238512642485e+00 2.160561074682744120e+01 5.314112169709104584e-03
0.000000000000000000e+00 2.150356535994840277e-04 2.948291899282263367e-04 2.270383296408223003e-03 3.025061749050248915e-04 2.809425027125608560e-03 2.110139522177564885e-04 2.150356535994840277e-04
0.000000000000000000e+00 2.150356535994840277e-04 3.025061749050248915e-04 2.270383296408223003e-03 9.543294229155686523e-03 2.856390003561684685e-03 2.377020460513788378e-04 2.377020460513788378e-04
0.000000000000000000e+00 3.342957684364075742e-04 2.948291899282263367e-04 2.579249708641517466e-03 3.025061749050248915e-04 3.528566292015173668e-03 2.150356535994840277e-04 2.110139522177564885e-04
0.000000000000000000e+00 2.110139522177564885e-04 2.150356535994840277e-04 2.270383296408223003e-03 9.641036042706755196e-03 1.195031667336284194e-02 2.395942883845946436e-04 3.331793805321401031e-04
0.000000000000000000e+00 2.150356535994840277e-04 2.948291899282263367e-04 2.270383296408223003e-03 9.543294229155686523e-03 3.912098351270302046e-03 2.377020460513788378e-04 3.313257082961330521e-04
0.000000000000000000e+00 2.150356535994840277e-04 2.948291899282263367e-04 2.270383296408223003e-03 3.025061749050248915e-04 2.877280549165753092e-03 2.110139522177564885e-04 2.948291899282263367e-04
0.000000000000000000e+00 2.110139522177564885e-04 2.948291899282263367e-04 2.547303229369220559e-03 2.948291899282263367e-04 3.340486718947844116e-03 2.392148504314995446e-04 3.261798802968438374e-04
0.000000000000000000e+00 2.150356535994840277e-04 2.948291899282263367e-04 2.547303229369220559e-03 2.814930993113154770e-02 2.665931957761013583e-03 2.414694001053035045e-04 2.460873183031039575e-04
0.000000000000000000e+00 2.110139522177564885e-04 2.110139522177564885e-04 2.547303229369220559e-03 1.893546543293971388e-02 4.009061439709705674e-03 2.395942883845946436e-04 3.331793805321401031e-04
0.000000000000000000e+00 2.110139522177564885e-04 2.948291899282263367e-04 3.139760980535550444e-02 3.350111823022334438e-04 4.020440140089575481e-03 2.414694001053035045e-04 2.414694001053035045e-04
0.000000000000000000e+00 3.342957684364075742e-04 2.948291899282263367e-04 2.579249708641517466e-03 3.025061749050248915e-04 3.528566292015173668e-03 2.150356535994840277e-04 2.110139522177564885e-04
0.000000000000000000e+00 2.110139522177564885e-04 2.948291899282263367e-04 2.547303229369220559e-03 2.948291899282263367e-04 3.340486718947844116e-03 2.392148504314995446e-04 3.261798802968438374e-04
0.000000000000000000e+00 3.566820820504548045e-03 2.948291899282263367e-04 3.566820820504548045e-03 5.017083123562775526e+00 5.378832286843673316e+00 1.833881676013495721e+01 6.942755535091010670e-03
0.000000000000000000e+00 2.110139522177564885e-04 2.948291899282263367e-04 2.240793918937820407e-03 3.754148113491557331e-02 2.640885248484419606e-03 2.433276217459231887e-04 3.368215327497330069e-04
0.000000000000000000e+00 3.566820820504548045e-03 2.948291899282263367e-04 3.566820820504548045e-03 5.136487144548858907e+00 1.809870049385204682e+00 1.852002511247320982e+01 8.519816690057156749e-03
0.000000000000000000e+00 3.566820820504548045e-03 2.948291899282263367e-04 3.566820820504548045e-03 5.076785134055817217e+00 1.368033860667824841e+00 1.960892014760006319e+01 8.519816690057156749e-03
0.000000000000000000e+00 3.566820820504548045e-03 2.948291899282263367e-04 3.566820820504548045e-03 5.136487144548858907e+00 6.885258195984134133e-01 7.208529221851934565e+00 1.762048422968543471e-01
0.000000000000000000e+00 3.566820820504548045e-03 2.948291899282263367e-04 3.566820820504548045e-03 3.854951945682905556e+00 1.341909635149086455e+00 8.563526276292567019e+00 8.426250031499831969e-03
0.000000000000000000e+00 3.566820820504548045e-03 2.948291899282263367e-04 3.566820820504548045e-03 5.136487144548858907e+00 5.502583207449808889e+00 1.706836654091141980e+01 6.946963213729455584e-03
0.000000000000000000e+00 3.566820820504548045e-03 2.948291899282263367e-04 3.566820820504548045e-03 4.957381113069733836e+00 5.502510865072984814e+00 1.779432234603600449e+01 6.946006760321015577e-03
0.000000000000000000e+00 3.566820820504548045e-03 2.948291899282263367e-04 1.328866530911664706e-02 2.893019770346890063e+00 1.632223771990613193e+00 5.767900293716802906e+00 7.152836834241897875e-03
0.000000000000000000e+00 3.566820820504548045e-03 2.948291899282263367e-04 3.566820820504548045e-03 3.854951945682905556e+00 1.196681704485700326e+00 4.581807215117589926e+00 1.511984254875855249e-01
0.000000000000000000e+00 3.566820820504548045e-03 2.948291899282263367e-04 3.566820820504548045e-03 5.136487144548858907e+00 2.467645287482314043e+00 1.144164273643595564e+01 9.246865358514197442e-03
0.000000000000000000e+00 3.566820820504548045e-03 2.948291899282263367e-04 3.566820820504548045e-03 5.017083123562775526e+00 1.898200156408996975e+00 1.144158244934723712e+01 9.231354346894629984e-03
0.000000000000000000e+00 3.566820820504548045e-03 2.948291899282263367e-04 3.566820820504548045e-03 5.017083123562775526e+00 1.986564076222092412e+00 1.107860145312095490e+01 9.227212906409791235e-03
0.000000000000000000e+00 2.150356535994840277e-04 2.948291899282263367e-04 2.270383296408223003e-03 3.025061749050248915e-04 2.877280549165753092e-03 2.110139522177564885e-04 2.150356535994840277e-04
0.000000000000000000e+00 3.566820820504548045e-03 2.948291899282263367e-04 3.566820820504548045e-03 5.076785134055817217e+00 1.633125620107111375e+00 1.024149298415930254e+01 9.214148595410736470e-03
0.000000000000000000e+00 3.566820820504548045e-03 2.948291899282263367e-04 3.566820820504548045e-03 4.957381113069733836e+00 9.789392159728187437e-01 1.141588139371739530e+01 9.214148595410736470e-03
0.000000000000000000e+00 3.566820820504548045e-03 2.948291899282263367e-04 1.328866530911664706e-02 2.893019770346890063e+00 7.449674909438461778e-01 3.787061685184642812e+00 6.055137120237564195e-03
0.000000000000000000e+00 3.566820820504548045e-03 2.948291899282263367e-04 3.566820820504548045e-03 3.754869352934655513e+00 1.414486015121376727e+00 2.526145753968414009e+00 1.297587220800724694e-01
0.000000000000000000e+00 3.566820820504548045e-03 2.948291899282263367e-04 3.566820820504548045e-03 4.957381113069733836e+00 2.074910133232493514e+00 1.416406979968165203e+01 9.236823322479187359e-03
0.000000000000000000e+00 3.566820820504548045e-03 2.948291899282263367e-04 3.566820820504548045e-03 4.957381113069733836e+00 2.782843818423082816e+00 1.888306639578820523e+01 6.953210931279259904e-03
0.000000000000000000e+00 3.566820820504548045e-03 2.948291899282263367e-04 3.566820820504548045e-03 5.136487144548858907e+00 1.809870049385204682e+00 1.597905118001146363e+01 8.509342749426137067e-03
0.000000000000000000e+00 3.566820820504548045e-03 2.948291899282263367e-04 1.328866530911664706e-02 2.851113577804468058e+00 1.995270976833015464e+00 6.344189434021582308e+00 8.388049460945038935e-03
0.000000000000000000e+00 2.150356535994840277e-04 2.948291899282263367e-04 2.114300047735918550e-02 2.441711991541659272e-04 2.622705022755108042e-03 2.395942883845946436e-04 3.418497322689662476e-04
0.000000000000000000e+00 3.566820820504548045e-03 2.948291899282263367e-04 3.566820820504548045e-03 5.136487144548858907e+00 7.611397849301064777e-01 7.064483645633868214e+00 8.420156034928726399e-03
0.000000000000000000e+00 3.566820820504548045e-03 2.948291899282263367e-04 1.328866530911664706e-02 3.804920740274968960e+00 2.251517003913584780e+00 8.563631606044253886e+00 8.465914044282991935e-03
0.000000000000000000e+00 3.566820820504548045e-03 2.948291899282263367e-04 3.566820820504548045e-03 3.804910649308780091e+00 6.491938666558264792e+00 9.082424094186906771e+00 9.220415930627898562e-03
0.000000000000000000e+00 2.110139522177564885e-04 2.948291899282263367e-04 2.240793918937820407e-03 4.675532563310741407e-02 2.649750418939154830e-03 2.451691870160407796e-04 3.386108362579438457e-04
0.000000000000000000e+00 3.566820820504548045e-03 2.948291899282263367e-04 3.566820820504548045e-03 2.893049962255284768e+00 1.922657011501322177e+00 6.632293852562106018e+00 8.394690713401105342e-03
0.000000000000000000e+00 3.566820820504548045e-03 2.948291899282263367e-04 3.566820820504548045e-03 5.136487144548858907e+00 1.809870049385204682e+00 1.616054931804444905e+01 8.510648139627785894e-03
0.000000000000000000e+00 3.566820820504548045e-03 2.948291899282263367e-04 3.566820820504548045e-03 5.017083123562775526e+00 1.898200156408996975e+00 1.652353031427072239e+01 8.511866517073007551e-03
0.000000000000000000e+00 3.566820820504548045e-03 2.948291899282263367e-04 3.566820820504548045e-03 5.136487144548858907e+00 5.502583207449808889e+00 1.688686840287843083e+01 1.424382522647931748e-01
0.000000000000000000e+00 3.566820820504548045e-03 2.948291899282263367e-04 3.566820820504548045e-03 5.136487144548858907e+00 5.502583207449808889e+00 1.670537026484545606e+01 6.948683885232616146e-03
0.000000000000000000e+00 3.566820820504548045e-03 2.948291899282263367e-04 1.328866530911664706e-02 2.179040601527868048e+00 1.282144609636308497e+00 2.420956646419120784e+00 5.075131480503161652e-03
0.000000000000000000e+00 3.566820820504548045e-03 2.948291899282263367e-04 3.566820820504548045e-03 2.214159157141553980e+00 1.222442599143266806e+00 2.035693836168495974e+00 1.101550578750650489e-01
0.000000000000000000e+00 3.566820820504548045e-03 2.948291899282263367e-04 3.566820820504548045e-03 2.179033518345393716e+00 1.401526384012195203e+00 3.471833913137919669e+00 6.055137120237564195e-03
0.000000000000000000e+00 3.566820820504548045e-03 2.948291899282263367e-04 3.566820820504548045e-03 5.136487144548858907e+00 1.721506129572109023e+00 1.507154521000686742e+01 9.245781317842318228e-03
0.000000000000000000e+00 3.566820820504548045e-03 2.948291899282263367e-04 3.566820820504548045e-03 5.136487144548858907e+00 5.378879622489973755e+00 1.670535814038398215e+01 6.949447663958261724e-03
0.000000000000000000e+00 3.566820820504548045e-03 2.948291899282263367e-04 3.566820820504548045e-03 4.957381113069733836e+00 7.610973199777397724e-01 1.191918868888495275e+01 9.214148595410736470e-03
0.000000000000000000e+00 3.566820820504548045e-03 2.948291899282263367e-04 3.566820820504548045e-03 3.854951945682905556e+00 2.074789164287393461e+00 1.452697228267657259e+01 9.226285308542423250e-03
0.000000000000000000e+00 2.110139522177564885e-04 2.948291899282263367e-04 2.330269946368406214e-03 4.675532563310741407e-02 2.649750418939154830e-03 2.451691870160407796e-04 2.451691870160407796e-04
0.000000000000000000e+00 3.566820820504548045e-03 2.948291899282263367e-04 2.259167316010457852e-02 2.851121927829199709e+00 9.837755329160133844e-01 4.952833927543077053e+00 7.111869952549535606e-03
0.000000000000000000e+00 2.150356535994840277e-04 2.948291899282263367e-04 2.270383296408223003e-03 9.543294229155686523e-03 2.856390003561684685e-03 2.377020460513788378e-04 3.399503459971640212e-04
0.000000000000000000e+00 2.110139522177564885e-04 2.190590579645674359e-04 2.300208623118810657e-03 2.824705174468261984e-02 2.875819697910769052e-03 2.414694001053035045e-04 3.350111823022334438e-04
0.000000000000000000e+00 3.566820820504548045e-03 2.948291899282263367e-04 2.259167316010457852e-02 2.809215735286777704e+00 1.995270976833015464e+00 5.623895222409295513e+00 7.171975008785623842e-03
0.000000000000000000e+00 3.566820820504548045e-03 2.948291899282263367e-04 3.566820820504548045e-03 3.854951945682905556e+00 1.341909635149086455e+00 1.434539203716051503e+01 9.253994129781716385e-03
0.000000000000000000e+00 3.566820820504548045e-03 2.948291899282263367e-04 3.566820820504548045e-03 5.136487144548858907e+00 2.257471963440479623e+00 1.652356073475437270e+01 8.514043539148303044e-03
0.000000000000000000e+00 3.566820820504548045e-03 2.948291899282263367e-04 3.566820820504548045e-03 5.076785134055817217e+00 2.677798882304958550e+00 8.899313480127343468e+00 9.209578978865259197e-03
0.000000000000000000e+00 3.566820820504548045e-03 2.948291899282263367e-04 3.566820820504548045e-03 5.076785134055817217e+00 1.809853459733302472e+00 9.570382878561899176e+00 9.204901171089973494e-03
0.000000000000000000e+00 3.566820820504548045e-03 2.948291899282263367e-04 3.566820820504548045e-03 3.754869352934655513e+00 1.414486015121376727e+00 7.352574680750936231e+00 1.762048422968543471e-01
0.000000000000000000e+00 3.566820820504548045e-03 2.948291899282263367e-04 3.566820820504548045e-03 5.136487144548858907e+00 1.809870049385204682e+00 1.398257166164866483e+01 9.234337918989888108e-03
0.000000000000000000e+00 3.566820820504548045e-03 2.948291899282263367e-04 1.328866530911664706e-02 2.893019770346890063e+00 1.922679633317385006e+00 3.715916598081705491e+00 7.111869952549535606e-03
0.000000000000000000e+00 3.566820820504548045e-03 2.948291899282263367e-04 3.566820820504548045e-03 1.658697454880060151e+00 1.282002831731400505e+00 2.035647522308263735e+00 4.232469740018197750e-03
0.000000000000000000e+00 3.566820820504548045e-03 2.948291899282263367e-04 1.328866530911664706e-02 1.629621432116688196e+00 1.024513532271315253e+00 2.124001942200878901e+00 4.232469740018197750e-03
0.000000000000000000e+00 3.566820820504548045e-03 2.948291899282263367e-04 3.566820820504548045e-03 5.136487144548858907e+00 1.456414370132822489e+00 1.343801528560488556e+01 9.214142009700540537e-03
0.000000000000000000e+00 3.566820820504548045e-03 2.948291899282263367e-04 3.566820820504548045e-03 3.854951945682905556e+00 1.341909635149086455e+00 1.507138458929244251e+01 9.220415930627898562e-03
0.000000000000000000e+00 3.566820820504548045e-03 2.948291899282263367e-04 3.566820820504548045e-03 5.136487144548858907e+00 1.809870049385204682e+00 1.579755304197848531e+01 9.254794135851890716e-03
0.000000000000000000e+00 3.566820820504548045e-03 2.948291899282263367e-04 3.566820820504548045e-03 4.957381113069733836e+00 5.378807280113150568e+00 1.815730612286800394e+01 6.944986518950493903e-03
0.000000000000000000e+00 3.566820820504548045e-03 2.948291899282263367e-04 3.566820820504548045e-03 5.076785134055817217e+00 1.721489539920206813e+00 8.060306447503878147e+00 8.460565119266811457e-03
0.000000000000000000e+00 3.566820820504548045e-03 2.948291899282263367e-04 3.566820820504548045e-03 2.809198934762105804e+00 2.140451818041317900e+00 4.087027352961206894e+00 7.132806364646197134e-03
0.000000000000000000e+00 3.566820820504548045e-03 2.948291899282263367e-04 3.566820820504548045e-03 5.136487144548858907e+00 1.721506129572109023e+00 1.724952286640265342e+01 8.515876402404027115e-03
0.000000000000000000e+00 3.566820820504548045e-03 2.948291899282263367e-04 3.566820820504548045e-03 5.076785134055817217e+00 1.898217379546397909e+00 1.670504373214339111e+01 8.514043539148303044e-03
0.000000000000000000e+00 3.566820820504548045e-03 2.948291899282263367e-04 3.566820820504548045e-03 5.017083123562775526e+00 1.986564076222092412e+00 1.089710331508797836e+01 9.222965102307922186e-03
0.000000000000000000e+00 3.566820820504548045e-03 2.948291899282263367e-04 3.566820820504548045e-03 3.804910649308780091e+00 1.269277161863460179e+00 7.496620021662249833e+00 8.420156034928726399e-03
0.000000000000000000e+00 3.566820820504548045e-03 2.948291899282263367e-04 3.566820820504548045e-03 3.854951945682905556e+00 1.414523600480779519e+00 7.064483645633868214e+00 8.420156034928726399e-03
0.000000000000000000e+00 3.566820820504548045e-03 2.948291899282263367e-04 1.328866530911664706e-02 2.893019770346890063e+00 1.341767910663840935e+00 5.200265631129570743e+00 7.139583165128193798e-03
0.000000000000000000e+00 3.566820820504548045e-03 2.948291899282263367e-04 3.566820820504548045e-03 2.214159157141553980e+00 1.341846620129350409e+00 8.014996638432017040e-01 4.201287506222509821e-03
0.000000000000000000e+00 3.566820820504548045e-03 2.948291899282263367e-04 1.328866530911664706e-02 1.629621432116688196e+00 8.243483467748154991e-01 2.123963134929410579e+00 4.207670998022630844e-03
0.000000000000000000e+00 3.566820820504548045e-03 4.423360971376018580e-01 1.140131805772740758e+00 1.375812073694857363e+00 6.885258195984134133e-01 2.685188212889680903e-01 4.213980507611861381e-03
0.000000000000000000e+00 3.566820820504548045e-03 2.948291899282263367e-04 3.566820820504548045e-03 2.214159157141553980e+00 1.222442599143266806e+00 2.946379218706068226e+00 5.101250791731954184e-03
0.000000000000000000e+00 3.566820820504548045e-03 2.948291899282263367e-04 3.566820820504548045e-03 3.854951945682905556e+00 6.368266611349508999e+00 8.356431542054977513e+00 9.253994129781716385e-03
0.000000000000000000e+00 3.566820820504548045e-03 2.948291899282263367e-04 3.566820820504548045e-03 5.017083123562775526e+00 1.986564076222092412e+00 1.652354559411041635e+01 8.512998208734023908e-03
0.000000000000000000e+00 3.566820820504548045e-03 2.948291899282263367e-04 1.328866530911664706e-02 5.076797173131799568e+00 1.809870049385204682e+00 1.525305862787953615e+01 9.249675488706319074e-03
0.000000000000000000e+00 3.566820820504548045e-03 9.632457581951780687e-03 1.330047663116363903e-02 1.571463452419367579e+00 9.244094723417752846e-01 1.527554857934229959e+00 4.194829562909471385e-03
0.000000000000000000e+00 3.566820820504548045e-03 2.948291899282263367e-04 3.566820820504548045e-03 5.017083123562775526e+00 1.986564076222092412e+00 1.452706607574761577e+01 1.898269697401228362e-01
0.000000000000000000e+00 3.566820820504548045e-03 2.948291899282263367e-04 1.328866530911664706e-02 5.076797173131799568e+00 1.721506129572109023e+00 1.561603962410581836e+01 9.251477682917287962e-03
0.000000000000000000e+00 3.566820820504548045e-03 2.948291899282263367e-04 3.566820820504548045e-03 5.136487144548858907e+00 1.633142209759013586e+00 1.107857075350907650e+01 9.218610483606044445e-03
0.000000000000000000e+00 3.566820820504548045e-03 2.948291899282263367e-04 3.566820820504548045e-03 2.214159157141553980e+00 1.401548630622392322e+00 3.261671144853292681e+00 6.048250280346746492e-03
0.000000000000000000e+00 3.566820820504548045e-03 2.948291899282263367e-04 1.328866530911664706e-02 2.179040601527868048e+00 1.401548630622392322e+00 2.631151172727801857e+00 5.101250791731954184e-03
0.000000000000000000e+00 3.566820820504548045e-03 2.948291899282263367e-04 3.566820820504548045e-03 2.934917512389371819e+00 9.837755329160133844e-01 5.323944682422579788e+00 7.132806364646197134e-03
0.000000000000000000e+00 3.566820820504548045e-03 2.948291899282263367e-04 1.328866530911664706e-02 2.893019770346890063e+00 1.850065667985691942e+00 4.087015961333697156e+00 7.125928907595144128e-03
0.000000000000000000e+00 3.566820820504548045e-03 2.948291899282263367e-04 3.566820820504548045e-03 5.017083123562775526e+00 1.809836236595901537e+00 8.228091133765804699e+00 8.465914044282991935e-03
0.000000000000000000e+00 3.566820820504548045e-03 2.948291899282263367e-04 3.566820820504548045e-03 5.076785134055817217e+00 5.626263568005183124e+00 8.174957777295308148e+00 9.210852320335452884e-03
0.000000000000000000e+00 3.566820820504548045e-03 2.948291899282263367e-04 3.566820820504548045e-03 4.897679102576692145e+00 2.163255544296353250e+00 1.162309586721990406e+01 9.239319921725625689e-03
0.000000000000000000e+00 3.566820820504548045e-03 2.948291899282263367e-04 3.566820820504548045e-03 5.136487144548858907e+00 5.131472452570307041e+00 1.616083910373917476e+01 6.952292065458052714e-03
0.000000000000000000e+00 3.566820820504548045e-03 2.948291899282263367e-04 3.566820820504548045e-03 5.136487144548858907e+00 1.809870049385204682e+00 1.779403256034128589e+01 8.518519810285920396e-03
0.000000000000000000e+00 3.566820820504548045e-03 2.948291899282263367e-04 3.566820820504548045e-03 4.957381113069733836e+00 9.789392159728187437e-01 1.141588139371739530e+01 9.214148595410736470e-03
0.000000000000000000e+00 3.566820820504548045e-03 2.948291899282263367e-04 3.566820820504548045e-03 4.957381113069733836e+00 8.337112853094327258e-01 1.175141972765591625e+01 9.214148595410736470e-03
0.000000000000000000e+00 3.566820820504548045e-03 2.948291899282263367e-04 3.566820820504548045e-03 3.854951945682905556e+00 1.414523600480779519e+00 5.623895222409295513e+00 7.171975008785623842e-03
0.000000000000000000e+00 3.566820820504548045e-03 2.948291899282263367e-04 3.566820820504548045e-03 5.076785134055817217e+00 1.633125620107111375e+00 1.398252540158655677e+01 9.226285308542423250e-03
0.000000000000000000e+00 3.566820820504548045e-03 2.948291899282263367e-04 3.566820820504548045e-03 5.136487144548858907e+00 1.633142209759013586e+00 1.815699813679537300e+01 8.518519810285920396e-03
0.000000000000000000e+00 3.566820820504548045e-03 2.948291899282263367e-04 3.566820820504548045e-03 5.136487144548858907e+00 5.131472452570307041e+00 1.597934096570618401e+01 6.952664461976097894e-03
0.000000000000000000e+00 2.110139522177564885e-04 2.948291899282263367e-04 5.016541177422734893e-02 3.474156255304015179e-04 4.042573643504542881e-03 2.451691870160407796e-04 3.386108362579438457e-04
0.000000000000000000e+00 3.566820820504548045e-03 2.948291899282263367e-04 3.566820820504548045e-03 3.854951945682905556e+00 1.986425244474298024e+00 1.398246173777924639e+01 9.214142009700540537e-03
0.000000000000000000e+00 3.566820820504548045e-03 2.948291899282263367e-04 3.566820820504548045e-03 3.854951945682905556e+00 1.341909635149086455e+00 1.452689017519349335e+01 9.210852320335452884e-03
0.000000000000000000e+00 3.566820820504548045e-03 2.948291899282263367e-04 3.566820820504548045e-03 5.136487144548858907e+00 1.809870049385204682e+00 1.616054931804444905e+01 8.510648139627785894e-03
0.000000000000000000e+00 3.566820820504548045e-03 2.948291899282263367e-04 3.566820820504548045e-03 5.136487144548858907e+00 5.255176037530142175e+00 1.597935333944021252e+01 6.952292065458052714e-03
0.000000000000000000e+00 3.566820820504548045e-03 2.948291899282263367e-04 3.566820820504548045e-03 5.136487144548858907e+00 5.378879622489973755e+00 1.652386000235100383e+01 6.950146775950251030e-03
0.000000000000000000e+00 3.566820820504548045e-03 2.948291899282263367e-04 3.566820820504548045e-03 4.957381113069733836e+00 5.378807280113150568e+00 1.833880426090097870e+01 6.943902705666310168e-03
0.000000000000000000e+00 3.566820820504548045e-03 2.948291899282263367e-04 3.566820820504548045e-03 3.854951945682905556e+00 2.074789164287393461e+00 1.434547414464358717e+01 9.223400984069556399e-03
0.000000000000000000e+00 3.566820820504548045e-03 2.948291899282263367e-04 3.566820820504548045e-03 5.017083123562775526e+00 1.986564076222092412e+00 1.452706607574761577e+01 9.241498274442986466e-03
0.000000000000000000e+00 2.110139522177564885e-04 2.948291899282263367e-04 5.967617378915239523e-02 3.403794831357770737e-04 4.053337044326792843e-03 2.469943230828653660e-04 3.403794831357770737e-04
0.000000000000000000e+00 3.566820820504548045e-03 2.948291899282263367e-04 1.328866530911664706e-02 1.542375770496958065e+00 6.902806763486617481e-01 1.890591984712451046e+00 4.201287506222509821e-03
0.000000000000000000e+00 2.110139522177564885e-04 2.948291899282263367e-04 2.120991936257035984e-02 3.754521078448387617e-02 2.658469665159558619e-03 2.469943230828653660e-04 3.403794831357770737e-04
0.000000000000000000e+00 3.566820820504548045e-03 2.948291899282263367e-04 1.328866530911664706e-02 4.837989131159631029e+00 2.163255544296353250e+00 8.899258258855310189e+00 9.190213910074152351e-03
0.000000000000000000e+00 3.566820820504548045e-03 2.948291899282263367e-04 3.566820820504548045e-03 2.214159157141553980e+00 1.282144609636308497e+00 4.829105384169225523e+00 6.088207243534765264e-03
0.000000000000000000e+00 3.566820820504548045e-03 2.948291899282263367e-04 3.566820820504548045e-03 5.076785134055817217e+00 1.809853459733302472e+00 1.561603962410581836e+01 9.251477682917287962e-03
0.000000000000000000e+00 3.566820820504548045e-03 2.948291899282263367e-04 3.566820820504548045e-03 5.017083123562775526e+00 5.255128701883839071e+00 1.652382288057116000e+01 6.951853869793588742e-03
0.000000000000000000e+00 3.566820820504548045e-03 2.948291899282263367e-04 3.566820820504548045e-03 5.136487144548858907e+00 1.633142209759013586e+00 8.563660506289647145e+00 8.476298825357331257e-03
0.000000000000000000e+00 3.566820820504548045e-03 2.948291899282263367e-04 3.566820820504548045e-03 5.076785134055817217e+00 5.626263568005183124e+00 8.174957777295308148e+00 9.210852320335452884e-03
0.000000000000000000e+00 3.566820820504548045e-03 2.948291899282263367e-04 3.566820820504548045e-03 2.893011319846949370e+00 1.995270976833015464e+00 4.210730937921042027e+00 7.139583165128193798e-03
0.000000000000000000e+00 3.566820820504548045e-03 2.948291899282263367e-04 3.566820820504548045e-03 3.854951945682905556e+00 2.251517003913584780e+00 8.060277547258491992e+00 8.449551837411388086e-03
0.000000000000000000e+00 3.566820820504548045e-03 2.948291899282263367e-04 3.566820820504548045e-03 5.136487144548858907e+00 1.721506129572109023e+00 8.731459447252294837e+00 9.179872774214559161e-03
0.000000000000000000e+00 3.566820820504548045e-03 2.948291899282263367e-04 3.566820820504548045e-03 5.017083123562775526e+00 1.809836236595901537e+00 1.761250372269643094e+01 8.516664572416869292e-03
0.000000000000000000e+00 3.566820820504548045e-03 2.948291899282263367e-04 3.566820820504548045e-03 3.854951945682905556e+00 2.251517003913584780e+00 7.892492860996565440e+00 8.443886522081764379e-03
0.000000000000000000e+00 3.566820820504548045e-03 2.948291899282263367e-04 3.566820820504548045e-03 1.658697454880060151e+00 1.024513532271315253e+00 2.035638022387783241e+00 4.226379425185804693e-03
0.000000000000000000e+00 3.566820820504548045e-03 2.948291899282263367e-04 3.566820820504548045e-03 3.854951945682905556e+00 1.414523600480779519e+00 6.344189434021582308e+00 8.388049460945038935e-03
0.000000000000000000e+00 3.566820820504548045e-03 2.948291899282263367e-04 3.566820820504548045e-03 2.179033518345393716e+00 1.401526384012195203e+00 4.334303576951862524e+00 6.068636512964864678e-03
0.000000000000000000e+00 3.566820820504548045e-03 2.948291899282263367e-04 3.566820820504548045e-03 2.893011319846949370e+00 1.995270976833015464e+00 6.200130591699124949e+00 8.381297186237195163e-03
0.000000000000000000e+00 3.566820820504548045e-03 2.948291899282263367e-04 3.566820820504548045e-03 5.136487144548858907e+00 1.809870049385204682e+00 8.228119513807623520e+00 8.476298825357331257e-03
0.000000000000000000e+00 3.566820820504548045e-03 2.948291899282263367e-04 3.566820820504548045e-03 3.854951945682905556e+00 2.163153084100489121e+00 8.395832272834397259e+00 8.455111209307461517e-03
0.000000000000000000e+00 3.566820820504548045e-03 2.948291899282263367e-04 3.566820820504548045e-03 3.854951945682905556e+00 2.339880923726680440e+00 8.060292062754323084e+00 8.455111209307461517e-03
0.000000000000000000e+00 3.566820820504548045e-03 2.948291899282263367e-04 3.566820820504548045e-03 5.136487144548858907e+00 2.257471963440479623e+00 1.706805514885332187e+01 8.516664572416869292e-03
0.000000000000000000e+00 3.566820820504548045e-03 2.948291899282263367e-04 3.566820820504548045e-03 3.854951945682905556e+00 1.269295669817393390e+00 4.458115223843595487e+00 7.139583165128193798e-03
0.000000000000000000e+00 2.110139522177564885e-04 2.948291899282263367e-04 2.270383296408223003e-03 5.605383953138140529e-02 3.432489083876018483e-03 2.469943230828653660e-04 3.403794831357770737e-04
0.000000000000000000e+00 2.110139522177564885e-04 2.948291899282263367e-04 2.120991936257035984e-02 3.754521078448387617e-02 2.658469665159558619e-03 2.469943230828653660e-04 3.403794831357770737e-04
0.000000000000000000e+00 3.566820820504548045e-03 2.948291899282263367e-04 3.566820820504548045e-03 2.214159157141553980e+00 1.341846620129350409e+00 7.288856985115086395e-01 4.194829562909471385e-03
0.000000000000000000e+00 3.566820820504548045e-03 1.224762231901585618e+00 7.321279202838253397e-01 9.573798130271911067e-01 3.497234560373509854e-02 7.599858026465737548e-02 3.390621909856050224e-03
0.000000000000000000e+00 3.566820820504548045e-03 2.948291899282263367e-04 3.566820820504548045e-03 5.136487144548858907e+00 2.362558625461396833e+00 1.616057946086484165e+01 8.512998208734023908e-03
0.000000000000000000e+00 3.566820820504548045e-03 2.948291899282263367e-04 3.566820820504548045e-03 5.076785134055817217e+00 1.809853459733302472e+00 1.852000983263352651e+01 8.519617637731947274e-03
0.000000000000000000e+00 3.566820820504548045e-03 2.948291899282263367e-04 3.566820820504548045e-03 5.136487144548858907e+00 1.721506129572109023e+00 8.899244133514212507e+00 9.185098626139785033e-03
0.000000000000000000e+00 3.566820820504548045e-03 2.948291899282263367e-04 1.328866530911664706e-02 2.893019770346890063e+00 9.837755329160133844e-01 4.581723172663573429e+00 6.088207243534765264e-03
0.000000000000000000e+00 3.025061749050248915e-04 2.190590579645674359e-04 2.547303229369220559e-03 6.536134133508327004e-02 2.770775924496729232e-03 2.488032508368130950e-04 3.421278502646143168e-04
0.000000000000000000e+00 3.566820820504548045e-03 2.948291899282263367e-04 3.566820820504548045e-03 5.076785134055817217e+00 1.809853459733302472e+00 1.579753776213879490e+01 9.253183776439978178e-03
0.000000000000000000e+00 3.566820820504548045e-03 2.948291899282263367e-04 1.328866530911664706e-02 2.893019770346890063e+00 1.632223771990613193e+00 5.767900293716802906e+00 7.152836834241897875e-03
0.000000000000000000e+00 3.566820820504548045e-03 2.948291899282263367e-04 3.566820820504548045e-03 5.076785134055817217e+00 1.544761700294015716e+00 1.797546873642943055e+01 8.516664572416869292e-03
0.000000000000000000e+00 3.566820820504548045e-03 2.948291899282263367e-04 3.566820820504548045e-03 3.804910649308780091e+00 6.739345836477931506e+00 8.900950329427235630e+00 9.223400984069556399e-03
0.000000000000000000e+00 3.566820820504548045e-03 2.948291899282263367e-04 1.328866530911664706e-02 2.809207385262046053e+00 2.067861707302712571e+00 5.912012907054210231e+00 7.184244617588609813e-03
0.000000000000000000e+00 3.566820820504548045e-03 2.948291899282263367e-04 3.566820820504548045e-03 3.854951945682905556e+00 1.341909635149086455e+00 6.344176167917191300e+00 8.381297186237195163e-03
0.000000000000000000e+00 3.566820820504548045e-03 2.948291899282263367e-04 3.566820820504548045e-03 5.136487144548858907e+00 1.544778289945917926e+00 1.761248816224618707e+01 8.515876402404027115e-03
0.000000000000000000e+00 3.566820820504548045e-03 2.948291899282263367e-04 3.566820820504548045e-03 3.854951945682905556e+00 1.124067739154007484e+00 4.705499104493894080e+00 7.139583165128193798e-03
0.000000000000000000e+00 3.566820820504548045e-03 2.948291899282263367e-04 1.328866530911664706e-02 5.076797173131799568e+00 1.809870049385204682e+00 1.706804000820935485e+01 8.515876402404027115e-03
0.000000000000000000e+00 3.566820820504548045e-03 2.948291899282263367e-04 3.566820820504548045e-03 5.136487144548858907e+00 1.809870049385204682e+00 1.525305862787953615e+01 9.249675488706319074e-03
0.000000000000000000e+00 3.566820820504548045e-03 2.948291899282263367e-04 3.566820820504548045e-03 2.934917512389371819e+00 9.837755329160133844e-01 5.323944682422579788e+00 7.132806364646197134e-03
0.000000000000000000e+00 3.566820820504548045e-03 2.948291899282263367e-04 3.566820820504548045e-03 3.854951945682905556e+00 1.269295669817393390e+00 6.632280469138649437e+00 8.388049460945038935e-03
0.000000000000000000e+00 3.566820820504548045e-03 2.948291899282263367e-04 3.566820820504548045e-03 5.136487144548858907e+00 1.721506129572109023e+00 9.905952251085741622e+00 9.214148595410736470e-03
0.000000000000000000e+00 3.566820820504548045e-03 2.948291899282263367e-04 3.566820820504548045e-03 2.934917512389371819e+00 1.341767910663840935e+00 5.200265631129570743e+00 7.139583165128193798e-03
0.000000000000000000e+00 2.150356535994840277e-04 3.025061749050248915e-04 4.046547672717568100e-02 3.455819533205669344e-04 4.031609416350501185e-03 2.433276217459231887e-04 3.368215327497330069e-04
0.000000000000000000e+00 3.566820820504548045e-03 2.948291899282263367e-04 3.566820820504548045e-03 5.136487144548858907e+00 1.721506129572109023e+00 8.060320702204608168e+00 8.465914044282991935e-03
0.000000000000000000e+00 3.566820820504548045e-03 2.948291899282263367e-04 3.566820820504548045e-03 2.214159157141553980e+00 1.401548630622392322e+00 2.946411158790541052e+00 1.297306201022053740e-01
0.000000000000000000e+00 3.566820820504548045e-03 2.948291899282263367e-04 3.566820820504548045e-03 2.179033518345393716e+00 1.222420352533069687e+00 3.787061685184642812e+00 6.055137120237564195e-03
0.000000000000000000e+00 3.566820820504548045e-03 2.948291899282263367e-04 1.328866530911664706e-02 2.809207385262046053e+00 1.995247741971019506e+00 5.767940798627361865e+00 7.171975008785623842e-03
0.000000000000000000e+00 3.566820820504548045e-03 2.948291899282263367e-04 3.566820820504548045e-03 5.076785134055817217e+00 5.131449228165847032e+00 1.597932846647221794e+01 6.952970828173908949e-03
0.000000000000000000e+00 3.566820820504548045e-03 2.948291899282263367e-04 3.566820820504548045e-03 5.076785134055817217e+00 1.368033860667824841e+00 1.960892014760006319e+01 8.519816690057156749e-03
0.000000000000000000e+00 3.566820820504548045e-03 4.423360971376018580e-01 7.694682946490704056e-01 4.205132479445092275e-01 2.387656356974519889e-02 2.254837397582940949e-03 2.254837397582940949e-03
0.000000000000000000e+00 3.566820820504548045e-03 2.948291899282263367e-04 3.566820820504548045e-03 4.957381113069733836e+00 2.074910133232493514e+00 1.470856421378059409e+01 9.243688593854996333e-03
0.000000000000000000e+00 3.566820820504548045e-03 2.948291899282263367e-04 3.566820820504548045e-03 5.136487144548858907e+00 1.721506129572109023e+00 1.543454148607283294e+01 9.249675488706319074e-03
0.000000000000000000e+00 2.110139522177564885e-04 2.948291899282263367e-04 6.833620235484087757e-02 3.421278502646143168e-04 3.850705169276900063e-03 2.488032508368130950e-04 3.421278502646143168e-04
0.000000000000000000e+00 3.566820820504548045e-03 1.224762231901585618e+00 7.321279202838253397e-01 8.976778025341494160e-01 1.075716319925028308e-01 3.384614932964378261e-03 3.384614932964378261e-03
0.000000000000000000e+00 3.566820820504548045e-03 4.423360971376018580e-01 1.653562965544526975e+00 8.385358733298673428e-01 3.254282069305070024e-01 2.767740385269020550e-03 7.602221510882456457e-02
0.000000000000000000e+00 3.566820820504548045e-03 2.948291899282263367e-04 3.566820820504548045e-03 3.854951945682905556e+00 2.251517003913584780e+00 8.395846919782327333e+00 8.460565119266811457e-03
0.000000000000000000e+00 3.566820820504548045e-03 2.948291899282263367e-04 3.566820820504548045e-03 2.179033518345393716e+00 1.341824373519153291e+00 4.457994629289721011e+00 6.068636512964864678e-03
0.000000000000000000e+00 3.566820820504548045e-03 2.948291899282263367e-04 3.566820820504548045e-03 3.854951945682905556e+00 1.269295669817393390e+00 1.488986958963265117e+01 9.214142009700540537e-03
0.000000000000000000e+00 3.566820820504548045e-03 2.948291899282263367e-04 3.566820820504548045e-03 5.076785134055817217e+00 5.378856398085515522e+00 1.652384775353915458e+01 6.950780997796560806e-03
0.000000000000000000e+00 3.566820820504548045e-03 2.948291899282263367e-04 1.328866530911664706e-02 2.179040601527868048e+00 1.282144609636308497e+00 4.829105384169225523e+00 6.088207243534765264e-03
0.000000000000000000e+00 3.566820820504548045e-03 2.948291899282263367e-04 3.566820820504548045e-03 5.076785134055817217e+00 5.255152813125681277e+00 1.652383537980513495e+01 6.951350104566809442e-03
0.000000000000000000e+00 3.566820820504548045e-03 2.948291899282263367e-04 3.566820820504548045e-03 5.136487144548858907e+00 5.502583207449808889e+00 1.670537026484545606e+01 6.948683885232616146e-03
0.000000000000000000e+00 2.150356535994840277e-04 2.948291899282263367e-04 2.270383296408223003e-03 9.543294229155686523e-03 3.380779187306002295e-03 2.377020460513788378e-04 3.313257082961330521e-04
0.000000000000000000e+00 3.566820820504548045e-03 2.948291899282263367e-04 3.566820820504548045e-03 4.957381113069733836e+00 5.502510865072984814e+00 1.797582048406899347e+01 6.944986518950493903e-03
0.000000000000000000e+00 3.566820820504548045e-03 2.948291899282263367e-04 3.566820820504548045e-03 4.957381113069733836e+00 5.378807280113150568e+00 1.797580798483501496e+01 6.946006760321015577e-03
0.000000000000000000e+00 2.110139522177564885e-04 1.894404389369468492e-02 2.894644150139752958e-01 3.194149831448888088e-01 2.917883879420409346e-02 6.491738165793811124e-04 8.407127398603329079e-04
0.000000000000000000e+00 3.566820820504548045e-03 2.948291899282263367e-04 3.566820820504548045e-03 2.214159157141553980e+00 1.222442599143266806e+00 1.947329916355400758e+00 5.061576940986141360e-03
0.000000000000000000e+00 3.566820820504548045e-03 2.948291899282263367e-04 3.566820820504548045e-03 3.854951945682905556e+00 2.339880923726680440e+00 7.724722690230480637e+00 8.443886522081764379e-03
0.000000000000000000e+00 3.566820820504548045e-03 4.280834724474600339e-01 7.694470823439681917e-01 5.881326565491440395e-01 1.240071972473690970e-01 5.232044090273806070e-02 2.283854663996026223e-03
0.000000000000000000e+00 3.566820820504548045e-03 2.948291899282263367e-04 3.566820820504548045e-03 5.136487144548858907e+00 1.456414370132822489e+00 1.398250969970382585e+01 9.223400984069556399e-03
0.000000000000000000e+00 3.566820820504548045e-03 2.948291899282263367e-04 3.566820820504548045e-03 3.754869352934655513e+00 1.414486015121376727e+00 7.352574680750936231e+00 1.762048422968543471e-01
0.000000000000000000e+00 3.566820820504548045e-03 2.948291899282263367e-04 3.566820820504548045e-03 3.804910649308780091e+00 1.269277161863460179e+00 7.496620021662249833e+00 8.420156034928726399e-03
0.000000000000000000e+00 3.566820820504548045e-03 2.948291899282263367e-04 3.566820820504548045e-03 5.017083123562775526e+00 1.721472316782806100e+00 9.570354239111614092e+00 9.195219109887105627e-03
0.000000000000000000e+00 3.566820820504548045e-03 2.948291899282263367e-04 3.566820820504548045e-03 4.897679102576692145e+00 2.163255544296353250e+00 8.899258258855310189e+00 9.190213910074152351e-03
0.000000000000000000e+00 2.392148504314995446e-04 2.230845557776491841e-04 2.547303229369220559e-03 7.475351253886731995e-02 3.180485835708529545e-03 2.505961851431170485e-04 3.438563017090229138e-04
0.000000000000000000e+00 3.566820820504548045e-03 2.948291899282263367e-04 3.566820820504548045e-03 5.136487144548858907e+00 1.544778289945917926e+00 1.833848071437811456e+01 8.518519810285920396e-03
0.000000000000000000e+00 3.566820820504548045e-03 2.948291899282263367e-04 3.566820820504548045e-03 5.076785134055817217e+00 1.898217379546397909e+00 1.833852697444023150e+01 8.519617637731947274e-03
0.000000000000000000e+00 2.110139522177564885e-04 2.948291899282263367e-04 2.330269946368406214e-03 4.675532563310741407e-02 2.649750418939154830e-03 2.451691870160407796e-04 2.451691870160407796e-04
0.000000000000000000e+00 3.566820820504548045e-03 2.948291899282263367e-04 1.328866530911664706e-02 2.179040601527868048e+00 1.401548630622392322e+00 2.841324496769623842e+00 1.297233618026051583e-01
0.000000000000000000e+00 3.025061749050248915e-04 2.110139522177564885e-04 2.676496003864652952e-03 9.335952824084306489e-02 3.854624740628675213e-03 2.888232524900767074e-04 3.946536838716763196e-04
0.000000000000000000e+00 3.566820820504548045e-03 3.853255983770347282e-01 8.857085469729940597e-01 2.122996796557207744e-01 6.184247247847449863e-02 4.339383844544891788e-02 1.879829185496945674e-03
0.000000000000000000e+00 3.566820820504548045e-03 2.948291899282263367e-04 1.328866530911664706e-02 2.893019770346890063e+00 8.046695014368880905e-01 3.576899190831558606e+00 6.048250280346746492e-03
0.000000000000000000e+00 2.110139522177564885e-04 2.948291899282263367e-04 1.155790050744989889e-01 1.487128082522427286e-01 6.393399450917046020e-03 4.247797594009869926e-04 5.654137768741487402e-04
0.000000000000000000e+00 3.566820820504548045e-03 4.423360971376018580e-01 1.653562965544526975e+00 8.385358733298673428e-01 3.497234560373509854e-02 1.479666192128198388e-01 3.396563075379768846e-03
0.000000000000000000e+00 3.025061749050248915e-04 2.948291899282263367e-04 2.611430897835240704e-03 4.675532563310741407e-02 3.344020021264040073e-03 2.451691870160407796e-04 3.386108362579438457e-04
0.000000000000000000e+00 3.566820820504548045e-03 2.948291899282263367e-04 3.566820820504548045e-03 2.851105127304527809e+00 1.995247741971019506e+00 6.200117325594733941e+00 7.190234108107875291e-03
0.000000000000000000e+00 2.150356535994840277e-04 2.948291899282263367e-04 2.270383296408223003e-03 9.543294229155686523e-03 3.302775132921540076e-03 2.377020460513788378e-04 3.313257082961330521e-04
0.000000000000000000e+00 3.566820820504548045e-03 2.948291899282263367e-04 3.566820820504548045e-03 3.854951945682905556e+00 1.341909635149086455e+00 1.470838831322648055e+01 9.214142009700540537e-03
0.000000000000000000e+00 2.150356535994840277e-04 2.948291899282263367e-04 2.270383296408223003e-03 9.543294229155686523e-03 3.912098351270302046e-03 2.377020460513788378e-04 3.313257082961330521e-04
0.000000000000000000e+00 3.566820820504548045e-03 9.632457581951780687e-03 3.997468780175705838e-03 2.179040601527868048e+00 1.401548630622392322e+00 3.261671144853292681e+00 6.048250280346746492e-03
0.000000000000000000e+00 3.566820820504548045e-03 2.948291899282263367e-04 3.566820820504548045e-03 2.214159157141553980e+00 9.836345571710994884e-01 4.102288625206731432e+00 6.055137120237564195e-03
0.000000000000000000e+00 3.566820820504548045e-03 2.948291899282263367e-04 3.566820820504548045e-03 5.136487144548858907e+00 1.721506129572109023e+00 9.234813506038054953e+00 9.195219109887105627e-03
0.000000000000000000e+00 3.566820820504548045e-03 2.948291899282263367e-04 3.566820820504548045e-03 5.076785134055817217e+00 1.721489539920206813e+00 9.402583937599253261e+00 9.195219109887105627e-03
0.000000000000000000e+00 3.566820820504548045e-03 2.948291899282263367e-04 3.566820820504548045e-03 5.076785134055817217e+00 1.721489539920206813e+00 1.007372268264693993e+01 9.214148595410736470e-03
0.000000000000000000e+00 3.566820820504548045e-03 2.948291899282263367e-04 3.566820820504548045e-03 5.076785134055817217e+00 1.721489539920206813e+00 9.402583937599253261e+00 9.195219109887105627e-03
0.000000000000000000e+00 3.566820820504548045e-03 2.845780711251666983e-01 4.471149956073328102e-01 1.450384637290122181e-01 1.009327031401570790e-01 9.959283690522840495e-04 1.270073496813143828e-03
0.000000000000000000e+00 3.566820820504548045e-03 4.423360971376018580e-01 1.653562965544526975e+00 9.579398943159509461e-01 3.500013161317662436e-02 7.536730446227765667e-02 3.402438882453292981e-03
0.000000000000000000e+00 2.110139522177564885e-04 2.948291899282263367e-04 4.943311940477810446e-02 2.451691870160407796e-04 3.956784578189517614e-03 3.474156255304015179e-04 2.498681957179608678e-04
0.000000000000000000e+00 3.566820820504548045e-03 2.948291899282263367e-04 3.566820820504548045e-03 4.897679102576692145e+00 2.163255544296353250e+00 1.162309586721990406e+01 9.239319921725625689e-03
0.000000000000000000e+00 3.566820820504548045e-03 2.948291899282263367e-04 3.566820820504548045e-03 3.854951945682905556e+00 6.368266611349508999e+00 8.356431542054977513e+00 9.253994129781716385e-03
0.000000000000000000e+00 3.566820820504548045e-03 2.948291899282263367e-04 3.566820820504548045e-03 2.214159157141553980e+00 7.243845900607309707e-01 2.565821541266356309e+00 5.068395854147879874e-03
0.000000000000000000e+00 3.566820820504548045e-03 2.948291899282263367e-04 1.328866530911664706e-02 2.143914962731708229e+00 1.341824373519153291e+00 2.946389956523706388e+00 5.107577186554398962e-03
0.000000000000000000e+00 3.566820820504548045e-03 4.423360971376018580e-01 7.694682946490704056e-01 2.119703267491275245e-01 1.993627993605243814e-02 1.871208072015628993e-03 1.871208072015628993e-03
0.000000000000000000e+00 2.110139522177564885e-04 3.025061749050248915e-04 1.631221239298210335e-01 2.285865235397882556e-01 2.438343574282136189e-02 5.198308652891495650e-04 6.830421346843746798e-04
0.000000000000000000e+00 3.566820820504548045e-03 4.423360971376018580e-01 4.909731255645663484e-01 7.976361428248402996e-01 2.392460449911862699e-02 2.328377458894268469e-03 2.269574165572461454e-03
0.000000000000000000e+00 3.566820820504548045e-03 2.948291899282263367e-04 3.566820820504548045e-03 4.957381113069733836e+00 2.074910133232493514e+00 1.434556793771463035e+01 9.239209978636666459e-03
0.000000000000000000e+00 3.566820820504548045e-03 2.948291899282263367e-04 1.328866530911664706e-02 4.957393152145715298e+00 1.986564076222092412e+00 1.434556793771463035e+01 9.239209978636666459e-03
0.000000000000000000e+00 2.110139522177564885e-04 9.632457581951780687e-03 2.770382423590058707e-01 4.272011262283779698e-01 1.120684618309782284e-02 7.891801476289732852e-04 1.019265495204025890e-03
0.000000000000000000e+00 2.150356535994840277e-04 2.230845557776491841e-04 2.270383296408223003e-03 1.894404389369468492e-02 3.352299179321038044e-03 2.395942883845946436e-04 3.331793805321401031e-04
0.000000000000000000e+00 3.566820820504548045e-03 2.948291899282263367e-04 3.566820820504548045e-03 5.136487144548858907e+00 1.633142209759013586e+00 1.507152979023467942e+01 9.243688593854996333e-03
0.000000000000000000e+00 3.566820820504548045e-03 2.948291899282263367e-04 3.566820820504548045e-03 5.136487144548858907e+00 1.633142209759013586e+00 1.470853351416871746e+01 9.239209978636666459e-03
0.000000000000000000e+00 3.566820820504548045e-03 4.138308477573182653e-01 1.210331354536913651e+00 7.028126084436223664e-01 2.865988857300958564e-02 1.216119154709056072e-01 2.757255576020701746e-03
0.000000000000000000e+00 3.566820820504548045e-03 2.948291899282263367e-04 3.566820820504548045e-03 3.854951945682905556e+00 1.341909635149086455e+00 1.452689017519349335e+01 9.210852320335452884e-03
0.000000000000000000e+00 2.110139522177564885e-04 2.190590579645674359e-04 2.809425027125608560e-03 7.476209099962227711e-02 3.256771309893515681e-03 2.505961851431170485e-04 3.438563017090229138e-04
0.000000000000000000e+00 3.566820820504548045e-03 4.423360971376018580e-01 4.669748437061935209e-01 8.822614755871695247e-02 1.371461045931584959e-02 1.266741771619090936e-03 1.299568824995954441e-03
0.000000000000000000e+00 3.566820820504548045e-03 4.138308477573182653e-01 8.275892407465818001e-01 5.466247558298754639e-01 3.739775322542929215e-01 6.190990497786379859e-02 2.751983929974989324e-03
0.000000000000000000e+00 2.110139522177564885e-04 2.948291899282263367e-04 2.068205447386469061e-03 2.814930993113154770e-02 3.977530096105613873e-03 2.414694001053035045e-04 3.350111823022334438e-04
0.000000000000000000e+00 3.566820820504548045e-03 2.948291899282263367e-04 3.566820820504548045e-03 2.214159157141553980e+00 1.282144609636308497e+00 4.705401799209392166e+00 6.081773469730368704e-03
0.000000000000000000e+00 3.566820820504548045e-03 4.423360971376018580e-01 1.653562965544526975e+00 9.579398943159509461e-01 1.076140969448696194e-01 7.537453606791999494e-02 3.408249777131578187e-03
0.000000000000000000e+00 2.110139522177564885e-04 2.948291899282263367e-04 2.330269946368406214e-03 4.684448898590350824e-02 2.894598250202303283e-03 2.451691870160407796e-04 3.386108362579438457e-04
0.000000000000000000e+00 2.150356535994840277e-04 2.948291899282263367e-04 2.054134415160812355e-01 3.250328235504532648e-01 4.905606813044990216e-02 6.433887559117512167e-04 8.355303316025590151e-04
0.000000000000000000e+00 3.566820820504548045e-03 4.280834724474600339e-01 7.694470823439681917e-01 5.462264640067220345e-01 1.239916076153069063e-01 5.231568086742784812e-02 2.279144528612826563e-03
0.000000000000000000e+00 2.150356535994840277e-04 9.632457581951780687e-03 1.948540356374741656e-01 1.715999315967087768e-01 7.667318389560481319e-03 6.806443383717460929e-04 5.273610345827866750e-04
0.000000000000000000e+00 3.566820820504548045e-03 2.948291899282263367e-04 3.566820820504548045e-03 2.179033518345393716e+00 1.222420352533069687e+00 3.787061685184642812e+00 6.055137120237564195e-03
0.000000000000000000e+00 3.566820820504548045e-03 2.948291899282263367e-04 3.566820820504548045e-03 3.754869352934655513e+00 1.414486015121376727e+00 2.526145753968414009e+00 1.297587220800724694e-01
0.000000000000000000e+00 3.566820820504548045e-03 2.948291899282263367e-04 3.566820820504548045e-03 5.136487144548858907e+00 1.544778289945917926e+00 1.416402353961953509e+01 9.229069306737600065e-03
0.000000000000000000e+00 3.566820820504548045e-03 2.948291899282263367e-04 3.566820820504548045e-03 2.214159157141553980e+00 1.282144609636308497e+00 1.593883266180909697e+00 5.040615501912253972e-03
0.000000000000000000e+00 3.566820820504548045e-03 4.138308477573182653e-01 1.210331354536913651e+00 6.527713120694972337e-01 6.256647765674719919e-01 2.753339130584667692e-03 3.396563075379768846e-03
0.000000000000000000e+00 3.566820820504548045e-03 2.948291899282263367e-04 2.259167316010457852e-02 1.513299678006213567e+00 6.902806763486617481e-01 1.890591984712451046e+00 4.201287506222509821e-03
0.000000000000000000e+00 3.025061749050248915e-04 2.190590579645674359e-04 2.579249708641517466e-03 1.884630208014361624e-02 3.550777511934432532e-03 2.395942883845946436e-04 3.331793805321401031e-04
0.000000000000000000e+00 2.110139522177564885e-04 3.102882349707364795e-04 3.266769621116914508e-03 9.335952824084306489e-02 4.362458991819279965e-03 3.946536838716763196e-04 2.888232524900767074e-04
0.000000000000000000e+00 3.566820820504548045e-03 2.948291899282263367e-04 3.566820820504548045e-03 4.957381113069733836e+00 8.337112853094327258e-01 1.175141972765591625e+01 9.214148595410736470e-03
0.000000000000000000e+00 3.566820820504548045e-03 2.948291899282263367e-04 1.328866530911664706e-02 3.804920740274968960e+00 2.339880923726680440e+00 6.056161381623733853e+00 8.420156034928726399e-03
0.000000000000000000e+00 3.566820820504548045e-03 2.948291899282263367e-04 3.566820820504548045e-03 3.854951945682905556e+00 1.341909635149086455e+00 6.920411537207019848e+00 8.407642268855809037e-03
0.000000000000000000e+00 3.566820820504548045e-03 2.948291899282263367e-04 1.328866530911664706e-02 1.600539544910111633e+00 1.074533361464151016e+00 1.947274102574688026e+00 4.220216497827566221e-03
0.000000000000000000e+00 3.566820820504548045e-03 2.948291899282263367e-04 3.566820820504548045e-03 5.076785134055817217e+00 1.721489539920206813e+00 1.579752234236660868e+01 9.251477682917287962e-03
0.000000000000000000e+00 3.566820820504548045e-03 1.200763950043212791e+00 1.224517952587388381e+00 1.164485031275764859e+00 1.076635208375593539e-01 3.425297347806059017e-03 3.425297347806059017e-03
0.000000000000000000e+00 2.110139522177564885e-04 3.102882349707364795e-04 2.809425027125608560e-03 7.476209099962227711e-02 1.287504214426994816e-02 2.868212366135504594e-04 3.927333879877538316e-04
0.000000000000000000e+00 3.566820820504548045e-03 2.948291899282263367e-04 3.566820820504548045e-03 3.854951945682905556e+00 1.196681704485700326e+00 4.581807215117589926e+00 1.511984254875855249e-01
0.000000000000000000e+00 3.566820820504548045e-03 2.948291899282263367e-04 1.328866530911664706e-02 2.851113577804468058e+00 1.922657011501322177e+00 6.200117325594733941e+00 7.190234108107875291e-03
0.000000000000000000e+00 3.566820820504548045e-03 2.948291899282263367e-04 3.566820820504548045e-03 2.179033518345393716e+00 1.103016331546986084e+00 1.770574524060580801e+00 4.226379425185804693e-03
0.000000000000000000e+00 3.566820820504548045e-03 2.948291899282263367e-04 3.566820820504548045e-03 5.136487144548858907e+00 1.544778289945917926e+00 1.761248816224618707e+01 8.515876402404027115e-03
0.000000000000000000e+00 3.566820820504548045e-03 2.948291899282263367e-04 3.566820820504548045e-03 5.076785134055817217e+00 1.721489539920206813e+00 1.380104282400380988e+01 9.226285308542423250e-03
0.000000000000000000e+00 3.566820820504548045e-03 2.948291899282263367e-04 3.566820820504548045e-03 5.136487144548858907e+00 1.721506129572109023e+00 1.543454148607283294e+01 9.249675488706319074e-03
0.000000000000000000e+00 3.566820820504548045e-03 2.948291899282263367e-04 3.566820820504548045e-03 5.076785134055817217e+00 1.544761700294015716e+00 1.416400783773681304e+01 9.226285308542423250e-03
0.000000000000000000e+00 3.566820820504548045e-03 2.948291899282263367e-04 3.566820820504548045e-03 5.136487144548858907e+00 1.633142209759013586e+00 1.743100558466344197e+01 8.515876402404027115e-03
0.000000000000000000e+00 3.566820820504548045e-03 2.948291899282263367e-04 3.566820820504548045e-03 5.136487144548858907e+00 1.633142209759013586e+00 1.743100558466344197e+01 8.515876402404027115e-03
0.000000000000000000e+00 3.566820820504548045e-03 2.948291899282263367e-04 3.566820820504548045e-03 5.136487144548858907e+00 1.633142209759013586e+00 1.815699813679537300e+01 8.518519810285920396e-03
0.000000000000000000e+00 3.566820820504548045e-03 2.948291899282263367e-04 3.566820820504548045e-03 5.136487144548858907e+00 1.544778289945917926e+00 1.851997885241109643e+01 8.518969500640872008e-03
0.000000000000000000e+00 3.566820820504548045e-03 2.948291899282263367e-04 3.566820820504548045e-03 5.136487144548858907e+00 1.633142209759013586e+00 1.833849627482835487e+01 8.518969500640872008e-03
0.000000000000000000e+00 2.110139522177564885e-04 2.948291899282263367e-04 1.156217516699837994e-01 1.610667464278844052e-01 3.497721234536085161e-02 4.318402700316267915e-04 5.719429879440155297e-04
0.000000000000000000e+00 3.566820820504548045e-03 2.948291899282263367e-04 1.328866530911664706e-02 2.179040601527868048e+00 1.282144609636308497e+00 1.682247185994004912e+00 5.047687269260405125e-03
0.000000000000000000e+00 3.566820820504548045e-03 2.948291899282263367e-04 3.566820820504548045e-03 2.214159157141553980e+00 1.401548630622392322e+00 3.156584482832375471e+00 6.041271343839825503e-03
0.000000000000000000e+00 3.566820820504548045e-03 2.948291899282263367e-04 3.566820820504548045e-03 2.214159157141553980e+00 1.282144609636308497e+00 1.947338945433291668e+00 5.068395854147879874e-03
0.000000000000000000e+00 3.566820820504548045e-03 2.948291899282263367e-04 1.328866530911664706e-02 2.893019770346890063e+00 8.046695014368880905e-01 3.681985852852475816e+00 6.055137120237564195e-03
0.000000000000000000e+00 2.110139522177564885e-04 2.948291899282263367e-04 1.054724102506589128e-01 4.068515140147669056e-04 4.664496637787876945e-03 2.908077860167684056e-04 3.965525059211700773e-04
0.000000000000000000e+00 3.566820820504548045e-03 2.948291899282263367e-04 1.328866530911664706e-02 2.179040601527868048e+00 1.282144609636308497e+00 4.705401799209392166e+00 6.081773469730368704e-03
0.000000000000000000e+00 2.110139522177564885e-04 2.948291899282263367e-04 1.155790050744989889e-01 1.610667464278844052e-01 6.338359628521667878e-03 4.271530089748412098e-04 5.676130926118165597e-04
0.000000000000000000e+00 3.566820820504548045e-03 2.948291899282263367e-04 3.566820820504548045e-03 3.854951945682905556e+00 1.414523600480779519e+00 6.776365960988954384e+00 8.407642268855809037e-03
0.000000000000000000e+00 3.566820820504548045e-03 5.522238446792387956e-01 1.069930335705059576e+00 2.952145558689700522e-01 3.742136791179941357e-01 2.207894484821978746e-03 2.746655397984113303e-03
0.000000000000000000e+00 3.566820820504548045e-03 2.948291899282263367e-04 3.566820820504548045e-03 3.854951945682905556e+00 2.339880923726680440e+00 8.060292062754323084e+00 8.455111209307461517e-03
0.000000000000000000e+00 3.566820820504548045e-03 2.948291899282263367e-04 3.566820820504548045e-03 3.854951945682905556e+00 2.251517003913584780e+00 8.060277547258491992e+00 8.449551837411388086e-03
0.000000000000000000e+00 3.566820820504548045e-03 2.948291899282263367e-04 3.566820820504548045e-03 3.854951945682905556e+00 2.074789164287393461e+00 8.563602179981918638e+00 8.455111209307461517e-03
0.000000000000000000e+00 3.566820820504548045e-03 2.948291899282263367e-04 3.566820820504548045e-03 5.136487144548858907e+00 1.809870049385204682e+00 8.731473572593385413e+00 9.185098626139785033e-03
0.000000000000000000e+00 3.566820820504548045e-03 2.948291899282263367e-04 1.328866530911664706e-02 4.897691141652673608e+00 2.074910133232493514e+00 9.067042945117227859e+00 9.195219109887105627e-03
0.000000000000000000e+00 3.566820820504548045e-03 2.948291899282263367e-04 3.566820820504548045e-03 2.214159157141553980e+00 1.341846620129350409e+00 1.770620058107098327e+00 5.061576940986141360e-03
0.000000000000000000e+00 3.566820820504548045e-03 2.948291899282263367e-04 3.566820820504548045e-03 2.214159157141553980e+00 1.341846620129350409e+00 1.682256138294002890e+00 5.054674246387597276e-03
0.000000000000000000e+00 3.566820820504548045e-03 2.948291899282263367e-04 3.566820820504548045e-03 5.136487144548858907e+00 1.633142209759013586e+00 1.507152979023467942e+01 9.243688593854996333e-03
0.000000000000000000e+00 3.566820820504548045e-03 2.948291899282263367e-04 3.566820820504548045e-03 5.017083123562775526e+00 1.898200156408996975e+00 1.652353031427072239e+01 8.511866517073007551e-03
0.000000000000000000e+00 3.566820820504548045e-03 2.948291899282263367e-04 3.566820820504548045e-03 5.076785134055817217e+00 1.809853459733302472e+00 1.815701355656756633e+01 8.518969500640872008e-03
0.000000000000000000e+00 3.566820820504548045e-03 2.948291899282263367e-04 3.566820820504548045e-03 5.017083123562775526e+00 1.898200156408996975e+00 1.833851169460054464e+01 8.519335341829997743e-03
0.000000000000000000e+00 3.566820820504548045e-03 4.280834724474600339e-01 5.149539030954836116e-01 1.754757172938449516e-01 1.662711220623376909e-02 7.179712447108145545e-02 1.553533379173402049e-03
0.000000000000000000e+00 3.566820820504548045e-03 2.948291899282263367e-04 3.566820820504548045e-03 5.076785134055817217e+00 1.721489539920206813e+00 1.579752234236660868e+01 9.251477682917287962e-03
0.000000000000000000e+00 2.110139522177564885e-04 2.948291899282263367e-04 3.141412120255282492e-01 4.073200606245138689e-01 3.510497626541753124e-02 1.025261399181150558e-03 8.117328692273708670e-04
0.000000000000000000e+00 3.566820820504548045e-03 5.355077273259781778e-01 4.669920199004032324e-01 1.754757172938449516e-01 8.687838979855341814e-02 1.553533379173402049e-03 1.553533379173402049e-03
0.000000000000000000e+00 3.566820820504548045e-03 4.423360971376018580e-01 2.481004900363990295e-01 1.447754562222988151e-01 1.365826251456256531e-02 1.253070060778923136e-03 1.253070060778923136e-03
0.000000000000000000e+00 3.566820820504548045e-03 2.948291899282263367e-04 3.566820820504548045e-03 3.854951945682905556e+00 1.414523600480779519e+00 5.479836380086838155e+00 7.165693936571593606e-03
0.000000000000000000e+00 3.566820820504548045e-03 2.948291899282263367e-04 2.259167316010457852e-02 2.809215735286777704e+00 1.922657011501322177e+00 5.911999640949819224e+00 7.178158409315548057e-03
0.000000000000000000e+00 3.566820820504548045e-03 4.280834724474600339e-01 1.175231823956257360e+00 1.375812073694857363e+00 7.611397849301064777e-01 9.179911892784202443e-02 4.207670998022630844e-03
0.000000000000000000e+00 3.566820820504548045e-03 2.948291899282263367e-04 1.328866530911664706e-02 5.076797173131799568e+00 1.809870049385204682e+00 1.398257166164866483e+01 9.234337918989888108e-03
0.000000000000000000e+00 2.110139522177564885e-04 2.948291899282263367e-04 1.148512416097804273e-01 4.268974780210047643e-02 4.472940343689957472e-03 4.057367717618593547e-04 3.004757041738715826e-04
0.000000000000000000e+00 3.566820820504548045e-03 4.423360971376018580e-01 1.653562965544526975e+00 7.788338628368256522e-01 6.158693893143538656e-01 2.788881257295960144e-03 3.425297347806059017e-03
0.000000000000000000e+00 2.110139522177564885e-04 2.948291899282263367e-04 8.771272811702000849e-02 4.029368179280343903e-04 4.544056697263309033e-03 2.868212366135504594e-04 3.927333879877538316e-04
0.000000000000000000e+00 2.150356535994840277e-04 2.948291899282263367e-04 2.547303229369220559e-03 1.893546543293971388e-02 2.795306731921056321e-03 2.395942883845946436e-04 3.331793805321401031e-04
0.000000000000000000e+00 3.566820820504548045e-03 2.948291899282263367e-04 1.328866530911664706e-02 3.804920740274968960e+00 1.414523600480779519e+00 7.064483645633868214e+00 8.420156034928726399e-03
0.000000000000000000e+00 3.566820820504548045e-03 2.948291899282263367e-04 3.566820820504548045e-03 3.854951945682905556e+00 2.339880923726680440e+00 6.056161381623733853e+00 8.420156034928726399e-03
0.000000000000000000e+00 3.566820820504548045e-03 2.948291899282263367e-04 3.566820820504548045e-03 2.108782240753074522e+00 1.580586281790849812e+00 2.946411158790541052e+00 6.027035142370487826e-03
0.000000000000000000e+00 3.566820820504548045e-03 2.948291899282263367e-04 3.566820820504548045e-03 5.076785134055817217e+00 7.611261522120170708e-01 7.208529221851934565e+00 8.420156034928726399e-03
0.000000000000000000e+00 3.566820820504548045e-03 4.280834724474600339e-01 7.403651951373912965e-01 5.881272508717663161e-01 2.240742003635573798e-01 5.232515103812008378e-02 2.288515285183565211e-03
0.000000000000000000e+00 3.566820820504548045e-03 2.948291899282263367e-04 3.566820820504548045e-03 5.076785134055817217e+00 6.885121868803242284e-01 7.352574680750936231e+00 8.420156034928726399e-03
0.000000000000000000e+00 3.566820820504548045e-03 2.948291899282263367e-04 3.566820820504548045e-03 5.136487144548858907e+00 6.885258195984134133e-01 7.208529221851934565e+00 1.762048422968543471e-01
0.000000000000000000e+00 3.566820820504548045e-03 4.138308477573182653e-01 7.985073535400051270e-01 5.885262923299966475e-01 2.741310863697436484e-01 6.189690498714373740e-02 2.741269557125495214e-03
0.000000000000000000e+00 3.566820820504548045e-03 8.769154674835071273e-01 6.837902960446092804e-01 1.316110063201815672e+00 1.076004642267802264e-01 6.562790271158216449e-01 4.194829562909471385e-03
0.000000000000000000e+00 3.566820820504548045e-03 2.948291899282263367e-04 2.259167316010457852e-02 2.809215735286777704e+00 1.922657011501322177e+00 5.911999640949819224e+00 7.178158409315548057e-03
0.000000000000000000e+00 3.566820820504548045e-03 2.948291899282263367e-04 1.328866530911664706e-02 2.809207385262046053e+00 1.995247741971019506e+00 5.767940798627361865e+00 7.171975008785623842e-03
0.000000000000000000e+00 3.566820820504548045e-03 2.948291899282263367e-04 3.566820820504548045e-03 2.214159157141553980e+00 1.222442599143266806e+00 2.631119232643317041e+00 5.081784308355222213e-03
0.000000000000000000e+00 3.566820820504548045e-03 2.948291899282263367e-04 3.566820820504548045e-03 3.854951945682905556e+00 1.341909635149086455e+00 1.470838831322648055e+01 9.214142009700540537e-03
0.000000000000000000e+00 2.110139522177564885e-04 2.948291899282263367e-04 1.153275311274670339e-01 4.268974780210047643e-02 4.569915122060497041e-03 3.004757041738715826e-04 4.057367717618593547e-04
0.000000000000000000e+00 3.566820820504548045e-03 2.948291899282263367e-04 3.566820820504548045e-03 3.854951945682905556e+00 4.358999886596310880e+00 1.652371829732782516e+01 8.519932798373677091e-03
0.000000000000000000e+00 3.566820820504548045e-03 8.968293368624620232e-01 1.067247640834253497e+00 7.788338628368256522e-01 3.495766666080983576e-02 6.562569567964975370e-01 4.175004230792832283e-03
0.000000000000000000e+00 3.566820820504548045e-03 4.280834724474600339e-01 7.694470823439681917e-01 2.470914714983213911e-01 1.993627993605243814e-02 4.377740061443768926e-02 1.875540923536637115e-03
0.000000000000000000e+00 2.110139522177564885e-04 2.948291899282263367e-04 1.062759972235110539e-01 4.068515140147669056e-04 4.664496637787876945e-03 2.908077860167684056e-04 3.965525059211700773e-04
0.000000000000000000e+00 2.150356535994840277e-04 3.025061749050248915e-04 6.811184053216229328e-02 3.600354155502366680e-04 3.522010405930306193e-03 2.488032508368130950e-04 3.421278502646143168e-04
0.000000000000000000e+00 3.566820820504548045e-03 2.948291899282263367e-04 3.566820820504548045e-03 5.076785134055817217e+00 1.898217379546397909e+00 9.402612317641072082e+00 9.204901171089973494e-03
0.000000000000000000e+00 3.566820820504548045e-03 2.948291899282263367e-04 3.566820820504548045e-03 2.214159157141553980e+00 1.401548630622392322e+00 3.156584482832375471e+00 6.041271343839825503e-03
0.000000000000000000e+00 3.566820820504548045e-03 2.948291899282263367e-04 1.328866530911664706e-02 5.017095162638756989e+00 1.633125620107111375e+00 1.007370829789738487e+01 9.209578978865259197e-03
0.000000000000000000e+00 2.150356535994840277e-04 2.948291899282263367e-04 1.155364942910957898e-01 7.440823599179563486e-02 4.872414009079732884e-03 3.576423901116470086e-04 4.802504258204194436e-04
0.000000000000000000e+00 3.566820820504548045e-03 3.853255983770347282e-01 1.280528922634581068e+00 6.527713120694972337e-01 2.077507031161793527e-01 6.192268812882891632e-02 2.762470752154248983e-03
0.000000000000000000e+00 3.566820820504548045e-03 2.948291899282263367e-04 3.566820820504548045e-03 4.957381113069733836e+00 2.074910133232493514e+00 1.416406979968165203e+01 1.898222947881589850e-01
0.000000000000000000e+00 3.566820820504548045e-03 2.948291899282263367e-04 3.566820820504548045e-03 5.136487144548858907e+00 1.721506129572109023e+00 8.563674760990370061e+00 9.174535866041829552e-03
0.000000000000000000e+00 3.566820820504548045e-03 2.948291899282263367e-04 3.566820820504548045e-03 5.136487144548858907e+00 1.809870049385204682e+00 8.395904200069541190e+00 9.174535866041829552e-03
0.000000000000000000e+00 3.566820820504548045e-03 2.948291899282263367e-04 3.566820820504548045e-03 5.136487144548858907e+00 1.809870049385204682e+00 8.563688886331467742e+00 9.179872774214559161e-03
0.000000000000000000e+00 3.566820820504548045e-03 2.948291899282263367e-04 3.566820820504548045e-03 5.136487144548858907e+00 1.721506129572109023e+00 8.899244133514212507e+00 9.185098626139785033e-03
0.000000000000000000e+00 3.566820820504548045e-03 2.948291899282263367e-04 3.566820820504548045e-03 5.136487144548858907e+00 1.809870049385204682e+00 8.731473572593385413e+00 9.185098626139785033e-03
0.000000000000000000e+00 3.566820820504548045e-03 2.948291899282263367e-04 3.566820820504548045e-03 3.854951945682905556e+00 2.163153084100489121e+00 8.395832272834397259e+00 8.455111209307461517e-03
0.000000000000000000e+00 3.566820820504548045e-03 2.948291899282263367e-04 3.566820820504548045e-03 5.076785134055817217e+00 1.721489539920206813e+00 1.007372268264693993e+01 9.214148595410736470e-03
0.000000000000000000e+00 3.566820820504548045e-03 2.948291899282263367e-04 3.566820820504548045e-03 5.076785134055817217e+00 1.633125620107111375e+00 1.024149298415930254e+01 9.214148595410736470e-03
0.000000000000000000e+00 2.150356535994840277e-04 2.948291899282263367e-04 4.479375711295799367e-01 2.878344013142934421e-01 3.521844200154960330e-02 2.479420884486714313e-02 1.028213886099563993e-03
0.000000000000000000e+00 3.566820820504548045e-03 2.948291899282263367e-04 3.566820820504548045e-03 3.854951945682905556e+00 2.251517003913584780e+00 7.892492860996565440e+00 8.443886522081764379e-03
0.000000000000000000e+00 2.110139522177564885e-04 2.948291899282263367e-04 1.052511665107055960e-01 2.964165495733596151e-04 4.566389464599666589e-03 2.908077860167684056e-04 3.965525059211700773e-04
0.000000000000000000e+00 2.110139522177564885e-04 2.948291899282263367e-04 1.151647539074514143e-01 3.984302158402465736e-04 4.577254649210752216e-03 3.984302158402465736e-04 2.984274022850179949e-04
0.000000000000000000e+00 2.110139522177564885e-04 2.948291899282263367e-04 2.611430897835240704e-03 3.745231778211947915e-02 3.988648219631359126e-03 3.455819533205669344e-04 2.433276217459231887e-04
0.000000000000000000e+00 2.110139522177564885e-04 9.632457581951780687e-03 2.893921805346476028e-01 4.272176800019892862e-01 8.321500571829647253e-02 8.025643033361913115e-04 1.031136476814329111e-03
0.000000000000000000e+00 3.566820820504548045e-03 2.948291899282263367e-04 3.566820820504548045e-03 5.136487144548858907e+00 1.368050450319726830e+00 1.815695103038368430e+01 8.516664572416869292e-03
0.000000000000000000e+00 3.566820820504548045e-03 4.138308477573182653e-01 1.210331354536913651e+00 7.028126084436223664e-01 8.836189906605139421e-02 1.216183339769360827e-01 2.762470752154248983e-03
0.000000000000000000e+00 3.566820820504548045e-03 2.948291899282263367e-04 1.328866530911664706e-02 4.957393152145715298e+00 1.986564076222092412e+00 1.434556793771463035e+01 9.239209978636666459e-03
0.000000000000000000e+00 3.566820820504548045e-03 2.948291899282263367e-04 1.328866530911664706e-02 2.179040601527868048e+00 1.341846620129350409e+00 8.014996638432017040e-01 4.201287506222509821e-03
0.000000000000000000e+00 3.566820820504548045e-03 4.138308477573182653e-01 1.210331354536913651e+00 6.527713120694972337e-01 3.271547241022629837e-01 6.193525720163155224e-02 2.772733325406348450e-03
0.000000000000000000e+00 2.110139522177564885e-04 2.948291899282263367e-04 2.547303229369220559e-03 1.884630208014361624e-02 4.009061439709705674e-03 2.395942883845946436e-04 3.331793805321401031e-04
0.000000000000000000e+00 3.025061749050248915e-04 2.110139522177564885e-04 2.676496003864652952e-03 1.026625360918309998e-01 3.820367512719562847e-03 2.908077860167684056e-04 3.965525059211700773e-04
0.000000000000000000e+00 3.566820820504548045e-03 2.948291899282263367e-04 3.566820820504548045e-03 2.179033518345393716e+00 1.282122363026111378e+00 4.581685574143658179e+00 6.068636512964864678e-03
0.000000000000000000e+00 3.566820820504548045e-03 4.423360971376018580e-01 1.653562965544526975e+00 7.788338628368256522e-01 5.432554239826608011e-01 1.480098259475180478e-01 4.175004230792832283e-03
0.000000000000000000e+00 3.566820820504548045e-03 4.423360971376018580e-01 1.653562965544526975e+00 9.579398943159509461e-01 3.500013161317662436e-02 7.536730446227765667e-02 7.601640421414629367e-02
0.000000000000000000e+00 3.566820820504548045e-03 9.632457581951780687e-03 3.997468780175705838e-03 2.179040601527868048e+00 1.341846620129350409e+00 4.581710746871531903e+00 6.081773469730368704e-03
0.000000000000000000e+00 3.566820820504548045e-03 4.280834724474600339e-01 1.695438591743865464e+00 8.385358733298673428e-01 3.980421722622000114e-01 2.774848446559634654e-03 3.413996198770658224e-03
0.000000000000000000e+00 3.566820820504548045e-03 4.423360971376018580e-01 1.653562965544526975e+00 8.385358733298673428e-01 3.980421722622000114e-01 2.774848446559634654e-03 7.602796153046365024e-02
0.000000000000000000e+00 2.110139522177564885e-04 2.948291899282263367e-04 1.156217516699837994e-01 1.610667464278844052e-01 2.072458765521906568e-02 4.295064437089658000e-04 5.697893930612574947e-04
0.000000000000000000e+00 3.566820820504548045e-03 4.138308477573182653e-01 1.210331354536913651e+00 5.526887193212468574e-01 8.831483882257001872e-02 2.194894494101930129e-03 2.735825977406862800e-03
0.000000000000000000e+00 3.566820820504548045e-03 2.948291899282263367e-04 3.566820820504548045e-03 2.934917512389371819e+00 1.850065667985691942e+00 3.715905206454192200e+00 7.104687404678781092e-03
0.000000000000000000e+00 3.566820820504548045e-03 4.423360971376018580e-01 1.653562965544526975e+00 7.788338628368256522e-01 6.884833546460468190e-01 3.402216636359461661e-03 4.175004230792832283e-03
0.000000000000000000e+00 3.566820820504548045e-03 4.280834724474600339e-01 1.175231823956257360e+00 1.316110063201815672e+00 7.611261522120170708e-01 9.179098166277914472e-02 4.201287506222509821e-03
0.000000000000000000e+00 2.110139522177564885e-04 2.948291899282263367e-04 1.148512416097804273e-01 3.211691840553541205e-02 4.462959839933673678e-03 4.039401184700464205e-04 2.985754010969273527e-04
0.000000000000000000e+00 2.110139522177564885e-04 2.948291899282263367e-04 1.156217516699837994e-01 3.211691840553541205e-02 2.575434864106178681e-02 3.532955704160820423e-04 4.761641409028207188e-04
0.000000000000000000e+00 3.566820820504548045e-03 2.948291899282263367e-04 3.566820820504548045e-03 2.893049962255284768e+00 1.922657011501322177e+00 6.776352694884566930e+00 8.401221474249619126e-03
0.000000000000000000e+00 3.566820820504548045e-03 2.948291899282263367e-04 3.566820820504548045e-03 3.854951945682905556e+00 1.414523600480779519e+00 6.488248276344040555e+00 8.394690713401105342e-03
0.000000000000000000e+00 3.566820820504548045e-03 2.948291899282263367e-04 3.566820820504548045e-03 3.854951945682905556e+00 1.414523600480779519e+00 6.632307118666500578e+00 8.401221474249619126e-03
0.000000000000000000e+00 3.566820820504548045e-03 2.948291899282263367e-04 3.566820820504548045e-03 3.854951945682905556e+00 1.341909635149086455e+00 6.632293852562106018e+00 8.394690713401105342e-03
0.000000000000000000e+00 3.566820820504548045e-03 2.948291899282263367e-04 1.328866530911664706e-02 3.754879443900843494e+00 1.487119057858539151e+00 6.776365960988954384e+00 8.407642268855809037e-03
0.000000000000000000e+00 3.566820820504548045e-03 4.423360971376018580e-01 4.669748437061935209e-01 3.875662757266408187e-01 1.990466677357215219e-02 1.862407072838024192e-03 4.376859961526007731e-02
0.000000000000000000e+00 2.110139522177564885e-04 3.102882349707364795e-04 2.611430897835240704e-03 1.119741224035738919e-01 4.431919353073161295e-03 2.927750565721865526e-04 3.984302158402465736e-04
0.000000000000000000e+00 2.110139522177564885e-04 2.948291899282263367e-04 1.144825164531648315e-01 2.154408900897035808e-02 4.647456723995821090e-03 2.966586583774235338e-04 4.021236884853710350e-04
0.000000000000000000e+00 3.566820820504548045e-03 2.948291899282263367e-04 1.328866530911664706e-02 3.804920740274968960e+00 2.251517003913584780e+00 7.724708174734648658e+00 8.438114777248506906e-03
0.000000000000000000e+00 2.110139522177564885e-04 2.948291899282263367e-04 1.145903963419727251e-01 1.097125961240530238e-02 4.636937130138639278e-03 2.947252779117725554e-04 4.002871637097437166e-04
0.000000000000000000e+00 2.110139522177564885e-04 2.948291899282263367e-04 1.155364942910957898e-01 5.326257719866552692e-02 5.237910238526846847e-03 3.532955704160820423e-04 5.010503599841090996e-04
0.000000000000000000e+00 2.110139522177564885e-04 2.948291899282263367e-04 1.156217516699837994e-01 4.352653448847355611e-01 1.287115456462694651e-01 7.891801476289732852e-04 1.019265495204025890e-03
0.000000000000000000e+00 2.150356535994840277e-04 3.102882349707364795e-04 3.266769621116914508e-03 9.336810670159803593e-02 3.810145410685379392e-03 3.946536838716763196e-04 2.888232524900767074e-04
0.000000000000000000e+00 3.566820820504548045e-03 2.948291899282263367e-04 3.566820820504548045e-03 2.214159157141553980e+00 1.222442599143266806e+00 2.035693836168495974e+00 1.101550578750650489e-01
0.000000000000000000e+00 3.566820820504548045e-03 4.138308477573182653e-01 1.210331354536913651e+00 7.028126084436223664e-01 8.836189906605139421e-02 2.214312990852456905e-03 2.751983929974989324e-03
0.000000000000000000e+00 2.110139522177564885e-04 2.948291899282263367e-04 1.156217516699837994e-01 4.270009391184324127e-02 4.667928920356168888e-03 3.004757041738715826e-04 4.057367717618593547e-04
0.000000000000000000e+00 3.566820820504548045e-03 2.948291899282263367e-04 3.566820820504548045e-03 5.076785134055817217e+00 1.809853459733302472e+00 8.060320702204608168e+00 1.762506003062007109e-01
0.000000000000000000e+00 2.110139522177564885e-04 2.948291899282263367e-04 2.054134415160812355e-01 1.284664845821240423e-02 5.557468991830506917e-03 3.597881882562314502e-04 4.822608070889896422e-04
0.000000000000000000e+00 3.566820820504548045e-03 4.138308477573182653e-01 1.210331354536913651e+00 2.952145558689700522e-01 2.392460449911862699e-02 1.018942672282803080e-01 2.279144528612826563e-03
0.000000000000000000e+00 2.110139522177564885e-04 2.948291899282263367e-04 3.566820820504548045e-03 8.405652038985514385e-02 4.070536870503179555e-03 4.029368179280343903e-04 2.868212366135504594e-04
0.000000000000000000e+00 3.566820820504548045e-03 2.948291899282263367e-04 3.566820820504548045e-03 3.854951945682905556e+00 1.341909635149086455e+00 6.632293852562106018e+00 8.394690713401105342e-03
0.000000000000000000e+00 3.566820820504548045e-03 2.948291899282263367e-04 3.566820820504548045e-03 3.854951945682905556e+00 1.341909635149086455e+00 6.776352694884566930e+00 8.401221474249619126e-03
0.000000000000000000e+00 3.566820820504548045e-03 2.948291899282263367e-04 3.566820820504548045e-03 3.854951945682905556e+00 1.414523600480779519e+00 6.632307118666500578e+00 8.401221474249619126e-03
0.000000000000000000e+00 3.566820820504548045e-03 2.948291899282263367e-04 3.566820820504548045e-03 3.854951945682905556e+00 1.341909635149086455e+00 6.920411537207019848e+00 8.407642268855809037e-03
0.000000000000000000e+00 3.566820820504548045e-03 2.948291899282263367e-04 3.566820820504548045e-03 5.076785134055817217e+00 6.885121868803242284e-01 7.352574680750936231e+00 8.420156034928726399e-03
0.000000000000000000e+00 3.566820820504548045e-03 2.948291899282263367e-04 3.566820820504548045e-03 5.076785134055817217e+00 7.611261522120170708e-01 7.208529221851934565e+00 8.420156034928726399e-03
0.000000000000000000e+00 3.566820820504548045e-03 4.280834724474600339e-01 7.694470823439681917e-01 5.881326565491440395e-01 2.392460449911862699e-02 2.269574165572461454e-03 2.269574165572461454e-03
0.000000000000000000e+00 2.150356535994840277e-04 9.632457581951780687e-03 1.948540356374741656e-01 2.521322169684755976e-02 5.510408976642308318e-03 3.619158537072368273e-04 4.842497761741859771e-04
0.000000000000000000e+00 2.150356535994840277e-04 2.948291899282263367e-04 7.756338669769524685e-02 3.710375051723757245e-04 4.074277540307133516e-03 2.505961851431170485e-04 3.438563017090229138e-04
0.000000000000000000e+00 2.110139522177564885e-04 2.948291899282263367e-04 1.152864667311427616e-01 1.098160572214806549e-02 4.587924050204061563e-03 2.947252779117725554e-04 4.002871637097437166e-04
0.000000000000000000e+00 3.566820820504548045e-03 4.280834724474600339e-01 7.403651951373912965e-01 4.205024807020782407e-01 1.996638082025926561e-02 1.879829185496945674e-03 1.879829185496945674e-03
0.000000000000000000e+00 3.566820820504548045e-03 4.423360971376018580e-01 4.669748437061935209e-01 3.875662757266408187e-01 1.990466677357215219e-02 1.910666995926544459e-03 1.862407072838024192e-03
0.000000000000000000e+00 3.566820820504548045e-03 9.632457581951780687e-03 3.997468780175705838e-03 2.179040601527868048e+00 1.282144609636308497e+00 3.051476618544611163e+00 6.019776842770279898e-03
0.000000000000000000e+00 3.566820820504548045e-03 4.138308477573182653e-01 1.210331354536913651e+00 7.028126084436223664e-01 3.271699410382186146e-01 7.533775092264419215e-02 3.378541684755252163e-03
0.000000000000000000e+00 2.110139522177564885e-04 2.948291899282263367e-04 7.840972026603217071e-02 3.618508137655069515e-04 3.988207664337072023e-03 2.505961851431170485e-04 3.438563017090229138e-04
0.000000000000000000e+00 2.110139522177564885e-04 2.948291899282263367e-04 2.211440407143783812e-03 3.745231778211947915e-02 3.373039556492736860e-03 2.433276217459231887e-04 3.368215327497330069e-04
0.000000000000000000e+00 3.566820820504548045e-03 4.280834724474600339e-01 7.985289695505450869e-01 2.122996796557207744e-01 3.132796277330068824e-01 5.185297085415507823e-02 2.274384493302610086e-03
0.000000000000000000e+00 2.150356535994840277e-04 3.025061749050248915e-04 2.809425027125608560e-03 3.745231778211947915e-02 3.412352489101935175e-03 3.455819533205669344e-04 2.433276217459231887e-04
0.000000000000000000e+00 2.150356535994840277e-04 2.948291899282263367e-04 1.155364942910957898e-01 7.440823599179563486e-02 5.488576036976485460e-03 3.576423901116470086e-04 4.802504258204194436e-04
0.000000000000000000e+00 2.150356535994840277e-04 2.948291899282263367e-04 3.141412120255282492e-01 2.081840166205478349e-01 9.215628634298294458e-03 2.074142485199440347e-02 6.375079494680861237e-04
0.000000000000000000e+00 3.566820820504548045e-03 2.948291899282263367e-04 3.566820820504548045e-03 2.179033518345393716e+00 1.341824373519153291e+00 2.631129970460954315e+00 5.088354819810407721e-03
0.000000000000000000e+00 2.110139522177564885e-04 2.948291899282263367e-04 3.303518725958386366e-03 8.406509885061011489e-02 3.979140062495758502e-03 4.029368179280343903e-04 2.923418692625123381e-04
0.000000000000000000e+00 3.566820820504548045e-03 4.280834724474600339e-01 7.694470823439681917e-01 4.205078863794557975e-01 1.998087469300724103e-02 1.884073230875489080e-03 1.884073230875489080e-03
0.000000000000000000e+00 3.566820820504548045e-03 1.200763950043212791e+00 7.740135986414615754e-01 7.782737815480655907e-01 2.871616860957404774e-02 2.767629867692652720e-03 2.767629867692652720e-03
0.000000000000000000e+00 3.566820820504548045e-03 4.138308477573182653e-01 1.210331354536913651e+00 6.527713120694972337e-01 8.834668213009573556e-02 2.207894484821978746e-03 2.746655397984113303e-03
0.000000000000000000e+00 2.110139522177564885e-04 2.948291899282263367e-04 2.547303229369220559e-03 7.466434918607120497e-02 1.287504214426994816e-02 2.868212366135504594e-04 3.927333879877538316e-04
0.000000000000000000e+00 3.566820820504548045e-03 2.948291899282263367e-04 3.566820820504548045e-03 2.934917512389371819e+00 1.559609806658919906e+00 4.581783721463946968e+00 7.125928907595144128e-03
0.000000000000000000e+00 3.566820820504548045e-03 2.948291899282263367e-04 3.566820820504548045e-03 3.854951945682905556e+00 1.196681704485700326e+00 1.434535816525551510e+01 9.246865358514197442e-03
0.000000000000000000e+00 2.110139522177564885e-04 2.948291899282263367e-04 2.054134415160812355e-01 3.080843422074158733e-01 9.028057121636763951e-03 6.345310980986808985e-04 8.275554730395142441e-04
0.000000000000000000e+00 3.566820820504548045e-03 4.423360971376018580e-01 4.428634899847571083e-01 3.524358778670967918e-01 1.665623423379215470e-02 1.593790386045943570e-03 1.553533379173402049e-03
0.000000000000000000e+00 2.110139522177564885e-04 2.948291899282263367e-04 1.156217516699837994e-01 1.610788354530002520e-01 4.922983703550264101e-02 4.341546898963248189e-04 5.740741785207701536e-04
0.000000000000000000e+00 3.566820820504548045e-03 4.280834724474600339e-01 7.694470823439681917e-01 5.881326565491440395e-01 2.392460449911862699e-02 2.269574165572461454e-03 5.231087053969769862e-02
0.000000000000000000e+00 3.025061749050248915e-04 2.190590579645674359e-04 2.611430897835240704e-03 6.545050468787938502e-02 2.770775924496729232e-03 2.488032508368130950e-04 3.421278502646143168e-04
0.000000000000000000e+00 2.110139522177564885e-04 2.948291899282263367e-04 1.152456482307674807e-01 2.154408900897035808e-02 4.452798397423922763e-03 4.021236884853710350e-04 3.023972188334665234e-04
0.000000000000000000e+00 2.150356535994840277e-04 2.230845557776491841e-04 2.611430897835240704e-03 2.823847328392764533e-02 3.285015519778060073e-03 2.414694001053035045e-04 3.350111823022334438e-04
0.000000000000000000e+00 3.566820820504548045e-03 2.948291899282263367e-04 3.566820820504548045e-03 5.136487144548858907e+00 1.633142209759013586e+00 1.833849627482835487e+01 8.518969500640872008e-03
0.000000000000000000e+00 3.566820820504548045e-03 4.280834724474600339e-01 7.694470823439681917e-01 2.470914714983213911e-01 1.993627993605243814e-02 4.377740061443768926e-02 1.875540923536637115e-03
0.000000000000000000e+00 3.566820820504548045e-03 2.948291899282263367e-04 3.566820820504548045e-03 3.804910649308780091e+00 4.464059763974759676e+00 1.634222015929483973e+01 8.519816690057156749e-03
0.000000000000000000e+00 3.566820820504548045e-03 4.423360971376018580e-01 1.527844387917260960e+00 4.521659420211889269e-01 8.834668213009573556e-02 2.746655397984113303e-03 2.746655397984113303e-03
0.000000000000000000e+00 3.566820820504548045e-03 4.280834724474600339e-01 5.149539030954836116e-01 8.850563716527222458e-02 1.372795043252930669e-02 3.632853941638738288e-02 1.538001414340884731e-03
0.000000000000000000e+00 2.150356535994840277e-04 3.025061749050248915e-04 2.360567276636679323e-03 3.745231778211947915e-02 2.885288681266720730e-03 3.455819533205669344e-04 2.433276217459231887e-04
0.000000000000000000e+00 3.566820820504548045e-03 4.423360971376018580e-01 1.569750580459682965e+00 7.782737815480655907e-01 8.841817910261585978e-02 2.772733325406348450e-03 2.772733325406348450e-03
0.000000000000000000e+00 2.150356535994840277e-04 2.948291899282263367e-04 1.155790050744989889e-01 6.384575270497333532e-02 4.594506543430499322e-03 3.554782541688216780e-04 4.782183133298798178e-04
0.000000000000000000e+00 3.566820820504548045e-03 4.280834724474600339e-01 1.175231823956257360e+00 1.316110063201815672e+00 7.611261522120170708e-01 9.179098166277914472e-02 4.201287506222509821e-03
0.000000000000000000e+00 3.566820820504548045e-03 4.280834724474600339e-01 1.175231823956257360e+00 1.375812073694857363e+00 7.611397849301064777e-01 9.179911892784202443e-02 4.207670998022630844e-03
0.000000000000000000e+00 2.110139522177564885e-04 2.948291899282263367e-04 1.154942208950798938e-01 1.097125961240530238e-02 4.686208208414921472e-03 2.947252779117725554e-04 4.002871637097437166e-04
0.000000000000000000e+00 2.110139522177564885e-04 2.948291899282263367e-04 1.156217516699837994e-01 1.487128082522427286e-01 9.197608076087084028e-02 5.145576393881573420e-04 6.782215865773058355e-04
0.000000000000000000e+00 3.566820820504548045e-03 4.138308477573182653e-01 1.210331354536913651e+00 6.527713120694972337e-01 5.659627660744301902e-01 2.746045194578721534e-03 3.390621909856050224e-03
0.000000000000000000e+00 3.566820820504548045e-03 2.948291899282263367e-04 3.566820820504548045e-03 2.214159157141553980e+00 1.401548630622392322e+00 1.593901094470166813e+00 5.054674246387597276e-03
0.000000000000000000e+00 2.110139522177564885e-04 2.948291899282263367e-04 6.796747719822528178e-02 3.510200779545039193e-04 3.977924404514403614e-03 2.488032508368130950e-04 3.784497837747500659e-04
0.000000000000000000e+00 3.566820820504548045e-03 2.948291899282263367e-04 1.328866530911664706e-02 2.143914962731708229e+00 1.401526384012195203e+00 2.420967292928760894e+00 5.081784308355222213e-03
0.000000000000000000e+00 3.566820820504548045e-03 2.948291899282263367e-04 1.328866530911664706e-02 2.851113577804468058e+00 1.922657011501322177e+00 6.200117325594733941e+00 7.190234108107875291e-03
0.000000000000000000e+00 3.566820820504548045e-03 4.280834724474600339e-01 7.403651951373912965e-01 6.300334434141885431e-01 7.396590087324386720e-02 2.274384493302610086e-03 2.274384493302610086e-03
0.000000000000000000e+00 3.566820820504548045e-03 2.948291899282263367e-04 1.328866530911664706e-02 5.076797173131799568e+00 1.809870049385204682e+00 8.228119513807623520e+00 8.476298825357331257e-03
0.000000000000000000e+00 2.110139522177564885e-04 2.948291899282263367e-04 1.155364942910957898e-01 2.154408900897035808e-02 4.696769395342777556e-03 2.966586583774235338e-04 4.021236884853710350e-04
0.000000000000000000e+00 2.150356535994840277e-04 2.948291899282263367e-04 2.240793918937820407e-03 6.536134133508327004e-02 4.063903696664917381e-03 2.488032508368130950e-04 3.421278502646143168e-04
0.000000000000000000e+00 3.566820820504548045e-03 2.948291899282263367e-04 1.328866530911664706e-02 2.851113577804468058e+00 9.837569336301356104e-01 4.210599991992027391e+00 6.061932365674274625e-03
0.000000000000000000e+00 2.110139522177564885e-04 2.948291899282263367e-04 1.063187438189958645e-01 4.352460184777438013e-01 1.286048334109163305e-01 7.857650720582636623e-04 1.016221439611456707e-03
0.000000000000000000e+00 2.150356535994840277e-04 2.948291899282263367e-04 2.054134415160812355e-01 3.245717885131766955e-01 4.905606813044990216e-02 6.433887559117512167e-04 8.355303316025590151e-04
0.000000000000000000e+00 3.566820820504548045e-03 4.423360971376018580e-01 7.403864074424935104e-01 2.119658327021615718e-01 1.992066453679465499e-02 1.866830250888604258e-03 1.866830250888604258e-03
0.000000000000000000e+00 3.566820820504548045e-03 2.948291899282263367e-04 3.566820820504548045e-03 5.076785134055817217e+00 1.898217379546397909e+00 7.892550141283781073e+00 8.465914044282991935e-03
0.000000000000000000e+00 3.566820820504548045e-03 2.948291899282263367e-04 3.566820820504548045e-03 2.179033518345393716e+00 1.341824373519153291e+00 4.581698214249556145e+00 6.075250052673923304e-03
0.000000000000000000e+00 3.566820820504548045e-03 2.948291899282263367e-04 3.566820820504548045e-03 5.017083123562775526e+00 1.898200156408996975e+00 9.402598192299979729e+00 9.200114705128662612e-03
0.000000000000000000e+00 3.566820820504548045e-03 2.948291899282263367e-04 3.566820820504548045e-03 5.076785134055817217e+00 1.721489539920206813e+00 9.570368623861179813e+00 9.200114705128662612e-03
0.000000000000000000e+00 3.566820820504548045e-03 2.948291899282263367e-04 3.566820820504548045e-03 2.214159157141553980e+00 1.282144609636308497e+00 1.682247185994004912e+00 5.047687269260405125e-03
0.000000000000000000e+00 3.566820820504548045e-03 2.948291899282263367e-04 3.566820820504548045e-03 5.076785134055817217e+00 1.544761700294015716e+00 1.416400783773681304e+01 9.226285308542423250e-03
0.000000000000000000e+00 2.110139522177564885e-04 2.948291899282263367e-04 3.566820820504548045e-03 5.615607529764640726e-02 2.658469665159558619e-03 2.469943230828653660e-04 3.403794831357770737e-04
0.000000000000000000e+00 3.566820820504548045e-03 2.948291899282263367e-04 3.566820820504548045e-03 5.136487144548858907e+00 1.633142209759013586e+00 1.851999441286133319e+01 8.519335341829997743e-03
0.000000000000000000e+00 2.110139522177564885e-04 2.948291899282263367e-04 1.948406121195161989e-01 1.715832123452705471e-01 1.078731006089954231e-01 6.315296495871500519e-04 8.248422938799761283e-04
0.000000000000000000e+00 3.566820820504548045e-03 2.948291899282263367e-04 3.566820820504548045e-03 5.017083123562775526e+00 5.131425116924003937e+00 1.670530839328640837e+01 6.951853869793588742e-03
0.000000000000000000e+00 3.566820820504548045e-03 2.948291899282263367e-04 3.566820820504548045e-03 5.076785134055817217e+00 5.131449228165847032e+00 1.597932846647221794e+01 6.952970828173908949e-03
0.000000000000000000e+00 3.566820820504548045e-03 4.423360971376018580e-01 1.611656773002105192e+00 9.579340948530363775e-01 1.076004642267802264e-01 3.658231657890496091e-01 3.425297347806059017e-03
0.000000000000000000e+00 3.566820820504548045e-03 2.948291899282263367e-04 3.566820820504548045e-03 4.957381113069733836e+00 5.378807280113150568e+00 1.833880426090097870e+01 6.943902705666310168e-03
0.000000000000000000e+00 3.566820820504548045e-03 2.948291899282263367e-04 3.566820820504548045e-03 5.136487144548858907e+00 5.502583207449808889e+00 1.634237398877949232e+01 6.950146775950251030e-03
0.000000000000000000e+00 2.110139522177564885e-04 2.948291899282263367e-04 1.156217516699837994e-01 1.610667464278844052e-01 2.032786048640205373e-02 4.295064437089658000e-04 5.697893930612574947e-04
0.000000000000000000e+00 3.566820820504548045e-03 2.948291899282263367e-04 1.328866530911664706e-02 2.143914962731708229e+00 1.461228394505236894e+00 1.682265014283262250e+00 5.061576940986141360e-03
0.000000000000000000e+00 3.566820820504548045e-03 1.200763950043212791e+00 7.738153887329497493e-01 7.782737815480655907e-01 2.871616860957404774e-02 2.767629867692652720e-03 2.767629867692652720e-03
0.000000000000000000e+00 2.110139522177564885e-04 3.102882349707364795e-04 2.579249708641517466e-03 8.406509885061011489e-02 3.979140062495758502e-03 3.927333879877538316e-04 2.868212366135504594e-04
0.000000000000000000e+00 2.110139522177564885e-04 2.948291899282263367e-04 2.054134415160812355e-01 3.755452480949560135e-02 5.578978497133919162e-03 3.640255868294906254e-04 4.862176428240491959e-04
0.000000000000000000e+00 3.566820820504548045e-03 2.948291899282263367e-04 3.566820820504548045e-03 2.214159157141553980e+00 1.222442599143266806e+00 2.526032570622400275e+00 5.075131480503161652e-03
0.000000000000000000e+00 3.566820820504548045e-03 2.948291899282263367e-04 3.566820820504548045e-03 5.136487144548858907e+00 1.809870049385204682e+00 1.852002511247320982e+01 8.519816690057156749e-03
0.000000000000000000e+00 2.110139522177564885e-04 9.632457581951780687e-03 2.893921805346476028e-01 4.272176800019892862e-01 1.122016014317617043e-02 7.925673733224438029e-04 1.022278707430273595e-03
0.000000000000000000e+00 3.566820820504548045e-03 3.995782230671765523e-01 1.210304751204348550e+00 6.527660843971367921e-01 8.833099700043359204e-02 2.201421770093261576e-03 2.741269557125495214e-03
0.000000000000000000e+00 3.025061749050248915e-04 2.190590579645674359e-04 2.547303229369220559e-03 6.545050468787938502e-02 1.266658922324536037e-02 2.505961851431170485e-04 3.438563017090229138e-04
0.000000000000000000e+00 3.566820820504548045e-03 4.138308477573182653e-01 7.694254663334282318e-01 6.300334434141885431e-01 2.240897899956184325e-01 6.243233471462137502e-02 2.735825977406862800e-03
0.000000000000000000e+00 3.566820820504548045e-03 2.948291899282263367e-04 3.566820820504548045e-03 5.017083123562775526e+00 5.378832286843673316e+00 1.833881676013495721e+01 6.942755535091010670e-03
0.000000000000000000e+00 2.110139522177564885e-04 3.025061749050248915e-04 7.737836493802111026e-02 3.618508137655069515e-04 3.653338854001300998e-03 2.505961851431170485e-04 3.438563017090229138e-04
0.000000000000000000e+00 2.110139522177564885e-04 2.948291899282263367e-04 1.156217516699837994e-01 1.610667464278844052e-01 6.348246172564442347e-02 5.118880151038018378e-04 6.757735621039013575e-04
0.000000000000000000e+00 2.110139522177564885e-04 3.102882349707364795e-04 5.903319450385294265e-02 3.492282060480306725e-04 4.010278312929256225e-03 3.492282060480306725e-04 2.517334221026391611e-04
0.000000000000000000e+00 3.566820820504548045e-03 2.948291899282263367e-04 3.566820820504548045e-03 4.957381113069733836e+00 5.502510865072984814e+00 1.779432234603600449e+01 6.946006760321015577e-03
0.000000000000000000e+00 3.566820820504548045e-03 2.948291899282263367e-04 3.566820820504548045e-03 5.136487144548858907e+00 5.378879622489973755e+00 1.652386000235100383e+01 6.950146775950251030e-03
0.000000000000000000e+00 3.566820820504548045e-03 2.948291899282263367e-04 3.566820820504548045e-03 5.017083123562775526e+00 5.255128701883839071e+00 1.652382288057116000e+01 6.951853869793588742e-03
0.000000000000000000e+00 3.566820820504548045e-03 2.948291899282263367e-04 3.566820820504548045e-03 4.957381113069733836e+00 5.378807280113150568e+00 1.797580798483501496e+01 6.946006760321015577e-03
0.000000000000000000e+00 3.566820820504548045e-03 2.948291899282263367e-04 3.566820820504548045e-03 4.957381113069733836e+00 5.502510865072984814e+00 1.797582048406899347e+01 6.944986518950493903e-03
0.000000000000000000e+00 3.566820820504548045e-03 2.948291899282263367e-04 3.566820820504548045e-03 5.136487144548858907e+00 5.131472452570307041e+00 1.616083910373917476e+01 6.952292065458052714e-03
0.000000000000000000e+00 3.566820820504548045e-03 8.968293368624620232e-01 6.486841445332233169e-01 1.375812073694857363e+00 1.076140969448696194e-01 6.562862587214638443e-01 4.201287506222509821e-03
0.000000000000000000e+00 2.150356535994840277e-04 2.948291899282263367e-04 7.756338669769524685e-02 2.602364795406539376e-04 3.531751338407480931e-03 2.505961851431170485e-04 3.438563017090229138e-04
0.000000000000000000e+00 3.566820820504548045e-03 4.138308477573182653e-01 1.210331354536913651e+00 7.028126084436223664e-01 3.271699410382186146e-01 7.533775092264419215e-02 3.378541684755252163e-03
0.000000000000000000e+00 2.110139522177564885e-04 2.948291899282263367e-04 2.054134415160812355e-01 3.080843422074158733e-01 2.894192650059165470e-02 6.375079494680861237e-04 8.302409961798260137e-04
0.000000000000000000e+00 2.110139522177564885e-04 2.948291899282263367e-04 2.054134415160812355e-01 2.415304971081465579e-01 7.612202765801850957e-03 6.854152844903058615e-04 5.224348973519079556e-04
0.000000000000000000e+00 2.110139522177564885e-04 3.102882349707364795e-04 2.911553900243270005e-03 8.406509885061011489e-02 3.979140062495758502e-03 4.029368179280343903e-04 2.868212366135504594e-04
0.000000000000000000e+00 2.110139522177564885e-04 2.948291899282263367e-04 2.054134415160812355e-01 5.185751927765975822e-01 1.552098512934161900e-01 9.843940543840250419e-04 1.259975545541750430e-03
0.000000000000000000e+00 2.110139522177564885e-04 2.948291899282263367e-04 1.062759972235110539e-01 2.856009469856470306e-01 5.773690970540857476e-02 5.250174884530040822e-04 6.877640888384153536e-04
0.000000000000000000e+00 3.566820820504548045e-03 5.689399620324996354e-01 9.997032591243626420e-01 7.528486771453872795e-01 2.865988857300958564e-02 6.190990497786379859e-02 2.751983929974989324e-03
0.000000000000000000e+00 3.566820820504548045e-03 2.948291899282263367e-04 3.566820820504548045e-03 3.854951945682905556e+00 1.341909635149086455e+00 6.776352694884566930e+00 8.401221474249619126e-03
0.000000000000000000e+00 3.566820820504548045e-03 4.138308477573182653e-01 8.275892407465818001e-01 5.466247558298754639e-01 3.239362358801676778e-01 6.190343226313507058e-02 2.746655397984113303e-03
0.000000000000000000e+00 2.110139522177564885e-04 3.025061749050248915e-04 1.155790050744989889e-01 2.154408900897035808e-02 4.452798397423922763e-03 4.021236884853710350e-04 2.966586583774235338e-04
0.000000000000000000e+00 2.110139522177564885e-04 3.025061749050248915e-04 1.152456482307674807e-01 3.211691840553541205e-02 4.657786179108815150e-03 4.039401184700464205e-04 3.043566007097557396e-04
0.000000000000000000e+00 3.566820820504548045e-03 2.948291899282263367e-04 1.328866530911664706e-02 2.143914962731708229e+00 1.401526384012195203e+00 2.631140616970594870e+00 5.094843490905763897e-03
0.000000000000000000e+00 2.110139522177564885e-04 2.948291899282263367e-04 2.877280549165753092e-03 9.335952824084306489e-02 3.854624740628675213e-03 3.946536838716763196e-04 2.888232524900767074e-04
0.000000000000000000e+00 3.566820820504548045e-03 2.948291899282263367e-04 3.566820820504548045e-03 5.136487144548858907e+00 1.633142209759013586e+00 1.107857075350907650e+01 9.218610483606044445e-03
0.000000000000000000e+00 3.566820820504548045e-03 4.423360971376018580e-01 4.669748437061935209e-01 1.463899219718706179e-01 8.684790901557055964e-02 1.585905451014862693e-03 1.545846878761815077e-03
0.000000000000000000e+00 2.110139522177564885e-04 2.948291899282263367e-04 1.156217516699837994e-01 3.212726451527817689e-02 4.608689847931676277e-03 2.985754010969273527e-04 4.039401184700464205e-04
0.000000000000000000e+00 2.110139522177564885e-04 2.948291899282263367e-04 1.947920307930695316e-01 2.916636131925271491e-01 7.713837204627602487e-03 5.379711593966401365e-04 6.900888411347994500e-04
0.000000000000000000e+00 2.110139522177564885e-04 3.025061749050248915e-04 1.946956739288290550e-01 6.226031757841554715e-02 6.448484861154244255e-03 4.223864839361130431e-04 5.631911273330013432e-04
0.000000000000000000e+00 3.566820820504548045e-03 2.948291899282263367e-04 3.566820820504548045e-03 5.136487144548858907e+00 1.633142209759013586e+00 1.470853351416871746e+01 9.239209978636666459e-03
0.000000000000000000e+00 3.566820820504548045e-03 2.948291899282263367e-04 3.566820820504548045e-03 5.017083123562775526e+00 1.986564076222092412e+00 1.452706607574761577e+01 9.241498274442986466e-03
0.000000000000000000e+00 3.566820820504548045e-03 2.948291899282263367e-04 3.566820820504548045e-03 5.136487144548858907e+00 1.544778289945917926e+00 1.851997885241109643e+01 8.518969500640872008e-03
0.000000000000000000e+00 3.566820820504548045e-03 4.280834724474600339e-01 4.429590575203639080e-01 4.929336349010901008e-01 1.992066453679465499e-02 1.866830250888604258e-03 1.866830250888604258e-03
0.000000000000000000e+00 3.025061749050248915e-04 2.110139522177564885e-04 2.843237368190843894e-03 1.026886271331069328e-01 4.664496637787876945e-03 2.908077860167684056e-04 3.965525059211700773e-04
0.000000000000000000e+00 2.110139522177564885e-04 2.948291899282263367e-04 3.490522795068585430e-03 5.605383953138140529e-02 3.393061577120209862e-03 2.469943230828653660e-04 3.403794831357770737e-04
0.000000000000000000e+00 2.110139522177564885e-04 2.948291899282263367e-04 1.155790050744989889e-01 2.428317206463271871e-01 7.642700896712345537e-03 5.118880151038018378e-04 6.757735621039013575e-04
0.000000000000000000e+00 3.566820820504548045e-03 2.948291899282263367e-04 3.566820820504548045e-03 1.600533680466906361e+00 1.074511404584064245e+00 1.947264522420845134e+00 4.213980507611861381e-03
0.000000000000000000e+00 3.566820820504548045e-03 2.948291899282263367e-04 3.566820820504548045e-03 3.854951945682905556e+00 1.414523600480779519e+00 5.479836380086838155e+00 7.165693936571593606e-03
0.000000000000000000e+00 3.566820820504548045e-03 4.138308477573182653e-01 1.210331354536913651e+00 6.527713120694972337e-01 5.659627660744301902e-01 2.932019065213506970e-01 3.413996198770658224e-03
0.000000000000000000e+00 3.566820820504548045e-03 3.092973392516163988e-01 4.073200606245138689e-01 1.447822585235624682e-01 1.368704152042660507e-02 5.942374995869539184e-02 1.266741771619090936e-03
0.000000000000000000e+00 2.110139522177564885e-04 3.025061749050248915e-04 2.054134415160812355e-01 2.681245640794093221e-01 7.713837204627602487e-03 5.275788430121546675e-04 6.900888411347994500e-04
0.000000000000000000e+00 2.110139522177564885e-04 2.948291899282263367e-04 1.155364942910957898e-01 6.383540659523058436e-02 5.535153773280689603e-03 3.554782541688216780e-04 4.782183133298798178e-04
0.000000000000000000e+00 2.110139522177564885e-04 2.948291899282263367e-04 5.870016716604578577e-02 3.403794831357770737e-04 4.053337044326792843e-03 2.517334221026391611e-04 2.469943230828653660e-04
0.000000000000000000e+00 3.566820820504548045e-03 2.948291899282263367e-04 1.328866530911664706e-02 5.076797173131799568e+00 1.809870049385204682e+00 1.525305862787953615e+01 9.249675488706319074e-03
0.000000000000000000e+00 3.566820820504548045e-03 2.948291899282263367e-04 3.566820820504548045e-03 5.136487144548858907e+00 1.809870049385204682e+00 1.398257166164866483e+01 9.234337918989888108e-03
0.000000000000000000e+00 3.566820820504548045e-03 2.948291899282263367e-04 3.566820820504548045e-03 3.854951945682905556e+00 1.196681704485700326e+00 4.581807215117589926e+00 7.139583165128193798e-03
0.000000000000000000e+00 3.566820820504548045e-03 2.948291899282263367e-04 3.566820820504548045e-03 3.854951945682905556e+00 1.196681704485700326e+00 4.581807215117589926e+00 7.139583165128193798e-03
0.000000000000000000e+00 2.150356535994840277e-04 2.948291899282263367e-04 2.054134415160812355e-01 3.755452480949560135e-02 5.406012663165697674e-03 3.640255868294906254e-04 4.862176428240491959e-04
0.000000000000000000e+00 3.566820820504548045e-03 2.948291899282263367e-04 1.328866530911664706e-02 4.957393152145715298e+00 1.898200156408996975e+00 9.067028819776137283e+00 9.190213910074152351e-03
0.000000000000000000e+00 3.566820820504548045e-03 2.948291899282263367e-04 3.566820820504548045e-03 5.136487144548858907e+00 1.809870049385204682e+00 8.563688886331467742e+00 9.179872774214559161e-03
0.000000000000000000e+00 3.566820820504548045e-03 2.948291899282263367e-04 1.328866530911664706e-02 5.076797173131799568e+00 1.809870049385204682e+00 8.563688886331467742e+00 9.179872774214559161e-03
0.000000000000000000e+00 3.566820820504548045e-03 2.948291899282263367e-04 3.566820820504548045e-03 5.136487144548858907e+00 1.721506129572109023e+00 8.060320702204608168e+00 8.465914044282991935e-03
0.000000000000000000e+00 3.566820820504548045e-03 2.948291899282263367e-04 3.566820820504548045e-03 5.136487144548858907e+00 1.809870049385204682e+00 8.228119513807623520e+00 8.476298825357331257e-03
0.000000000000000000e+00 3.566820820504548045e-03 4.280834724474600339e-01 5.149539030954836116e-01 1.754757172938449516e-01 1.662711220623376909e-02 3.667148567492164307e-02 1.549709819590839015e-03
0.000000000000000000e+00 2.110139522177564885e-04 3.025061749050248915e-04 9.693047858911991999e-02 3.946536838716763196e-04 4.555324765078029928e-03 2.888232524900767074e-04 3.946536838716763196e-04
0.000000000000000000e+00 3.566820820504548045e-03 2.948291899282263367e-04 3.566820820504548045e-03 2.214159157141553980e+00 1.341846620129350409e+00 7.288856985115086395e-01 4.194829562909471385e-03
0.000000000000000000e+00 2.110139522177564885e-04 2.948291899282263367e-04 1.063187438189958645e-01 2.713483222955052621e-01 5.780347772681082574e-02 5.224348973519079556e-04 6.854152844903058615e-04
0.000000000000000000e+00 2.110139522177564885e-04 3.102882349707364795e-04 2.877280549165753092e-03 1.119741224035738919e-01 4.431919353073161295e-03 2.927750565721865526e-04 3.984302158402465736e-04
0.000000000000000000e+00 2.110139522177564885e-04 2.948291899282263367e-04 1.156217516699837994e-01 1.610667464278844052e-01 9.198771110592798839e-02 6.806443383717460929e-04 5.172051836286385186e-04
0.000000000000000000e+00 3.566820820504548045e-03 2.948291899282263367e-04 3.566820820504548045e-03 5.136487144548858907e+00 1.368050450319726830e+00 1.815695103038368430e+01 8.516664572416869292e-03
0.000000000000000000e+00 3.566820820504548045e-03 2.948291899282263367e-04 3.566820820504548045e-03 2.179033518345393716e+00 1.401526384012195203e+00 2.526053954949677660e+00 5.088354819810407721e-03
0.000000000000000000e+00 3.566820820504548045e-03 2.948291899282263367e-04 1.328866530911664706e-02 2.143914962731708229e+00 1.282122363026111378e+00 3.051465880726985436e+00 5.107577186554398962e-03
0.000000000000000000e+00 2.110139522177564885e-04 3.102882349707364795e-04 2.877280549165753092e-03 1.119741224035738919e-01 4.626223864846702553e-03 2.927750565721865526e-04 3.984302158402465736e-04
0.000000000000000000e+00 2.110139522177564885e-04 2.948291899282263367e-04 1.155790050744989889e-01 1.240049319009594031e-01 5.292189721456961107e-03 3.640255868294906254e-04 4.862176428240491959e-04
0.000000000000000000e+00 2.110139522177564885e-04 3.025061749050248915e-04 2.054134415160812355e-01 4.802504258204194436e-04 5.546413822141509423e-03 3.576423901116470086e-04 4.802504258204194436e-04
0.000000000000000000e+00 2.110139522177564885e-04 3.025061749050248915e-04 4.943311940477810446e-02 3.386108362579438457e-04 3.999562896212061937e-03 2.451691870160407796e-04 3.386108362579438457e-04
0.000000000000000000e+00 3.566820820504548045e-03 2.948291899282263367e-04 1.328866530911664706e-02 3.804920740274968960e+00 2.339880923726680440e+00 7.724722690230480637e+00 8.443886522081764379e-03
0.000000000000000000e+00 3.566820820504548045e-03 2.948291899282263367e-04 3.566820820504548045e-03 3.854951945682905556e+00 2.251517003913584780e+00 7.724708174734648658e+00 8.438114777248506906e-03
0.000000000000000000e+00 3.025061749050248915e-04 2.190590579645674359e-04 2.643846456567278819e-03 6.536134133508327004e-02 2.770775924496729232e-03 2.488032508368130950e-04 3.421278502646143168e-04
0.000000000000000000e+00 3.566820820504548045e-03 3.995782230671765523e-01 1.245430390000508369e+00 6.527713120694972337e-01 8.834668213009573556e-02 2.410159364569892382e-01 2.767629867692652720e-03
0.000000000000000000e+00 3.566820820504548045e-03 2.948291899282263367e-04 3.566820820504548045e-03 2.214159157141553980e+00 1.282144609636308497e+00 2.526043308440037105e+00 5.081784308355222213e-03
0.000000000000000000e+00 2.150356535994840277e-04 9.632457581951780687e-03 1.948540356374741656e-01 1.631777181341998451e-01 7.576396489430537763e-03 6.782215865773058355e-04 5.145576393881573420e-04
0.000000000000000000e+00 3.566820820504548045e-03 4.423360971376018580e-01 4.909731255645663484e-01 7.976361428248402996e-01 2.392460449911862699e-02 2.328377458894268469e-03 2.269574165572461454e-03
0.000000000000000000e+00 3.566820820504548045e-03 2.948291899282263367e-04 3.566820820504548045e-03 5.076785134055817217e+00 1.633125620107111375e+00 1.724949188618022333e+01 8.514043539148303044e-03
0.000000000000000000e+00 3.566820820504548045e-03 4.423360971376018580e-01 1.569750580459682965e+00 1.017630244919927263e+00 1.802144295584732214e-01 4.384443627263849286e-01 4.181688411329299859e-03
0.000000000000000000e+00 3.566820820504548045e-03 4.423360971376018580e-01 4.669748437061935209e-01 3.524406369304809994e-01 1.037006673330247430e-01 4.382139679822859984e-02 1.871208072015628993e-03
0.000000000000000000e+00 2.150356535994840277e-04 9.632457581951780687e-03 1.948540356374741656e-01 1.288566344820868681e-01 6.438515505208004461e-03 5.740741785207701536e-04 4.426588875021183621e-04
0.000000000000000000e+00 3.025061749050248915e-04 2.110139522177564885e-04 2.809425027125608560e-03 1.026886271331069328e-01 4.664496637787876945e-03 2.908077860167684056e-04 3.965525059211700773e-04
0.000000000000000000e+00 2.150356535994840277e-04 2.948291899282263367e-04 2.054134415160812355e-01 2.848238219968626250e-01 9.108692826063594095e-03 2.054539902854203917e-02 8.275554730395142441e-04
0.000000000000000000e+00 3.566820820504548045e-03 4.138308477573182653e-01 5.149360656315702389e-01 1.463899219718706179e-01 5.172227021941072644e-02 1.541944198748227681e-03 1.541944198748227681e-03
0.000000000000000000e+00 3.566820820504548045e-03 2.948291899282263367e-04 3.566820820504548045e-03 1.658697454880060151e+00 1.282002831731400505e+00 2.124011442121359394e+00 5.040615501912253972e-03
0.000000000000000000e+00 3.025061749050248915e-04 2.190590579645674359e-04 2.547303229369220559e-03 6.545050468787938502e-02 3.363581372257427177e-03 2.488032508368130950e-04 3.421278502646143168e-04
0.000000000000000000e+00 3.566820820504548045e-03 4.423360971376018580e-01 4.669748437061935209e-01 1.754718091784474021e-01 1.661204368262268055e-02 1.581901990552272942e-03 1.541944198748227681e-03
0.000000000000000000e+00 3.566820820504548045e-03 4.423360971376018580e-01 4.669748437061935209e-01 3.875662757266408187e-01 1.990466677357215219e-02 1.910666995926544459e-03 1.862407072838024192e-03
0.000000000000000000e+00 2.110139522177564885e-04 2.948291899282263367e-04 8.737744317817895678e-02 4.672780525208192984e-04 4.592884992866893071e-03 2.868212366135504594e-04 3.927333879877538316e-04
0.000000000000000000e+00 3.566820820504548045e-03 2.948291899282263367e-04 3.566820820504548045e-03 5.136487144548858907e+00 5.502583207449808889e+00 1.688686840287843083e+01 1.424382522647931748e-01
0.000000000000000000e+00 3.566820820504548045e-03 2.948291899282263367e-04 3.566820820504548045e-03 5.136487144548858907e+00 5.502583207449808889e+00 1.706836654091141980e+01 6.946963213729455584e-03
0.000000000000000000e+00 2.110139522177564885e-04 2.948291899282263367e-04 1.156217516699837994e-01 7.440823599179563486e-02 5.496216652470804070e-02 4.223864839361130431e-04 5.631911273330013432e-04
0.000000000000000000e+00 3.566820820504548045e-03 2.948291899282263367e-04 3.566820820504548045e-03 2.214159157141553980e+00 1.282144609636308497e+00 2.420956646419120784e+00 5.075131480503161652e-03
0.000000000000000000e+00 3.566820820504548045e-03 2.948291899282263367e-04 3.566820820504548045e-03 2.214159157141553980e+00 1.282144609636308497e+00 2.526043308440037105e+00 5.081784308355222213e-03
0.000000000000000000e+00 2.110139522177564885e-04 3.102882349707364795e-04 1.156217516699837994e-01 6.384575270497333532e-02 4.807607732815340727e-03 4.782183133298798178e-04 3.554782541688216780e-04
0.000000000000000000e+00 3.566820820504548045e-03 2.948291899282263367e-04 1.328866530911664706e-02 2.893019770346890063e+00 8.046695014368880905e-01 3.681985852852475816e+00 6.055137120237564195e-03
0.000000000000000000e+00 3.566820820504548045e-03 2.948291899282263367e-04 1.328866530911664706e-02 2.893019770346890063e+00 7.449674909438461778e-01 3.787061685184642812e+00 6.055137120237564195e-03
0.000000000000000000e+00 3.566820820504548045e-03 2.948291899282263367e-04 1.328866530911664706e-02 4.897691141652673608e+00 2.074910133232493514e+00 9.067042945117227859e+00 9.195219109887105627e-03
0.000000000000000000e+00 3.566820820504548045e-03 2.948291899282263367e-04 3.566820820504548045e-03 5.136487144548858907e+00 1.721506129572109023e+00 9.234813506038054953e+00 9.195219109887105627e-03
0.000000000000000000e+00 2.110139522177564885e-04 3.025061749050248915e-04 9.701573596800794341e-02 3.946536838716763196e-04 4.555324765078029928e-03 2.888232524900767074e-04 3.946536838716763196e-04
0.000000000000000000e+00 2.110139522177564885e-04 2.948291899282263367e-04 1.155790050744989889e-01 7.440823599179563486e-02 1.761414817663447749e-02 3.597881882562314502e-04 4.822608070889896422e-04
0.000000000000000000e+00 2.110139522177564885e-04 2.948291899282263367e-04 2.054134415160812355e-01 5.311608831924275343e-04 5.488576036976485460e-03 3.576423901116470086e-04 4.802504258204194436e-04
0.000000000000000000e+00 3.566820820504548045e-03 3.853255983770347282e-01 1.245403283838421249e+00 7.028073807712619248e-01 2.674527136092211821e-01 6.192899925541205108e-02 2.767629867692652720e-03
0.000000000000000000e+00 3.566820820504548045e-03 4.280834724474600339e-01 5.149539030954836116e-01 5.942374995869539184e-02 4.279649766589267712e-02 9.959283690522840495e-04 1.270073496813143828e-03
0.000000000000000000e+00 3.452691739427951080e-03 3.092973392516163988e-01 4.073200606245138689e-01 1.447822585235624682e-01 1.368704152042660507e-02 3.034186275211856951e-02 1.263375897318236383e-03
0.000000000000000000e+00 3.566820820504548045e-03 3.092973392516163988e-01 4.072264905464287876e-01 1.447822585235624682e-01 1.368704152042660507e-02 5.942374995869539184e-02 1.266741771619090936e-03
0.000000000000000000e+00 2.110139522177564885e-04 3.025061749050248915e-04 1.948406121195161989e-01 3.015371896981191013e-01 9.202678448556728813e-03 6.315296495871500519e-04 8.248422938799761283e-04
0.000000000000000000e+00 3.566820820504548045e-03 9.632457581951780687e-03 3.997468780175705838e-03 2.179040601527868048e+00 1.401548630622392322e+00 3.051497820811458705e+00 6.034199802586440523e-03
0.000000000000000000e+00 2.150356535994840277e-04 3.025061749050248915e-04 1.155364942910957898e-01 4.087763255830095181e-04 4.675451847945363837e-03 2.927750565721865526e-04 3.984302158402465736e-04
0.000000000000000000e+00 2.110139522177564885e-04 3.102882349707364795e-04 1.144470812405379984e-01 1.097125961240530238e-02 4.587924050204061563e-03 4.002871637097437166e-04 2.947252779117725554e-04
0.000000000000000000e+00 2.110139522177564885e-04 2.948291899282263367e-04 1.156217516699837994e-01 7.440823599179563486e-02 5.546413822141509423e-03 3.576423901116470086e-04 4.802504258204194436e-04
0.000000000000000000e+00 3.452691739427951080e-03 4.280834724474600339e-01 5.149539030954836116e-01 1.754757172938449516e-01 1.662711220623376909e-02 3.667148567492164307e-02 1.549709819590839015e-03
0.000000000000000000e+00 3.566820820504548045e-03 2.845780711251666983e-01 4.471149956073328102e-01 1.450384637290122181e-01 1.368704152042660507e-02 9.843940543840250419e-04 1.259975545541750430e-03
0.000000000000000000e+00 2.110139522177564885e-04 2.948291899282263367e-04 7.832446288714417504e-02 3.527916112460444250e-04 3.295296845278225528e-03 2.505961851431170485e-04 3.438563017090229138e-04
0.000000000000000000e+00 2.150356535994840277e-04 2.271125249115418484e-04 2.547303229369220559e-03 6.545050468787938502e-02 3.402812280216571585e-03 2.488032508368130950e-04 3.421278502646143168e-04
0.000000000000000000e+00 2.150356535994840277e-04 2.948291899282263367e-04 7.756338669769524685e-02 2.602364795406539376e-04 3.531751338407480931e-03 2.505961851431170485e-04 3.438563017090229138e-04
0.000000000000000000e+00 3.566820820504548045e-03 4.138308477573182653e-01 7.694254663334282318e-01 6.300334434141885431e-01 2.240897899956184325e-01 6.243233471462137502e-02 2.735825977406862800e-03
0.000000000000000000e+00 3.566820820504548045e-03 2.948291899282263367e-04 1.328866530911664706e-02 2.893019770346890063e+00 1.922679633317385006e+00 3.715916598081705491e+00 7.111869952549535606e-03
0.000000000000000000e+00 3.566820820504548045e-03 2.948291899282263367e-04 3.566820820504548045e-03 3.854951945682905556e+00 1.414523600480779519e+00 7.064483645633868214e+00 8.420156034928726399e-03
0.000000000000000000e+00 3.566820820504548045e-03 2.948291899282263367e-04 3.566820820504548045e-03 3.854951945682905556e+00 2.251517003913584780e+00 7.724708174734648658e+00 8.438114777248506906e-03
0.000000000000000000e+00 3.566820820504548045e-03 2.948291899282263367e-04 1.328866530911664706e-02 3.804920740274968960e+00 2.339880923726680440e+00 7.724722690230480637e+00 8.443886522081764379e-03
0.000000000000000000e+00 3.566820820504548045e-03 4.280834724474600339e-01 5.149539030954836116e-01 5.942374995869539184e-02 4.279649766589267712e-02 9.959283690522840495e-04 1.270073496813143828e-03
0.000000000000000000e+00 3.566820820504548045e-03 2.948291899282263367e-04 1.328866530911664706e-02 3.804920740274968960e+00 2.339880923726680440e+00 6.056161381623733853e+00 8.420156034928726399e-03
0.000000000000000000e+00 3.566820820504548045e-03 2.948291899282263367e-04 1.328866530911664706e-02 2.179040601527868048e+00 1.282144609636308497e+00 2.631129970460954315e+00 5.088354819810407721e-03
0.000000000000000000e+00 3.566820820504548045e-03 4.138308477573182653e-01 1.210331354536913651e+00 6.027300156953721011e-01 1.480330074934754214e-01 2.410159364569892382e-01 2.767629867692652720e-03
0.000000000000000000e+00 3.566820820504548045e-03 4.138308477573182653e-01 8.275892407465818001e-01 5.466247558298754639e-01 3.239362358801676778e-01 6.190343226313507058e-02 2.746655397984113303e-03
0.000000000000000000e+00 3.566820820504548045e-03 4.280834724474600339e-01 4.669573393787373461e-01 1.463859817575630384e-01 5.170651007453962167e-02 1.538001414340884731e-03 1.538001414340884731e-03
0.000000000000000000e+00 2.110139522177564885e-04 3.025061749050248915e-04 1.156217516699837994e-01 2.570982923334018677e-01 5.772474854921298693e-02 5.224348973519079556e-04 6.854152844903058615e-04
0.000000000000000000e+00 2.110139522177564885e-04 3.025061749050248915e-04 1.946956739288290550e-01 6.226031757841554715e-02 6.448484861154244255e-03 4.223864839361130431e-04 5.631911273330013432e-04
0.000000000000000000e+00 2.110139522177564885e-04 2.948291899282263367e-04 2.270383296408223003e-03 5.605383953138140529e-02 3.432489083876018483e-03 2.469943230828653660e-04 3.403794831357770737e-04
0.000000000000000000e+00 3.566820820504548045e-03 2.948291899282263367e-04 3.566820820504548045e-03 2.143907879549233897e+00 1.401503592663952080e+00 2.946389956523706388e+00 5.107577186554398962e-03
0.000000000000000000e+00 2.150356535994840277e-04 2.948291899282263367e-04 1.154942208950798938e-01 6.383540659523058436e-02 5.249160368520050524e-03 3.554782541688216780e-04 5.032093820634899080e-04
0.000000000000000000e+00 2.110139522177564885e-04 2.948291899282263367e-04 2.547303229369220559e-03 7.466434918607120497e-02 1.287504214426994816e-02 2.868212366135504594e-04 3.927333879877538316e-04
0.000000000000000000e+00 3.566820820504548045e-03 2.948291899282263367e-04 1.328866530911664706e-02 5.076797173131799568e+00 1.809870049385204682e+00 8.563688886331467742e+00 9.179872774214559161e-03
0.000000000000000000e+00 3.566820820504548045e-03 2.948291899282263367e-04 3.566820820504548045e-03 5.136487144548858907e+00 1.721506129572109023e+00 8.563674760990370061e+00 9.174535866041829552e-03
0.000000000000000000e+00 2.110139522177564885e-04 9.641036042706755196e-03 1.948540356374741656e-01 1.283418860146208831e-02 5.442011074755785834e-03 3.597881882562314502e-04 4.822608070889896422e-04
0.000000000000000000e+00 3.566820820504548045e-03 2.948291899282263367e-04 1.328866530911664706e-02 2.893019770346890063e+00 1.850065667985691942e+00 3.715905206454192200e+00 7.104687404678781092e-03
