0.000000000000000000e+00 2.110139522177564885e-04 2.948291899282263367e-04 1.613446397016884859e+01 6.459684779061813931e-01 4.836629948329015605e+01 1.173181201448080142e-03 6.642552693555035803e-03 6.642552693555035803e-03 1.092801686515678522e-03
0.000000000000000000e+00 2.110139522177564885e-04 2.948291899282263367e-04 3.266769621116914508e-03 1.324591871363184521e-02 3.661716346544675090e-03 2.422376362837622968e-04 1.026111792098177017e-02 9.685056823984724032e-04 2.395942883845946436e-04
0.000000000000000000e+00 2.110139522177564885e-04 2.948291899282263367e-04 3.566820820504548045e-03 1.328866530911664706e-02 1.330047663116363903e-02 2.395942883845946436e-04 9.685056823984724032e-04 9.685056823984724032e-04 2.395942883845946436e-04
0.000000000000000000e+00 2.110139522177564885e-04 2.948291899282263367e-04 3.266769621116914508e-03 2.246414238520067636e-02 4.009061439709705674e-03 2.395942883845946436e-04 9.685056823984724032e-04 1.027151353338640397e-02 2.414694001053035045e-04
0.000000000000000000e+00 2.110139522177564885e-04 2.948291899282263367e-04 5.040546819991748251e+00 2.277468040641000258e+01 2.580622440056655620e+01 2.269362509864800148e-02 6.642552693555035803e-03 6.642552693555035803e-03 1.092801686515678522e-03
0.000000000000000000e+00 2.110139522177564885e-04 2.948291899282263367e-04 6.929436471989293800e+00 6.984459715142252278e+00 4.146918271933441247e+01 6.096550227443977565e-01 5.407838579360856046e-03 2.714563176316988832e-02 1.092801686515678522e-03
0.000000000000000000e+00 2.110139522177564885e-04 2.948291899282263367e-04 1.139438143578100515e+01 2.114171040471416774e+01 1.821343338943467671e+01 2.269362509864800148e-02 6.642552693555035803e-03 6.642552693555035803e-03 1.092801686515678522e-03
0.000000000000000000e+00 2.110139522177564885e-04 2.948291899282263367e-04 5.159950840977832520e+00 2.549722192785612762e+01 1.800615907140386085e+01 2.269362509864800148e-02 6.642552693555035803e-03 6.642552693555035803e-03 1.092801686515678522e-03
0.000000000000000000e+00 2.110139522177564885e-04 2.948291899282263367e-04 3.266769621116914508e-03 6.906396581955943914e-02 3.767077449170797097e-03 3.421278502646143168e-04 1.019681964196070354e-03 1.019681964196070354e-03 2.488032508368130950e-04
0.000000000000000000e+00 2.110139522177564885e-04 2.948291899282263367e-04 3.266769621116914508e-03 4.115494226659564825e-02 2.238338666721208584e-02 3.403794831357770737e-04 1.009552332408318251e-03 1.031256018339625144e-02 2.488032508368130950e-04
0.000000000000000000e+00 2.110139522177564885e-04 2.948291899282263367e-04 3.266769621116914508e-03 2.246414238520067636e-02 4.009061439709705674e-03 2.395942883845946436e-04 9.685056823984724032e-04 1.957452138437433889e-02 2.433276217459231887e-04
0.000000000000000000e+00 2.110139522177564885e-04 2.948291899282263367e-04 3.303518725958386366e-03 3.185193441560771332e-02 1.328053794709354793e-02 2.433276217459231887e-04 9.891353867860623074e-04 9.891353867860623074e-04 2.433276217459231887e-04
0.000000000000000000e+00 2.110139522177564885e-04 2.948291899282263367e-04 1.328866530911664706e-02 3.186368955060927405e-02 3.945920129253695750e-03 2.433276217459231887e-04 9.891353867860623074e-04 9.891353867860623074e-04 2.433276217459231887e-04
0.000000000000000000e+00 2.110139522177564885e-04 2.948291899282263367e-04 4.980844809498706560e+00 2.549711578698155634e+01 1.738344920811854166e+01 1.531341190580307876e-01 4.889274290988551014e-02 2.714563176316988832e-02 1.092801686515678522e-03
0.000000000000000000e+00 2.110139522177564885e-04 2.948291899282263367e-04 3.266769621116914508e-03 4.115494226659564825e-02 3.694535541121169667e-03 2.433276217459231887e-04 9.891353867860623074e-04 1.029214323777399506e-02 2.451691870160407796e-04
0.000000000000000000e+00 2.110139522177564885e-04 9.632457581951780687e-03 3.997468780175705838e-03 1.062877523585126355e-01 4.336358308847204114e-03 2.927750565721865526e-04 1.215545922992410967e-03 1.215545922992410967e-03 2.927750565721865526e-04
0.000000000000000000e+00 2.110139522177564885e-04 2.948291899282263367e-04 5.100248830484790830e+00 2.186722509230554934e+01 2.485799124538851501e+01 2.400882725726409817e-01 5.407838579360856046e-03 5.407838579360856046e-03 2.262791045507099585e-02
0.000000000000000000e+00 2.110139522177564885e-04 2.948291899282263367e-04 9.316069047731144082e+00 2.459014694272815404e+01 1.270183203442098474e+01 2.269517697136740758e-02 5.407838579360856046e-03 2.714563176316988832e-02 1.092801686515678522e-03
0.000000000000000000e+00 2.110139522177564885e-04 2.948291899282263367e-04 3.266769621116914508e-03 2.221556972088825979e-02 4.009061439709705674e-03 2.395942883845946436e-04 9.685056823984724032e-04 1.957452138437433889e-02 2.433276217459231887e-04
0.000000000000000000e+00 2.110139522177564885e-04 2.948291899282263367e-04 6.910671241504423579e-02 3.197292724962860072e-02 1.522616817958340890e-02 2.908077860167684056e-04 1.204325591441321062e-03 1.204325591441321062e-03 2.908077860167684056e-04
0.000000000000000000e+00 2.110139522177564885e-04 2.948291899282263367e-04 3.566820820504548045e-03 1.324591871363184521e-02 1.296472419753260698e-02 2.395942883845946436e-04 9.685056823984724032e-04 9.685056823984724032e-04 2.395942883845946436e-04
0.000000000000000000e+00 2.110139522177564885e-04 2.948291899282263367e-04 1.139438143578100515e+01 2.114171040471416774e+01 1.831724007912684016e+01 1.173181201448080142e-03 6.642552693555035803e-03 6.642552693555035803e-03 1.092801686515678522e-03
0.000000000000000000e+00 2.110139522177564885e-04 2.948291899282263367e-04 1.202490140790649775e+01 7.463834884802420078e+00 4.400970065866200542e+01 1.173181201448080142e-03 6.642552693555035803e-03 6.642552693555035803e-03 1.092801686515678522e-03
0.000000000000000000e+00 2.110139522177564885e-04 2.948291899282263367e-04 1.328866530911664706e-02 2.260348448215157222e-02 4.020440140089575481e-03 3.350111823022334438e-04 9.788473223678879464e-04 9.788473223678879464e-04 2.414694001053035045e-04
0.000000000000000000e+00 2.110139522177564885e-04 2.948291899282263367e-04 7.002050437320986198e+00 6.984476953724107595e+00 4.382863356273387012e+01 3.270438672815894066e-01 6.642552693555035803e-03 6.642552693555035803e-03 1.092801686515678522e-03
0.000000000000000000e+00 2.110139522177564885e-04 2.948291899282263367e-04 3.566820820504548045e-03 1.324591871363184521e-02 3.661716346544675090e-03 2.377020460513788378e-04 9.581100699938390397e-04 1.026111792098177017e-02 2.395942883845946436e-04
0.000000000000000000e+00 2.110139522177564885e-04 2.948291899282263367e-04 7.840972026603217071e-02 1.337728539129495742e-02 4.641974364475995492e-03 2.868212366135504594e-04 1.181711701757699262e-03 1.181711701757699262e-03 2.868212366135504594e-04
0.000000000000000000e+00 2.110139522177564885e-04 9.632457581951780687e-03 3.997468780175705838e-03 8.768173665653675175e-02 4.653338783018354935e-03 2.888232524900767074e-04 1.193047644123033588e-03 1.193047644123033588e-03 2.888232524900767074e-04
0.000000000000000000e+00 2.110139522177564885e-04 2.948291899282263367e-04 3.266769621116914508e-03 6.906396581955943914e-02 4.020798513201816020e-03 3.421278502646143168e-04 1.019681964196070354e-03 1.019681964196070354e-03 2.488032508368130950e-04
0.000000000000000000e+00 2.110139522177564885e-04 2.948291899282263367e-04 3.157847106268249493e-03 5.045795011758357623e-02 3.705085283495382006e-03 9.548177038003972938e-03 1.009552332408318251e-03 1.009552332408318251e-03 2.469943230828653660e-04
0.000000000000000000e+00 2.110139522177564885e-04 2.948291899282263367e-04 9.050977288291857548e+00 6.120208050443177505e+00 4.364713542470088470e+01 3.270453280952807518e-01 2.714563176316988832e-02 6.642552693555035803e-03 1.092801686515678522e-03
0.000000000000000000e+00 2.110139522177564885e-04 2.948291899282263367e-04 1.588705680024918010e+01 2.518753510833452669e+00 4.600658546626400636e+01 4.443297015517644333e-02 6.642552693555035803e-03 6.642552693555035803e-03 1.092801686515678522e-03
0.000000000000000000e+00 2.110139522177564885e-04 2.948291899282263367e-04 4.119768886208043102e-02 1.329165607061929058e-02 4.042573643504542881e-03 2.451691870160407796e-04 9.993702636559534825e-04 9.993702636559534825e-04 2.451691870160407796e-04
0.000000000000000000e+00 2.110139522177564885e-04 2.948291899282263367e-04 6.929436471989293800e+00 7.128518557464713190e+00 4.364713542470088470e+01 3.270453280952807518e-01 5.407838579360856046e-03 2.714563176316988832e-02 1.092801686515678522e-03
0.000000000000000000e+00 2.110139522177564885e-04 2.948291899282263367e-04 9.404432967544240185e+00 7.631577504637901299e+00 4.509892372973267527e+01 9.558319148389736496e-04 2.714563176316988832e-02 6.642552693555035803e-03 1.092801686515678522e-03
0.000000000000000000e+00 2.110139522177564885e-04 2.948291899282263367e-04 4.119768886208043102e-02 1.419798641245924586e-01 5.523685266858015253e-03 3.532955704160820423e-04 1.484875598076763328e-03 1.484875598076763328e-03 3.532955704160820423e-04
0.000000000000000000e+00 2.110139522177564885e-04 2.948291899282263367e-04 2.259167316010457852e-02 3.966204187646947543e-03 1.331206929069763886e-02 2.414694001053035045e-04 9.744863553003100002e-04 9.788473223678879464e-04 2.414694001053035045e-04
0.000000000000000000e+00 2.110139522177564885e-04 2.948291899282263367e-04 3.566820820504548045e-03 4.115494226659564825e-02 3.735832115539264048e-03 2.433276217459231887e-04 9.891353867860623074e-04 1.029214323777399506e-02 2.451691870160407796e-04
0.000000000000000000e+00 2.110139522177564885e-04 2.948291899282263367e-04 7.002050437320986198e+00 6.984476953724107595e+00 4.273964473453598600e+01 4.357414985817500419e-01 5.407838579360856046e-03 2.714563176316988832e-02 1.092801686515678522e-03
0.000000000000000000e+00 2.110139522177564885e-04 2.948291899282263367e-04 3.566820820504548045e-03 1.155790050744989889e-01 1.490918770541225895e-02 2.947252779117725554e-04 1.226709010359095615e-03 1.226709010359095615e-03 2.947252779117725554e-04
0.000000000000000000e+00 2.110139522177564885e-04 2.948291899282263367e-04 7.002050437320986198e+00 7.128535796046562290e+00 4.219512456757138352e+01 4.792199200614373211e-01 5.407838579360856046e-03 2.714563176316988832e-02 1.092801686515678522e-03
0.000000000000000000e+00 2.110139522177564885e-04 2.948291899282263367e-04 6.929436471989293800e+00 7.128518557464713190e+00 4.165065590633808768e+01 5.661766822666189913e-01 5.407838579360856046e-03 2.714563176316988832e-02 1.092801686515678522e-03
0.000000000000000000e+00 2.110139522177564885e-04 2.948291899282263367e-04 3.121984819287207478e-03 6.906396581955943914e-02 3.767077449170797097e-03 2.488032508368130950e-04 1.019681964196070354e-03 1.032268981518400137e-02 2.505961851431170485e-04
0.000000000000000000e+00 2.110139522177564885e-04 2.948291899282263367e-04 1.151647539074514143e-01 4.691754145110692276e-02 4.717320389921356161e-03 3.004757041738715826e-04 1.259858412751593956e-03 1.254013365508174294e-03 3.004757041738715826e-04
0.000000000000000000e+00 2.110139522177564885e-04 2.948291899282263367e-04 1.328866530911664706e-02 2.260348448215157222e-02 4.020440140089575481e-03 3.350111823022334438e-04 9.788473223678879464e-04 9.788473223678879464e-04 2.414694001053035045e-04
0.000000000000000000e+00 2.110139522177564885e-04 2.948291899282263367e-04 3.566820820504548045e-03 1.063187438189958645e-01 1.523732603435293438e-02 2.927750565721865526e-04 1.215545922992410967e-03 1.215545922992410967e-03 2.927750565721865526e-04
0.000000000000000000e+00 2.110139522177564885e-04 2.948291899282263367e-04 1.244524805599016304e+01 1.173278056002792002e+00 4.927388798188287922e+01 2.269517697136740758e-02 5.407838579360856046e-03 2.714563176316988832e-02 1.092801686515678522e-03
0.000000000000000000e+00 2.110139522177564885e-04 2.948291899282263367e-04 3.566820820504548045e-03 4.115494226659564825e-02 1.324892798024162807e-02 2.451691870160407796e-04 9.993702636559534825e-04 9.993702636559534825e-04 2.451691870160407796e-04
0.000000000000000000e+00 2.110139522177564885e-04 2.948291899282263367e-04 3.528566292015173668e-03 1.155790050744989889e-01 2.582111064107547524e-02 1.086948805494247945e-02 1.248864901831533850e-03 1.182169429839658933e-02 3.004757041738715826e-04
0.000000000000000000e+00 2.110139522177564885e-04 1.378212003925456397e-01 2.323219433650157484e+00 5.303518246434542505e+00 1.932675521200586388e+01 2.911909764282820667e+00 2.259242927514746757e+00 1.232665177094339759e+00 4.705515367938269966e-01
0.000000000000000000e+00 2.110139522177564885e-04 2.948291899282263367e-04 3.824577554616292563e+00 6.739345836477931506e+00 2.277512322442676407e+01 4.427867142439484205e+00 1.060405351009733321e+00 2.880558121746882305e-01 8.901172712619649869e-04
0.000000000000000000e+00 2.110139522177564885e-04 2.948291899282263367e-04 3.157847106268249493e-03 6.906396581955943914e-02 1.336691154765284884e-02 2.505961851431170485e-04 1.029759522174994533e-03 1.025095496569231653e-03 2.505961851431170485e-04
0.000000000000000000e+00 2.110139522177564885e-04 2.948291899282263367e-04 1.156217516699837994e-01 6.806320024423702375e-02 5.535153773280689603e-03 3.554782541688216780e-04 1.497591008787294399e-03 1.490603873239336376e-03 3.554782541688216780e-04
0.000000000000000000e+00 2.110139522177564885e-04 2.948291899282263367e-04 9.404432967544240185e+00 8.973854994733272861e+00 4.346516982651527172e+01 4.443297015517644333e-02 6.642552693555035803e-03 6.642552693555035803e-03 1.092801686515678522e-03
0.000000000000000000e+00 2.110139522177564885e-04 2.948291899282263367e-04 7.002050437320986198e+00 1.048377452788534292e+01 4.364670438259604168e+01 4.443297015517644333e-02 6.642552693555035803e-03 6.642552693555035803e-03 1.092801686515678522e-03
0.000000000000000000e+00 2.110139522177564885e-04 2.948291899282263367e-04 2.909481019479997599e+00 5.199455341404331854e+00 1.950825335003884220e+01 4.157589307796898837e+00 1.262767403087644791e+00 4.062924721656628324e-01 1.123403247872669930e-01
0.000000000000000000e+00 2.110139522177564885e-04 2.948291899282263367e-04 9.404432967544240185e+00 2.440781646919440462e+01 1.214069928718327951e+01 1.748704120568368992e-01 5.407838579360856046e-03 2.714563176316988832e-02 1.092801686515678522e-03
0.000000000000000000e+00 2.110139522177564885e-04 2.948291899282263367e-04 5.100248830484790830e+00 2.223022136837151308e+01 2.526436343563092990e+01 1.531295989846817307e-01 6.642552693555035803e-03 6.642552693555035803e-03 1.092801686515678522e-03
0.000000000000000000e+00 2.110139522177564885e-04 2.948291899282263367e-04 4.980844809498706560e+00 2.223014930238788978e+01 2.485799124538851501e+01 2.618260657564500105e-01 6.642552693555035803e-03 6.642552693555035803e-03 1.092801686515678522e-03
0.000000000000000000e+00 2.110139522177564885e-04 2.948291899282263367e-04 9.139341208104953651e+00 6.120218937233857126e+00 4.600658546626400636e+01 2.269517697136740758e-02 5.407838579360856046e-03 2.714563176316988832e-02 1.092801686515678522e-03
0.000000000000000000e+00 2.110139522177564885e-04 2.948291899282263367e-04 3.566820820504548045e-03 2.254892656461977840e-02 1.322658924641789864e-02 2.414694001053035045e-04 9.744863553003100002e-04 9.744863553003100002e-04 2.414694001053035045e-04
0.000000000000000000e+00 2.110139522177564885e-04 2.948291899282263367e-04 9.050977288291857548e+00 2.731258116585272333e+01 9.126514576186012917e+00 4.443297015517644333e-02 6.642552693555035803e-03 6.642552693555035803e-03 1.092801686515678522e-03
0.000000000000000000e+00 2.110139522177564885e-04 2.948291899282263367e-04 5.100248830484790830e+00 2.259321764443748037e+01 2.553524360736033216e+01 4.443451561644877479e-02 5.407838579360856046e-03 2.714563176316988832e-02 1.092801686515678522e-03
0.000000000000000000e+00 2.110139522177564885e-04 2.948291899282263367e-04 7.002050437320986198e+00 6.120123899789361666e+00 4.745873380124057661e+01 9.558319148389736496e-04 5.407838579360856046e-03 2.714563176316988832e-02 1.092801686515678522e-03
0.000000000000000000e+00 2.110139522177564885e-04 2.948291899282263367e-04 2.951387212022420048e+00 5.094401417591938319e+00 3.239104321237531448e+00 8.388049460945038935e-03 3.587128115569905573e-02 3.587128115569905573e-02 7.077621595838734340e-03
0.000000000000000000e+00 2.110139522177564885e-04 2.948291899282263367e-04 3.566820820504548045e-03 2.246414238520067636e-02 4.009061439709705674e-03 2.395942883845946436e-04 1.027151353338640397e-02 9.788473223678879464e-04 2.414694001053035045e-04
0.000000000000000000e+00 2.110139522177564885e-04 2.948291899282263367e-04 1.244524805599016304e+01 7.296048658122088248e+00 4.346509482290686321e+01 1.173181201448080142e-03 6.642552693555035803e-03 6.642552693555035803e-03 1.092801686515678522e-03
0.000000000000000000e+00 2.110139522177564885e-04 2.948291899282263367e-04 9.404432967544240185e+00 2.440865923863179177e+01 1.214069928718327951e+01 1.748704120568368992e-01 2.714563176316988832e-02 6.642552693555035803e-03 1.092801686515678522e-03
0.000000000000000000e+00 2.110139522177564885e-04 1.026625360918309998e-01 2.407141052885162225e+00 5.094335053977081529e+00 2.005275057708991326e+01 2.808101560135412900e+00 2.196934084434505330e+00 1.204214404123059134e+00 4.705519159104558091e-01
0.000000000000000000e+00 2.110139522177564885e-04 2.948291899282263367e-04 3.874618850990418029e+00 6.491970196309341468e+00 1.805618473377331767e+01 7.319660570119910226e-01 2.585445225029630451e-02 1.296611419424567868e-01 4.697690794515634732e-03
0.000000000000000000e+00 2.110139522177564885e-04 2.948291899282263367e-04 2.909481019479997599e+00 4.988785988301904339e+00 1.587829340233133202e+01 1.745305565826902605e-01 3.995175238582528848e-02 3.995175238582528848e-02 1.734465461416439536e-01
0.000000000000000000e+00 2.110139522177564885e-04 2.948291899282263367e-04 5.159950840977832520e+00 5.378879622489973755e+00 1.315573500688280539e+01 8.516664572416869292e-03 3.979103787238166823e-02 3.979103787238166823e-02 7.422227626374231120e-03
0.000000000000000000e+00 2.110139522177564885e-04 2.823847328392764533e-02 2.825825315953499839e+00 4.884228093550104788e+00 1.950741901030932368e+01 4.261397414034698627e+00 1.262760671151470726e+00 1.261213329921469395e+00 4.000451610283541348e-01
0.000000000000000000e+00 2.110139522177564885e-04 2.948291899282263367e-04 9.316069047731144082e+00 2.459014694272815404e+01 1.270183203442098474e+01 2.269517697136740758e-02 5.407838579360856046e-03 2.714563176316988832e-02 1.092801686515678522e-03
0.000000000000000000e+00 2.110139522177564885e-04 2.948291899282263367e-04 3.266769621116914508e-03 6.906396581955943914e-02 1.307008530015872812e-02 3.527916112460444250e-04 1.029759522174994533e-03 1.029759522174994533e-03 2.505961851431170485e-04
0.000000000000000000e+00 2.110139522177564885e-04 2.948291899282263367e-04 5.159950840977832520e+00 3.413425245670556496e+00 2.440870307692933494e+01 4.988748199720419940e+00 1.440293718829587677e+00 2.715031796724094032e-02 8.901172712619649869e-04
0.000000000000000000e+00 2.110139522177564885e-04 1.893546543293971388e-02 3.724620852934392712e+00 6.739345836477931506e+00 1.987115301589906124e+01 4.893968805084933926e+00 1.341877897182560231e+00 6.028183872383039432e-01 4.437172094134314571e-02
0.000000000000000000e+00 2.110139522177564885e-04 2.948291899282263367e-04 3.303518725958386366e-03 3.189468101109250997e-02 1.332344799107750867e-02 2.433276217459231887e-04 9.891353867860623074e-04 9.847135955822602840e-04 2.433276217459231887e-04
0.000000000000000000e+00 2.110139522177564885e-04 2.948291899282263367e-04 3.874618850990418029e+00 6.368266611349508999e+00 2.277514852644231169e+01 4.427869674509280706e+00 1.130797501695364859e+00 2.445721106097447362e-01 8.901172712619649869e-04
0.000000000000000000e+00 2.110139522177564885e-04 2.948291899282263367e-04 6.885380086010643719e-02 3.192982206616550717e-02 4.314912163940161534e-03 2.888232524900767074e-04 1.193047644123033588e-03 1.176587704068808929e-02 2.908077860167684056e-04
0.000000000000000000e+00 2.110139522177564885e-04 2.948291899282263367e-04 3.874618850990418029e+00 6.491970196309341468e+00 2.005266425213610049e+01 6.096396120594321566e+00 1.021674944305010824e+00 5.706911875885769536e-01 1.092801686515678522e-03
0.000000000000000000e+00 2.110139522177564885e-04 9.632457581951780687e-03 1.641082065172937199e+00 4.371242230382518024e+00 2.204834067476566162e+01 1.977647212228788254e+00 6.614442208630275655e-01 5.766325642438289156e-01 1.274611966527070261e-01
0.000000000000000000e+00 2.110139522177564885e-04 9.632457581951780687e-03 2.122470075825459102e+00 2.575635817443168385e+00 2.047456031994190351e+00 9.946357433807568871e-01 2.528045539398942471e-02 2.528045539398942471e-02 5.080461571219746508e-03
0.000000000000000000e+00 2.110139522177564885e-04 2.948291899282263367e-04 3.017872738498865726e-01 4.272176800019892862e-01 1.122016014317617043e-02 7.278741294844273679e-02 3.594886461443551600e-03 6.252017305907059397e-02 9.804859389871769821e-04
0.000000000000000000e+00 2.110139522177564885e-04 2.948291899282263367e-04 2.054134415160812355e-01 1.773636159042983329e-01 7.124225270548309973e-03 5.172051836286385186e-04 2.242299564634642542e-03 2.242299564634642542e-03 5.172051836286385186e-04
0.000000000000000000e+00 2.110139522177564885e-04 1.893546543293971388e-02 2.825774059626874557e+00 5.199455341404331854e+00 1.950825335003884220e+01 4.261395997489059617e+00 2.369008723061925004e+00 8.320223775668874611e-01 1.062602105722094542e-01
0.000000000000000000e+00 2.110139522177564885e-04 2.948291899282263367e-04 1.328866530911664706e-02 3.186368955060927405e-02 3.735832115539264048e-03 2.433276217459231887e-04 9.891353867860623074e-04 9.891353867860623074e-04 2.433276217459231887e-04
0.000000000000000000e+00 2.110139522177564885e-04 2.948291899282263367e-04 3.528566292015173668e-03 7.840972026603217071e-02 4.074277540307133516e-03 2.505961851431170485e-04 1.029759522174994533e-03 1.033276737316281800e-02 2.868212366135504594e-04
0.000000000000000000e+00 2.110139522177564885e-04 2.948291899282263367e-04 3.566820820504548045e-03 7.840972026603217071e-02 4.074277540307133516e-03 2.505961851431170485e-04 1.029759522174994533e-03 1.025095496569231653e-03 9.553604036130940516e-03
0.000000000000000000e+00 2.110139522177564885e-04 2.948291899282263367e-04 3.566820820504548045e-03 1.324591871363184521e-02 1.325767384863341287e-02 2.395942883845946436e-04 9.685056823984724032e-04 9.685056823984724032e-04 2.395942883845946436e-04
0.000000000000000000e+00 2.110139522177564885e-04 2.948291899282263367e-04 5.159950840977832520e+00 5.502583207449808889e+00 5.785897171134755546e+00 1.824195528925230514e+00 4.169202458561531432e-02 2.231901626185930076e-01 7.926670202657252334e-03
0.000000000000000000e+00 2.110139522177564885e-04 2.948291899282263367e-04 3.874618850990418029e+00 6.615673781269175713e+00 5.785897171134755546e+00 1.907122866283884333e-01 2.224928978160711501e-01 4.107459340120230701e-02 7.899617645265194846e-03
0.000000000000000000e+00 2.110139522177564885e-04 1.893546543293971388e-02 2.825774059626874557e+00 5.199455341404331854e+00 1.950825335003884220e+01 4.157589307796898837e+00 1.310864565011997884e+00 1.289714515737077294e+00 4.000439582582099862e-01
0.000000000000000000e+00 2.110139522177564885e-04 9.632457581951780687e-03 2.867628032045408837e+00 5.199455341404331854e+00 1.624128686544517564e+01 1.745321882557275273e-01 2.061714832611929171e-01 4.020943525610445185e-02 7.451847899255606769e-03
0.000000000000000000e+00 2.110139522177564885e-04 1.893546543293971388e-02 2.867680252169297006e+00 5.094401417591938319e+00 1.932675521200586388e+01 4.261396730280936573e+00 2.369002127347742626e+00 8.147811997251402927e-01 9.451036773903362387e-02
0.000000000000000000e+00 2.110139522177564885e-04 2.948291899282263367e-04 5.040546819991748251e+00 5.626239456763340918e+00 4.946985848368413485e+00 1.906832366591260097e-01 2.220013956688381973e-01 4.058666826352855944e-02 7.850092750428557323e-03
0.000000000000000000e+00 2.110139522177564885e-04 2.948291899282263367e-04 5.100248830484790830e+00 8.568881410497011686e+00 2.241185327484203071e+01 3.802107706518325525e+00 1.179421016777293829e+00 6.642552693555035803e-03 1.092801686515678522e-03
0.000000000000000000e+00 2.110139522177564885e-04 2.948291899282263367e-04 5.100248830484790830e+00 5.502559983045347991e+00 7.166296451794406330e+00 9.231354346894629984e-03 4.123248454049513456e-02 2.227306225734728140e-01 7.922934590742678265e-03
0.000000000000000000e+00 2.110139522177564885e-04 9.632457581951780687e-03 3.824641088247198617e+00 6.615673781269175713e+00 5.785897171134755546e+00 5.537085626943524241e-01 4.115383463359809785e-02 4.115383463359809785e-02 1.894056341258860132e-01
0.000000000000000000e+00 2.110139522177564885e-04 2.948291899282263367e-04 5.159950840977832520e+00 8.568908456445770483e+00 1.460659015170052832e+01 1.251001996416351014e+00 2.590056866082306869e-02 1.295473229627386869e-01 4.699068076901147598e-03
0.000000000000000000e+00 2.110139522177564885e-04 2.948291899282263367e-04 3.566820820504548045e-03 1.155790050744989889e-01 2.582111064107547524e-02 2.966586583774235338e-04 1.237815217669897697e-03 1.180493485761476002e-02 2.985754010969273527e-04
0.000000000000000000e+00 2.110139522177564885e-04 2.948291899282263367e-04 3.874618850990418029e+00 6.615673781269175713e+00 1.696718280737136908e+01 5.489094420741124081e-01 1.689793691184609536e-01 3.352246662789039322e-02 6.121768804873205065e-03
0.000000000000000000e+00 2.110139522177564885e-04 2.948291899282263367e-04 5.159950840977832520e+00 2.223025544326245040e+01 2.512882292992180311e+01 1.531295989846817307e-01 6.642552693555035803e-03 6.642552693555035803e-03 1.092801686515678522e-03
0.000000000000000000e+00 2.110139522177564885e-04 2.948291899282263367e-04 1.613446397016884859e+01 1.654380374163382461e+00 4.691417433412877358e+01 9.558319148389736496e-04 2.714563176316988832e-02 6.642552693555035803e-03 1.092801686515678522e-03
0.000000000000000000e+00 2.110139522177564885e-04 9.632457581951780687e-03 2.825721839502986832e+00 3.400019694003915127e+00 2.905098366596411630e+00 4.393093333320181038e-01 3.017766095974518115e-02 3.017766095974518115e-02 1.500636923314181692e-01
0.000000000000000000e+00 2.110139522177564885e-04 2.948291899282263367e-04 2.951387212022420048e+00 5.094401417591938319e+00 3.527222005882449274e+00 2.189602142879227831e+00 3.712896288119708205e-02 2.216617416380960437e-01 7.814898841383347353e-03
0.000000000000000000e+00 2.110139522177564885e-04 2.948291899282263367e-04 4.479375711295799367e-01 2.481004900363990295e-01 1.119325910642839095e-02 7.857650720582636623e-04 3.487711104656445512e-03 3.487711104656445512e-03 2.478404693043169058e-02
0.000000000000000000e+00 2.110139522177564885e-04 2.948291899282263367e-04 2.909481019479997599e+00 4.989282017362497434e+00 3.527224238580974003e+00 8.388049460945038935e-03 2.036559674176207646e-01 3.595911402116371697e-02 7.087598862722926593e-03
0.000000000000000000e+00 2.110139522177564885e-04 9.632457581951780687e-03 3.724558495498948574e+00 4.569118817245050757e+00 1.968975148807182762e+01 2.808101560135412900e+00 1.885335584816346666e+00 5.200848656466039444e-01 1.437655623788808568e-01
0.000000000000000000e+00 2.110139522177564885e-04 2.948291899282263367e-04 1.324591871363184521e-02 8.772453943906696749e-02 4.653338783018354935e-03 1.086165264905513198e-02 1.198819795595397779e-03 1.204325591441321062e-03 2.908077860167684056e-04
0.000000000000000000e+00 2.110139522177564885e-04 2.948291899282263367e-04 1.670127029317528988e+00 4.371660116112004779e+00 2.132319089207111773e+01 1.977650240807114601e+00 7.415423056525648482e-01 9.020041306377484247e-01 1.274615003698448268e-01
0.000000000000000000e+00 2.110139522177564885e-04 2.948291899282263367e-04 1.641045142110952204e+00 2.866286126280623847e+00 2.467790105042576787e+00 2.524424252574274941e-01 2.506150742842171847e-02 1.487650923882566090e-01 5.062643472219879003e-03
0.000000000000000000e+00 2.110139522177564885e-04 2.948291899282263367e-04 2.867574826937576038e+00 5.304508378018916837e+00 1.678578127954411769e+01 3.405451074961285407e-01 2.063705436453784903e-01 3.297756135229712449e-02 6.092222079389997616e-03
0.000000000000000000e+00 2.110139522177564885e-04 2.948291899282263367e-04 3.874618850990418029e+00 6.244563026389672977e+00 2.041568403463880443e+01 5.054292447152851864e+00 1.297341603561327661e+00 6.028183872383039432e-01 6.610951412515013448e-02
0.000000000000000000e+00 2.110139522177564885e-04 2.948291899282263367e-04 5.159950840977832520e+00 8.424849614123314012e+00 2.404533651713886044e+01 3.066190832591826343e+00 5.852205786141464472e-01 1.358618974138742774e-01 8.901172712619649869e-04
0.000000000000000000e+00 2.110139522177564885e-04 2.948291899282263367e-04 1.156217516699837994e-01 7.863602964080208813e-02 5.546413822141509423e-03 3.576423901116470086e-04 1.510241963192741335e-03 1.386418013883440950e-02 1.271372636389775726e-02
0.000000000000000000e+00 2.110139522177564885e-04 2.948291899282263367e-04 2.054134415160812355e-01 1.773636159042983329e-01 7.667318389560481319e-03 5.172051836286385186e-04 2.242299564634642542e-03 2.242299564634642542e-03 5.172051836286385186e-04
0.000000000000000000e+00 2.110139522177564885e-04 2.948291899282263367e-04 2.867574826937576038e+00 5.304508378018916837e+00 1.914525707397287846e+01 5.818497759417140536e+00 1.869846774629744246e+00 4.730626025929251521e-01 1.503210433421791996e-02
0.000000000000000000e+00 2.110139522177564885e-04 2.948291899282263367e-04 5.100248830484790830e+00 8.136704883529636945e+00 1.551499645442297037e+01 1.562421283829462437e+00 2.598915413621554274e-02 2.598915413621554274e-02 4.700771720122749048e-03
0.000000000000000000e+00 2.110139522177564885e-04 9.632457581951780687e-03 2.909534224587830842e+00 5.094401417591938319e+00 3.383163163559988362e+00 3.439640632372445439e-01 3.613305701944066056e-02 3.613305701944066056e-02 7.107226826706938491e-03
0.000000000000000000e+00 2.110139522177564885e-04 2.948291899282263367e-04 3.824577554616292563e+00 6.615642251518096373e+00 1.714869404360840122e+01 2.779286488678974210e-01 3.342077681410974416e-02 1.689111734172203672e-01 6.118687424630711927e-03
0.000000000000000000e+00 2.110139522177564885e-04 2.948291899282263367e-04 5.159950840977832520e+00 5.255176037530142175e+00 3.185005542809140522e+01 2.138924158645572948e+00 5.407838579360856046e-03 2.714563176316988832e-02 1.092801686515678522e-03
0.000000000000000000e+00 2.110139522177564885e-04 2.948291899282263367e-04 2.867574826937576038e+00 3.400019694003915127e+00 3.028801951556246319e+00 5.985897441286278792e-03 3.001735647369310409e-02 1.740761987961504109e-01 5.995422627943444889e-03
0.000000000000000000e+00 2.110139522177564885e-04 2.948291899282263367e-04 3.874618850990418029e+00 6.491970196309341468e+00 1.079625921245403575e+01 1.898312527835306907e-01 2.231198435691959803e-01 4.259993542290963636e-02 8.019609731100862601e-03
0.000000000000000000e+00 2.110139522177564885e-04 9.632457581951780687e-03 6.256791971553454790e-01 3.230987599715125502e-01 1.368704152042660507e-02 9.843940543840250419e-04 4.432753245320436054e-03 3.351464045189725405e-02 9.882703292727538884e-04
0.000000000000000000e+00 2.110139522177564885e-04 9.632457581951780687e-03 3.724558495498948574e+00 4.569118817245050757e+00 1.950825335003884220e+01 2.808102341798782930e+00 1.823005028049324405e+00 5.930390782156470530e-01 1.437655623788808568e-01
0.000000000000000000e+00 2.110139522177564885e-04 2.948291899282263367e-04 2.951387212022420048e+00 5.094401417591938319e+00 1.769327196970901994e+01 6.844046474775165034e-01 3.324321843920186731e-02 3.324321843920186731e-02 6.107869916275064648e-03
0.000000000000000000e+00 2.110139522177564885e-04 2.948291899282263367e-04 5.159950840977832520e+00 5.378879622489973755e+00 3.130554881018096225e+01 2.183463929262083436e+00 2.714563176316988832e-02 6.642552693555035803e-03 1.092801686515678522e-03
0.000000000000000000e+00 2.110139522177564885e-04 2.948291899282263367e-04 3.566820820504548045e-03 6.906396581955943914e-02 1.336691154765284884e-02 2.505961851431170485e-04 1.029759522174994533e-03 1.025095496569231653e-03 2.505961851431170485e-04
0.000000000000000000e+00 2.110139522177564885e-04 2.948291899282263367e-04 3.874618850990418029e+00 6.615673781269175713e+00 2.023414929196502499e+01 3.771701036854004929e+00 1.517686088998903671e+00 9.195804386326387192e-01 6.611069608251865515e-02
0.000000000000000000e+00 2.110139522177564885e-04 9.632457581951780687e-03 3.774599791873074039e+00 6.739345836477931506e+00 2.223062881032782201e+01 4.303231500560473322e+00 8.545083383681867373e-01 4.184690096171705953e-01 8.901172712619649869e-04
0.000000000000000000e+00 2.110139522177564885e-04 2.948291899282263367e-04 3.874618850990418029e+00 6.491970196309341468e+00 1.061476107442105921e+01 3.704146315252231925e-01 4.253437210351613401e-02 4.253437210351613401e-02 8.014108401386490707e-03
0.000000000000000000e+00 2.110139522177564885e-04 2.948291899282263367e-04 3.824577554616292563e+00 6.368235081598428771e+00 1.224826782315463625e+01 6.725596252214242066e-01 3.962571960507345337e-02 3.962571960507345337e-02 7.409702330261456853e-03
0.000000000000000000e+00 2.110139522177564885e-04 2.948291899282263367e-04 7.002050437320986198e+00 6.840418111401648460e+00 4.636963244622490521e+01 2.269517697136740758e-02 5.407838579360856046e-03 2.714563176316988832e-02 1.092801686515678522e-03
0.000000000000000000e+00 2.110139522177564885e-04 2.948291899282263367e-04 5.159950840977832520e+00 8.424849614123314012e+00 2.440833279320482774e+01 3.175629918637618676e+00 7.446213439257353128e-01 5.407838579360856046e-03 8.901172712619649869e-04
0.000000000000000000e+00 2.110139522177564885e-04 2.948291899282263367e-04 6.929436471989293800e+00 6.984459715142252278e+00 4.273966968556528911e+01 4.574807126735480622e-01 5.407838579360856046e-03 2.714563176316988832e-02 1.092801686515678522e-03
0.000000000000000000e+00 2.110139522177564885e-04 2.948291899282263367e-04 4.479375711295799367e-01 2.878344013142934421e-01 1.072132875766698967e-01 3.005843293125643259e-02 4.385285528952979558e-03 4.407431471981791173e-03 3.006237314556331475e-02
0.000000000000000000e+00 2.110139522177564885e-04 2.948291899282263367e-04 5.159950840977832520e+00 8.424849614123314012e+00 2.241185327484203071e+01 3.850204868442676620e+00 1.114205839524473829e+00 2.715031796724094032e-02 2.262791045507099585e-02
0.000000000000000000e+00 2.110139522177564885e-04 2.948291899282263367e-04 3.874618850990418029e+00 6.368266611349508999e+00 5.114781816358653366e+00 9.185098626139785033e-03 4.041924698373509928e-02 4.041924698373509928e-02 7.832715785486679683e-03
0.000000000000000000e+00 2.110139522177564885e-04 9.632457581951780687e-03 3.824641088247198617e+00 6.615673781269175713e+00 5.618112484872836987e+00 1.907077170118429699e-01 4.091433271144631623e-02 4.091433271144631623e-02 7.883540351985938305e-03
0.000000000000000000e+00 2.110139522177564885e-04 9.632457581951780687e-03 6.256791971553454790e-01 3.229854373934799572e-01 1.368704152042660507e-02 3.006628126096084347e-02 4.457945969159948091e-03 3.353983317573677042e-02 3.007400222419353425e-02
0.000000000000000000e+00 2.110139522177564885e-04 2.948291899282263367e-04 3.874618850990418029e+00 6.491970196309341468e+00 1.206674617868491417e+01 1.745232187576233884e-01 2.055255100327348372e-01 3.956958683533141896e-02 7.405353168619779533e-03
0.000000000000000000e+00 2.110139522177564885e-04 2.948291899282263367e-04 2.909481019479997599e+00 5.199455341404331854e+00 1.932675521200586388e+01 4.157590040588775793e+00 1.262760671151470726e+00 4.062905529873454546e-01 1.123408211267516998e-01
0.000000000000000000e+00 2.110139522177564885e-04 2.948291899282263367e-04 2.909481019479997599e+00 5.094368679383413756e+00 1.968975338551593879e+01 5.714689653179338968e+00 2.052252447539140601e+00 1.309862622144659650e+00 8.937491181483686901e-04
0.000000000000000000e+00 2.110139522177564885e-04 2.948291899282263367e-04 2.867574826937576038e+00 5.304508378018916837e+00 1.624128686544517564e+01 8.519617637731947274e-03 4.010788379376054036e-02 4.010788379376054036e-02 7.444953449375089904e-03
0.000000000000000000e+00 2.110139522177564885e-04 9.632457581951780687e-03 3.018029587062984742e-01 2.248215892984239961e-01 9.228329372540122408e-03 2.055137732842297546e-02 2.821325455292661172e-03 2.273519483424754975e-02 6.433887559117512167e-04
0.000000000000000000e+00 2.110139522177564885e-04 2.948291899282263367e-04 1.210195598922230609e+00 1.374405153999085361e+00 8.836189906605139421e-02 2.214312990852456905e-03 7.010862289755195875e-02 7.015355146982889256e-02 2.226988762370240779e-03
0.000000000000000000e+00 2.110139522177564885e-04 2.948291899282263367e-04 2.909481019479997599e+00 5.199455341404331854e+00 1.932675521200586388e+01 1.873842867361191988e+00 2.745587831501547615e+00 7.024619898465991330e-01 1.152692137762027641e-01
0.000000000000000000e+00 2.110139522177564885e-04 2.948291899282263367e-04 1.948406121195161989e-01 1.630980471230120132e-01 2.435881824997322351e-02 5.145576393881573420e-04 2.226190730137007131e-03 2.226190730137007131e-03 5.145576393881573420e-04
0.000000000000000000e+00 2.110139522177564885e-04 2.948291899282263367e-04 2.951387212022420048e+00 4.989314755571021109e+00 1.733027759108717447e+01 9.553861607586477955e-01 3.320649048519419555e-02 3.320649048519419555e-02 6.105835513011830494e-03
0.000000000000000000e+00 2.110139522177564885e-04 1.893546543293971388e-02 2.867680252169297006e+00 5.094401417591938319e+00 1.932675521200586388e+01 1.873842867361191988e+00 2.745587831501547615e+00 7.389424107495831118e-01 1.152686808607763513e-01
0.000000000000000000e+00 2.110139522177564885e-04 2.948291899282263367e-04 2.951387212022420048e+00 4.989314755571021109e+00 1.297432227829560780e+01 9.245781317842318228e-03 4.246824189314987730e-02 4.246824189314987730e-02 8.008509313808729463e-03
0.000000000000000000e+00 2.110139522177564885e-04 2.948291899282263367e-04 2.951387212022420048e+00 4.884228093550104788e+00 4.247518450193260797e+00 3.439895285587721285e-01 3.647408488191293541e-02 3.647408488191293541e-02 7.145189320245941451e-03
0.000000000000000000e+00 2.110139522177564885e-04 2.948291899282263367e-04 3.874618850990418029e+00 6.615673781269175713e+00 6.803287077524387882e+00 1.907253509393960489e-01 4.123248454049513456e-02 2.227306225734728140e-01 7.922934590742678265e-03
0.000000000000000000e+00 2.110139522177564885e-04 2.948291899282263367e-04 1.156217516699837994e-01 1.536528199936754435e-01 2.071295731016190370e-02 4.271530089748412098e-04 1.828386266163348293e-03 1.819695775028054184e-03 4.271530089748412098e-04
0.000000000000000000e+00 2.110139522177564885e-04 2.948291899282263367e-04 6.856822506657600513e+00 6.984441536223381597e+00 4.673265286581428768e+01 9.558319148389736496e-04 5.407838579360856046e-03 2.714563176316988832e-02 1.092801686515678522e-03
0.000000000000000000e+00 2.110139522177564885e-04 2.948291899282263367e-04 6.929436471989293800e+00 5.687930134240136049e+00 4.673281624099332987e+01 1.748704120568368992e-01 5.407838579360856046e-03 2.714563176316988832e-02 1.092801686515678522e-03
0.000000000000000000e+00 2.110139522177564885e-04 2.948291899282263367e-04 5.159950840977832520e+00 5.502583207449808889e+00 5.785897171134755546e+00 3.722104246613747169e-01 4.107459340120230701e-02 4.040708694671662493e-01 1.894134063088020181e-01
0.000000000000000000e+00 2.110139522177564885e-04 2.948291899282263367e-04 5.159950840977832520e+00 5.255176037530142175e+00 5.785920561406340035e+00 1.824186281500909557e+00 2.230393298901157395e-01 4.161690078064682330e-02 7.952548987654827969e-03
0.000000000000000000e+00 2.110139522177564885e-04 9.632457581951780687e-03 3.824641088247198617e+00 6.615673781269175713e+00 2.023414929196502499e+01 5.615422920635068316e+00 1.021674524257788041e+00 5.924418977193786073e-01 4.436813201275403157e-02
0.000000000000000000e+00 2.110139522177564885e-04 2.948291899282263367e-04 3.157847106268249493e-03 5.045795011758357623e-02 3.999562896212061937e-03 9.548177038003972938e-03 1.009552332408318251e-03 1.009552332408318251e-03 2.469943230828653660e-04
0.000000000000000000e+00 2.110139522177564885e-04 2.948291899282263367e-04 2.054134415160812355e-01 7.961220509082636565e-02 6.471962965077282352e-03 4.271530089748412098e-04 1.810964005985226180e-03 1.828386266163348293e-03 4.271530089748412098e-04
0.000000000000000000e+00 2.110139522177564885e-04 2.948291899282263367e-04 2.951387212022420048e+00 3.134983737546938265e+00 3.028794840103870456e+00 1.302505854906477856e+00 3.064653941224416284e-02 3.064653941224416284e-02 7.563757092347262595e-03
0.000000000000000000e+00 2.110139522177564885e-04 2.948291899282263367e-04 3.874618850990418029e+00 6.615673781269175713e+00 6.803287077524387882e+00 1.907253509393960489e-01 2.227306225734728140e-01 4.131054417462418776e-02 7.922934590742678265e-03
0.000000000000000000e+00 2.110139522177564885e-04 2.948291899282263367e-04 5.159950840977832520e+00 8.568908456445770483e+00 1.497040386262415446e+01 1.354807074075810913e+00 2.596746271250833030e-02 2.596746271250833030e-02 4.700251964338894237e-03
0.000000000000000000e+00 2.110139522177564885e-04 2.948291899282263367e-04 5.100248830484790830e+00 3.518492178472283349e+00 3.112413418414965349e+01 3.079143959511883466e+00 2.715494972607647786e-02 5.412524783431905441e-03 8.913350253510659085e-04
0.000000000000000000e+00 2.110139522177564885e-04 9.632457581951780687e-03 6.256791971553454790e-01 3.230987599715125502e-01 1.300145903467339048e-01 1.207468903425312377e-03 4.060038378964427042e-02 5.504555992632732472e-03 1.211999925202578892e-03
0.000000000000000000e+00 2.110139522177564885e-04 2.948291899282263367e-04 1.210195598922230609e+00 3.374381750947785807e+00 3.961796786356632238e-01 7.397298023130929323e-01 2.044433524311303069e-02 1.254187562290200453e-01 4.194926528915983791e-03
0.000000000000000000e+00 2.110139522177564885e-04 2.948291899282263367e-04 2.909481019479997599e+00 5.199455341404331854e+00 1.914525707397287846e+01 5.714691069724976202e+00 1.432078053689847419e+00 1.159604015640045338e+00 3.487123196769770783e-01
0.000000000000000000e+00 2.110139522177564885e-04 2.948291899282263367e-04 3.566820820504548045e-03 4.119768886208043102e-02 1.324892798024162807e-02 2.451691870160407796e-04 9.993702636559534825e-04 9.993702636559534825e-04 2.451691870160407796e-04
0.000000000000000000e+00 2.110139522177564885e-04 2.948291899282263367e-04 4.479375711295799367e-01 2.878344013142934421e-01 1.312115694350433348e-01 3.006237314556331475e-02 4.432753245320436054e-03 3.351464045189725405e-02 9.882703292727538884e-04
0.000000000000000000e+00 2.110139522177564885e-04 2.948291899282263367e-04 1.234193880780603436e+00 7.738358978731185722e-01 2.390901486705641552e-02 1.805922574106956372e-03 8.374591539619388042e-03 5.841588791374462825e-02 1.811674480029838025e-03
0.000000000000000000e+00 2.110139522177564885e-04 2.948291899282263367e-04 5.100248830484790830e+00 5.626263568005183124e+00 9.162762871953155752e+00 3.703972282399106142e-01 4.205950461958321562e-02 4.205950461958321562e-02 7.972843060909774043e-03
0.000000000000000000e+00 2.110139522177564885e-04 2.948291899282263367e-04 1.234193880780603436e+00 1.324625041867976138e+00 2.674679305451768130e-01 6.193525720163155224e-02 1.058489250501427024e-02 8.548808818034285550e-02 2.731268811260671725e-03
0.000000000000000000e+00 2.110139522177564885e-04 2.948291899282263367e-04 3.824577554616292563e+00 6.739345836477931506e+00 1.678568466933839076e+01 1.424390804883368944e-01 3.335096751576442642e-02 1.688413641188750702e-01 6.115344841715077834e-03
0.000000000000000000e+00 2.110139522177564885e-04 2.948291899282263367e-04 5.159950840977832520e+00 5.502583207449808889e+00 3.185003012607585404e+01 2.094384354925448832e+00 2.714563176316988832e-02 6.642552693555035803e-03 1.092801686515678522e-03
0.000000000000000000e+00 2.110139522177564885e-04 9.632457581951780687e-03 1.948540356374741656e-01 3.025429017342470134e-02 5.568322757890861729e-03 3.619158537072368273e-04 1.535352010195604588e-03 1.388929018583727470e-02 3.640255868294906254e-04
0.000000000000000000e+00 2.110139522177564885e-04 2.948291899282263367e-04 5.100248830484790830e+00 5.502559983045347991e+00 8.073787141959313018e+00 9.250481612573807286e-03 4.161690078064682330e-02 4.161690078064682330e-02 7.952548987654827969e-03
0.000000000000000000e+00 2.110139522177564885e-04 2.948291899282263367e-04 3.157847106268249493e-03 5.045795011758357623e-02 3.746435818653329804e-03 9.548177038003972938e-03 1.009552332408318251e-03 1.009552332408318251e-03 2.469943230828653660e-04
0.000000000000000000e+00 2.110139522177564885e-04 2.948291899282263367e-04 9.701573596800794341e-02 6.809031516240869608e-02 1.786594279294077478e-02 3.532955704160820423e-04 1.484875598076763328e-03 1.484875598076763328e-03 3.532955704160820423e-04
0.000000000000000000e+00 2.110139522177564885e-04 2.948291899282263367e-04 2.951387212022420048e+00 5.094401417591938319e+00 1.134083713855466691e+01 9.226285308542423250e-03 4.191868184095688676e-02 4.191868184095688676e-02 7.960156857485080686e-03
0.000000000000000000e+00 2.110139522177564885e-04 2.948291899282263367e-04 3.824577554616292563e+00 6.739345836477931506e+00 2.223062881032782201e+01 4.303231500560473322e+00 8.689284932271647000e-01 3.967641038494997829e-01 8.901172712619649869e-04
0.000000000000000000e+00 2.110139522177564885e-04 2.948291899282263367e-04 2.054134415160812355e-01 5.488576036976485460e-03 1.790035199778318084e-02 1.271372636389775726e-02 1.528129994441628252e-03 1.535352010195604588e-03 3.619158537072368273e-04
0.000000000000000000e+00 2.110139522177564885e-04 2.948291899282263367e-04 5.040546819991748251e+00 2.259318226837701715e+01 2.580627491293733300e+01 4.443297015517644333e-02 6.642552693555035803e-03 6.642552693555035803e-03 1.092801686515678522e-03
0.000000000000000000e+00 2.110139522177564885e-04 2.948291899282263367e-04 6.885380086010643719e-02 3.192982206616550717e-02 4.653338783018354935e-03 2.888232524900767074e-04 1.193047644123033588e-03 1.176587704068808929e-02 2.908077860167684056e-04
0.000000000000000000e+00 2.110139522177564885e-04 2.948291899282263367e-04 5.159950840977832520e+00 5.502583207449808889e+00 3.221302640214182134e+01 2.049844518280781180e+00 5.407838579360856046e-03 2.714563176316988832e-02 1.092801686515678522e-03
0.000000000000000000e+00 2.110139522177564885e-04 2.948291899282263367e-04 5.159950840977832520e+00 5.502583207449808889e+00 7.166283353590350735e+00 9.235389870891275860e-03 4.131054417462418776e-02 2.228086822076104367e-01 7.930495430994112874e-03
0.000000000000000000e+00 2.110139522177564885e-04 2.948291899282263367e-04 2.867574826937576038e+00 3.311655774190819912e+00 3.028794840103870456e+00 4.393093333320181038e-01 3.017766095974518115e-02 1.742365032822024984e-01 6.014180024454860059e-03
0.000000000000000000e+00 2.110139522177564885e-04 2.948291899282263367e-04 2.227964007577586170e+00 3.753322520461082945e+00 5.688061563719686298e+00 3.028538306331976404e+00 4.075169389799352532e-02 4.075169389799352532e-02 1.893651711864351994e-01
0.000000000000000000e+00 2.110139522177564885e-04 2.948291899282263367e-04 5.100248830484790830e+00 4.884042058246176765e+00 3.021661191994475004e+01 3.107640395338152839e+00 5.407838579360856046e-03 2.714563176316988832e-02 1.092801686515678522e-03
0.000000000000000000e+00 2.110139522177564885e-04 9.632457581951780687e-03 8.847671702226129753e-01 3.624420947798366321e-01 5.175275100239359188e-02 3.634659012236683001e-02 4.071871338936812468e-02 4.861377907608485649e-02 1.472334301512893484e-03
0.000000000000000000e+00 2.110139522177564885e-04 9.632457581951780687e-03 8.648533008436580793e-01 3.915078650275425343e-01 1.220040285947132513e-01 4.337333841953817243e-02 4.864844022834572540e-02 6.776729983947515044e-03 1.477480241384617572e-03
0.000000000000000000e+00 2.110139522177564885e-04 2.948291899282263367e-04 2.054134415160812355e-01 1.346057418338729439e-01 6.505583883898657070e-03 4.341546898963248189e-04 1.870433015797393029e-03 1.870433015797393029e-03 1.468677938003811086e-02
0.000000000000000000e+00 2.110139522177564885e-04 2.948291899282263367e-04 2.909481019479997599e+00 4.884195355341579337e+00 4.391577233493692667e+00 5.117742148206977371e-01 3.655791979534610270e-02 2.043426060572638148e-01 7.163531034018274200e-03
0.000000000000000000e+00 2.110139522177564885e-04 2.948291899282263367e-04 5.159950840977832520e+00 8.136731929478399294e+00 2.241190236939474545e+01 3.513527174768186878e+00 9.548090833968183588e-01 1.793418427021709616e-01 1.092801686515678522e-03
0.000000000000000000e+00 2.110139522177564885e-04 2.948291899282263367e-04 2.909481019479997599e+00 5.199455341404331854e+00 1.660428314151113938e+01 2.716761436062389290e+00 2.413262633316555217e+00 1.511406528431163299e+00 4.394131180921279634e-01
0.000000000000000000e+00 2.110139522177564885e-04 2.948291899282263367e-04 4.074069109954805978e-02 1.329165607061929058e-02 4.042573643504542881e-03 2.451691870160407796e-04 9.993702636559534825e-04 9.993702636559534825e-04 2.451691870160407796e-04
0.000000000000000000e+00 2.110139522177564885e-04 2.948291899282263367e-04 1.736949533263860979e-01 1.773240634353630552e-01 6.505583883898657070e-03 4.341546898963248189e-04 1.870433015797393029e-03 1.870433015797393029e-03 4.341546898963248189e-04
0.000000000000000000e+00 2.110139522177564885e-04 2.948291899282263367e-04 1.210195598922230609e+00 1.374405153999085361e+00 2.865988857300958564e-02 6.190990497786379859e-02 1.040661240451013457e-02 7.010862289755195875e-02 2.220677635787101679e-03
0.000000000000000000e+00 2.110139522177564885e-04 9.632457581951780687e-03 2.825721839502986832e+00 5.304508378018916837e+00 1.914525707397287846e+01 5.610884380032814533e+00 2.125202278921301424e+00 1.042801108171747870e+00 4.437172094134314571e-02
0.000000000000000000e+00 2.110139522177564885e-04 2.948291899282263367e-04 2.909481019479997599e+00 5.198959312343739647e+00 1.932591926183168596e+01 2.081456246745517991e+00 2.665458344260310142e+00 4.835242189320939632e-01 3.812155045507115841e-02
0.000000000000000000e+00 2.110139522177564885e-04 1.893546543293971388e-02 3.774662149308518178e+00 6.614511109584065629e+00 1.987115301589906124e+01 4.893968805084933926e+00 1.319608891089669722e+00 6.204182450974971008e-01 4.437172094134314571e-02
0.000000000000000000e+00 2.110139522177564885e-04 2.948291899282263367e-04 5.100248830484790830e+00 8.712940252819466380e+00 4.988006270810162235e+00 3.722431414244781189e-01 4.169202458561531432e-02 2.231901626185930076e-01 7.926670202657252334e-03
0.000000000000000000e+00 2.110139522177564885e-04 9.632457581951780687e-03 3.824641088247198617e+00 6.120859441429839620e+00 6.121509991741088896e+00 9.204901171089973494e-03 4.075169389799352532e-02 4.075169389799352532e-02 7.867033153448976454e-03
0.000000000000000000e+00 2.110139522177564885e-04 2.948291899282263367e-04 5.159950840977832520e+00 5.502002652690085149e+00 1.170373680441489483e+01 8.509342749426137067e-03 3.939809744101209488e-02 3.939809744101209488e-02 7.391779498087863720e-03
0.000000000000000000e+00 2.110139522177564885e-04 2.948291899282263367e-04 1.234193880780603436e+00 7.321279202838253397e-01 2.389300275960544104e-02 5.184141911699053501e-02 8.374591539619388042e-03 8.374591539619388042e-03 1.805922574106956372e-03
0.000000000000000000e+00 2.110139522177564885e-04 2.948291899282263367e-04 5.100248830484790830e+00 5.626263568005183124e+00 9.162762871953155752e+00 1.898117567742222678e-01 2.225748518606184556e-01 4.205950461958321562e-02 1.885583145265896099e-01
0.000000000000000000e+00 2.110139522177564885e-04 2.948291899282263367e-04 5.100248830484790830e+00 8.712940252819466380e+00 4.988006270810162235e+00 1.907450033914919185e-01 4.161690078064682330e-02 4.161690078064682330e-02 7.952548987654827969e-03
0.000000000000000000e+00 2.110139522177564885e-04 1.893546543293971388e-02 2.825774059626874557e+00 5.094368679383413756e+00 1.950825524748296047e+01 4.157590040588775793e+00 1.262760671151470726e+00 1.289710755819273080e+00 4.000447644460179419e-01
0.000000000000000000e+00 2.110139522177564885e-04 9.632457581951780687e-03 1.210226067716854814e+00 1.324625041867976138e+00 5.062759725173441305e-01 7.536001052627172569e-02 8.570030757844160352e-02 1.313868216488774110e-02 2.760570736226997720e-03
0.000000000000000000e+00 2.110139522177564885e-04 9.632457581951780687e-03 3.997468780175705838e-03 1.063305551410428373e-01 4.675451847945363837e-03 2.927750565721865526e-04 1.215545922992410967e-03 1.215545922992410967e-03 2.927750565721865526e-04
0.000000000000000000e+00 2.110139522177564885e-04 9.632457581951780687e-03 3.724328257412456988e+00 4.568130498624476843e+00 1.914525707397287846e+01 1.666230171730628040e+00 2.264566653209842517e+00 7.818088392070985382e-01 1.644969096415729382e-03
0.000000000000000000e+00 2.110139522177564885e-04 2.948291899282263367e-04 3.874618850990418029e+00 6.368266611349508999e+00 4.946997130096735695e+00 5.536742868731561185e-01 4.058666826352855944e-02 4.058666826352855944e-02 7.850092750428557323e-03
0.000000000000000000e+00 2.110139522177564885e-04 2.948291899282263367e-04 5.159950840977832520e+00 2.531572378982314220e+01 1.800620277921559165e+01 2.269517697136740758e-02 2.714563176316988832e-02 6.642552693555035803e-03 1.092801686515678522e-03
0.000000000000000000e+00 2.110139522177564885e-04 9.632457581951780687e-03 2.909534224587830842e+00 4.988818847442113125e+00 1.950825524748296047e+01 2.081456246745517991e+00 2.585296523226349397e+00 5.200598853316849013e-01 1.641129552088977685e-03
0.000000000000000000e+00 2.110139522177564885e-04 2.948291899282263367e-04 2.909481019479997599e+00 5.199455341404331854e+00 1.569679245134622647e+01 3.405436610462848623e-01 4.005634796601099251e-02 4.005634796601099251e-02 7.441379241405285221e-03
0.000000000000000000e+00 2.110139522177564885e-04 2.948291899282263367e-04 1.186197317063857115e+00 1.374380140251194593e+00 4.465587450883466425e-01 7.534523414295367372e-02 1.298080622941845050e-02 1.298080622941845050e-02 2.738688549433843881e-03
0.000000000000000000e+00 2.110139522177564885e-04 2.948291899282263367e-04 2.054134415160812355e-01 1.346057418338729439e-01 6.505583883898657070e-03 1.468677938003811086e-02 2.188732473294107989e-03 1.892611760719373551e-02 5.145576393881573420e-04
0.000000000000000000e+00 2.110139522177564885e-04 2.948291899282263367e-04 1.670127029317528988e+00 6.460030324758109010e+00 1.544388810882294072e+00 2.952572678100428005e-01 3.017766095974518115e-02 3.017766095974518115e-02 6.004850008960871920e-03
0.000000000000000000e+00 2.110139522177564885e-04 2.948291899282263367e-04 5.159950840977832520e+00 8.424849614123314012e+00 2.023387561844624472e+01 4.739465642057644423e+00 1.462032452828019746e+00 5.412524783431905441e-03 2.262912820916009732e-02
0.000000000000000000e+00 2.110139522177564885e-04 2.948291899282263367e-04 1.670127029317528988e+00 1.759336576251913309e+00 1.368050450319726830e+00 3.474820010320691342e-03 1.684428552078854474e-02 1.052082053338840584e-01 1.092282602763897936e-01
0.000000000000000000e+00 2.110139522177564885e-04 2.948291899282263367e-04 3.528566292015173668e-03 6.906396581955943914e-02 1.307008530015872812e-02 2.505961851431170485e-04 1.029759522174994533e-03 1.033276737316281800e-02 2.868212366135504594e-04
0.000000000000000000e+00 2.110139522177564885e-04 1.893546543293971388e-02 2.825774059626874557e+00 5.199455341404331854e+00 1.914525707397287846e+01 5.714691069724976202e+00 1.833362683622659750e+00 5.407300780039651089e-01 3.575236194865895334e-02
0.000000000000000000e+00 2.110139522177564885e-04 2.948291899282263367e-04 2.867574826937576038e+00 5.199421715997999627e+00 1.642278690092226867e+01 1.745321882557275273e-01 2.061714832611929171e-01 4.020943525610445185e-02 7.451847899255606769e-03
0.000000000000000000e+00 2.110139522177564885e-04 2.948291899282263367e-04 1.670127029317528988e+00 1.759618915675734918e+00 4.706839236033345530e-01 1.801300562625505197e-01 1.642467794467271022e-02 1.046999456650232474e-01 3.427061849683639763e-03
0.000000000000000000e+00 2.110139522177564885e-04 2.948291899282263367e-04 3.774536258242167541e+00 4.569118817245050757e+00 1.351881479495044225e+01 9.253183776439978178e-03 4.272936499404612898e-02 4.272936499404612898e-02 8.030320434674787997e-03
0.000000000000000000e+00 2.110139522177564885e-04 2.948291899282263367e-04 2.909481019479997599e+00 4.884195355341579337e+00 6.960481817269494442e+00 9.174535866041829552e-03 4.024942110427414538e-02 2.217475591372603527e-01 7.823862526787931856e-03
0.000000000000000000e+00 2.110139522177564885e-04 2.948291899282263367e-04 1.328866530911664706e-02 1.062877523585126355e-01 1.524828124451041780e-02 2.947252779117725554e-04 1.226709010359095615e-03 1.226709010359095615e-03 2.947252779117725554e-04
0.000000000000000000e+00 2.110139522177564885e-04 2.948291899282263367e-04 1.563964963032950983e+01 7.900646244701888810e-01 4.854784483922297511e+01 4.443297015517644333e-02 6.642552693555035803e-03 6.642552693555035803e-03 1.092801686515678522e-03
0.000000000000000000e+00 2.110139522177564885e-04 2.948291899282263367e-04 1.155790050744989889e-01 7.868525762390074507e-02 5.147851081117791466e-03 3.576423901116470086e-04 1.510241963192741335e-03 1.386418013883440950e-02 3.597881882562314502e-04
0.000000000000000000e+00 2.110139522177564885e-04 2.948291899282263367e-04 2.951387212022420048e+00 4.989314755571021109e+00 1.170383531206473826e+01 1.898145407724259326e-01 4.205950461958321562e-02 4.205950461958321562e-02 7.972843060909774043e-03
0.000000000000000000e+00 2.110139522177564885e-04 2.948291899282263367e-04 7.840972026603217071e-02 4.074277540307133516e-03 1.337728539129495742e-02 2.868212366135504594e-04 1.181711701757699262e-03 1.181711701757699262e-03 2.868212366135504594e-04
0.000000000000000000e+00 2.110139522177564885e-04 9.632457581951780687e-03 5.100324629590206271e+00 8.568908456445770483e+00 1.478890572459117969e+01 1.147194525060820869e+00 2.335139480451391414e-01 1.297521579422843685e-01 4.700251964338894237e-03
0.000000000000000000e+00 2.110139522177564885e-04 2.948291899282263367e-04 7.002050437320986198e+00 6.552300426756732854e+00 2.949035308296254598e+01 2.138924158645572948e+00 5.407838579360856046e-03 2.714563176316988832e-02 1.092801686515678522e-03
0.000000000000000000e+00 2.110139522177564885e-04 1.893546543293971388e-02 2.894644150139752958e-01 4.072264905464287876e-01 1.122016014317617043e-02 2.479084923169587451e-02 3.552343030847155900e-03 3.552343030847155900e-03 7.959269864937089552e-04
0.000000000000000000e+00 2.110139522177564885e-04 2.948291899282263367e-04 2.867574826937576038e+00 5.304508378018916837e+00 1.660428314151113938e+01 1.004595356506362780e+00 3.305550562891653582e-02 3.305550562891653582e-02 6.097029244863289704e-03
0.000000000000000000e+00 2.110139522177564885e-04 2.948291899282263367e-04 1.234193880780603436e+00 7.738358978731185722e-01 2.741154967376814855e-01 1.834209324272339505e-03 8.570006208826714406e-03 6.992649782006002401e-02 2.194894494101930129e-03
0.000000000000000000e+00 2.110139522177564885e-04 2.948291899282263367e-04 2.951387212022420048e+00 4.674054769508270368e+00 4.535635224732897264e+00 8.473435873445411826e-01 2.045085773517438810e-01 3.723754022256575147e-01 7.198952856431128054e-03
0.000000000000000000e+00 2.110139522177564885e-04 3.025061749050248915e-04 7.836697367054736019e-02 4.031127403592036328e-03 1.337728539129495742e-02 2.923418692625123381e-04 1.181711701757699262e-03 1.181711701757699262e-03 2.868212366135504594e-04
0.000000000000000000e+00 2.110139522177564885e-04 2.948291899282263367e-04 2.909481019479997599e+00 4.989282017362497434e+00 4.247518450193260797e+00 6.795589010826155185e-01 3.664118815806349794e-02 2.044258744199891342e-01 7.172543546132010249e-03
0.000000000000000000e+00 2.110139522177564885e-04 2.948291899282263367e-04 2.951387212022420048e+00 3.134983737546938265e+00 3.028794840103870456e+00 1.446564697228935437e+00 5.391369312450557949e-01 3.604637224810126189e-02 7.097467118261199977e-03
0.000000000000000000e+00 2.110139522177564885e-04 2.948291899282263367e-04 5.159950840977832520e+00 8.280790771800853989e+00 1.569644711865103659e+01 1.666225336952417813e+00 2.607289710412126829e-02 2.607289710412126829e-02 4.702372573904673586e-03
0.000000000000000000e+00 2.110139522177564885e-04 2.948291899282263367e-04 2.825668634395154033e+00 5.409560517760957588e+00 1.932675521200586388e+01 5.507077006586891699e+00 2.125202278921301424e+00 1.042801108171747870e+00 4.437172094134314571e-02
0.000000000000000000e+00 2.110139522177564885e-04 2.948291899282263367e-04 2.909481019479997599e+00 4.884195355341579337e+00 4.391577233493692667e+00 3.439895285587721285e-01 3.647408488191293541e-02 3.647408488191293541e-02 1.749298755821715734e-01
0.000000000000000000e+00 2.110139522177564885e-04 2.948291899282263367e-04 6.929436471989293800e+00 5.831988976562593407e+00 4.673279876983267656e+01 1.531311121771149475e-01 5.407838579360856046e-03 2.714563176316988832e-02 1.092801686515678522e-03
0.000000000000000000e+00 2.110139522177564885e-04 2.948291899282263367e-04 2.951387212022420048e+00 4.884228093550104788e+00 1.987125243905692784e+01 5.714689653179338968e+00 2.161693710248088429e+00 1.288120974177132672e+00 4.436692139296911919e-02
0.000000000000000000e+00 2.110139522177564885e-04 2.948291899282263367e-04 3.874618850990418029e+00 6.615673781269175713e+00 1.660418653130540534e+01 1.424398442670689324e-01 3.331545639524672447e-02 3.331545639524672447e-02 6.111739523458334551e-03
0.000000000000000000e+00 2.110139522177564885e-04 2.948291899282263367e-04 5.100248830484790830e+00 5.502559983045347991e+00 7.892289003926333812e+00 9.246865358514197442e-03 2.230393298901157395e-01 4.161690078064682330e-02 7.952548987654827969e-03
0.000000000000000000e+00 2.110139522177564885e-04 2.948291899282263367e-04 2.054134415160812355e-01 7.961220509082636565e-02 4.922983703550264101e-02 4.341546898963248189e-04 1.870433015797393029e-03 1.861475785060916471e-03 4.341546898963248189e-04
0.000000000000000000e+00 2.110139522177564885e-04 2.948291899282263367e-04 6.929436471989293800e+00 6.984459715142252278e+00 4.146918271933441247e+01 6.096550227443977565e-01 5.407838579360856046e-03 2.714563176316988832e-02 1.092801686515678522e-03
0.000000000000000000e+00 2.110139522177564885e-04 9.632457581951780687e-03 3.997468780175705838e-03 8.768173665653675175e-02 4.653338783018354935e-03 2.888232524900767074e-04 1.193047644123033588e-03 1.193047644123033588e-03 2.888232524900767074e-04
0.000000000000000000e+00 2.110139522177564885e-04 2.948291899282263367e-04 3.874618850990418029e+00 6.368266611349508999e+00 2.259365038840933693e+01 4.365551200484103944e+00 1.130798230356418133e+00 2.880558121746882305e-01 8.901172712619649869e-04
0.000000000000000000e+00 2.110139522177564885e-04 2.948291899282263367e-04 2.951387212022420048e+00 3.223347657360033924e+00 3.028801951556246319e+00 1.302515478343401867e+00 3.578287245928677557e-02 3.578287245928677557e-02 7.067534848839339412e-03
0.000000000000000000e+00 2.110139522177564885e-04 2.948291899282263367e-04 2.951387212022420048e+00 5.093411743046435625e+00 1.605978872741219021e+01 2.716760948450982927e+00 2.828412406593582062e+00 1.511319145600036107e+00 4.394127213628793993e-01
0.000000000000000000e+00 2.110139522177564885e-04 2.948291899282263367e-04 3.824577554616292563e+00 6.739345836477931506e+00 2.241212694836080033e+01 4.365549974585650972e+00 8.689279730821503067e-01 3.532809523475534119e-01 8.901172712619649869e-04
0.000000000000000000e+00 2.110139522177564885e-04 2.948291899282263367e-04 3.874618850990418029e+00 6.615673781269175713e+00 1.188523494244788203e+01 8.510648139627785894e-03 3.945577654954017521e-02 2.054683471675357587e-01 7.400916501491892723e-03
0.000000000000000000e+00 2.110139522177564885e-04 2.948291899282263367e-04 5.159950840977832520e+00 8.136731929478399294e+00 2.241190236939474545e+01 3.802110146314299222e+00 1.179424441811923296e+00 2.715031796724094032e-02 2.262791045507099585e-02
0.000000000000000000e+00 2.110139522177564885e-04 3.025061749050248915e-04 1.948406121195161989e-01 5.495090647584721655e-02 5.578978497133919162e-03 3.640255868294906254e-04 1.547811838977159078e-03 1.547811838977159078e-03 3.640255868294906254e-04
0.000000000000000000e+00 2.110139522177564885e-04 9.632457581951780687e-03 1.948540356374741656e-01 4.255039056390134966e-02 5.578978497133919162e-03 1.271796376247115966e-02 1.799998389042816328e-03 1.605262307918460529e-02 4.247797594009869926e-04
0.000000000000000000e+00 2.110139522177564885e-04 2.948291899282263367e-04 2.227964007577586170e+00 3.753322520461082945e+00 5.832120406042140104e+00 2.692975136225675303e+00 4.066947998189569119e-02 4.066947998189569119e-02 7.858617310956064750e-03
0.000000000000000000e+00 2.110139522177564885e-04 2.948291899282263367e-04 1.234193880780603436e+00 3.301459870326036050e+00 4.141451299292639554e+00 2.940939586492768432e-01 3.009776071859974686e-02 2.992783832905229410e-02 5.995422627943444889e-03
0.000000000000000000e+00 2.110139522177564885e-04 1.893546543293971388e-02 1.186257690585580615e+00 3.156575401400915304e+00 2.572863506080183882e+00 9.956838167989167099e-01 2.969067708558669957e-02 1.737495194080440064e-01 5.956730578237734962e-03
0.000000000000000000e+00 2.110139522177564885e-04 2.948291899282263367e-04 1.948406121195161989e-01 3.417337594931805222e-01 1.287115456462694651e-01 2.478746200600240313e-02 3.530908430017918979e-03 2.752919028839134405e-02 7.959269864937089552e-04
0.000000000000000000e+00 2.110139522177564885e-04 2.948291899282263367e-04 5.159950840977832520e+00 3.098165259607804423e+00 3.148713319880654637e+01 3.164637216267718767e+00 2.714563176316988832e-02 6.642552693555035803e-03 1.092801686515678522e-03
0.000000000000000000e+00 2.110139522177564885e-04 9.632457581951780687e-03 1.948540356374741656e-01 5.490432873954302628e-02 6.448484861154244255e-03 4.223864839361130431e-04 1.799998389042816328e-03 1.799998389042816328e-03 4.223864839361130431e-04
0.000000000000000000e+00 2.110139522177564885e-04 2.948291899282263367e-04 5.100248830484790830e+00 5.131449228165847032e+00 1.333726704591201617e+01 8.515002830451954413e-03 3.968133851273039636e-02 3.968133851273039636e-02 7.413964271890437566e-03
0.000000000000000000e+00 2.110139522177564885e-04 2.948291899282263367e-04 1.670127029317528988e+00 1.699634565758871174e+00 3.254423602218591838e-01 2.774848446559634654e-03 1.324251007972074463e-02 8.585647541141372407e-02 2.781895284132095830e-03
0.000000000000000000e+00 2.110139522177564885e-04 2.948291899282263367e-04 3.874618850990418029e+00 6.491970196309341468e+00 1.733019218164138664e+01 6.946963213729455584e-03 1.688764707413869248e-01 3.342077681410974416e-02 6.117048878813876635e-03
0.000000000000000000e+00 2.110139522177564885e-04 2.948291899282263367e-04 3.724494961868042076e+00 4.674177037862369488e+00 6.792694599336318362e+00 3.721813746921037169e-01 4.058666826352855944e-02 4.058666826352855944e-02 7.850092750428557323e-03
0.000000000000000000e+00 2.110139522177564885e-04 9.632457581951780687e-03 1.948540356374741656e-01 7.967004287599137313e-02 2.072458765521906568e-02 4.295064437089658000e-04 1.609509749705822015e-02 1.610911295429822213e-02 4.341546898963248189e-04
0.000000000000000000e+00 2.110139522177564885e-04 2.948291899282263367e-04 1.670127029317528988e+00 4.371660116112004779e+00 1.791766101957900759e+00 1.297722214727997647e-01 1.488385174103640796e-01 1.489114997217592662e-01 5.080461571219746508e-03
0.000000000000000000e+00 2.110139522177564885e-04 2.948291899282263367e-04 3.824577554616292563e+00 6.739345836477931506e+00 1.714868094540435450e+01 6.843989462292635606e-01 1.690459555711600059e-01 3.358825007181417271e-02 6.124590494621765489e-03
0.000000000000000000e+00 2.110139522177564885e-04 2.948291899282263367e-04 3.874618850990418029e+00 6.615673781269175713e+00 1.696718280737136908e+01 6.947855661682529257e-03 3.335096751576442642e-02 3.335096751576442642e-02 6.113575121107761405e-03
0.000000000000000000e+00 2.110139522177564885e-04 2.948291899282263367e-04 1.948406121195161989e-01 1.630980471230120132e-01 2.420181505398718430e-02 5.145576393881573420e-04 2.226190730137007131e-03 2.226190730137007131e-03 5.145576393881573420e-04
0.000000000000000000e+00 2.110139522177564885e-04 2.948291899282263367e-04 3.266769621116914508e-03 6.906396581955943914e-02 3.767077449170797097e-03 3.421278502646143168e-04 1.019681964196070354e-03 1.019681964196070354e-03 2.488032508368130950e-04
0.000000000000000000e+00 2.110139522177564885e-04 2.948291899282263367e-04 3.874618850990418029e+00 6.615673781269175713e+00 1.660418653130540534e+01 2.779302408701731508e-01 3.335096751576442642e-02 3.335096751576442642e-02 6.113575121107761405e-03
0.000000000000000000e+00 2.110139522177564885e-04 2.948291899282263367e-04 3.141412120255282492e-01 3.076571436516543079e-01 2.916686577150325380e-02 6.462931478411279443e-04 2.857905474262438777e-03 2.857905474262438777e-03 6.462931478411279443e-04
0.000000000000000000e+00 2.110139522177564885e-04 2.948291899282263367e-04 2.054134415160812355e-01 3.019645238825967651e-02 5.568322757890861729e-03 1.271585402934890738e-02 1.547811838977159078e-03 1.390175001461882789e-02 4.223864839361130431e-04
0.000000000000000000e+00 2.110139522177564885e-04 2.948291899282263367e-04 2.951387212022420048e+00 5.094401417591938319e+00 1.696727941757709601e+01 8.519917370676857379e-03 4.030896471742687059e-02 2.063215353354302950e-01 7.461558608892972580e-03
0.000000000000000000e+00 2.110139522177564885e-04 2.948291899282263367e-04 3.824577554616292563e+00 6.615642251518096373e+00 1.152225176458596501e+01 1.898386552421283402e-01 4.279323303398513412e-02 4.279323303398513412e-02 8.035530461073863914e-03
0.000000000000000000e+00 2.110139522177564885e-04 2.948291899282263367e-04 1.156217516699837994e-01 7.868525762390074507e-02 1.790035199778318084e-02 3.597881882562314502e-04 1.522828839827171724e-03 1.387676701546869569e-02 3.619158537072368273e-04
0.000000000000000000e+00 2.110139522177564885e-04 9.632457581951780687e-03 1.948540356374741656e-01 1.773636159042983329e-01 1.079640225091253875e-01 2.054840047705357164e-02 2.802896015666823341e-03 2.271676539462171365e-02 6.404604285614940492e-04
0.000000000000000000e+00 2.110139522177564885e-04 2.948291899282263367e-04 3.874618850990418029e+00 6.615673781269175713e+00 1.061474797621700361e+01 3.704167242492104606e-01 4.259993542290963636e-02 2.231854068885979758e-01 8.025013633020947404e-03
0.000000000000000000e+00 2.110139522177564885e-04 2.948291899282263367e-04 5.159950840977832520e+00 5.255176037530142175e+00 3.003507404776158296e+01 3.022145081684178169e+00 5.407838579360856046e-03 2.714563176316988832e-02 1.092801686515678522e-03
0.000000000000000000e+00 2.110139522177564885e-04 2.948291899282263367e-04 5.159950840977832520e+00 3.413425245670556496e+00 2.495319749102827345e+01 4.926424741828536291e+00 1.396816078433571695e+00 2.715031796724094032e-02 8.901172712619649869e-04
0.000000000000000000e+00 2.110139522177564885e-04 2.948291899282263367e-04 8.847418870961011317e-01 3.915078650275425343e-01 1.922553061870328761e-01 4.338367278380667741e-02 6.811034087746523254e-03 4.871722663016858634e-02 1.487645903026858047e-03
0.000000000000000000e+00 2.110139522177564885e-04 2.948291899282263367e-04 6.256579739715540933e-01 5.658769165180079774e-01 8.686332127494232613e-02 1.220951326207006787e-03 5.563720205727453599e-03 5.563720205727453599e-03 1.220951326207006787e-03
0.000000000000000000e+00 2.110139522177564885e-04 2.948291899282263367e-04 1.234193880780603436e+00 8.155447841846131807e-01 2.741310863697436484e-01 1.813009259732273615e-01 1.040661240451013457e-02 7.010862289755195875e-02 2.220677635787101679e-03
0.000000000000000000e+00 2.110139522177564885e-04 2.948291899282263367e-04 4.119768886208043102e-02 1.329165607061929058e-02 4.042573643504542881e-03 2.451691870160407796e-04 9.993702636559534825e-04 9.993702636559534825e-04 2.451691870160407796e-04
0.000000000000000000e+00 2.110139522177564885e-04 2.948291899282263367e-04 4.074069109954805978e-02 1.329165607061929058e-02 4.042573643504542881e-03 2.451691870160407796e-04 9.993702636559534825e-04 9.993702636559534825e-04 2.451691870160407796e-04
0.000000000000000000e+00 2.110139522177564885e-04 2.948291899282263367e-04 3.141412120255282492e-01 1.579571198853806091e-01 7.702538685039132284e-03 5.250174884530040822e-04 2.290140324724998164e-03 1.900625767798568358e-02 5.275788430121546675e-04
0.000000000000000000e+00 2.110139522177564885e-04 2.948291899282263367e-04 1.234193880780603436e+00 8.159403053686695717e-01 1.740484936214943545e-01 1.828645894653435806e-03 8.531334133892544414e-03 5.857263050801661541e-02 1.834209324272339505e-03
0.000000000000000000e+00 2.110139522177564885e-04 9.632457581951780687e-03 3.824641088247198617e+00 6.615673781269175713e+00 1.624119025523944160e+01 1.424411776009071873e-01 3.324321843920186731e-02 3.324321843920186731e-02 6.107869916275064648e-03
0.000000000000000000e+00 2.110139522177564885e-04 2.948291899282263367e-04 4.479375711295799367e-01 2.878344013142934421e-01 1.072132875766698967e-01 3.005843293125643259e-02 4.407431471981791173e-03 4.407431471981791173e-03 3.006237314556331475e-02
0.000000000000000000e+00 2.110139522177564885e-04 2.948291899282263367e-04 2.054134415160812355e-01 5.488576036976485460e-03 1.790035199778318084e-02 3.597881882562314502e-04 1.515684947440144566e-03 1.522828839827171724e-03 3.597881882562314502e-04
0.000000000000000000e+00 2.110139522177564885e-04 9.632457581951780687e-03 2.867628032045408837e+00 5.199455341404331854e+00 1.914442112379870053e+01 5.610884380032814533e+00 1.468554702667609790e+00 1.159604015640045338e+00 3.487123196769770783e-01
0.000000000000000000e+00 2.110139522177564885e-04 2.948291899282263367e-04 2.951387212022420048e+00 5.094401417591938319e+00 3.671280848204903524e+00 8.407642268855809037e-03 3.613305701944066056e-02 3.613305701944066056e-02 1.748919130886325557e-01
0.000000000000000000e+00 2.110139522177564885e-04 2.948291899282263367e-04 1.641045142110952204e+00 2.938900091612317134e+00 5.729075182618541540e-01 3.194015843182240744e-01 2.030847184281263720e-02 1.253951338637298019e-01 4.177473962111879872e-03
0.000000000000000000e+00 2.110139522177564885e-04 2.948291899282263367e-04 5.040546819991748251e+00 5.626239456763340918e+00 3.021655998198307103e+01 2.965148151432370316e+00 5.407838579360856046e-03 2.714563176316988832e-02 1.092801686515678522e-03
0.000000000000000000e+00 2.110139522177564885e-04 9.632457581951780687e-03 8.847671702226129753e-01 6.486841445332233169e-01 1.993627993605243814e-02 4.338877654924060134e-02 6.845160648934038757e-03 4.875135319135610185e-02 1.492666230459998656e-03
0.000000000000000000e+00 2.110139522177564885e-04 2.948291899282263367e-04 1.156217516699837994e-01 6.811242822733569457e-02 1.788909194892235668e-02 3.576423901116470086e-04 1.510241963192741335e-03 1.510241963192741335e-03 3.576423901116470086e-04
0.000000000000000000e+00 2.110139522177564885e-04 2.948291899282263367e-04 6.256579739715540933e-01 5.658769165180079774e-01 1.661204368262268055e-02 1.211999925202578892e-03 5.504555992632732472e-03 4.063019478879256047e-02 1.216493972168535692e-03
0.000000000000000000e+00 2.110139522177564885e-04 9.632457581951780687e-03 1.210226067716854814e+00 7.740341128262473447e-01 4.242393858600572165e-01 1.813139259639474088e-01 1.049623001449136173e-02 7.019824050753317723e-02 2.233246708589746270e-03
0.000000000000000000e+00 2.110139522177564885e-04 2.948291899282263367e-04 5.159950840977832520e+00 5.378879622489973755e+00 5.785909279678025818e+00 3.722058550448206771e-01 4.099475978308492891e-02 4.039910358490488296e-01 7.907496092899779852e-03
0.000000000000000000e+00 2.110139522177564885e-04 2.948291899282263367e-04 3.824577554616292563e+00 6.739345836477931506e+00 1.624119025523944160e+01 8.198931606164412411e-01 3.342077681410974416e-02 1.689111734172203672e-01 6.118687424630711927e-03
0.000000000000000000e+00 2.110139522177564885e-04 2.948291899282263367e-04 3.528566292015173668e-03 1.155790050744989889e-01 1.524828124451041780e-02 2.947252779117725554e-04 1.226709010359095615e-03 1.179953840692415067e-02 2.966586583774235338e-04
0.000000000000000000e+00 2.110139522177564885e-04 2.948291899282263367e-04 1.670127029317528988e+00 2.866317276895633093e+00 1.627109383910533724e+00 1.101879128126491275e-01 3.955687976925266747e-01 2.468770490968873188e-02 5.007063702077640781e-03
0.000000000000000000e+00 2.110139522177564885e-04 2.948291899282263367e-04 1.244524805599016304e+01 1.173278056002792002e+00 4.927388798188287922e+01 2.269517697136740758e-02 5.407838579360856046e-03 2.714563176316988832e-02 1.092801686515678522e-03
0.000000000000000000e+00 2.110139522177564885e-04 2.948291899282263367e-04 2.054134415160812355e-01 1.790035199778318084e-02 1.791140716747203002e-02 3.619158537072368273e-04 1.535352010195604588e-03 1.388929018583727470e-02 3.640255868294906254e-04
0.000000000000000000e+00 2.110139522177564885e-04 2.948291899282263367e-04 2.227964007577586170e+00 3.841686440274178604e+00 5.255893318384548429e+00 2.860740887926914500e+00 4.050325763586049704e-02 4.050325763586049704e-02 7.841459050354899346e-03
0.000000000000000000e+00 2.110139522177564885e-04 2.948291899282263367e-04 2.867574826937576038e+00 3.400019694003915127e+00 2.657691196676744472e+00 1.500155729006950323e-01 2.985503151742381622e-02 2.985503151742381622e-02 1.500253941904195476e-01
0.000000000000000000e+00 2.110139522177564885e-04 2.948291899282263367e-04 2.054134415160812355e-01 1.773636159042983329e-01 4.109955309608204904e-02 1.723855225061279167e-02 2.290140324724998164e-03 2.290140324724998164e-03 1.724113484171369004e-02
0.000000000000000000e+00 2.110139522177564885e-04 2.948291899282263367e-04 3.724494961868042076e+00 4.674177037862369488e+00 3.112413418414965349e+01 3.022149107716275651e+00 9.237742929691747373e-02 2.714563176316988832e-02 1.092801686515678522e-03
0.000000000000000000e+00 2.110139522177564885e-04 9.632457581951780687e-03 3.018029587062984742e-01 1.913893545919022054e-01 9.202678448556728813e-03 2.054539902854203917e-02 2.784373046493779889e-03 2.784373046493779889e-03 6.345310980986808985e-04
0.000000000000000000e+00 2.110139522177564885e-04 9.632457581951780687e-03 6.256791971553454790e-01 2.991004781131396673e-01 1.272345537890687273e-02 9.804859389871769821e-04 4.407431471981791173e-03 3.348931867855793609e-02 9.843940543840250419e-04
0.000000000000000000e+00 2.110139522177564885e-04 2.948291899282263367e-04 3.566820820504548045e-03 5.045795011758357623e-02 4.042573643504542881e-03 9.548177038003972938e-03 1.009552332408318251e-03 1.005009207917025461e-03 2.469943230828653660e-04
0.000000000000000000e+00 2.110139522177564885e-04 2.948291899282263367e-04 9.316069047731144082e+00 2.150467859616748001e+01 1.717583582873421122e+01 2.400882725726409817e-01 5.407838579360856046e-03 2.714563176316988832e-02 1.092801686515678522e-03
0.000000000000000000e+00 2.110139522177564885e-04 2.948291899282263367e-04 3.874618850990418029e+00 6.615673781269175713e+00 1.624119025523944160e+01 2.779315742040114889e-01 3.327954022227111452e-02 1.687699368253817722e-01 6.111739523458334551e-03
0.000000000000000000e+00 2.110139522177564885e-04 2.948291899282263367e-04 2.951387212022420048e+00 4.989314755571021109e+00 1.836506695640404141e-01 3.761460102172623499e-01 2.513493245052919947e-02 1.488385174103640796e-01 5.071596306240035330e-03
0.000000000000000000e+00 2.110139522177564885e-04 2.948291899282263367e-04 7.002050437320986198e+00 6.408241584434275495e+00 2.949037559419857146e+01 2.161194048103045162e+00 5.407838579360856046e-03 2.714563176316988832e-02 1.092801686515678522e-03
0.000000000000000000e+00 2.110139522177564885e-04 2.948291899282263367e-04 2.951387212022420048e+00 3.223347657360033924e+00 3.028801951556246319e+00 1.447728006389701338e+00 3.587128115569905573e-02 2.036559674176207646e-01 7.087598862722926593e-03
0.000000000000000000e+00 2.110139522177564885e-04 9.632457581951780687e-03 8.847671702226129753e-01 3.333602075732597925e-01 1.571145988672619787e-01 8.527953096196022598e-02 6.776729983947515044e-03 4.868292252636957640e-02 1.482584006818539772e-03
0.000000000000000000e+00 2.110139522177564885e-04 9.632457581951780687e-03 3.824641088247198617e+00 6.491970196309341468e+00 5.953693965939943489e+00 1.907122866283884333e-01 4.099475978308492891e-02 4.099475978308492891e-02 7.891632532813237094e-03
0.000000000000000000e+00 2.110139522177564885e-04 9.632457581951780687e-03 3.824410850160707032e+00 6.615673781269175713e+00 1.987115301589906124e+01 5.535263373356607453e+00 1.430959343192685918e+00 5.924355503484642904e-01 8.901172712619649869e-04
0.000000000000000000e+00 2.110139522177564885e-04 2.948291899282263367e-04 1.156217516699837994e-01 6.811242822733569457e-02 5.495090647584721655e-02 3.640255868294906254e-04 1.547811838977159078e-03 1.390175001461882789e-02 4.223864839361130431e-04
0.000000000000000000e+00 2.110139522177564885e-04 2.948291899282263367e-04 2.951387212022420048e+00 4.674054769508270368e+00 4.535635224732897264e+00 8.473435873445411826e-01 3.672389108982616890e-02 3.722932636136616624e-01 7.190254032861316189e-03
0.000000000000000000e+00 2.110139522177564885e-04 1.893546543293971388e-02 2.825774059626874557e+00 5.198959312343739647e+00 1.914525707397287846e+01 4.261397414034698627e+00 2.417092557335918990e+00 8.147524625936555243e-01 9.451036773903362387e-02
0.000000000000000000e+00 2.110139522177564885e-04 2.948291899282263367e-04 9.139341208104953651e+00 2.713109674396660154e+01 9.126514576186012917e+00 4.443297015517644333e-02 6.642552693555035803e-03 6.642552693555035803e-03 1.092801686515678522e-03
0.000000000000000000e+00 2.110139522177564885e-04 2.948291899282263367e-04 5.159950840977832520e+00 3.098165259607804423e+00 3.166863133683952114e+01 3.164636237205298297e+00 6.642552693555035803e-03 6.642552693555035803e-03 1.092801686515678522e-03
0.000000000000000000e+00 2.110139522177564885e-04 9.632457581951780687e-03 3.824641088247198617e+00 6.491970196309341468e+00 1.624120335344349542e+01 4.134225399138860002e-01 3.327954022227111452e-02 3.327954022227111452e-02 6.109837853911007782e-03
0.000000000000000000e+00 2.110139522177564885e-04 2.948291899282263367e-04 2.951387212022420048e+00 5.094401417591938319e+00 3.527222005882449274e+00 6.795399665219363783e-01 3.638968228931507842e-02 3.638968228931507842e-02 1.749205455075837079e-01
0.000000000000000000e+00 2.110139522177564885e-04 9.632457581951780687e-03 1.948540356374741656e-01 7.967004287599137313e-02 2.072458765521906568e-02 4.295064437089658000e-04 1.842472806916435526e-03 1.608631788542768531e-02 4.318402700316267915e-04
0.000000000000000000e+00 2.110139522177564885e-04 2.948291899282263367e-04 1.210195598922230609e+00 3.374381750947785807e+00 3.961796786356632238e-01 9.183095639270688615e-02 1.684428552078854474e-02 1.052082053338840584e-01 4.141598255472637644e-03
0.000000000000000000e+00 2.110139522177564885e-04 2.948291899282263367e-04 9.046557564750559166e-01 3.333602075732597925e-01 4.807869034733483482e-01 5.183557102818822648e-02 5.837618518895045655e-02 1.084571842878698650e-01 1.817378787922046320e-03
0.000000000000000000e+00 2.110139522177564885e-04 9.632457581951780687e-03 1.210226067716854814e+00 1.324625041867976138e+00 5.659779830103859322e-01 1.479812697939706934e-01 1.319073782829451556e-02 8.573410013530613494e-02 2.774848446559634654e-03
0.000000000000000000e+00 2.110139522177564885e-04 2.948291899282263367e-04 1.186197317063857115e+00 1.374616818114621442e+00 6.256647765674719919e-01 7.536730446227765667e-02 3.035945434916597629e-01 1.334520767287350126e-02 2.788881257295960144e-03
0.000000000000000000e+00 2.110139522177564885e-04 2.948291899282263367e-04 1.948406121195161989e-01 3.250958478990488842e-01 1.087849755290727499e-01 2.478060376321689420e-02 3.487711104656445512e-03 3.487711104656445512e-03 7.857650720582636623e-04
0.000000000000000000e+00 2.110139522177564885e-04 2.948291899282263367e-04 1.156217516699837994e-01 1.519905326141175739e-02 1.525903760497997717e-02 2.966586583774235338e-04 1.237815217669897697e-03 1.237815217669897697e-03 2.966586583774235338e-04
0.000000000000000000e+00 2.110139522177564885e-04 2.948291899282263367e-04 1.670127029317528988e+00 1.699916905182693450e+00 7.611261522120170708e-01 9.179098166277914472e-02 1.932740861204107763e-01 1.666646680139642969e-02 3.451259373660781060e-03
0.000000000000000000e+00 2.110139522177564885e-04 2.948291899282263367e-04 7.840972026603217071e-02 1.337728539129495742e-02 4.641974364475995492e-03 2.868212366135504594e-04 1.181711701757699262e-03 1.181711701757699262e-03 2.868212366135504594e-04
0.000000000000000000e+00 2.110139522177564885e-04 2.948291899282263367e-04 3.824577554616292563e+00 6.615059492807020547e+00 5.953693965939943489e+00 9.214148595410736470e-03 2.224124707444239957e-01 4.099475978308492891e-02 7.891632532813237094e-03
0.000000000000000000e+00 2.110139522177564885e-04 2.948291899282263367e-04 3.824577554616292563e+00 6.491938666558264792e+00 1.152226396839746769e+01 1.898369491485971117e-01 4.272936499404612898e-02 4.272936499404612898e-02 8.030320434674787997e-03
0.000000000000000000e+00 2.110139522177564885e-04 9.632457581951780687e-03 3.824641088247198617e+00 6.615673781269175713e+00 1.206673308048086035e+01 3.405370077530719963e-01 3.962571960507345337e-02 3.962571960507345337e-02 7.409702330261456853e-03
0.000000000000000000e+00 2.110139522177564885e-04 2.948291899282263367e-04 6.089418566182930315e-01 3.469528673599093227e-01 1.009184667905418109e-01 9.921150176167147384e-04 3.356489737357029601e-02 4.057041939989899232e-02 1.207468903425312377e-03
0.000000000000000000e+00 2.110139522177564885e-04 9.632457581951780687e-03 1.186227785858481987e+00 1.374641841709763890e+00 5.659779830103859322e-01 1.479812697939706934e-01 1.319073782829451556e-02 1.312013480361313295e-02 2.767740385269020550e-03
0.000000000000000000e+00 2.110139522177564885e-04 2.948291899282263367e-04 8.648280177171461247e-01 7.187300158387209814e-01 1.875610501057406732e-01 1.794274654062986930e-03 8.294977828624228514e-03 5.833627420274947739e-02 1.800122742865291770e-03
0.000000000000000000e+00 2.110139522177564885e-04 2.948291899282263367e-04 5.100248830484790830e+00 8.568881410497011686e+00 4.618810935716261667e+01 2.269517697136740758e-02 5.407838579360856046e-03 2.714563176316988832e-02 1.092801686515678522e-03
0.000000000000000000e+00 2.110139522177564885e-04 2.948291899282263367e-04 5.159950840977832520e+00 8.568908456445770483e+00 2.023384986558061271e+01 4.801784035975886766e+00 1.418554927348757433e+00 4.888811115104996913e-02 1.092801686515678522e-03
0.000000000000000000e+00 2.110139522177564885e-04 9.632457581951780687e-03 2.867628032045408837e+00 5.199455341404331854e+00 1.932675521200586388e+01 5.403270316894726477e+00 1.468550828809242370e+00 1.021674933390210427e+00 2.823075765443321394e-01
0.000000000000000000e+00 2.110139522177564885e-04 2.948291899282263367e-04 2.054134415160812355e-01 1.773636159042983329e-01 2.438343574282136189e-02 1.723594821854983541e-02 2.274273957994436216e-03 1.899039131125532243e-02 5.250174884530040822e-04
0.000000000000000000e+00 2.110139522177564885e-04 2.948291899282263367e-04 5.159950840977832520e+00 8.424849614123314012e+00 1.533342589155576263e+01 1.458612884857119152e+00 2.601054290577373140e-02 1.298172325979342068e-01 4.701667518679243304e-03
0.000000000000000000e+00 2.110139522177564885e-04 2.948291899282263367e-04 3.017872738498865726e-01 2.248079911614538906e-01 4.904336739220807595e-02 2.055432980751638328e-02 2.839661799121634585e-03 2.275353117807652620e-02 2.056016252679601641e-02
0.000000000000000000e+00 2.110139522177564885e-04 2.948291899282263367e-04 3.724494961868042076e+00 4.674177037862369488e+00 3.094263604611667517e+01 2.993652660880894434e+00 1.141241042300652486e-01 5.412524783431905441e-03 8.913350253510659085e-04
0.000000000000000000e+00 2.110139522177564885e-04 2.948291899282263367e-04 1.155790050744989889e-01 1.519905326141175739e-02 1.525903760497997717e-02 1.086948805494247945e-02 1.248864901831533850e-03 1.248864901831533850e-03 2.985754010969273527e-04
0.000000000000000000e+00 2.110139522177564885e-04 2.948291899282263367e-04 1.210195598922230609e+00 1.374641841709763890e+00 2.077659200521349836e-01 1.216310097484538527e-01 1.058489250501427024e-02 1.058489250501427024e-02 2.239451807774908536e-03
0.000000000000000000e+00 2.110139522177564885e-04 2.948291899282263367e-04 3.566820820504548045e-03 5.045795011758357623e-02 1.334558149449247520e-02 2.469943230828653660e-04 1.009552332408318251e-03 1.005009207917025461e-03 2.612214187173887898e-04
0.000000000000000000e+00 2.110139522177564885e-04 2.948291899282263367e-04 2.951387212022420048e+00 3.046619817733842606e+00 2.657676234499163126e+00 5.936788699649452224e-03 2.960773595990590437e-02 1.736665782823632043e-01 5.946809676594026414e-03
0.000000000000000000e+00 2.110139522177564885e-04 2.948291899282263367e-04 3.141412120255282492e-01 1.913893545919022054e-01 9.202678448556728813e-03 6.315296495871500519e-04 2.765756107217503396e-03 2.267962548617239241e-02 6.345310980986808985e-04
0.000000000000000000e+00 2.110139522177564885e-04 2.948291899282263367e-04 1.162199035205483844e+00 1.474673853509005150e+00 4.465739620243023289e-01 7.535265388112682983e-02 1.303371722198753968e-02 1.303371722198753968e-02 2.746045194578721534e-03
0.000000000000000000e+00 2.110139522177564885e-04 2.948291899282263367e-04 1.948406121195161989e-01 3.250176421399196269e-01 2.912949801325318694e-02 6.375079494680861237e-04 2.802896015666823341e-03 2.802896015666823341e-03 6.375079494680861237e-04
0.000000000000000000e+00 2.110139522177564885e-04 2.948291899282263367e-04 1.234193880780603436e+00 8.157420904155407992e-01 2.741310863697436484e-01 1.813009259732273615e-01 1.040661240451013457e-02 7.010862289755195875e-02 6.192268812882891632e-02
0.000000000000000000e+00 2.110139522177564885e-04 2.948291899282263367e-04 2.951387212022420048e+00 5.094401417591938319e+00 1.769327196970901994e+01 6.844046474775165034e-01 3.324321843920186731e-02 1.687336150423061343e-01 6.109837853911007782e-03
0.000000000000000000e+00 2.110139522177564885e-04 2.948291899282263367e-04 3.528566292015173668e-03 6.906396581955943914e-02 1.336691154765284884e-02 2.505961851431170485e-04 1.029759522174994533e-03 1.033276737316281800e-02 2.868212366135504594e-04
0.000000000000000000e+00 2.110139522177564885e-04 2.948291899282263367e-04 5.159950840977832520e+00 3.413425245670556496e+00 2.459020121496230971e+01 4.926427273898333681e+00 1.440293718829587677e+00 2.715031796724094032e-02 8.901172712619649869e-04
0.000000000000000000e+00 2.110139522177564885e-04 2.948291899282263367e-04 5.159950840977832520e+00 3.413425245670556496e+00 2.477169935299529868e+01 4.864106321290872614e+00 1.440293718829587677e+00 2.715031796724094032e-02 8.901172712619649869e-04
0.000000000000000000e+00 2.110139522177564885e-04 2.948291899282263367e-04 3.566820820504548045e-03 1.155790050744989889e-01 1.490918770541225895e-02 2.947252779117725554e-04 1.226709010359095615e-03 1.179953840692415067e-02 2.966586583774235338e-04
0.000000000000000000e+00 2.110139522177564885e-04 2.948291899282263367e-04 3.017872738498865726e-01 4.272176800019892862e-01 1.122016014317617043e-02 2.479084923169587451e-02 3.552343030847155900e-03 2.755062488922058878e-02 7.992592202041653125e-04
0.000000000000000000e+00 2.110139522177564885e-04 2.948291899282263367e-04 2.951387212022420048e+00 3.223347657360033924e+00 2.905098366596411630e+00 1.446564697228935437e+00 5.391369312450557949e-01 2.038310585100189809e-01 7.107226826706938491e-03
0.000000000000000000e+00 2.110139522177564885e-04 2.948291899282263367e-04 2.122587091189106712e+00 2.648221349376411293e+00 2.047456031994190351e+00 9.946357433807568871e-01 2.528045539398942471e-02 1.489840403538243430e-01 5.089239682230772485e-03
0.000000000000000000e+00 2.110139522177564885e-04 2.948291899282263367e-04 5.100248830484790830e+00 5.626263568005183124e+00 1.224823121851384577e+01 8.512998208734023908e-03 2.055821574533269747e-01 3.962571960507345337e-02 7.409702330261456853e-03
0.000000000000000000e+00 2.110139522177564885e-04 2.948291899282263367e-04 1.234193880780603436e+00 1.324625041867976138e+00 2.077659200521349836e-01 6.192899925541205108e-02 1.054068027445460853e-02 1.054068027445460853e-02 2.233246708589746270e-03
0.000000000000000000e+00 2.110139522177564885e-04 2.948291899282263367e-04 6.423740913248149331e-01 5.658954293782788580e-01 1.662711220623376909e-02 3.634213276832835848e-02 5.563720205727453599e-03 4.068935900188728333e-02 3.635101106075146887e-02
0.000000000000000000e+00 2.110139522177564885e-04 2.948291899282263367e-04 2.909481019479997599e+00 5.199455341404331854e+00 1.569679245134622647e+01 1.745310904282893205e-01 2.060168750316392350e-01 4.005634796601099251e-02 1.734539498594087348e-01
0.000000000000000000e+00 2.110139522177564885e-04 2.948291899282263367e-04 6.929436471989293800e+00 5.831988976562593407e+00 4.691429690786566198e+01 1.313918058008727296e-01 5.407838579360856046e-03 2.714563176316988832e-02 1.092801686515678522e-03
0.000000000000000000e+00 2.110139522177564885e-04 2.948291899282263367e-04 6.089418566182930315e-01 5.949399292732583389e-01 1.219889600711021455e-01 7.147664985691129513e-02 6.742247685923664913e-03 6.742247685923664913e-03 1.472334301512893484e-03
0.000000000000000000e+00 2.110139522177564885e-04 2.948291899282263367e-04 2.951387212022420048e+00 5.094401417591938319e+00 1.660428314151113938e+01 1.226367073428210386e+00 3.316935579616556856e-02 3.316935579616556856e-02 6.103734445217627938e-03
0.000000000000000000e+00 2.110139522177564885e-04 2.948291899282263367e-04 1.670127029317528988e+00 2.793703311563940694e+00 1.416923484833416902e+00 1.092815885498331502e-01 2.057864174476324234e-02 2.057864174476324234e-02 4.203532970863427254e-03
0.000000000000000000e+00 2.110139522177564885e-04 9.632457581951780687e-03 2.909534224587830842e+00 5.094401417591938319e+00 1.079634272445571774e+01 3.703882726736279496e-01 4.184740799986713666e-02 2.224328794655554831e-01 7.960156857485080686e-03
0.000000000000000000e+00 2.110139522177564885e-04 2.948291899282263367e-04 5.159950840977832520e+00 8.280790771800853989e+00 2.259337636390432635e+01 3.465427573047859422e+00 9.548079968850224919e-01 1.575996905976833062e-01 1.092801686515678522e-03
0.000000000000000000e+00 2.110139522177564885e-04 9.632457581951780687e-03 2.909534224587830842e+00 4.988818847442113125e+00 1.242982786419666574e+01 9.239209978636666459e-03 4.226644080030815542e-02 2.228519122659964879e-01 7.997016531874227840e-03
0.000000000000000000e+00 2.110139522177564885e-04 2.948291899282263367e-04 3.774536258242167541e+00 4.569118817245050757e+00 1.206682969068659439e+01 1.898222947881589850e-01 4.226644080030815542e-02 4.226644080030815542e-02 7.991122164379624304e-03
0.000000000000000000e+00 2.110139522177564885e-04 2.948291899282263367e-04 2.951387212022420048e+00 7.357653852252306059e+00 1.442622197311367493e+01 2.852251737904231366e+00 1.271389046702765091e+00 1.297958438283760008e-01 4.701243527660214049e-03
0.000000000000000000e+00 2.110139522177564885e-04 2.948291899282263367e-04 1.670127029317528988e+00 2.866317276895633093e+00 1.522022721889616292e+00 1.101815055118229303e-01 2.071139927984671711e-02 2.071139927984671711e-02 4.220508231554010760e-03
0.000000000000000000e+00 2.110139522177564885e-04 2.948291899282263367e-04 3.874618850990418029e+00 6.491970196309341468e+00 1.860067914787225618e+01 5.316302813302979831e-03 2.575855632264922521e-02 1.295652460148146168e-01 4.694351691822226495e-03
0.000000000000000000e+00 2.110139522177564885e-04 2.948291899282263367e-04 6.423740913248149331e-01 2.989871555351070187e-01 7.183657958396498511e-02 3.007015753584957665e-02 4.483010166993474550e-03 3.356489737357029601e-02 9.959283690522840495e-04
0.000000000000000000e+00 2.110139522177564885e-04 2.948291899282263367e-04 3.141412120255282492e-01 2.081054719451630730e-01 2.912949801325318694e-02 6.375079494680861237e-04 2.802896015666823341e-03 2.802896015666823341e-03 6.375079494680861237e-04
0.000000000000000000e+00 2.110139522177564885e-04 2.948291899282263367e-04 4.479375711295799367e-01 2.680143594153539532e-01 1.120684618309782284e-02 2.478746200600240313e-02 3.530908430017918979e-03 2.752919028839134405e-02 7.959269864937089552e-04
0.000000000000000000e+00 2.110139522177564885e-04 9.632457581951780687e-03 3.774599791873074039e+00 4.463564708251592350e+00 1.932675521200586388e+01 1.562422798284705427e+00 2.184404832175880440e+00 7.337052176339552423e-01 1.840480349953753925e-01
0.000000000000000000e+00 2.110139522177564885e-04 2.948291899282263367e-04 6.929436471989293800e+00 6.120106661207508125e+00 4.691425940572730724e+01 8.791317361610456738e-02 5.407838579360856046e-03 2.714563176316988832e-02 1.092801686515678522e-03
0.000000000000000000e+00 2.110139522177564885e-04 1.893546543293971388e-02 2.825774059626874557e+00 5.198959312343739647e+00 1.914525707397287846e+01 5.507077690340649312e+00 1.869835458742056700e+00 1.078002631325658323e+00 5.352454422665917783e-02
0.000000000000000000e+00 2.110139522177564885e-04 2.948291899282263367e-04 8.847418870961011317e-01 3.915078650275425343e-01 5.227110733244663132e-01 1.519298116964826750e-01 8.492457321647965338e-03 5.853375369577320381e-02 1.828645894653435806e-03
0.000000000000000000e+00 2.110139522177564885e-04 2.948291899282263367e-04 6.423740913248149331e-01 3.230987599715125502e-01 1.590964775533107445e-01 3.633763872136240580e-02 5.534214199823996733e-03 4.065985299598381952e-02 1.220951326207006787e-03
0.000000000000000000e+00 2.110139522177564885e-04 1.119655439428189347e-01 2.365083163371962449e+00 5.304508378018916837e+00 1.950825335003884220e+01 2.911909031490943267e+00 2.196934084434505330e+00 1.232665177094339759e+00 4.705515367938269966e-01
0.000000000000000000e+00 2.110139522177564885e-04 2.948291899282263367e-04 1.670127029317528988e+00 2.793703311563940694e+00 2.257616781000741923e+00 1.287201358820264929e-01 1.485421506055361329e-01 2.491332508057146969e-02 5.035255337757650607e-03
0.000000000000000000e+00 2.110139522177564885e-04 2.948291899282263367e-04 2.951387212022420048e+00 4.674054769508270368e+00 4.391576382410443458e+00 8.473373849269983937e-01 3.664118815806349794e-02 3.722105606819069434e-01 7.181451070268725020e-03
0.000000000000000000e+00 2.110139522177564885e-04 2.948291899282263367e-04 3.874618850990418029e+00 6.614511109584065629e+00 2.023414929196502499e+01 5.535261099601110679e+00 1.073397730386453919e+00 3.739890889687267905e-01 6.611069608251865515e-02
0.000000000000000000e+00 2.110139522177564885e-04 2.948291899282263367e-04 3.874618850990418029e+00 6.244563026389672977e+00 2.041568403463880443e+01 5.054292447152851864e+00 1.297341603561327661e+00 6.028183872383039432e-01 6.610951412515013448e-02
0.000000000000000000e+00 2.110139522177564885e-04 2.948291899282263367e-04 2.951387212022420048e+00 4.884228093550104788e+00 1.987125243905692784e+01 5.714689653179338968e+00 2.052252447539140601e+00 1.025202352017940299e+00 4.437172094134314571e-02
0.000000000000000000e+00 2.110139522177564885e-04 2.948291899282263367e-04 3.874618850990418029e+00 6.615673781269175713e+00 1.170373680441489483e+01 1.745219133674295597e-01 3.945577654954017521e-02 2.054683471675357587e-01 7.400916501491892723e-03
0.000000000000000000e+00 2.110139522177564885e-04 2.948291899282263367e-04 2.053648601896345682e-01 3.250328235504532648e-01 1.087976762673145831e-01 2.478404693043169058e-02 3.509364613767833492e-03 2.749022425296382410e-02 7.925673733224438029e-04
0.000000000000000000e+00 2.110139522177564885e-04 2.948291899282263367e-04 5.159950840977832520e+00 8.424849614123314012e+00 1.533342589155576263e+01 1.458612884857119152e+00 2.601054290577373140e-02 2.601054290577373140e-02 4.701243527660214049e-03
0.000000000000000000e+00 2.110139522177564885e-04 2.948291899282263367e-04 1.156217516699837994e-01 2.582111064107547524e-02 4.696769395342777556e-03 2.966586583774235338e-04 1.232105461049703456e-03 1.181064461423495318e-02 2.985754010969273527e-04
0.000000000000000000e+00 2.110139522177564885e-04 2.948291899282263367e-04 9.046557564750559166e-01 6.485180677912867342e-01 1.993627993605243814e-02 1.482584006818539772e-03 6.811034087746523254e-03 4.857620550458962433e-02 1.487645903026858047e-03
0.000000000000000000e+00 2.110139522177564885e-04 2.948291899282263367e-04 1.156217516699837994e-01 4.691754145110692276e-02 4.377020076773509120e-03 3.004757041738715826e-04 1.259858412751593956e-03 1.259858412751593956e-03 3.004757041738715826e-04
0.000000000000000000e+00 2.110139522177564885e-04 2.948291899282263367e-04 3.824577554616292563e+00 6.615642251518096373e+00 1.660419962950945916e+01 6.950146775950251030e-03 3.324321843920186731e-02 3.324321843920186731e-02 6.107869916275064648e-03
0.000000000000000000e+00 2.110139522177564885e-04 9.632457581951780687e-03 6.256791971553454790e-01 2.991004781131396673e-01 1.367280517081201699e-02 3.006237314556331475e-02 4.432753245320436054e-03 4.432753245320436054e-03 9.843940543840250419e-04
0.000000000000000000e+00 2.110139522177564885e-04 2.948291899282263367e-04 1.234193880780603436e+00 3.301803332064301877e+00 4.018325463854941937e+00 2.952436135525063898e-01 1.740761987961504109e-01 3.009776071859974686e-02 5.995422627943444889e-03
0.000000000000000000e+00 2.110139522177564885e-04 2.948291899282263367e-04 2.951387212022420048e+00 4.779141431529187578e+00 1.791797847341854766e+00 4.381528009717342020e-01 3.017766095974518115e-02 1.742365032822024984e-01 6.014180024454860059e-03
0.000000000000000000e+00 2.110139522177564885e-04 2.948291899282263367e-04 2.951387212022420048e+00 7.481357437212140304e+00 1.533369956507453580e+01 2.716760902890322793e+00 1.296376264455598171e-01 2.585445225029630451e-02 4.696929291791438962e-03
0.000000000000000000e+00 2.110139522177564885e-04 9.632457581951780687e-03 1.641082065172937199e+00 1.759618915675734918e+00 7.611397849301064777e-01 1.801630387409354495e-01 3.701221460537785224e-01 1.251884018488728378e-01 4.150689579829547164e-03
0.000000000000000000e+00 2.110139522177564885e-04 2.948291899282263367e-04 1.234193880780603436e+00 8.157420904155407992e-01 3.241723827438688921e-01 2.201421770093261576e-03 1.031603358551348541e-02 7.001804407855530266e-02 2.207894484821978746e-03
0.000000000000000000e+00 2.110139522177564885e-04 1.893546543293971388e-02 2.825774059626874557e+00 5.198959312343739647e+00 1.932675521200586388e+01 5.403270316894726477e+00 1.468491768479487591e+00 1.021674933390210427e+00 2.823075765443321394e-01
0.000000000000000000e+00 2.110139522177564885e-04 9.632457581951780687e-03 3.824641088247198617e+00 4.358504993402050331e+00 1.968891553789764970e+01 2.808101560135412900e+00 1.760696184969082978e+00 5.930390782156470530e-01 1.278432889859076969e-03
0.000000000000000000e+00 2.110139522177564885e-04 2.948291899282263367e-04 2.909481019479997599e+00 5.094368679383413756e+00 4.103458881213081000e+00 1.518482332392220080e+00 2.048337568663698427e-01 3.712896288119708205e-02 7.216039757364749521e-03
0.000000000000000000e+00 2.110139522177564885e-04 2.948291899282263367e-04 2.054134415160812355e-01 5.490432873954302628e-02 2.070110955129603192e-02 4.247797594009869926e-04 1.814228257336485215e-03 1.814228257336485215e-03 4.247797594009869926e-04
0.000000000000000000e+00 2.110139522177564885e-04 2.948291899282263367e-04 3.528566292015173668e-03 6.906396581955943914e-02 3.767077449170797097e-03 2.488032508368130950e-04 1.032268981518400137e-02 1.033276737316281800e-02 2.868212366135504594e-04
0.000000000000000000e+00 2.110139522177564885e-04 2.948291899282263367e-04 5.159950840977832520e+00 8.568908456445770483e+00 2.422680890230620676e+01 3.102669076831654049e+00 5.324207326951749808e-01 1.358618974138742774e-01 8.901172712619649869e-04
0.000000000000000000e+00 2.110139522177564885e-04 2.948291899282263367e-04 1.156217516699837994e-01 4.691754145110692276e-02 4.717320389921356161e-03 3.004757041738715826e-04 1.259858412751593956e-03 1.381920381153185252e-02 3.532955704160820423e-04
0.000000000000000000e+00 2.110139522177564885e-04 2.948291899282263367e-04 5.100248830484790830e+00 8.712940252819466380e+00 4.806508132777175035e+00 5.537375590379245427e-01 4.169202458561531432e-02 4.169202458561531432e-02 7.959691796935560587e-03
0.000000000000000000e+00 2.110139522177564885e-04 2.948291899282263367e-04 1.670127029317528988e+00 1.759618915675734918e+00 7.611397849301064777e-01 9.179911892784202443e-02 3.700622039625623416e-01 1.052082053338840584e-01 4.141598255472637644e-03
0.000000000000000000e+00 2.110139522177564885e-04 2.948291899282263367e-04 3.266769621116914508e-03 4.115494226659564825e-02 1.308037881622415265e-02 9.548177038003972938e-03 1.009552332408318251e-03 1.031256018339625144e-02 2.488032508368130950e-04
0.000000000000000000e+00 2.110139522177564885e-04 2.948291899282263367e-04 2.867574826937576038e+00 3.311238583217860132e+00 2.781387670184204186e+00 5.956730578237734962e-03 2.977310855478870755e-02 1.738319508772460109e-01 5.966551867965602662e-03
0.000000000000000000e+00 2.110139522177564885e-04 9.632457581951780687e-03 1.641082065172937199e+00 1.759618915675734918e+00 7.611397849301064777e-01 2.685269585540310255e-01 1.672607369190438203e-02 1.050899935049999095e-01 3.467036579611369046e-03
0.000000000000000000e+00 2.110139522177564885e-04 2.948291899282263367e-04 1.670127029317528988e+00 1.759618915675734918e+00 4.706839236033345530e-01 1.801300562625505197e-01 1.642467794467271022e-02 1.047885977577682204e-01 9.179098166277914472e-02
0.000000000000000000e+00 2.110139522177564885e-04 2.948291899282263367e-04 1.234193880780603436e+00 6.900235127882745623e-01 4.742482309368712401e-01 6.190343226313507058e-02 7.006345402522259902e-02 1.040661240451013457e-02 2.214312990852456905e-03
0.000000000000000000e+00 2.110139522177564885e-04 2.948291899282263367e-04 3.874618850990418029e+00 4.358999886596310880e+00 1.224832782871957271e+01 1.898246814443250163e-01 4.233427715908315986e-02 2.229197486247629922e-01 8.002812135721204881e-03
0.000000000000000000e+00 2.110139522177564885e-04 2.948291899282263367e-04 2.054134415160812355e-01 1.061672193736327152e-01 3.498862875965887825e-02 4.341546898963248189e-04 1.870433015797393029e-03 1.870433015797393029e-03 4.341546898963248189e-04
0.000000000000000000e+00 2.110139522177564885e-04 2.948291899282263367e-04 2.951387212022420048e+00 4.989314755571021109e+00 1.315582041632859500e+01 9.247776824424710010e-03 4.253437210351613401e-02 4.253437210351613401e-02 8.014108401386490707e-03
0.000000000000000000e+00 2.110139522177564885e-04 2.948291899282263367e-04 1.063187438189958645e-01 1.784054165852077822e-01 6.471962965077282352e-03 4.271530089748412098e-04 1.828386266163348293e-03 1.608101095630513552e-02 4.295064437089658000e-04
0.000000000000000000e+00 2.110139522177564885e-04 2.948291899282263367e-04 5.159950840977832520e+00 8.280790771800853989e+00 1.569644711865103659e+01 1.562418647260257254e+00 2.605241401030064519e-02 2.605241401030064519e-02 4.702043824072256115e-03
0.000000000000000000e+00 2.110139522177564885e-04 2.948291899282263367e-04 1.155790050744989889e-01 1.519905326141175739e-02 1.525903760497997717e-02 2.966586583774235338e-04 1.237815217669897697e-03 1.237815217669897697e-03 2.966586583774235338e-04
0.000000000000000000e+00 2.110139522177564885e-04 2.948291899282263367e-04 3.141412120255282492e-01 2.248215892984239961e-01 9.228329372540122408e-03 2.055137732842297546e-02 2.821325455292661172e-03 2.273519483424754975e-02 2.055725813486664055e-02
0.000000000000000000e+00 2.110139522177564885e-04 2.948291899282263367e-04 3.824577554616292563e+00 6.739345836477931506e+00 1.696718280737136908e+01 6.843998386772229825e-01 3.352246662789039322e-02 1.690128632309946255e-01 6.123212017336289795e-03
0.000000000000000000e+00 2.110139522177564885e-04 9.632457581951780687e-03 5.100324629590206271e+00 5.378879622489973755e+00 1.297423686884982175e+01 8.515876402404027115e-03 3.973644434216621474e-02 2.057490149601696183e-01 7.422227626374231120e-03
0.000000000000000000e+00 2.110139522177564885e-04 9.632457581951780687e-03 2.867628032045408837e+00 5.093872650322822437e+00 4.103458881213081000e+00 1.518482332392220080e+00 3.704907060444421335e-02 3.704907060444421335e-02 7.207547959644282354e-03
0.000000000000000000e+00 2.110139522177564885e-04 2.948291899282263367e-04 2.054134415160812355e-01 3.082388464954982643e-01 9.215628634298294458e-03 6.345310980986808985e-04 2.784373046493779889e-03 2.268462528099872422e-02 6.375079494680861237e-04
0.000000000000000000e+00 2.110139522177564885e-04 2.948291899282263367e-04 1.670127029317528988e+00 1.759618915675734918e+00 7.611397849301064777e-01 2.685269585540310255e-01 1.672607369190438203e-02 1.050899935049999095e-01 9.183095639270688615e-02
0.000000000000000000e+00 2.110139522177564885e-04 2.948291899282263367e-04 2.909481019479997599e+00 4.884195355341579337e+00 4.391577233493692667e+00 3.439895285587721285e-01 3.647408488191293541e-02 2.042587711438385856e-01 7.154413103529832368e-03
0.000000000000000000e+00 2.110139522177564885e-04 2.948291899282263367e-04 3.141412120255282492e-01 1.579571198853806091e-01 7.702538685039132284e-03 5.250174884530040822e-04 2.290140324724998164e-03 3.572237503124656849e-02 6.315296495871500519e-04
0.000000000000000000e+00 2.110139522177564885e-04 2.948291899282263367e-04 3.724494961868042076e+00 4.674177037862369488e+00 6.624909913074400691e+00 9.179872774214559161e-03 4.033463518377265744e-02 2.218327732167503785e-01 7.832715785486679683e-03
0.000000000000000000e+00 2.110139522177564885e-04 2.948291899282263367e-04 3.874618850990418029e+00 4.358999886596310880e+00 1.206682969068659439e+01 3.704077662538473037e-01 4.233427715908315986e-02 4.233427715908315986e-02 7.997016531874227840e-03
0.000000000000000000e+00 2.110139522177564885e-04 2.948291899282263367e-04 6.885380086010643719e-02 3.192982206616550717e-02 4.653338783018354935e-03 2.888232524900767074e-04 1.193047644123033588e-03 1.176587704068808929e-02 2.908077860167684056e-04
0.000000000000000000e+00 2.110139522177564885e-04 2.948291899282263367e-04 1.151647539074514143e-01 4.691754145110692276e-02 4.717320389921356161e-03 3.004757041738715826e-04 1.259858412751593956e-03 1.254013365508174294e-03 1.270503229940123623e-02
0.000000000000000000e+00 2.110139522177564885e-04 9.632457581951780687e-03 1.948540356374741656e-01 5.490432873954302628e-02 6.448484861154244255e-03 4.223864839361130431e-04 1.799998389042816328e-03 1.605262307918460529e-02 4.247797594009869926e-04
0.000000000000000000e+00 2.110139522177564885e-04 2.948291899282263367e-04 3.874618850990418029e+00 6.615673781269175713e+00 4.443619681039381319e+00 5.536689499649919410e-01 4.050325763586049704e-02 4.050325763586049704e-02 7.841459050354899346e-03
0.000000000000000000e+00 2.110139522177564885e-04 2.948291899282263367e-04 8.847418870961011317e-01 6.135390184522896417e-01 1.875294369432603803e-01 4.339885877288206240e-02 6.912883708938069582e-03 6.912883708938069582e-03 1.497645284917316875e-03
0.000000000000000000e+00 2.110139522177564885e-04 2.948291899282263367e-04 2.867574826937576038e+00 5.199421715997999627e+00 3.959400038890627638e+00 1.518476129974685396e+00 3.696861836892282455e-02 3.696861836892282455e-02 1.749836391183488549e-01
0.000000000000000000e+00 2.110139522177564885e-04 2.948291899282263367e-04 3.824577554616292563e+00 6.739345836477931506e+00 1.696718280737136908e+01 6.843998386772229825e-01 3.352246662789039322e-02 1.690128632309946255e-01 6.123212017336289795e-03
0.000000000000000000e+00 2.110139522177564885e-04 9.632457581951780687e-03 1.582918290759783408e+00 2.866254265073082674e+00 2.572863506080183882e+00 2.524424252574274941e-01 3.961722623079264594e-01 1.489840403538243430e-01 5.089239682230772485e-03
0.000000000000000000e+00 2.110139522177564885e-04 2.948291899282263367e-04 1.611963254904375198e+00 2.648412369078003703e+00 1.368124105773182331e+00 3.194374600248633955e-01 2.057864174476324234e-02 2.057864174476324234e-02 4.203532970863427254e-03
0.000000000000000000e+00 2.110139522177564885e-04 2.948291899282263367e-04 1.641045142110952204e+00 2.938556666721561683e+00 5.729075182618541540e-01 3.194015843182240744e-01 2.030847184281263720e-02 1.253951338637298019e-01 4.177473962111879872e-03
0.000000000000000000e+00 2.110139522177564885e-04 2.948291899282263367e-04 3.874618850990418029e+00 6.368266611349508999e+00 1.769320066151884774e+01 9.553787829820762356e-01 2.578298919010544796e-02 2.578298919010544796e-02 4.694351691822226495e-03
0.000000000000000000e+00 2.110139522177564885e-04 2.948291899282263367e-04 3.824577554616292563e+00 4.464059763974759676e+00 1.950825335003884220e+01 1.458615375800667247e+00 2.264566653209842517e+00 6.375173534340410342e-01 1.840484929023027127e-01
0.000000000000000000e+00 2.110139522177564885e-04 2.948291899282263367e-04 3.266769621116914508e-03 4.115494226659564825e-02 3.735832115539264048e-03 2.433276217459231887e-04 9.891353867860623074e-04 1.029214323777399506e-02 2.451691870160407796e-04
0.000000000000000000e+00 2.110139522177564885e-04 2.948291899282263367e-04 6.256579739715540933e-01 3.229701606394090319e-01 1.367280517081201699e-02 9.804859389871769821e-04 4.407431471981791173e-03 3.348931867855793609e-02 9.843940543840250419e-04
0.000000000000000000e+00 2.110139522177564885e-04 1.119655439428189347e-01 2.365083163371962449e+00 5.303518246434542505e+00 1.950825335003884220e+01 2.808102341798782930e+00 2.259242927514746757e+00 1.232665177094339759e+00 4.705515367938269966e-01
0.000000000000000000e+00 2.110139522177564885e-04 2.948291899282263367e-04 1.670127029317528988e+00 2.866317276895633093e+00 1.627109383910533724e+00 3.760789591078421701e-01 2.461160144158560520e-02 1.483151864014205235e-01 5.007063702077640781e-03
0.000000000000000000e+00 2.110139522177564885e-04 2.948291899282263367e-04 1.670127029317528988e+00 1.759618915675734918e+00 1.802280622765626283e-01 2.206096363803480287e-01 8.595917300456649979e-02 1.630175356933730516e-02 3.402216636359461661e-03
0.000000000000000000e+00 2.110139522177564885e-04 2.948291899282263367e-04 3.528566292015173668e-03 6.906396581955943914e-02 4.063903696664917381e-03 2.488032508368130950e-04 1.019681964196070354e-03 1.962569766617182354e-02 2.868212366135504594e-04
0.000000000000000000e+00 2.110139522177564885e-04 2.948291899282263367e-04 2.054134415160812355e-01 3.250328235504532648e-01 1.087976762673145831e-01 7.857650720582636623e-04 3.487711104656445512e-03 2.746871419314645887e-02 7.891801476289732852e-04
0.000000000000000000e+00 2.110139522177564885e-04 2.948291899282263367e-04 7.840972026603217071e-02 4.074277540307133516e-03 1.337728539129495742e-02 2.868212366135504594e-04 1.181711701757699262e-03 1.176342543560398657e-03 2.868212366135504594e-04
0.000000000000000000e+00 2.110139522177564885e-04 2.948291899282263367e-04 5.100248830484790830e+00 8.712940252819466380e+00 5.169504408843140553e+00 1.907486196455600580e-01 4.169202458561531432e-02 4.169202458561531432e-02 7.959691796935560587e-03
0.000000000000000000e+00 2.110139522177564885e-04 2.948291899282263367e-04 2.825668634395154033e+00 3.311626745541287331e+00 2.533972649539328437e+00 5.089239682230772485e-03 2.535255536906953766e-02 2.521052660380111027e-02 5.089239682230772485e-03
0.000000000000000000e+00 2.110139522177564885e-04 2.948291899282263367e-04 1.670127029317528988e+00 4.371660116112004779e+00 2.223068158223603774e+01 1.770032953933605491e+00 8.217522779771940789e-01 6.389627631871839242e-01 2.821107977293293816e-03
0.000000000000000000e+00 2.110139522177564885e-04 2.948291899282263367e-04 1.948406121195161989e-01 1.916699768998207931e-01 2.438343574282136189e-02 5.198308652891495650e-04 2.258327171501667546e-03 2.258327171501667546e-03 5.198308652891495650e-04
0.000000000000000000e+00 2.110139522177564885e-04 9.632457581951780687e-03 2.087344437029299282e+00 2.575607384044718895e+00 2.467790105042576787e+00 8.709603500566018841e-01 1.736665782823632043e-01 2.969067708558669957e-02 5.946809676594026414e-03
0.000000000000000000e+00 2.110139522177564885e-04 2.948291899282263367e-04 9.046557564750559166e-01 6.485180677912867342e-01 1.993627993605243814e-02 1.482584006818539772e-03 4.871722663016858634e-02 4.875135319135610185e-02 1.492666230459998656e-03
0.000000000000000000e+00 2.110139522177564885e-04 2.948291899282263367e-04 1.328866530911664706e-02 3.186368955060927405e-02 3.735832115539264048e-03 2.433276217459231887e-04 9.891353867860623074e-04 9.891353867860623074e-04 2.433276217459231887e-04
0.000000000000000000e+00 2.110139522177564885e-04 2.948291899282263367e-04 2.951387212022420048e+00 5.094401417591938319e+00 3.383163163559988362e+00 1.761793769753267624e-01 3.604637224810126189e-02 3.604637224810126189e-02 7.097467118261199977e-03
0.000000000000000000e+00 2.110139522177564885e-04 2.948291899282263367e-04 5.159950840977832520e+00 5.255176037530142175e+00 3.021657218579456838e+01 2.993646621986273626e+00 5.407838579360856046e-03 2.714563176316988832e-02 1.092801686515678522e-03
0.000000000000000000e+00 2.110139522177564885e-04 9.632457581951780687e-03 3.018029587062984742e-01 1.412410025321197415e-01 7.691021543594323343e-03 5.224348973519079556e-04 2.274273957994436216e-03 1.899039131125532243e-02 5.250174884530040822e-04
0.000000000000000000e+00 2.110139522177564885e-04 2.948291899282263367e-04 2.951387212022420048e+00 4.989314755571021109e+00 1.279282414026262948e+01 9.243688593854996333e-03 4.240154388318769646e-02 4.240154388318769646e-02 8.002812135721204881e-03
0.000000000000000000e+00 2.110139522177564885e-04 2.948291899282263367e-04 5.159950840977832520e+00 5.378879622489973755e+00 3.112405067214798393e+01 2.205733802100005914e+00 5.407838579360856046e-03 2.714563176316988832e-02 1.092801686515678522e-03
0.000000000000000000e+00 2.110139522177564885e-04 2.948291899282263367e-04 1.670127029317528988e+00 4.371660116112004779e+00 1.915469686917735226e+00 6.235805682713942977e-01 2.969067708558669957e-02 1.737495194080440064e-01 5.956730578237734962e-03
0.000000000000000000e+00 2.110139522177564885e-04 2.948291899282263367e-04 2.909481019479997599e+00 5.199455341404331854e+00 1.968975148807182762e+01 5.610882181823809489e+00 2.125213289345106560e+00 1.266384523113200711e+00 4.436933548576437597e-02
0.000000000000000000e+00 2.110139522177564885e-04 9.632457581951780687e-03 1.948540356374741656e-01 1.773636159042983329e-01 4.109955309608204904e-02 5.224348973519079556e-04 1.899039131125532243e-02 2.290140324724998164e-03 5.250174884530040822e-04
0.000000000000000000e+00 2.110139522177564885e-04 2.948291899282263367e-04 2.951387212022420048e+00 3.222930664515319954e+00 3.028801951556246319e+00 1.447728006389701338e+00 3.587128115569905573e-02 3.587128115569905573e-02 7.077621595838734340e-03
0.000000000000000000e+00 2.110139522177564885e-04 2.948291899282263367e-04 2.867574826937576038e+00 5.304508378018916837e+00 1.642278500347815395e+01 1.745323873080605881e-01 4.020943525610445185e-02 2.062220058741000284e-01 7.455168669714204964e-03
0.000000000000000000e+00 2.110139522177564885e-04 2.948291899282263367e-04 9.050977288291857548e+00 6.120208050443177505e+00 4.382863356273387012e+01 3.270438672815894066e-01 6.642552693555035803e-03 6.642552693555035803e-03 1.092801686515678522e-03
0.000000000000000000e+00 2.110139522177564885e-04 2.948291899282263367e-04 2.227964007577586170e+00 3.753322520461082945e+00 5.832120406042140104e+00 2.692975136225675303e+00 4.066947998189569119e-02 2.221676180148733637e-01 7.867033153448976454e-03
0.000000000000000000e+00 2.110139522177564885e-04 2.948291899282263367e-04 2.951387212022420048e+00 5.094401417591938319e+00 1.170383341462063242e+01 9.231753378124655379e-03 4.205950461958321562e-02 2.226449760852630411e-01 7.979035773522463737e-03
0.000000000000000000e+00 2.110139522177564885e-04 9.632457581951780687e-03 3.018029587062984742e-01 1.579571198853806091e-01 7.702538685039132284e-03 5.250174884530040822e-04 2.290140324724998164e-03 1.900625767798568358e-02 5.275788430121546675e-04
0.000000000000000000e+00 2.110139522177564885e-04 2.948291899282263367e-04 2.951387212022420048e+00 5.094401417591938319e+00 3.527222005882449274e+00 6.795399665219363783e-01 3.638968228931507842e-02 3.638968228931507842e-02 7.135859245665948994e-03
0.000000000000000000e+00 2.110139522177564885e-04 2.948291899282263367e-04 2.951387212022420048e+00 5.094401417591938319e+00 3.671280848204903524e+00 3.439770147926992094e-01 3.630471088030798321e-02 3.630471088030798321e-02 1.749111086990766950e-01
0.000000000000000000e+00 2.110139522177564885e-04 2.948291899282263367e-04 5.159950840977832520e+00 8.280790771800853989e+00 2.204888194980538429e+01 3.513528364806497439e+00 9.548101236227267696e-01 1.576083537479611163e-01 2.262912820916009732e-02
0.000000000000000000e+00 2.110139522177564885e-04 2.948291899282263367e-04 3.266769621116914508e-03 6.906396581955943914e-02 1.311177962993517222e-02 3.710375051723757245e-04 1.029759522174994533e-03 1.033276737316281800e-02 2.868212366135504594e-04
0.000000000000000000e+00 2.110139522177564885e-04 2.948291899282263367e-04 2.909481019479997599e+00 5.199455341404331854e+00 1.696727941757709601e+01 3.405450586066758878e-01 3.297756135229712449e-02 1.684679579554077822e-01 6.094659502133684993e-03
0.000000000000000000e+00 2.110139522177564885e-04 2.948291899282263367e-04 2.951387212022420048e+00 5.094401417591938319e+00 1.134083713855466691e+01 9.226285308542423250e-03 4.191868184095688676e-02 4.191868184095688676e-02 1.885456283231649321e-01
0.000000000000000000e+00 2.110139522177564885e-04 2.948291899282263367e-04 2.909481019479997599e+00 5.199455341404331854e+00 1.170383341462063242e+01 1.898172248438045051e-01 4.212905546633315124e-02 4.212905546633315124e-02 7.979035773522463737e-03
0.000000000000000000e+00 2.110139522177564885e-04 2.948291899282263367e-04 2.951194656336171729e+00 5.094401417591938319e+00 3.671280848204903524e+00 3.439770147926992094e-01 3.630471088030798321e-02 3.630471088030798321e-02 7.126422437151037903e-03
0.000000000000000000e+00 2.110139522177564885e-04 2.948291899282263367e-04 2.951387212022420048e+00 4.989314755571021109e+00 1.714877945305418905e+01 9.553862676307580681e-01 3.316935579616556856e-02 3.316935579616556856e-02 6.103734445217627938e-03
0.000000000000000000e+00 2.110139522177564885e-04 2.948291899282263367e-04 1.156217516699837994e-01 7.868525762390074507e-02 5.546413822141509423e-03 3.576423901116470086e-04 1.510241963192741335e-03 1.383571141688996232e-02 3.597881882562314502e-04
0.000000000000000000e+00 2.110139522177564885e-04 2.948291899282263367e-04 5.159950840977832520e+00 5.502583207449808889e+00 5.785897171134755546e+00 3.722104246613747169e-01 4.107459340120230701e-02 4.040708694671662493e-01 7.915268275824331734e-03
0.000000000000000000e+00 2.110139522177564885e-04 2.948291899282263367e-04 2.951387212022420048e+00 5.094401417591938319e+00 1.297432038085150019e+01 1.898332482901045337e-01 4.259993542290963636e-02 4.259993542290963636e-02 8.019609731100862601e-03
0.000000000000000000e+00 2.110139522177564885e-04 2.948291899282263367e-04 2.909481019479997599e+00 5.199455341404331854e+00 1.950825335003884220e+01 4.053782618104738056e+00 1.262760671151470726e+00 4.347879788851489735e-01 1.123403247872669930e-01
0.000000000000000000e+00 2.110139522177564885e-04 9.632457581951780687e-03 2.122631687543164780e+00 2.575979077789295690e+00 2.047456031994190351e+00 9.946357433807568871e-01 2.528045539398942471e-02 1.489840403538243430e-01 5.089239682230772485e-03
0.000000000000000000e+00 2.110139522177564885e-04 2.948291899282263367e-04 1.234193880780603436e+00 8.153483965656412868e-01 2.392460449911862699e-02 2.019768599765296435e-01 8.570006208826714406e-03 8.570006208826714406e-03 1.834209324272339505e-03
0.000000000000000000e+00 2.110139522177564885e-04 2.948291899282263367e-04 2.951387212022420048e+00 5.094401417591938319e+00 3.671280848204903524e+00 3.439770147926992094e-01 3.630471088030798321e-02 3.630471088030798321e-02 7.126422437151037903e-03
0.000000000000000000e+00 2.110139522177564885e-04 2.948291899282263367e-04 5.159950840977832520e+00 5.502583207449808889e+00 3.185003012607585404e+01 2.094384354925448832e+00 5.407838579360856046e-03 2.714563176316988832e-02 1.092801686515678522e-03
0.000000000000000000e+00 2.110139522177564885e-04 2.948291899282263367e-04 2.227964007577586170e+00 3.753322520461082945e+00 5.832120406042140104e+00 2.692975136225675303e+00 4.066947998189569119e-02 4.066947998189569119e-02 1.893567553439337581e-01
0.000000000000000000e+00 2.110139522177564885e-04 2.948291899282263367e-04 2.951387212022420048e+00 5.093411743046435625e+00 1.642278500347815395e+01 2.716761341301126453e+00 2.620850658828039137e+00 1.511417385274555159e+00 4.029323004598972524e-01
0.000000000000000000e+00 2.110139522177564885e-04 9.632457581951780687e-03 2.909534224587830842e+00 4.778645523400278705e+00 1.791797847341854766e+00 4.381528009717342020e-01 1.742365032822024984e-01 3.025705829927005652e-02 6.014180024454860059e-03
0.000000000000000000e+00 2.110139522177564885e-04 2.948291899282263367e-04 1.670127029317528988e+00 1.759336576251913309e+00 2.528420276082555818e-01 2.206167444416386181e-01 1.630175356933730516e-02 1.046656733824328223e-01 3.410571023223475922e-03
0.000000000000000000e+00 2.110139522177564885e-04 2.948291899282263367e-04 1.948406121195161989e-01 3.417337594931805222e-01 1.287115456462694651e-01 2.478746200600240313e-02 3.530908430017918979e-03 3.530908430017918979e-03 7.925673733224438029e-04
0.000000000000000000e+00 2.110139522177564885e-04 2.948291899282263367e-04 2.951387212022420048e+00 4.884228093550104788e+00 1.823776919676009101e+01 5.489138784778878621e-01 3.324321843920186731e-02 1.687336150423061343e-01 6.109837853911007782e-03
0.000000000000000000e+00 2.110139522177564885e-04 2.948291899282263367e-04 3.874618850990418029e+00 6.368266611349508999e+00 5.114781816358653366e+00 1.906832366591260097e-01 4.050325763586049704e-02 4.050325763586049704e-02 1.893395970833326170e-01
0.000000000000000000e+00 2.110139522177564885e-04 2.948291899282263367e-04 2.867574826937576038e+00 5.304508378018916837e+00 1.914525707397287846e+01 5.610884380032814533e+00 2.088721858018319111e+00 1.060399817914843501e+00 4.437172094134314571e-02
0.000000000000000000e+00 2.110139522177564885e-04 1.893546543293971388e-02 1.186257690585580615e+00 1.324625041867976138e+00 9.788398084906213548e-01 1.480098259475180478e-01 1.630175356933730516e-02 1.630175356933730516e-02 3.402216636359461661e-03
0.000000000000000000e+00 2.110139522177564885e-04 2.948291899282263367e-04 1.551594604536967381e+01 2.662837098759539778e+00 4.636963244622490521e+01 4.443297015517644333e-02 6.642552693555035803e-03 6.642552693555035803e-03 1.092801686515678522e-03
0.000000000000000000e+00 2.110139522177564885e-04 2.948291899282263367e-04 2.054134415160812355e-01 1.784251421261815254e-02 1.791140716747203002e-02 3.619158537072368273e-04 1.528129994441628252e-03 1.535352010195604588e-03 3.619158537072368273e-04
0.000000000000000000e+00 2.110139522177564885e-04 2.948291899282263367e-04 5.159950840977832520e+00 5.502583207449808889e+00 5.785897171134755546e+00 1.824195528925230514e+00 4.169202458561531432e-02 4.169202458561531432e-02 7.959691796935560587e-03
0.000000000000000000e+00 2.110139522177564885e-04 9.632457581951780687e-03 3.824641088247198617e+00 4.358999886596310880e+00 1.968891553789764970e+01 2.808101560135412900e+00 1.760696184969082978e+00 5.930390782156470530e-01 1.278432889859076969e-03
0.000000000000000000e+00 2.110139522177564885e-04 9.632457581951780687e-03 1.948540356374741656e-01 3.025429017342470134e-02 1.792226093353253141e-02 3.640255868294906254e-04 1.547811838977159078e-03 1.390175001461882789e-02 4.223864839361130431e-04
0.000000000000000000e+00 2.110139522177564885e-04 1.893546543293971388e-02 2.825774059626874557e+00 5.199455341404331854e+00 1.968891553789764970e+01 3.949975146749207244e+00 1.166566347302766316e+00 1.289660028889945576e+00 4.000455532577583129e-01
0.000000000000000000e+00 2.110139522177564885e-04 2.948291899282263367e-04 5.159950840977832520e+00 3.413425245670556496e+00 2.495319749102827345e+01 4.801785341981272381e+00 1.440293718829587677e+00 2.715031796724094032e-02 8.901172712619649869e-04
0.000000000000000000e+00 2.110139522177564885e-04 2.948291899282263367e-04 2.951387212022420048e+00 7.481357437212140304e+00 1.551519770310751234e+01 2.581270199921021025e+00 1.296376264455598171e-01 1.296611419424567868e-01 4.697690794515634732e-03
0.000000000000000000e+00 2.110139522177564885e-04 3.025061749050248915e-04 1.156217516699837994e-01 4.675451847945363837e-03 1.524828124451041780e-02 2.947252779117725554e-04 1.226709010359095615e-03 1.226709010359095615e-03 2.947252779117725554e-04
0.000000000000000000e+00 2.110139522177564885e-04 2.948291899282263367e-04 3.566820820504548045e-03 1.155790050744989889e-01 1.490918770541225895e-02 2.947252779117725554e-04 1.226709010359095615e-03 1.179953840692415067e-02 2.966586583774235338e-04
0.000000000000000000e+00 2.110139522177564885e-04 2.948291899282263367e-04 2.951387212022420048e+00 5.094401417591938319e+00 3.671280848204903524e+00 8.407642268855809037e-03 2.039177432813663038e-01 3.621916950874060764e-02 7.116878447863728835e-03
0.000000000000000000e+00 2.110139522177564885e-04 2.948291899282263367e-04 1.670127029317528988e+00 4.371660116112004779e+00 2.223068158223603774e+01 1.770032953933605491e+00 8.217522779771940789e-01 6.389627631871839242e-01 2.821107977293293816e-03
0.000000000000000000e+00 2.110139522177564885e-04 2.948291899282263367e-04 3.141412120255282492e-01 2.081054719451630730e-01 2.912949801325318694e-02 6.375079494680861237e-04 2.802896015666823341e-03 2.271676539462171365e-02 6.404604285614940492e-04
0.000000000000000000e+00 2.110139522177564885e-04 2.948291899282263367e-04 1.210195598922230609e+00 1.374405153999085361e+00 5.062759725173441305e-01 2.746045194578721534e-03 1.303371722198753968e-02 1.296425574940284452e-02 2.746045194578721534e-03
0.000000000000000000e+00 2.110139522177564885e-04 2.948291899282263367e-04 5.159950840977832520e+00 2.259325171932841769e+01 2.553519269391288304e+01 2.269517697136740758e-02 2.714563176316988832e-02 6.642552693555035803e-03 1.092801686515678522e-03
0.000000000000000000e+00 2.110139522177564885e-04 2.948291899282263367e-04 5.159950840977832520e+00 5.255176037530142175e+00 3.185005542809140522e+01 2.138924158645572948e+00 2.714563176316988832e-02 6.642552693555035803e-03 1.092801686515678522e-03
0.000000000000000000e+00 2.110139522177564885e-04 2.948291899282263367e-04 1.670127029317528988e+00 4.371660116112004779e+00 2.132319089207111773e+01 1.873843551114953820e+00 7.415257887717880969e-01 9.018638443324565879e-01 1.274617768631567394e-01
0.000000000000000000e+00 2.110139522177564885e-04 2.948291899282263367e-04 3.141412120255282492e-01 9.198771110592798839e-02 7.667318389560481319e-03 1.723332253688951779e-02 2.258327171501667546e-03 2.258327171501667546e-03 5.198308652891495650e-04
0.000000000000000000e+00 2.110139522177564885e-04 2.948291899282263367e-04 2.867574826937576038e+00 3.400019694003915127e+00 2.905098366596411630e+00 1.500351163268195676e-01 3.001735647369310409e-02 3.001735647369310409e-02 5.985897441286278792e-03
0.000000000000000000e+00 2.110139522177564885e-04 2.948291899282263367e-04 2.951387212022420048e+00 5.094401417591938319e+00 1.642278500347815395e+01 1.361857375270052017e+00 3.316935579616556856e-02 3.316935579616556856e-02 6.103734445217627938e-03
0.000000000000000000e+00 2.110139522177564885e-04 2.948291899282263367e-04 5.100248830484790830e+00 8.712940252819466380e+00 4.988006270810162235e+00 1.907450033914919185e-01 4.161690078064682330e-02 4.161690078064682330e-02 7.952548987654827969e-03
0.000000000000000000e+00 2.110139522177564885e-04 2.948291899282263367e-04 2.951387212022420048e+00 4.778151756983684884e+00 1.915501432301689677e+00 5.822212667311156276e-01 3.033595383014404609e-02 3.033595383014404609e-02 1.500822554325604019e-01
0.000000000000000000e+00 2.110139522177564885e-04 2.948291899282263367e-04 3.824577554616292563e+00 4.464059763974759676e+00 1.968975148807182762e+01 1.354807904445136657e+00 2.264566653209842517e+00 6.856145153583942387e-01 1.840480349953753925e-01
0.000000000000000000e+00 2.110139522177564885e-04 9.632457581951780687e-03 1.641082065172937199e+00 1.759618915675734918e+00 7.611397849301064777e-01 2.685269585540310255e-01 1.672607369190438203e-02 1.050899935049999095e-01 3.467036579611369046e-03
0.000000000000000000e+00 2.110139522177564885e-04 2.948291899282263367e-04 6.423740913248149331e-01 5.369508701042496890e-01 1.661204368262268055e-02 3.633763872136240580e-02 5.534214199823996733e-03 4.065985299598381952e-02 1.220951326207006787e-03
0.000000000000000000e+00 2.110139522177564885e-04 2.948291899282263367e-04 1.670127029317528988e+00 1.699916905182693450e+00 1.898217379546397909e+00 1.092641359830290454e-01 2.044433524311303069e-02 2.044433524311303069e-02 4.186240331575035584e-03
0.000000000000000000e+00 2.110139522177564885e-04 2.948291899282263367e-04 2.054134415160812355e-01 1.774303428243416692e-01 7.667318389560481319e-03 1.723332253688951779e-02 2.258327171501667546e-03 2.247408056054178010e-03 5.198308652891495650e-04
0.000000000000000000e+00 2.110139522177564885e-04 9.632457581951780687e-03 1.641082065172937199e+00 2.793703311563940694e+00 1.837270132917085741e+00 4.228877860063129900e-03 2.077719962296335071e-02 2.077719962296335071e-02 1.286816415617414999e-01
0.000000000000000000e+00 2.110139522177564885e-04 9.632457581951780687e-03 1.641082065172937199e+00 2.793703311563940694e+00 1.732183470896168531e+00 2.143938322733759672e-01 2.453504777888198748e-02 1.482386327387168745e-01 4.997485878142786213e-03
0.000000000000000000e+00 2.110139522177564885e-04 2.948291899282263367e-04 1.156217516699837994e-01 1.519905326141175739e-02 1.525903760497997717e-02 2.966586583774235338e-04 1.181064461423495318e-02 1.248864901831533850e-03 2.985754010969273527e-04
0.000000000000000000e+00 2.110139522177564885e-04 2.948291899282263367e-04 3.566820820504548045e-03 1.155790050744989889e-01 2.582111064107547524e-02 2.966586583774235338e-04 1.237815217669897697e-03 1.237815217669897697e-03 2.966586583774235338e-04
0.000000000000000000e+00 2.110139522177564885e-04 1.893546543293971388e-02 2.825774059626874557e+00 5.198959312343739647e+00 1.914525707397287846e+01 5.507077690340649312e+00 1.833355037839072610e+00 1.078003159633892594e+00 5.352546596487293279e-02
0.000000000000000000e+00 2.110139522177564885e-04 2.948291899282263367e-04 3.874618850990418029e+00 6.491970196309341468e+00 1.787468659574032870e+01 8.357736256150086751e-01 2.585445225029630451e-02 2.585445225029630451e-02 1.085036189839519299e-01
0.000000000000000000e+00 2.110139522177564885e-04 9.632457581951780687e-03 1.641082065172937199e+00 1.759618915675734918e+00 4.706839236033345530e-01 9.176613644945498527e-02 1.636338571531073191e-02 1.047273055284062421e-01 3.418852622550809517e-03
0.000000000000000000e+00 2.110139522177564885e-04 2.948291899282263367e-04 6.423740913248149331e-01 5.658954293782788580e-01 5.175275100239359188e-02 3.634659012236683001e-02 5.593074593208297550e-03 4.071871338936812468e-02 1.229757060097665285e-03
0.000000000000000000e+00 2.110139522177564885e-04 2.948291899282263367e-04 2.054134415160812355e-01 1.784251421261815254e-02 5.557468991830506917e-03 3.597881882562314502e-04 1.522828839827171724e-03 1.522828839827171724e-03 3.597881882562314502e-04
0.000000000000000000e+00 2.110139522177564885e-04 2.948291899282263367e-04 2.951387212022420048e+00 5.094401417591938319e+00 1.696727941757709601e+01 8.519917370676857379e-03 2.058322225796733740e-01 4.035797302738291376e-02 7.461558608892972580e-03
0.000000000000000000e+00 2.110139522177564885e-04 2.948291899282263367e-04 5.100248830484790830e+00 5.502559983045347991e+00 1.152225176458596501e+01 9.253183776439978178e-03 4.272936499404612898e-02 2.233148364597344337e-01 8.035530461073863914e-03
0.000000000000000000e+00 2.110139522177564885e-04 2.948291899282263367e-04 5.159950840977832520e+00 5.502583207449808889e+00 5.785897171134755546e+00 3.722104246613747169e-01 4.107459340120230701e-02 4.040708694671662493e-01 1.894134063088020181e-01
0.000000000000000000e+00 2.110139522177564885e-04 2.948291899282263367e-04 2.951387212022420048e+00 5.094401417591938319e+00 1.769327196970901994e+01 2.779334576681909974e-01 3.313181380476477866e-02 3.313181380476477866e-02 1.415919631157229741e-01
0.000000000000000000e+00 2.110139522177564885e-04 2.948291899282263367e-04 1.156217516699837994e-01 1.660067581693171201e-01 3.497721234536085161e-02 4.318402700316267915e-04 1.856488264156435112e-03 1.610024442896163671e-02 4.341546898963248189e-04
0.000000000000000000e+00 2.110139522177564885e-04 2.948291899282263367e-04 1.641045142110952204e+00 2.938900091612317134e+00 2.257629356036024326e+00 2.524331179060874120e-01 2.498763865505183174e-02 2.498763865505183174e-02 5.044473414364037712e-03
0.000000000000000000e+00 2.110139522177564885e-04 2.948291899282263367e-04 3.724494961868042076e+00 4.674177037862369488e+00 3.094263604611667517e+01 3.022150086778696565e+00 1.141196906596615018e-01 5.407838579360856046e-03 2.262791045507099585e-02
0.000000000000000000e+00 2.110139522177564885e-04 2.948291899282263367e-04 1.186197317063857115e+00 1.374380140251194593e+00 6.256647765674719919e-01 3.658231657890496091e-01 1.334520767287350126e-02 8.595917300456649979e-02 3.402216636359461661e-03
0.000000000000000000e+00 2.110139522177564885e-04 2.948291899282263367e-04 5.159950840977832520e+00 8.424173529864171783e+00 1.478893147745681169e+01 1.354808686108501803e+00 2.592317036245956816e-02 3.373432394389507261e-01 4.700771720122749048e-03
0.000000000000000000e+00 2.110139522177564885e-04 2.948291899282263367e-04 1.670127029317528988e+00 2.866317276895633093e+00 2.152542694015107116e+00 1.287201358820264929e-01 2.483856564570122508e-02 2.470053422169941199e-02 5.025947986417602341e-03
0.000000000000000000e+00 2.110139522177564885e-04 2.948291899282263367e-04 2.909481019479997599e+00 5.199455341404331854e+00 1.624128686544517564e+01 2.310289989036160119e+00 4.177846506377428604e+00 1.070372023454062127e+00 1.643413638838747996e-03
0.000000000000000000e+00 2.110139522177564885e-04 2.948291899282263367e-04 1.156217516699837994e-01 7.868525762390074507e-02 5.546413822141509423e-03 3.576423901116470086e-04 1.510241963192741335e-03 1.386418013883440950e-02 3.597881882562314502e-04
0.000000000000000000e+00 2.110139522177564885e-04 2.948291899282263367e-04 1.948406121195161989e-01 1.916032965032956059e-01 7.667318389560481319e-03 5.172051836286385186e-04 2.242299564634642542e-03 3.567453427115620940e-02 5.224348973519079556e-04
0.000000000000000000e+00 2.110139522177564885e-04 2.948291899282263367e-04 2.054134415160812355e-01 5.490432873954302628e-02 6.052232052965371076e-03 4.223864839361130431e-04 1.799998389042816328e-03 1.605262307918460529e-02 4.247797594009869926e-04
0.000000000000000000e+00 2.110139522177564885e-04 2.948291899282263367e-04 2.054134415160812355e-01 7.961220509082636565e-02 2.072458765521906568e-02 4.295064437089658000e-04 1.824872109017326802e-03 1.842472806916435526e-03 4.295064437089658000e-04
0.000000000000000000e+00 2.110139522177564885e-04 2.948291899282263367e-04 3.266769621116914508e-03 5.050069671306837288e-02 4.042573643504542881e-03 9.548177038003972938e-03 1.009552332408318251e-03 1.009552332408318251e-03 2.469943230828653660e-04
0.000000000000000000e+00 2.110139522177564885e-04 2.948291899282263367e-04 1.641045142110952204e+00 2.938556666721561683e+00 2.257629356036024326e+00 1.287295329462525006e-01 2.491332508057146969e-02 1.509356344598587141e+00 5.985897441286278792e-03
0.000000000000000000e+00 2.110139522177564885e-04 2.948291899282263367e-04 2.227964007577586170e+00 3.841686440274178604e+00 5.399952160707002236e+00 2.691662207017453401e+00 4.050325763586049704e-02 2.220013956688381973e-01 7.850092750428557323e-03
0.000000000000000000e+00 2.110139522177564885e-04 2.948291899282263367e-04 5.040546819991748251e+00 5.007721531964168804e+00 3.021661191994475004e+01 3.107640395338152839e+00 2.714563176316988832e-02 6.642552693555035803e-03 1.092801686515678522e-03
0.000000000000000000e+00 2.110139522177564885e-04 2.948291899282263367e-04 3.566820820504548045e-03 1.155790050744989889e-01 1.524828124451041780e-02 2.947252779117725554e-04 1.226709010359095615e-03 1.179953840692415067e-02 2.966586583774235338e-04
0.000000000000000000e+00 2.110139522177564885e-04 2.948291899282263367e-04 1.641045142110952204e+00 2.866286126280623847e+00 2.467790105042576787e+00 2.524424252574274941e-01 2.506150742842171847e-02 1.487650923882566090e-01 5.062643472219879003e-03
0.000000000000000000e+00 2.110139522177564885e-04 2.948291899282263367e-04 1.641045142110952204e+00 2.938900091612317134e+00 2.362716018056941536e+00 2.524424252574274941e-01 2.506150742842171847e-02 2.506150742842171847e-02 5.053602649620704372e-03
0.000000000000000000e+00 2.110139522177564885e-04 2.948291899282263367e-04 2.054134415160812355e-01 3.250328235504532648e-01 2.914219875149501662e-02 6.404604285614940492e-04 2.793546952326979478e-03 2.821325455292661172e-03 6.404604285614940492e-04
0.000000000000000000e+00 2.110139522177564885e-04 2.948291899282263367e-04 2.951387212022420048e+00 3.134983737546938265e+00 3.152498425063705589e+00 1.447728006389701338e+00 3.587128115569905573e-02 3.587128115569905573e-02 7.077621595838734340e-03
0.000000000000000000e+00 2.110139522177564885e-04 2.948291899282263367e-04 1.151647539074514143e-01 4.691754145110692276e-02 4.717320389921356161e-03 3.004757041738715826e-04 1.259858412751593956e-03 1.381920381153185252e-02 3.532955704160820423e-04
0.000000000000000000e+00 2.110139522177564885e-04 2.948291899282263367e-04 2.054134415160812355e-01 1.346057418338729439e-01 6.505583883898657070e-03 1.468677938003811086e-02 2.210000253932856672e-03 2.210000253932856672e-03 5.118880151038018378e-04
0.000000000000000000e+00 2.110139522177564885e-04 2.948291899282263367e-04 1.641045142110952204e+00 2.938556666721561683e+00 3.961796786356632238e-01 1.801948762058024345e-01 2.010173982795567665e-02 1.251884018488728378e-01 4.150689579829547164e-03
0.000000000000000000e+00 2.110139522177564885e-04 2.948291899282263367e-04 1.156217516699837994e-01 4.691754145110692276e-02 4.377020076773509120e-03 3.004757041738715826e-04 1.259858412751593956e-03 1.259858412751593956e-03 1.270503229940123623e-02
0.000000000000000000e+00 2.110139522177564885e-04 2.948291899282263367e-04 1.234193880780603436e+00 8.157420904155407992e-01 2.392460449911862699e-02 5.185297085415507823e-02 8.453375084089446295e-03 5.849467145821468650e-02 1.823035820227693685e-03
0.000000000000000000e+00 2.110139522177564885e-04 2.948291899282263367e-04 3.724494961868042076e+00 4.674177037862369488e+00 6.624909913074400691e+00 9.179872774214559161e-03 4.033463518377265744e-02 2.218327732167503785e-01 7.832715785486679683e-03
0.000000000000000000e+00 2.110139522177564885e-04 2.948291899282263367e-04 2.909481019479997599e+00 4.989282017362497434e+00 7.128266572274103652e+00 9.185098626139785033e-03 4.041924698373509928e-02 4.041924698373509928e-02 7.832715785486679683e-03
0.000000000000000000e+00 2.110139522177564885e-04 2.948291899282263367e-04 5.159950840977832520e+00 8.136731929478399294e+00 2.259340050742772732e+01 3.513525964803484225e+00 9.372101882608634416e-01 1.576040495183619605e-01 2.262791045507099585e-02
0.000000000000000000e+00 2.110139522177564885e-04 3.025061749050248915e-04 1.156217516699837994e-01 4.675451847945363837e-03 1.524828124451041780e-02 2.947252779117725554e-04 1.226709010359095615e-03 1.226709010359095615e-03 2.947252779117725554e-04
0.000000000000000000e+00 2.110139522177564885e-04 2.948291899282263367e-04 3.874618850990418029e+00 6.615673781269175713e+00 1.206673308048086035e+01 6.725621489890710736e-01 3.973644434216621474e-02 2.057490149601696183e-01 7.422227626374231120e-03
0.000000000000000000e+00 2.110139522177564885e-04 2.948291899282263367e-04 2.909481019479997599e+00 5.199455341404331854e+00 1.660428314151113938e+01 1.745325034163692501e-01 4.025945236986503556e-02 2.062720229878605982e-01 7.458405486400229538e-03
0.000000000000000000e+00 2.110139522177564885e-04 2.948291899282263367e-04 1.670127029317528988e+00 2.866317276895633093e+00 2.257629356036024326e+00 5.025947986417602341e-03 1.485421506055361329e-01 1.385652759638752674e+00 5.976274004362237303e-03
0.000000000000000000e+00 2.110139522177564885e-04 2.948291899282263367e-04 1.210195598922230609e+00 1.374405153999085361e+00 8.336118778272355589e-01 2.767740385269020550e-03 1.319073782829451556e-02 8.580470315998750541e-02 2.774848446559634654e-03
0.000000000000000000e+00 2.110139522177564885e-04 2.948291899282263367e-04 2.867574826937576038e+00 5.199421715997999627e+00 1.605979062485630493e+01 2.716760649871371669e+00 4.177873094017522604e+00 1.070378755390238412e+00 1.642865061566140938e-03
0.000000000000000000e+00 2.110139522177564885e-04 2.948291899282263367e-04 2.909481019479997599e+00 5.199455341404331854e+00 1.624128686544517564e+01 2.310289989036160119e+00 4.177846506377428604e+00 1.070372023454062127e+00 1.643413638838747996e-03
0.000000000000000000e+00 2.110139522177564885e-04 2.948291899282263367e-04 3.017872738498865726e-01 4.072102911193909991e-01 3.520512804147125918e-02 7.925673733224438029e-04 3.530908430017918979e-03 2.752919028839134405e-02 7.959269864937089552e-04
0.000000000000000000e+00 2.110139522177564885e-04 2.948291899282263367e-04 1.210195598922230609e+00 1.324600545335639090e+00 8.335933698733020147e-01 7.537453606791999494e-02 1.319073782829451556e-02 1.319073782829451556e-02 2.767740385269020550e-03
0.000000000000000000e+00 2.110139522177564885e-04 2.948291899282263367e-04 3.874618850990418029e+00 6.491970196309341468e+00 1.733019218164138664e+01 9.553797394354782702e-01 2.575855632264922521e-02 1.295652460148146168e-01 4.694351691822226495e-03
0.000000000000000000e+00 2.110139522177564885e-04 2.948291899282263367e-04 2.951387212022420048e+00 5.094401417591938319e+00 1.134083713855466691e+01 1.898117567742222678e-01 4.198938039493007451e-02 4.198938039493007451e-02 7.966550206084676428e-03
0.000000000000000000e+00 2.110139522177564885e-04 2.948291899282263367e-04 1.670127029317528988e+00 2.793703311563940694e+00 2.257616781000741923e+00 1.287201358820264929e-01 2.483856564570122508e-02 2.483856564570122508e-02 5.025947986417602341e-03
0.000000000000000000e+00 2.110139522177564885e-04 2.948291899282263367e-04 1.670127029317528988e+00 2.866317276895633093e+00 2.257629356036024326e+00 1.287295329462525006e-01 2.491332508057146969e-02 1.385652759638752674e+00 5.976274004362237303e-03
0.000000000000000000e+00 2.110139522177564885e-04 2.948291899282263367e-04 3.266769621116914508e-03 4.115494226659564825e-02 2.234184781751512652e-02 3.403794831357770737e-04 1.009552332408318251e-03 1.031256018339625144e-02 2.488032508368130950e-04
0.000000000000000000e+00 2.110139522177564885e-04 2.948291899282263367e-04 2.951387212022420048e+00 3.223347657360033924e+00 2.905098366596411630e+00 1.446564697228935437e+00 5.391369312450557949e-01 2.038310585100189809e-01 7.107226826706938491e-03
0.000000000000000000e+00 2.110139522177564885e-04 2.948291899282263367e-04 2.909481019479997599e+00 4.989282017362497434e+00 7.128266572274103652e+00 9.185098626139785033e-03 4.041924698373509928e-02 4.041924698373509928e-02 7.832715785486679683e-03
0.000000000000000000e+00 2.110139522177564885e-04 2.948291899282263367e-04 5.159950840977832520e+00 5.502583207449808889e+00 5.785897171134755546e+00 1.907122866283884333e-01 2.224928978160711501e-01 2.225727314341799934e-01 1.894056341258860132e-01
0.000000000000000000e+00 2.110139522177564885e-04 2.948291899282263367e-04 2.951387212022420048e+00 5.094401417591938319e+00 5.114847736717109683e+00 8.438114777248506906e-03 3.655791979534610270e-02 2.043426060572638148e-01 7.163531034018274200e-03
0.000000000000000000e+00 2.110139522177564885e-04 2.948291899282263367e-04 1.156217516699837994e-01 6.806320024423702375e-02 5.136891523259935581e-03 3.554782541688216780e-04 1.385152918442896300e-02 1.510241963192741335e-03 3.576423901116470086e-04
0.000000000000000000e+00 2.110139522177564885e-04 2.948291899282263367e-04 4.479375711295799367e-01 2.879282287943087937e-01 1.122016014317617043e-02 2.479084923169587451e-02 2.755062488922058878e-02 3.573668886752216691e-03 7.992592202041653125e-04
0.000000000000000000e+00 2.110139522177564885e-04 9.632457581951780687e-03 2.825721839502986832e+00 3.400019694003915127e+00 3.028801951556246319e+00 5.985897441286278792e-03 3.001735647369310409e-02 1.740761987961504109e-01 5.995422627943444889e-03
0.000000000000000000e+00 2.110139522177564885e-04 9.632457581951780687e-03 2.825721839502986832e+00 3.400019694003915127e+00 2.781394781636579605e+00 7.125928907595144128e-03 2.985503151742381622e-02 1.739138738398777473e-01 5.976274004362237303e-03
0.000000000000000000e+00 2.110139522177564885e-04 9.632457581951780687e-03 5.922469624488237994e-01 9.646246508022646715e-01 2.294672426481627336e-01 5.184141911699053501e-02 8.374591539619388042e-03 1.084571842878698650e-01 1.817378787922046320e-03
0.000000000000000000e+00 2.110139522177564885e-04 2.948291899282263367e-04 1.234193880780603436e+00 8.157420904155407992e-01 2.392460449911862699e-02 1.811674480029838025e-03 8.414086724965760475e-03 5.845538309909099894e-02 1.817378787922046320e-03
0.000000000000000000e+00 2.110139522177564885e-04 2.948291899282263367e-04 2.951387212022420048e+00 3.222930664515319954e+00 3.028801951556246319e+00 1.590633162988316585e+00 3.595911402116371697e-02 3.595911402116371697e-02 7.087598862722926593e-03
0.000000000000000000e+00 2.110139522177564885e-04 2.948291899282263367e-04 2.951387212022420048e+00 4.778645523400278705e+00 1.915501432301689677e+00 4.381624244086582132e-01 1.743159006217273599e-01 3.033595383014404609e-02 6.023413110103104616e-03
0.000000000000000000e+00 2.110139522177564885e-04 2.948291899282263367e-04 1.670127029317528988e+00 2.865973874973924751e+00 2.047456031994190351e+00 1.287106486619125634e-01 2.476335928159225860e-02 2.476335928159225860e-02 5.016550922191595485e-03
0.000000000000000000e+00 2.110139522177564885e-04 2.948291899282263367e-04 1.156217516699837994e-01 6.806320024423702375e-02 1.788909194892235668e-02 3.576423901116470086e-04 1.503176364737761860e-03 1.510241963192741335e-03 3.576423901116470086e-04
0.000000000000000000e+00 2.110139522177564885e-04 2.948291899282263367e-04 1.641045142110952204e+00 2.938556666721561683e+00 2.257629356036024326e+00 1.287295329462525006e-01 2.491332508057146969e-02 1.509356344598587141e+00 5.985897441286278792e-03
0.000000000000000000e+00 2.110139522177564885e-04 9.632457581951780687e-03 2.867628032045408837e+00 4.989282017362497434e+00 4.247518450193260797e+00 6.795589010826155185e-01 3.664118815806349794e-02 2.044258744199891342e-01 7.172543546132010249e-03
0.000000000000000000e+00 2.110139522177564885e-04 9.632457581951780687e-03 1.641082065172937199e+00 2.866317276895633093e+00 1.732196045931450712e+00 4.228877860063129900e-03 2.066242565772833176e-02 1.481616277728569353e-01 4.987816997439669005e-03
0.000000000000000000e+00 2.110139522177564885e-04 2.948291899282263367e-04 2.054134415160812355e-01 7.961220509082636565e-02 4.922983703550264101e-02 4.341546898963248189e-04 1.870433015797393029e-03 1.870433015797393029e-03 4.341546898963248189e-04
0.000000000000000000e+00 2.110139522177564885e-04 2.948291899282263367e-04 1.155790050744989889e-01 1.536528199936754435e-01 2.071295731016190370e-02 4.271530089748412098e-04 1.828386266163348293e-03 1.819695775028054184e-03 4.271530089748412098e-04
0.000000000000000000e+00 2.110139522177564885e-04 2.948291899282263367e-04 1.641045142110952204e+00 2.938900091612317134e+00 2.362716018056941536e+00 2.524424252574274941e-01 2.506150742842171847e-02 2.506150742842171847e-02 5.053602649620704372e-03
0.000000000000000000e+00 2.110139522177564885e-04 2.948291899282263367e-04 1.641045142110952204e+00 2.938900091612317134e+00 2.257629356036024326e+00 2.524331179060874120e-01 2.498763865505183174e-02 2.498763865505183174e-02 5.044473414364037712e-03
0.000000000000000000e+00 2.110139522177564885e-04 2.948291899282263367e-04 1.947920307930695316e-01 3.417337594931805222e-01 1.287115456462694651e-01 2.478746200600240313e-02 3.530908430017918979e-03 2.751162500547070511e-02 7.959269864937089552e-04
0.000000000000000000e+00 2.110139522177564885e-04 9.632457581951780687e-03 3.824641088247198617e+00 6.368266611349508999e+00 1.170376210643044601e+01 1.898386552421283402e-01 4.279323303398513412e-02 4.279323303398513412e-02 8.035530461073863914e-03
0.000000000000000000e+00 2.110139522177564885e-04 2.948291899282263367e-04 1.670127029317528988e+00 2.793359909642231909e+00 2.257616781000741923e+00 1.287201358820264929e-01 2.483856564570122508e-02 2.483856564570122508e-02 1.287295329462525006e-01
0.000000000000000000e+00 2.110139522177564885e-04 2.948291899282263367e-04 3.141412120255282492e-01 1.580356645607653709e-01 7.702538685039132284e-03 5.250174884530040822e-04 2.290140324724998164e-03 3.572237503124656849e-02 6.315296495871500519e-04
0.000000000000000000e+00 2.110139522177564885e-04 2.948291899282263367e-04 1.670127029317528988e+00 1.759336576251913309e+00 7.611397849301064777e-01 3.435199114746509061e-03 1.654624649422182375e-02 1.049101663073173374e-01 3.443264822745008107e-03
0.000000000000000000e+00 2.110139522177564885e-04 2.948291899282263367e-04 5.159950840977832520e+00 8.424849614123314012e+00 2.404533651713886044e+01 3.102671253494810433e+00 5.852184839637100122e-01 1.141196906596615018e-01 8.901172712619649869e-04
0.000000000000000000e+00 2.110139522177564885e-04 2.948291899282263367e-04 1.670127029317528988e+00 1.699634565758871174e+00 1.368033860667824841e+00 2.685587960188979273e-01 2.017104345865263978e-02 1.252577054795697975e-01 4.159699015367984871e-03
0.000000000000000000e+00 2.110139522177564885e-04 2.948291899282263367e-04 2.951387212022420048e+00 5.093905509463030334e+00 2.077874031626972240e+01 1.091219210513557775e-01 1.296138055586434357e-01 1.296376264455598171e-01 4.696929291791438962e-03
0.000000000000000000e+00 2.110139522177564885e-04 2.948291899282263367e-04 1.234193880780603436e+00 8.157420904155407992e-01 2.741310863697436484e-01 2.194894494101930129e-03 1.027038178125511125e-02 6.997239227429691288e-02 2.201421770093261576e-03
0.000000000000000000e+00 2.110139522177564885e-04 2.948291899282263367e-04 2.951387212022420048e+00 3.223347657360033924e+00 3.028801951556246319e+00 1.303669164067244202e+00 3.578287245928677557e-02 3.578287245928677557e-02 7.067534848839339412e-03
0.000000000000000000e+00 2.110139522177564885e-04 2.948291899282263367e-04 1.641045142110952204e+00 2.793672160948931449e+00 1.732170209912858860e+00 4.212060069341865692e-03 2.064521364322556909e-02 1.257318756641427338e-01 4.220508231554010760e-03
0.000000000000000000e+00 2.110139522177564885e-04 2.948291899282263367e-04 3.017872738498865726e-01 4.271241604983457840e-01 3.521844200154960330e-02 2.479420884486714313e-02 3.573668886752216691e-03 2.757195074512564653e-02 8.025643033361913115e-04
0.000000000000000000e+00 2.110139522177564885e-04 2.948291899282263367e-04 3.528566292015173668e-03 6.906396581955943914e-02 3.767077449170797097e-03 2.488032508368130950e-04 1.032268981518400137e-02 1.033276737316281800e-02 2.868212366135504594e-04
0.000000000000000000e+00 2.110139522177564885e-04 2.948291899282263367e-04 5.159950840977832520e+00 8.280790771800853989e+00 1.569644711865103659e+01 1.354805267875931252e+00 1.298172325979342068e-01 2.603162940365656361e-02 4.701667518679243304e-03
0.000000000000000000e+00 2.110139522177564885e-04 2.948291899282263367e-04 3.017872738498865726e-01 4.272176800019892862e-01 1.122016014317617043e-02 9.678569480681616100e-02 4.381980118300221778e-03 4.381980118300221778e-03 9.765457246796063577e-04
0.000000000000000000e+00 2.110139522177564885e-04 2.948291899282263367e-04 1.155790050744989889e-01 6.806320024423702375e-02 5.535153773280689603e-03 3.554782541688216780e-04 1.497591008787294399e-03 1.384454204888100476e-02 3.576423901116470086e-04
0.000000000000000000e+00 2.110139522177564885e-04 2.948291899282263367e-04 7.002050437320986198e+00 6.552300426756732854e+00 2.967185122099553141e+01 2.116654260912226082e+00 2.714563176316988832e-02 6.642552693555035803e-03 1.092801686515678522e-03
0.000000000000000000e+00 2.110139522177564885e-04 2.948291899282263367e-04 5.159950840977832520e+00 3.098165259607804423e+00 3.166863133683952114e+01 3.136138811307492613e+00 2.714563176316988832e-02 6.642552693555035803e-03 1.092801686515678522e-03
0.000000000000000000e+00 2.110139522177564885e-04 2.948291899282263367e-04 9.404432967544240185e+00 2.150468903010410671e+01 1.717579268712045604e+01 2.400867854528994649e-01 6.642552693555035803e-03 6.642552693555035803e-03 1.092801686515678522e-03
0.000000000000000000e+00 2.110139522177564885e-04 2.948291899282263367e-04 5.159950840977832520e+00 8.568908456445770483e+00 1.478890572459117969e+01 1.251001214752971435e+00 2.592317036245956816e-02 2.592317036245956816e-02 4.699068076901147598e-03
0.000000000000000000e+00 2.110139522177564885e-04 2.948291899282263367e-04 5.159950840977832520e+00 5.378879622489973755e+00 3.130554881018096225e+01 2.183463929262083436e+00 2.714563176316988832e-02 6.642552693555035803e-03 1.092801686515678522e-03
0.000000000000000000e+00 2.110139522177564885e-04 2.948291899282263367e-04 5.159950840977832520e+00 8.568908456445770483e+00 2.477130331640515948e+01 3.102665702863599329e+00 7.228806835114768292e-01 5.407838579360856046e-03 8.901172712619649869e-04
0.000000000000000000e+00 2.110139522177564885e-04 2.948291899282263367e-04 7.002050437320986198e+00 6.552300426756732854e+00 2.967185122099553141e+01 2.116654260912226082e+00 2.714563176316988832e-02 6.642552693555035803e-03 1.092801686515678522e-03
0.000000000000000000e+00 2.110139522177564885e-04 2.948291899282263367e-04 9.050977288291857548e+00 6.120208050443177505e+00 4.364713542470088470e+01 3.487831212790897806e-01 6.642552693555035803e-03 6.642552693555035803e-03 1.092801686515678522e-03
0.000000000000000000e+00 2.110139522177564885e-04 2.948291899282263367e-04 7.840972026603217071e-02 1.209315226951956923e-01 1.790035199778318084e-02 3.597881882562314502e-04 1.522828839827171724e-03 1.522828839827171724e-03 3.597881882562314502e-04
0.000000000000000000e+00 2.110139522177564885e-04 9.632457581951780687e-03 1.641082065172937199e+00 2.793703311563940694e+00 1.732183470896168531e+00 2.143938322733759672e-01 2.453504777888198748e-02 1.482386327387168745e-01 4.997485878142786213e-03
0.000000000000000000e+00 2.110139522177564885e-04 2.948291899282263367e-04 2.054134415160812355e-01 1.773636159042983329e-01 5.781567044934293048e-02 5.250174884530040822e-04 1.900625767798568358e-02 2.264753975974912598e-02 6.315296495871500519e-04
0.000000000000000000e+00 2.110139522177564885e-04 2.948291899282263367e-04 9.404432967544240185e+00 7.631577504637901299e+00 4.491742559169968985e+01 2.269517697136740758e-02 2.714563176316988832e-02 6.642552693555035803e-03 1.092801686515678522e-03
0.000000000000000000e+00 2.110139522177564885e-04 1.378212003925456397e-01 2.323219433650157484e+00 5.304508378018916837e+00 1.932675521200586388e+01 3.223329833359307450e+00 2.196955261277981020e+00 1.232715904023664599e+00 4.705507654297279019e-01
0.000000000000000000e+00 2.110139522177564885e-04 9.632457581951780687e-03 2.867628032045408837e+00 5.094368679383413756e+00 4.103458881213081000e+00 1.518482332392220080e+00 3.704907060444421335e-02 2.048337568663698427e-01 7.216039757364749521e-03
0.000000000000000000e+00 2.110139522177564885e-04 2.948291899282263367e-04 2.909481019479997599e+00 5.199455341404331854e+00 1.605978872741219021e+01 8.519335341829997743e-03 4.005634796601099251e-02 2.060689185840144377e-01 7.444953449375089904e-03
0.000000000000000000e+00 2.110139522177564885e-04 9.632457581951780687e-03 1.948540356374741656e-01 1.346057418338729439e-01 6.505583883898657070e-03 1.468677938003811086e-02 2.210000253932856672e-03 1.892611760719373551e-02 5.145576393881573420e-04
0.000000000000000000e+00 2.110139522177564885e-04 2.948291899282263367e-04 2.867574826937576038e+00 5.093838910224446792e+00 4.103459607870806991e+00 2.189614875022372065e+00 4.033463518377265744e-02 2.218327732167503785e-01 7.832715785486679683e-03
0.000000000000000000e+00 2.110139522177564885e-04 2.948291899282263367e-04 1.670127029317528988e+00 1.759618915675734918e+00 7.611397849301064777e-01 3.568908783671265184e-01 1.678534629648212664e-02 1.051492661095776437e-01 3.474820010320691342e-03
0.000000000000000000e+00 2.110139522177564885e-04 2.948291899282263367e-04 3.266769621116914508e-03 1.324591871363184521e-02 3.661716346544675090e-03 2.422376362837622968e-04 1.026111792098177017e-02 9.685056823984724032e-04 2.395942883845946436e-04
0.000000000000000000e+00 2.110139522177564885e-04 2.948291899282263367e-04 1.670127029317528988e+00 2.866317276895633093e+00 2.047456031994190351e+00 1.287106486619125634e-01 2.476335928159225860e-02 2.476335928159225860e-02 5.016550922191595485e-03
0.000000000000000000e+00 2.110139522177564885e-04 2.948291899282263367e-04 1.156217516699837994e-01 4.691754145110692276e-02 4.377020076773509120e-03 3.004757041738715826e-04 1.259858412751593956e-03 1.382603352092850492e-02 3.532955704160820423e-04
0.000000000000000000e+00 2.110139522177564885e-04 2.948291899282263367e-04 1.670127029317528988e+00 1.759336576251913309e+00 3.254559929399485907e-01 2.781895284132095830e-03 1.329399975293471536e-02 1.329399975293471536e-02 7.539586061582508048e-02
0.000000000000000000e+00 2.110139522177564885e-04 2.948291899282263367e-04 1.670127029317528988e+00 1.699634565758871174e+00 7.611261522120170708e-01 9.179098166277914472e-02 1.932740861204107763e-01 1.666646680139642969e-02 3.451259373660781060e-03
0.000000000000000000e+00 2.110139522177564885e-04 2.948291899282263367e-04 1.156217516699837994e-01 4.691754145110692276e-02 4.377020076773509120e-03 3.004757041738715826e-04 1.259858412751593956e-03 1.382603352092850492e-02 3.532955704160820423e-04
0.000000000000000000e+00 2.110139522177564885e-04 2.948291899282263367e-04 3.874618850990418029e+00 6.615673781269175713e+00 1.224823121851384577e+01 5.065507100627286707e-01 3.973644434216621474e-02 3.973644434216621474e-02 7.418139276848493592e-03
0.000000000000000000e+00 2.110139522177564885e-04 2.948291899282263367e-04 1.641045142110952204e+00 2.938556666721561683e+00 3.961796786356632238e-01 1.801948762058024345e-01 2.010173982795567665e-02 1.251884018488728378e-01 4.150689579829547164e-03
0.000000000000000000e+00 2.110139522177564885e-04 2.948291899282263367e-04 1.670127029317528988e+00 1.699916905182693450e+00 1.898217379546397909e+00 4.177473962111879872e-03 2.037659865697575776e-02 2.037659865697575776e-02 4.177473962111879872e-03
0.000000000000000000e+00 2.110139522177564885e-04 2.948291899282263367e-04 2.054134415160812355e-01 5.490432873954302628e-02 6.448484861154244255e-03 4.223864839361130431e-04 1.799998389042816328e-03 1.605262307918460529e-02 4.247797594009869926e-04
0.000000000000000000e+00 2.110139522177564885e-04 2.948291899282263367e-04 1.156217516699837994e-01 6.806320024423702375e-02 5.535153773280689603e-03 3.554782541688216780e-04 1.497591008787294399e-03 1.497591008787294399e-03 3.554782541688216780e-04
0.000000000000000000e+00 2.110139522177564885e-04 2.948291899282263367e-04 5.159950840977832520e+00 2.549722192785612762e+01 1.800615907140386085e+01 2.269362509864800148e-02 6.642552693555035803e-03 6.642552693555035803e-03 1.092801686515678522e-03
0.000000000000000000e+00 2.110139522177564885e-04 2.948291899282263367e-04 2.951387212022420048e+00 4.778151756983684884e+00 1.915501432301689677e+00 4.381624244086582132e-01 3.025705829927005652e-02 1.743159006217273599e-01 6.023413110103104616e-03
0.000000000000000000e+00 2.110139522177564885e-04 2.948291899282263367e-04 3.566820820504548045e-03 1.155790050744989889e-01 2.582111064107547524e-02 2.966586583774235338e-04 1.237815217669897697e-03 1.237815217669897697e-03 2.966586583774235338e-04
0.000000000000000000e+00 2.110139522177564885e-04 2.948291899282263367e-04 1.670127029317528988e+00 1.699634565758871174e+00 1.456397780480920279e+00 3.474820010320691342e-03 1.684428552078854474e-02 1.684428552078854474e-02 9.183873982341619890e-02
0.000000000000000000e+00 2.110139522177564885e-04 2.948291899282263367e-04 1.670127029317528988e+00 1.699916905182693450e+00 1.898217379546397909e+00 4.177473962111879872e-03 2.037659865697575776e-02 2.037659865697575776e-02 4.177473962111879872e-03
0.000000000000000000e+00 2.110139522177564885e-04 2.948291899282263367e-04 1.670127029317528988e+00 1.699916905182693450e+00 1.898217379546397909e+00 1.092641359830290454e-01 2.044433524311303069e-02 2.044433524311303069e-02 4.186240331575035584e-03
0.000000000000000000e+00 2.110139522177564885e-04 2.948291899282263367e-04 9.050977288291857548e+00 6.120208050443177505e+00 4.382863356273387012e+01 3.270438672815894066e-01 6.642552693555035803e-03 6.642552693555035803e-03 1.092801686515678522e-03
0.000000000000000000e+00 2.110139522177564885e-04 2.948291899282263367e-04 8.766998152153519797e-02 1.103702683301265447e-01 3.025429017342470134e-02 3.619158537072368273e-04 1.535352010195604588e-03 1.388929018583727470e-02 3.640255868294906254e-04
0.000000000000000000e+00 2.110139522177564885e-04 2.948291899282263367e-04 2.909481019479997599e+00 5.199455341404331854e+00 1.914525707397287846e+01 5.610884380032814533e+00 1.468554702667609790e+00 1.159604015640045338e+00 3.487123196769770783e-01
0.000000000000000000e+00 2.110139522177564885e-04 2.948291899282263367e-04 3.874618850990418029e+00 6.614511109584065629e+00 2.023414929196502499e+01 5.535261099601110679e+00 1.073397730386453919e+00 3.739890889687267905e-01 6.611069608251865515e-02
0.000000000000000000e+00 2.110139522177564885e-04 9.632457581951780687e-03 1.641082065172937199e+00 1.759618915675734918e+00 4.706839236033345530e-01 9.176613644945498527e-02 1.636338571531073191e-02 1.047273055284062421e-01 3.418852622550809517e-03
0.000000000000000000e+00 2.110139522177564885e-04 2.948291899282263367e-04 3.266769621116914508e-03 6.906396581955943914e-02 1.307008530015872812e-02 3.710375051723757245e-04 1.029759522174994533e-03 1.033276737316281800e-02 2.868212366135504594e-04
0.000000000000000000e+00 2.110139522177564885e-04 2.823847328392764533e-02 2.825825315953499839e+00 5.094401417591938319e+00 1.914442112379870053e+01 5.714691069724976202e+00 1.833362683622659750e+00 5.407300780039651089e-01 3.575236194865895334e-02
0.000000000000000000e+00 2.110139522177564885e-04 9.632457581951780687e-03 1.641082065172937199e+00 1.759618915675734918e+00 3.980699582716415441e-01 3.568494682936808049e-01 1.648563122005989798e-02 1.048495510331554220e-01 3.435199114746509061e-03
0.000000000000000000e+00 2.110139522177564885e-04 2.948291899282263367e-04 3.874618850990418029e+00 6.615673781269175713e+00 1.206673308048086035e+01 6.725621489890710736e-01 3.973644434216621474e-02 2.057490149601696183e-01 7.422227626374231120e-03
0.000000000000000000e+00 2.110139522177564885e-04 2.948291899282263367e-04 2.951387212022420048e+00 5.093411743046435625e+00 1.605978872741219021e+01 2.852251345054087395e+00 2.724631686827315491e+00 1.511417385274555159e+00 4.394127213628793993e-01
0.000000000000000000e+00 2.110139522177564885e-04 2.948291899282263367e-04 3.824577554616292563e+00 4.464059763974759676e+00 1.950825335003884220e+01 1.458615375800667247e+00 2.104243011141923692e+00 7.336986219197724202e-01 1.840484929023027127e-01
0.000000000000000000e+00 2.110139522177564885e-04 2.948291899282263367e-04 8.847418870961011317e-01 3.915078650275425343e-01 1.922553061870328761e-01 4.338367278380667741e-02 4.871722663016858634e-02 4.875135319135610185e-02 1.492666230459998656e-03
0.000000000000000000e+00 2.110139522177564885e-04 9.632457581951780687e-03 2.909534224587830842e+00 5.094401417591938319e+00 1.152233527658764523e+01 1.898145407724259326e-01 4.205950461958321562e-02 4.205950461958321562e-02 7.972843060909774043e-03
0.000000000000000000e+00 2.110139522177564885e-04 2.948291899282263367e-04 1.156217516699837994e-01 6.806320024423702375e-02 5.136891523259935581e-03 3.554782541688216780e-04 1.497591008787294399e-03 1.384454204888100476e-02 3.576423901116470086e-04
0.000000000000000000e+00 2.110139522177564885e-04 2.948291899282263367e-04 1.210195598922230609e+00 7.738153887329497493e-01 2.240581882561064331e-01 1.823035820227693685e-03 8.492457321647965338e-03 5.853375369577320381e-02 1.828645894653435806e-03
0.000000000000000000e+00 2.110139522177564885e-04 2.948291899282263367e-04 2.867574826937576038e+00 5.304508378018916837e+00 1.950825335003884220e+01 5.610882963487179964e+00 2.015768458241674832e+00 1.060399817914843501e+00 4.437172094134314571e-02
0.000000000000000000e+00 2.110139522177564885e-04 2.948291899282263367e-04 2.053648601896345682e-01 1.773636159042983329e-01 5.781567044934293048e-02 1.724113484171369004e-02 2.266091412926161605e-02 2.765756107217503396e-03 6.315296495871500519e-04
0.000000000000000000e+00 2.110139522177564885e-04 2.948291899282263367e-04 5.159950840977832520e+00 5.255176037530142175e+00 3.021657218579456838e+01 2.993646621986273626e+00 5.407838579360856046e-03 2.714563176316988832e-02 1.092801686515678522e-03
0.000000000000000000e+00 2.110139522177564885e-04 2.948291899282263367e-04 2.951387212022420048e+00 5.094401417591938319e+00 1.751177383167604518e+01 9.553857470499228510e-01 3.327954022227111452e-02 3.327954022227111452e-02 6.109837853911007782e-03
0.000000000000000000e+00 2.110139522177564885e-04 9.632457581951780687e-03 2.192882965135483975e+00 3.664541008525680876e+00 1.522099351549291990e+00 1.118367519976271707e+00 1.738319508772460109e-01 1.739138738398777473e-01 5.976274004362237303e-03
0.000000000000000000e+00 2.110139522177564885e-04 2.948291899282263367e-04 2.227964007577586170e+00 3.841686440274178604e+00 5.255893318384548429e+00 2.860740887926914500e+00 4.050325763586049704e-02 4.050325763586049704e-02 7.841459050354899346e-03
0.000000000000000000e+00 2.110139522177564885e-04 2.948291899282263367e-04 4.479375711295799367e-01 2.878344013142934421e-01 3.044158217828042412e-01 3.633310769958513625e-02 5.504555992632732472e-03 4.063019478879256047e-02 1.216493972168535692e-03
0.000000000000000000e+00 2.110139522177564885e-04 2.948291899282263367e-04 5.159950840977832520e+00 8.424849614123314012e+00 2.422683465517184942e+01 3.066189751553294762e+00 5.852184839637100122e-01 1.141196906596615018e-01 8.901172712619649869e-04
0.000000000000000000e+00 2.110139522177564885e-04 2.948291899282263367e-04 5.159950840977832520e+00 8.568908456445770483e+00 2.422680890230620676e+01 3.102669076831654049e+00 5.324207326951749808e-01 1.358618974138742774e-01 8.901172712619649869e-04
0.000000000000000000e+00 2.110139522177564885e-04 2.948291899282263367e-04 2.951387212022420048e+00 5.094401417591938319e+00 1.170383341462063242e+01 1.898172248438045051e-01 4.212905546633315124e-02 2.227145269320215115e-01 7.985128692681796661e-03
0.000000000000000000e+00 2.110139522177564885e-04 2.948291899282263367e-04 5.159950840977832520e+00 8.136731929478399294e+00 2.241190236939474545e+01 3.802110146314299222e+00 1.179424441811923296e+00 2.715031796724094032e-02 2.262791045507099585e-02
0.000000000000000000e+00 2.110139522177564885e-04 2.948291899282263367e-04 2.054134415160812355e-01 7.961220509082636565e-02 2.072458765521906568e-02 4.295064437089658000e-04 1.824872109017326802e-03 1.842472806916435526e-03 4.295064437089658000e-04
0.000000000000000000e+00 2.110139522177564885e-04 2.948291899282263367e-04 2.054134415160812355e-01 7.961220509082636565e-02 2.072458765521906568e-02 4.295064437089658000e-04 1.824872109017326802e-03 1.609509749705822015e-02 4.318402700316267915e-04
0.000000000000000000e+00 2.110139522177564885e-04 2.948291899282263367e-04 3.824577554616292563e+00 4.464059763974759676e+00 1.968975148807182762e+01 1.354807904445136657e+00 2.264566653209842517e+00 6.856145153583942387e-01 1.840480349953753925e-01
0.000000000000000000e+00 2.110139522177564885e-04 9.632457581951780687e-03 1.210226067716854814e+00 3.301803332064301877e+00 3.961796786356632238e-01 7.397298023130929323e-01 2.044433524311303069e-02 2.306176592849473739e-01 4.203532970863427254e-03
0.000000000000000000e+00 2.110139522177564885e-04 2.948291899282263367e-04 2.951387212022420048e+00 3.134983737546938265e+00 3.028794840103870456e+00 1.446564697228935437e+00 5.391369312450557949e-01 3.604637224810126189e-02 7.097467118261199977e-03
0.000000000000000000e+00 2.110139522177564885e-04 2.948291899282263367e-04 1.234193880780603436e+00 8.157420904155407992e-01 2.741310863697436484e-01 2.194894494101930129e-03 1.027038178125511125e-02 6.997239227429691288e-02 2.201421770093261576e-03
0.000000000000000000e+00 2.110139522177564885e-04 9.632457581951780687e-03 2.867628032045408837e+00 5.094368679383413756e+00 4.103458881213081000e+00 2.189621077439907193e+00 4.041924698373509928e-02 2.219173850167213691e-01 7.841459050354899346e-03
0.000000000000000000e+00 2.110139522177564885e-04 9.632457581951780687e-03 6.089630798020846392e-01 3.470817361205666973e-01 1.300145903467339048e-01 1.207468903425312377e-03 4.060038378964427042e-02 4.063019478879256047e-02 1.216493972168535692e-03
0.000000000000000000e+00 2.110139522177564885e-04 9.632457581951780687e-03 1.641082065172937199e+00 1.759336576251913309e+00 3.254559929399485907e-01 7.539586061582508048e-02 1.334520767287350126e-02 1.929676201602560648e-01 3.410571023223475922e-03
0.000000000000000000e+00 2.110139522177564885e-04 1.893546543293971388e-02 2.825774059626874557e+00 5.199455341404331854e+00 1.914442112379870053e+01 5.714691069724976202e+00 1.833362683622659750e+00 5.407300780039651089e-01 3.575236194865895334e-02
0.000000000000000000e+00 2.110139522177564885e-04 9.632457581951780687e-03 8.847671702226129753e-01 3.333602075732597925e-01 1.571145988672619787e-01 8.527953096196022598e-02 4.868292252636957640e-02 4.871722663016858634e-02 1.487645903026858047e-03
0.000000000000000000e+00 2.110139522177564885e-04 2.948291899282263367e-04 2.909481019479997599e+00 5.198959312343739647e+00 1.660428314151113938e+01 8.519932798373677091e-03 2.062220058741000284e-01 4.025945236986503556e-02 7.455168669714204964e-03
0.000000000000000000e+00 2.110139522177564885e-04 2.948291899282263367e-04 5.159950840977832520e+00 8.424849614123314012e+00 2.422683465517184942e+01 3.066189751553294762e+00 5.852184839637100122e-01 1.141196906596615018e-01 8.901172712619649869e-04
0.000000000000000000e+00 2.110139522177564885e-04 2.948291899282263367e-04 1.670127029317528988e+00 1.699634565758871174e+00 1.456397780480920279e+00 3.474820010320691342e-03 1.684428552078854474e-02 1.052082053338840584e-01 4.141598255472637644e-03
0.000000000000000000e+00 2.110139522177564885e-04 2.948291899282263367e-04 5.159950840977832520e+00 8.568908456445770483e+00 2.440830704033919574e+01 3.175628808469260100e+00 7.228806835114768292e-01 5.407838579360856046e-03 8.901172712619649869e-04
0.000000000000000000e+00 2.110139522177564885e-04 2.948291899282263367e-04 5.159950840977832520e+00 8.568908456445770483e+00 2.458980517837217405e+01 3.139147262896299306e+00 7.228806835114768292e-01 5.407838579360856046e-03 8.901172712619649869e-04
0.000000000000000000e+00 2.110139522177564885e-04 2.948291899282263367e-04 5.159950840977832520e+00 8.568908456445770483e+00 2.458980517837217405e+01 3.139147262896299306e+00 7.228806835114768292e-01 5.407838579360856046e-03 8.901172712619649869e-04
0.000000000000000000e+00 2.110139522177564885e-04 2.948291899282263367e-04 5.159950840977832520e+00 8.568908456445770483e+00 2.477130331640515948e+01 3.102665702863599329e+00 7.228806835114768292e-01 5.407838579360856046e-03 8.901172712619649869e-04
0.000000000000000000e+00 2.110139522177564885e-04 2.948291899282263367e-04 3.266769621116914508e-03 6.906396581955943914e-02 3.767077449170797097e-03 2.488032508368130950e-04 1.015078334240027353e-03 1.032268981518400137e-02 2.505961851431170485e-04
0.000000000000000000e+00 2.110139522177564885e-04 2.948291899282263367e-04 1.234193880780603436e+00 8.159403053686695717e-01 7.396590087324386720e-02 1.817378787922046320e-03 8.453375084089446295e-03 5.849467145821468650e-02 1.823035820227693685e-03
0.000000000000000000e+00 2.110139522177564885e-04 9.632457581951780687e-03 2.867628032045408837e+00 5.199455341404331854e+00 1.714877755561008144e+01 2.779341777431136862e-01 3.301673829314679537e-02 1.685071348962510485e-01 6.097029244863289704e-03
0.000000000000000000e+00 2.110139522177564885e-04 9.632457581951780687e-03 3.824641088247198617e+00 6.244563026389672977e+00 6.121500382563167086e+00 9.209578978865259197e-03 4.083331111082222353e-02 4.083331111082222353e-02 7.875340695729756563e-03
0.000000000000000000e+00 2.110139522177564885e-04 2.948291899282263367e-04 3.874618850990418029e+00 6.367684043960602835e+00 1.134076583036448049e+01 1.898351469543946568e-01 4.266493275409656560e-02 4.266493275409656560e-02 8.025013633020947404e-03
0.000000000000000000e+00 2.110139522177564885e-04 2.948291899282263367e-04 2.867574826937576038e+00 5.199421715997999627e+00 1.605979062485630493e+01 2.716760649871371669e+00 4.177873094017522604e+00 1.070378755390238412e+00 1.642865061566140938e-03
0.000000000000000000e+00 2.110139522177564885e-04 2.948291899282263367e-04 1.670127029317528988e+00 1.759336576251913309e+00 3.254559929399485907e-01 2.781895284132095830e-03 1.329399975293471536e-02 8.590796508462769654e-02 2.788881257295960144e-03
0.000000000000000000e+00 2.110139522177564885e-04 9.632457581951780687e-03 3.824641088247198617e+00 6.615091213880268661e+00 1.097774425228296913e+01 3.704206184200745100e-01 4.272936499404612898e-02 4.272936499404612898e-02 8.030320434674787997e-03
0.000000000000000000e+00 2.110139522177564885e-04 1.119655439428189347e-01 2.323176970829540444e+00 5.409560517760957588e+00 1.932675521200586388e+01 3.119523143667147114e+00 2.259264462181890032e+00 1.204218478125860914e+00 4.705511532972335709e-01
0.000000000000000000e+00 2.110139522177564885e-04 2.948291899282263367e-04 2.909481019479997599e+00 4.884195355341579337e+00 4.247518391171237973e+00 6.795526986650806123e-01 3.721272923191894511e-01 2.045085773517438810e-01 7.181451070268725020e-03
0.000000000000000000e+00 2.110139522177564885e-04 2.948291899282263367e-04 5.159950840977832520e+00 8.568908456445770483e+00 1.478890572459117969e+01 1.147194525060820869e+00 2.590056866082306869e-02 1.297072583529737533e-01 4.699068076901147598e-03
0.000000000000000000e+00 2.110139522177564885e-04 9.632457581951780687e-03 1.641082065172937199e+00 2.793703311563940694e+00 1.732183470896168531e+00 4.220508231554010760e-03 1.257980613007638748e-01 2.077719962296335071e-02 4.228877860063129900e-03
0.000000000000000000e+00 2.110139522177564885e-04 9.632457581951780687e-03 1.210226067716854814e+00 1.324625041867976138e+00 2.077659200521349836e-01 6.192899925541205108e-02 1.054068027445460853e-02 7.024269076749642404e-02 2.239451807774908536e-03
0.000000000000000000e+00 2.110139522177564885e-04 9.632457581951780687e-03 2.909534224587830842e+00 5.094401417591938319e+00 1.152233527658764523e+01 1.898145407724259326e-01 4.205950461958321562e-02 4.205950461958321562e-02 7.972843060909774043e-03
0.000000000000000000e+00 2.110139522177564885e-04 2.948291899282263367e-04 2.951387212022420048e+00 5.094401417591938319e+00 1.170383341462063242e+01 1.898172248438045051e-01 2.227145269320215115e-01 4.219803388028704749e-02 7.985128692681796661e-03
0.000000000000000000e+00 2.110139522177564885e-04 2.948291899282263367e-04 5.159950840977832520e+00 5.502583207449808889e+00 5.785897171134755546e+00 1.824195528925230514e+00 4.169202458561531432e-02 4.169202458561531432e-02 7.959691796935560587e-03
0.000000000000000000e+00 2.110139522177564885e-04 2.948291899282263367e-04 2.951387212022420048e+00 4.884228093550104788e+00 1.987125243905692784e+01 5.714689653179338968e+00 2.052252447539140601e+00 1.025202352017940299e+00 4.437172094134314571e-02
0.000000000000000000e+00 2.110139522177564885e-04 2.948291899282263367e-04 3.874618850990418029e+00 6.491970196309341468e+00 1.061476107442105921e+01 1.898291600595348183e-01 4.246824189314987730e-02 4.246824189314987730e-02 8.008509313808729463e-03
0.000000000000000000e+00 2.110139522177564885e-04 9.632457581951780687e-03 8.847671702226129753e-01 3.333602075732597925e-01 1.571145988672619787e-01 8.527953096196022598e-02 4.868292252636957640e-02 4.871722663016858634e-02 1.487645903026858047e-03
0.000000000000000000e+00 2.110139522177564885e-04 2.948291899282263367e-04 4.194323217492964551e-01 3.077190212147344894e-01 3.520512804147125918e-02 7.925673733224438029e-04 3.530908430017918979e-03 3.530908430017918979e-03 7.925673733224438029e-04
0.000000000000000000e+00 2.110139522177564885e-04 2.948291899282263367e-04 1.948406121195161989e-01 1.916699768998207931e-01 4.109955309608204904e-02 1.723855225061279167e-02 1.900625767798568358e-02 2.305926665829942206e-03 5.275788430121546675e-04
0.000000000000000000e+00 2.110139522177564885e-04 2.948291899282263367e-04 2.867574826937576038e+00 5.304508378018916837e+00 1.932675521200586388e+01 5.818497075663379370e+00 1.979291605733174197e+00 1.060399817914843501e+00 4.437172094134314571e-02
0.000000000000000000e+00 2.110139522177564885e-04 2.948291899282263367e-04 3.266769621116914508e-03 2.246414238520067636e-02 4.009061439709705674e-03 2.395942883845946436e-04 1.027151353338640397e-02 9.788473223678879464e-04 2.414694001053035045e-04
0.000000000000000000e+00 2.110139522177564885e-04 2.948291899282263367e-04 3.566820820504548045e-03 2.246414238520067636e-02 4.009061439709705674e-03 2.395942883845946436e-04 9.685056823984724032e-04 1.027151353338640397e-02 2.414694001053035045e-04
0.000000000000000000e+00 2.110139522177564885e-04 2.948291899282263367e-04 1.670127029317528988e+00 1.759336576251913309e+00 7.611397849301064777e-01 3.435199114746509061e-03 1.654624649422182375e-02 1.049101663073173374e-01 3.443264822745008107e-03
0.000000000000000000e+00 2.110139522177564885e-04 2.948291899282263367e-04 1.670127029317528988e+00 1.639932555265829706e+00 3.980421722622000114e-01 2.774848446559634654e-03 1.324251007972074463e-02 1.324251007972074463e-02 2.774848446559634654e-03
0.000000000000000000e+00 2.110139522177564885e-04 2.948291899282263367e-04 8.648280177171461247e-01 6.484787382464013428e-01 2.294356294856824408e-01 1.497645284917316875e-03 6.912883708938069582e-03 4.881907625136013701e-02 1.794274654062986930e-03
0.000000000000000000e+00 2.110139522177564885e-04 9.632457581951780687e-03 2.894490205306567976e-01 2.248079911614538906e-01 6.895723677116295802e-02 2.055725813486664055e-02 2.857905474262438777e-03 2.277177485321732475e-02 6.491738165793811124e-04
0.000000000000000000e+00 2.110139522177564885e-04 2.948291899282263367e-04 3.566820820504548045e-03 2.254892656461977840e-02 1.322658924641789864e-02 2.414694001053035045e-04 9.788473223678879464e-04 9.744863553003100002e-04 2.414694001053035045e-04
0.000000000000000000e+00 2.110139522177564885e-04 2.948291899282263367e-04 9.316069047731144082e+00 2.168617673420046899e+01 1.717579268712045604e+01 2.400867854528994649e-01 6.642552693555035803e-03 6.642552693555035803e-03 1.092801686515678522e-03
0.000000000000000000e+00 2.110139522177564885e-04 2.948291899282263367e-04 3.874618850990418029e+00 6.615673781269175713e+00 1.224823121851384577e+01 3.405381394447330456e-01 2.056939091307259937e-01 3.973644434216621474e-02 7.418139276848493592e-03
0.000000000000000000e+00 2.110139522177564885e-04 2.948291899282263367e-04 2.227964007577586170e+00 3.841268848151871751e+00 5.255893318384548429e+00 2.860740887926914500e+00 4.050325763586049704e-02 2.220013956688381973e-01 7.850092750428557323e-03
0.000000000000000000e+00 2.110139522177564885e-04 2.948291899282263367e-04 1.186197317063857115e+00 5.080895120644256524e-01 1.875610501057406732e-01 5.183557102818822648e-02 8.334888814825218081e-03 5.837618518895045655e-02 1.805922574106956372e-03
0.000000000000000000e+00 2.110139522177564885e-04 2.948291899282263367e-04 7.002050437320986198e+00 1.115491327293303137e+01 4.310205997070728756e+01 2.269362509864800148e-02 6.642552693555035803e-03 6.642552693555035803e-03 1.092801686515678522e-03
0.000000000000000000e+00 2.110139522177564885e-04 2.948291899282263367e-04 5.159950840977832520e+00 5.502583207449808889e+00 3.221302640214182134e+01 2.049844518280781180e+00 5.407838579360856046e-03 2.714563176316988832e-02 1.092801686515678522e-03
0.000000000000000000e+00 2.110139522177564885e-04 2.948291899282263367e-04 2.951387212022420048e+00 5.094401417591938319e+00 1.733027569364305975e+01 4.134244007406048804e-01 1.685842605434463848e-01 1.686222104078754225e-01 6.103734445217627938e-03
0.000000000000000000e+00 2.110139522177564885e-04 2.948291899282263367e-04 8.766998152153519797e-02 1.103702683301265447e-01 3.025429017342470134e-02 3.619158537072368273e-04 1.535352010195604588e-03 1.535352010195604588e-03 3.619158537072368273e-04
0.000000000000000000e+00 2.110139522177564885e-04 9.632457581951780687e-03 6.256791971553454790e-01 5.078689828976727938e-01 5.172227021941072644e-02 1.211999925202578892e-03 5.504555992632732472e-03 5.504555992632732472e-03 1.211999925202578892e-03
0.000000000000000000e+00 2.110139522177564885e-04 2.948291899282263367e-04 5.159950840977832520e+00 8.280790771800853989e+00 1.551494898061805827e+01 1.562419574549279710e+00 2.603162940365656361e-02 1.298383190958219413e-01 4.702043824072256115e-03
0.000000000000000000e+00 2.110139522177564885e-04 9.632457581951780687e-03 1.641082065172937199e+00 2.793703311563940694e+00 1.416923484833416902e+00 2.143682505707502906e-01 2.064521364322556909e-02 2.064521364322556909e-02 4.212060069341865692e-03
0.000000000000000000e+00 2.110139522177564885e-04 9.632457581951780687e-03 6.256791971553454790e-01 5.078689828976727938e-01 5.172227021941072644e-02 1.211999925202578892e-03 5.504555992632732472e-03 5.504555992632732472e-03 1.211999925202578892e-03
0.000000000000000000e+00 2.110139522177564885e-04 2.948291899282263367e-04 3.141412120255282492e-01 1.412410025321197415e-01 2.440713889685520305e-02 5.250174884530040822e-04 2.290140324724998164e-03 1.900625767798568358e-02 5.275788430121546675e-04
0.000000000000000000e+00 2.110139522177564885e-04 2.948291899282263367e-04 1.576335321528934230e+01 2.518762481961897226e+00 4.618810935716261667e+01 4.443297015517644333e-02 6.642552693555035803e-03 6.642552693555035803e-03 1.092801686515678522e-03
0.000000000000000000e+00 2.110139522177564885e-04 2.948291899282263367e-04 5.159950840977832520e+00 8.568908456445770483e+00 1.460659015170052832e+01 1.251001996416351014e+00 2.590056866082306869e-02 1.295473229627386869e-01 4.699068076901147598e-03
0.000000000000000000e+00 2.110139522177564885e-04 2.948291899282263367e-04 9.046557564750559166e-01 3.624420947798366321e-01 4.388986882396221367e-01 5.183557102818822648e-02 8.334888814825218081e-03 5.837618518895045655e-02 1.805922574106956372e-03
0.000000000000000000e+00 2.110139522177564885e-04 2.948291899282263367e-04 3.157847106268249493e-03 5.045795011758357623e-02 4.042573643504542881e-03 2.451691870160407796e-04 1.030237811464388385e-02 1.009552332408318251e-03 2.469943230828653660e-04
0.000000000000000000e+00 2.110139522177564885e-04 2.948291899282263367e-04 1.613446397016884859e+01 7.900273202286386409e-01 4.818478387409653863e+01 1.173181201448080142e-03 6.642552693555035803e-03 6.642552693555035803e-03 1.092801686515678522e-03
0.000000000000000000e+00 2.110139522177564885e-04 2.948291899282263367e-04 1.670127029317528988e+00 1.639932555265829706e+00 3.980421722622000114e-01 2.774848446559634654e-03 1.324251007972074463e-02 1.324251007972074463e-02 2.774848446559634654e-03
0.000000000000000000e+00 2.110139522177564885e-04 9.632457581951780687e-03 5.922469624488237994e-01 9.646246508022646715e-01 2.294672426481627336e-01 1.018827154911157717e-01 8.414086724965760475e-03 1.084966794732162426e-01 1.823035820227693685e-03
0.000000000000000000e+00 2.110139522177564885e-04 2.948291899282263367e-04 6.929436471989293800e+00 6.120106661207508125e+00 4.709575754376028556e+01 8.791164101986434498e-02 6.642552693555035803e-03 6.642552693555035803e-03 1.092801686515678522e-03
0.000000000000000000e+00 2.110139522177564885e-04 2.948291899282263367e-04 1.641045142110952204e+00 1.640189283165261358e+00 1.898182293606302418e+00 6.346796711408709823e-01 1.257318756641427338e-01 2.071139927984671711e-02 4.220508231554010760e-03
0.000000000000000000e+00 2.110139522177564885e-04 2.948291899282263367e-04 2.054134415160812355e-01 3.250328235504532648e-01 1.087976762673145831e-01 7.857650720582636623e-04 3.487711104656445512e-03 2.746871419314645887e-02 7.891801476289732852e-04
0.000000000000000000e+00 2.110139522177564885e-04 2.948291899282263367e-04 1.156217516699837994e-01 6.806320024423702375e-02 5.535153773280689603e-03 3.554782541688216780e-04 1.385152918442896300e-02 1.503176364737761860e-03 3.576423901116470086e-04
0.000000000000000000e+00 2.110139522177564885e-04 9.632457581951780687e-03 8.847671702226129753e-01 6.133924289951268038e-01 1.875454347064828831e-01 4.340383782733937823e-02 8.294977828624228514e-03 5.833627420274947739e-02 1.800122742865291770e-03
