0.000000000000000000e+00 3.181784291012539480e-04 2.948291899282263367e-04 3.528566292015173668e-03 1.957841839335493998e-03 1.024649004196001578e-02 9.496088562168762681e-04 3.486932326606013055e-04 2.377020460513788378e-04 2.377020460513788378e-04
0.000000000000000000e+00 2.110139522177564885e-04 2.948291899282263367e-04 1.893342700647549393e+01 4.854784483922297511e+01 5.412524783431905441e-03 4.888811115104996913e-02 1.173181201448080142e-03 1.092801686515678522e-03 1.092801686515678522e-03
0.000000000000000000e+00 2.110139522177564885e-04 2.948291899282263367e-04 1.576335321528934230e+01 3.348354997301348845e+01 1.918532771613570942e+00 5.407838579360856046e-03 9.558319148389736496e-04 8.901172712619649869e-04 8.901172712619649869e-04
0.000000000000000000e+00 2.110139522177564885e-04 2.948291899282263367e-04 1.514483529049016930e+01 3.929153314152883070e+01 1.288122316297007908e+00 2.715494972607647786e-02 2.269517697136740758e-02 8.901172712619649869e-04 8.901172712619649869e-04
0.000000000000000000e+00 2.110139522177564885e-04 2.948291899282263367e-04 3.157847106268249493e-03 2.270383296408223003e-03 1.025066793005254343e-02 1.026111792098177017e-02 3.418497322689662476e-04 2.395942883845946436e-04 2.395942883845946436e-04
0.000000000000000000e+00 2.110139522177564885e-04 2.948291899282263367e-04 1.223507473194833040e+01 4.836646011023503178e+01 2.880713829198444653e-01 2.716404974549241347e-02 6.617384783605531617e-02 8.901172712619649869e-04 8.901172712619649869e-04
0.000000000000000000e+00 2.110139522177564885e-04 2.948291899282263367e-04 1.563964963032950983e+01 4.019899147479328150e+01 1.092468046340664634e+00 2.715494972607647786e-02 2.269517697136740758e-02 8.901172712619649869e-04 8.901172712619649869e-04
0.000000000000000000e+00 2.110139522177564885e-04 2.948291899282263367e-04 3.157847106268249493e-03 3.121984819287207478e-03 8.443354598050361540e-04 8.291764845553750360e-04 9.649731917072577533e-03 2.377020460513788378e-04 2.377020460513788378e-04
0.000000000000000000e+00 2.948291899282263367e-04 2.948291899282263367e-04 3.528566292015173668e-03 2.270383296408223003e-03 8.480743105193053492e-04 1.023806551694706433e-02 3.399503459971640212e-04 2.377020460513788378e-04 2.377020460513788378e-04
0.000000000000000000e+00 2.110139522177564885e-04 2.948291899282263367e-04 3.566820820504548045e-03 3.566820820504548045e-03 1.025066793005254343e-02 9.581100699938390397e-04 3.997468780175705838e-03 2.377020460513788378e-04 2.377020460513788378e-04
0.000000000000000000e+00 2.110139522177564885e-04 2.948291899282263367e-04 2.008589774505515280e+01 4.582522970348522051e+01 1.358705605641520875e-01 4.889274290988551014e-02 9.558319148389736496e-04 2.262791045507099585e-02 1.092801686515678522e-03
0.000000000000000000e+00 2.110139522177564885e-04 2.948291899282263367e-04 1.244524805599016304e+01 4.927394798744782634e+01 1.793545911515774249e-01 4.889274290988551014e-02 9.558319148389736496e-04 2.262791045507099585e-02 1.092801686515678522e-03
0.000000000000000000e+00 2.110139522177564885e-04 2.948291899282263367e-04 1.601076038520901079e+01 4.764038123314931994e+01 1.358705605641520875e-01 4.889274290988551014e-02 9.558319148389736496e-04 2.262791045507099585e-02 1.092801686515678522e-03
0.000000000000000000e+00 2.110139522177564885e-04 2.948291899282263367e-04 2.254892656461977840e-02 3.966204187646947543e-03 9.642056419042631301e-04 1.027151353338640397e-02 2.507077431599069009e-04 3.437267926243655920e-04 2.414694001053035045e-04
0.000000000000000000e+00 2.110139522177564885e-04 2.948291899282263367e-04 1.191981474588557788e+01 3.057963935804292532e+01 3.620914013163234024e+00 3.967678037039340522e-01 2.269517697136740758e-02 8.901172712619649869e-04 8.901172712619649869e-04
0.000000000000000000e+00 2.110139522177564885e-04 2.948291899282263367e-04 1.181472808386467399e+01 3.420959902605630987e+01 2.188100128712379799e+00 2.715031796724094032e-02 9.558319148389736496e-04 8.901172712619649869e-04 8.901172712619649869e-04
0.000000000000000000e+00 2.110139522177564885e-04 2.948291899282263367e-04 1.324591871363184521e-02 3.997468780175705838e-03 9.581100699938390397e-04 9.366857028031336501e-04 3.486932326606013055e-04 2.377020460513788378e-04 2.377020460513788378e-04
0.000000000000000000e+00 2.110139522177564885e-04 2.948291899282263367e-04 3.566820820504548045e-03 3.566820820504548045e-03 1.024649004196001578e-02 9.581100699938390397e-04 3.313257082961330521e-04 2.377020460513788378e-04 2.377020460513788378e-04
0.000000000000000000e+00 2.110139522177564885e-04 9.632457581951780687e-03 1.563980668736995661e+01 3.130557231661770601e+01 2.771591358148406847e+00 4.889732018288328597e-02 2.269517697136740758e-02 8.901172712619649869e-04 8.901172712619649869e-04
0.000000000000000000e+00 2.110139522177564885e-04 2.948291899282263367e-04 1.601076038520901079e+01 4.727738495708334909e+01 1.793545911515774249e-01 4.889274290988551014e-02 9.558319148389736496e-04 2.262791045507099585e-02 1.092801686515678522e-03
0.000000000000000000e+00 2.110139522177564885e-04 2.948291899282263367e-04 6.638980610662521542e+00 3.366478942651367845e+01 4.277543238338933129e+00 2.713649103747774530e-02 1.096524929424473466e-01 2.262791045507099585e-02 1.092801686515678522e-03
0.000000000000000000e+00 2.110139522177564885e-04 2.948291899282263367e-04 8.785885528852571014e+00 3.656893833889481726e+01 2.165831122619489513e+00 4.889274290988551014e-02 9.558319148389736496e-04 2.262791045507099585e-02 1.092801686515678522e-03
0.000000000000000000e+00 2.110139522177564885e-04 2.948291899282263367e-04 3.528566292015173668e-03 2.360567276636679323e-03 8.480743105193053492e-04 2.883556671453074011e-02 3.350111823022334438e-04 2.414694001053035045e-04 2.414694001053035045e-04
0.000000000000000000e+00 2.110139522177564885e-04 2.948291899282263367e-04 3.185193441560771332e-02 3.521284434492120627e-03 9.788473223678879464e-04 1.958486302434375714e-02 3.474156255304015179e-04 2.451691870160407796e-04 2.451691870160407796e-04
0.000000000000000000e+00 2.110139522177564885e-04 2.948291899282263367e-04 3.189468101109250997e-02 4.020440140089575481e-03 9.788473223678879464e-04 9.788473223678879464e-04 3.350111823022334438e-04 2.414694001053035045e-04 2.414694001053035045e-04
0.000000000000000000e+00 2.110139522177564885e-04 2.948291899282263367e-04 9.404432967544240185e+00 2.930910896552230227e+01 3.619541392743867991e+00 1.179427639357714774e+00 6.617384783605531617e-02 8.901172712619649869e-04 8.901172712619649869e-04
0.000000000000000000e+00 2.110139522177564885e-04 2.948291899282263367e-04 1.551594604536967381e+01 4.001750281628719819e+01 1.135947171338198336e+00 2.715494972607647786e-02 2.269517697136740758e-02 8.901172712619649869e-04 8.901172712619649869e-04
0.000000000000000000e+00 2.110139522177564885e-04 2.948291899282263367e-04 1.576335321528934230e+01 3.130557231661770601e+01 2.771591358148406847e+00 4.889732018288328597e-02 2.269517697136740758e-02 8.901172712619649869e-04 8.901172712619649869e-04
0.000000000000000000e+00 2.110139522177564885e-04 2.948291899282263367e-04 3.528566292015173668e-03 3.490522795068585430e-03 1.025066793005254343e-02 1.025687890750058735e-02 4.009061439709705674e-03 2.395942883845946436e-04 2.395942883845946436e-04
0.000000000000000000e+00 2.110139522177564885e-04 7.475351253886731995e-02 1.947130579411097129e+00 5.828276646619787726e+00 1.945685364805558493e+01 4.177873094017522604e+00 2.666328572184371470e+00 8.803309358633948367e-01 1.833525510646102571e-02
0.000000000000000000e+00 2.110139522177564885e-04 2.948291899282263367e-04 1.576335321528934230e+01 3.330205183498051014e+01 1.896794699584694266e+00 2.715494972607647786e-02 9.573837875583785569e-04 8.913350253510659085e-04 8.913350253510659085e-04
0.000000000000000000e+00 2.110139522177564885e-04 4.684448898590350824e-02 3.424553338336530750e+00 6.986652556101813794e+00 1.800603226303070059e+01 2.620850658828039137e+00 2.208997373989877389e+00 1.027330273932406612e+00 1.752057821384523650e-01
0.000000000000000000e+00 2.110139522177564885e-04 2.948291899282263367e-04 9.316069047731144082e+00 3.330205756831127673e+01 2.543593421319854109e+00 4.619919514484145395e-01 2.269517697136740758e-02 8.901172712619649869e-04 8.901172712619649869e-04
0.000000000000000000e+00 2.110139522177564885e-04 2.948291899282263367e-04 1.234016139396924672e+01 4.854795733276000647e+01 2.880637076022216636e-01 4.889274290988551014e-02 9.558319148389736496e-04 8.901172712619649869e-04 8.901172712619649869e-04
0.000000000000000000e+00 2.110139522177564885e-04 2.948291899282263367e-04 1.514483529049016930e+01 3.929153314152883070e+01 1.288122316297007908e+00 2.715494972607647786e-02 2.269517697136740758e-02 8.901172712619649869e-04 8.901172712619649869e-04
0.000000000000000000e+00 2.110139522177564885e-04 2.948291899282263367e-04 3.566820820504548045e-03 3.566820820504548045e-03 8.480743105193053492e-04 2.885668363202840980e-02 4.020440140089575481e-03 2.414694001053035045e-04 2.414694001053035045e-04
0.000000000000000000e+00 2.110139522177564885e-04 2.948291899282263367e-04 3.566820820504548045e-03 3.566820820504548045e-03 8.443354598050361540e-04 8.443354598050361540e-04 3.755875547003637016e-02 2.433276217459231887e-04 2.433276217459231887e-04
0.000000000000000000e+00 2.110139522177564885e-04 2.948291899282263367e-04 3.566820820504548045e-03 3.566820820504548045e-03 1.955367578104047488e-02 1.027151353338640397e-02 3.350111823022334438e-04 2.414694001053035045e-04 2.414694001053035045e-04
0.000000000000000000e+00 2.110139522177564885e-04 2.948291899282263367e-04 9.316069047731144082e+00 2.259366742436537479e+01 5.319849944697111255e+00 7.754377159347366488e-01 2.183359823919364118e+00 9.558319148389736496e-04 2.262791045507099585e-02
0.000000000000000000e+00 2.110139522177564885e-04 2.948291899282263367e-04 3.528566292015173668e-03 2.270383296408223003e-03 3.815969148301633085e-02 1.029214323777399506e-02 3.829860535013522669e-03 2.451691870160407796e-04 2.451691870160407796e-04
0.000000000000000000e+00 2.110139522177564885e-04 2.948291899282263367e-04 8.962613368478761444e+00 2.549758495621772170e+01 3.947998630130159281e+00 5.202802565785623612e-01 2.027495103261824916e+00 2.269362509864800148e-02 1.092801686515678522e-03
0.000000000000000000e+00 2.110139522177564885e-04 2.948291899282263367e-04 3.185193441560771332e-02 4.020440140089575481e-03 9.788473223678879464e-04 9.788473223678879464e-04 9.646734643612295962e-03 2.433276217459231887e-04 2.433276217459231887e-04
0.000000000000000000e+00 2.110139522177564885e-04 2.948291899282263367e-04 2.254892656461977840e-02 3.966204187646947543e-03 1.027151353338640397e-02 1.028185517335581875e-02 2.526475630045994249e-04 3.455819533205669344e-04 2.433276217459231887e-04
0.000000000000000000e+00 2.110139522177564885e-04 2.948291899282263367e-04 4.742036767526540686e+00 5.997216045035753673e+00 1.746133206049270470e+01 5.527306575249539833e+00 2.350591127112279022e+00 9.510501926687782159e-01 9.635270234042374706e-04
0.000000000000000000e+00 2.110139522177564885e-04 2.948291899282263367e-04 1.279159410337963980e-02 3.997468780175705838e-03 9.581100699938390397e-04 1.025687890750058735e-02 3.331793805321401031e-04 2.395942883845946436e-04 2.395942883845946436e-04
0.000000000000000000e+00 2.110139522177564885e-04 2.948291899282263367e-04 2.080619195666744758e+01 4.600661121912963836e+01 5.417156542267445585e-03 4.889274290988551014e-02 9.558319148389736496e-04 8.901172712619649869e-04 8.901172712619649869e-04
0.000000000000000000e+00 2.110139522177564885e-04 9.632457581951780687e-03 1.213012149047567512e+01 3.275762023939861933e+01 2.914074372114839218e+00 2.715031796724094032e-02 9.558319148389736496e-04 8.901172712619649869e-04 8.901172712619649869e-04
0.000000000000000000e+00 2.110139522177564885e-04 2.948291899282263367e-04 3.528566292015173668e-03 3.528566292015173668e-03 3.815969148301633085e-02 1.029214323777399506e-02 3.386108362579438457e-04 2.451691870160407796e-04 2.451691870160407796e-04
0.000000000000000000e+00 2.110139522177564885e-04 2.948291899282263367e-04 7.002050437320986198e+00 2.622348631717920853e+01 3.627334595397322836e+00 6.295323525163571965e-01 2.161090347939111034e+00 9.558319148389736496e-04 8.901172712619649869e-04
0.000000000000000000e+00 2.110139522177564885e-04 2.948291899282263367e-04 2.867574826937576038e+00 5.199421715997999627e+00 1.945674396086880620e+01 1.686485953765518353e+00 3.563384436549636991e+00 3.830684328076278816e-02 1.643947194214403443e-03
0.000000000000000000e+00 2.110139522177564885e-04 2.948291899282263367e-04 1.907748584879795217e+01 4.818483369621330326e+01 2.715494972607647786e-02 2.715031796724094032e-02 2.269362509864800148e-02 1.092801686515678522e-03 1.092801686515678522e-03
0.000000000000000000e+00 2.110139522177564885e-04 2.948291899282263367e-04 6.856488851150445818e+00 2.350096962456806082e+01 4.385276716786514761e+00 1.214670241163293696e+00 2.006974548175351369e+00 1.533080669944678620e-01 1.503007325501912010e-02
0.000000000000000000e+00 2.110139522177564885e-04 2.948291899282263367e-04 2.122587091189106712e+00 6.144899532136505194e+00 2.217932571855029522e+01 1.142318143344584591e+00 3.642319813860335653e+00 1.242207127047937343e+00 7.347699310401749947e-04
0.000000000000000000e+00 2.110139522177564885e-04 9.632457581951780687e-03 9.227817316871444575e+00 3.330205756831127673e+01 2.543593421319854109e+00 4.619919514484145395e-01 2.269517697136740758e-02 8.901172712619649869e-04 8.901172712619649869e-04
0.000000000000000000e+00 2.110139522177564885e-04 2.948291899282263367e-04 9.139341208104953651e+00 2.731259488199957985e+01 4.440443281685253041e+00 6.750486535948881928e-01 2.999663634353773034e-01 8.996588416053593077e-04 8.996588416053593077e-04
0.000000000000000000e+00 2.110139522177564885e-04 2.948291899282263367e-04 9.404432967544240185e+00 2.658663689502757776e+01 3.194038426369224304e+00 4.288511342803791315e-01 1.696531056714311703e+00 1.173181201448080142e-03 1.092801686515678522e-03
0.000000000000000000e+00 2.110139522177564885e-04 2.948291899282263367e-04 2.951387212022420048e+00 7.233950267292474479e+00 5.236097295161346921e+00 7.664958097677883053e-01 1.206503603754208065e+01 6.941545220433661262e-03 1.416136086204469458e-01
0.000000000000000000e+00 2.110139522177564885e-04 2.948291899282263367e-04 3.189468101109250997e-02 3.977530096105613873e-03 9.744863553003100002e-04 9.788473223678879464e-04 9.549095169291036550e-03 2.433276217459231887e-04 2.433276217459231887e-04
0.000000000000000000e+00 2.110139522177564885e-04 2.948291899282263367e-04 3.157847106268249493e-03 3.121984819287207478e-03 8.443354598050361540e-04 8.291764845553750360e-04 9.649731917072577533e-03 2.377020460513788378e-04 2.377020460513788378e-04
0.000000000000000000e+00 2.110139522177564885e-04 2.948291899282263367e-04 3.566820820504548045e-03 2.946056709965222311e-03 8.480743105193053492e-04 1.023806551694706433e-02 3.399503459971640212e-04 2.377020460513788378e-04 2.377020460513788378e-04
0.000000000000000000e+00 2.110139522177564885e-04 2.948291899282263367e-04 3.528566292015173668e-03 2.980788225190484156e-03 8.480743105193053492e-04 1.955367578104047488e-02 3.418497322689662476e-04 2.395942883845946436e-04 2.395942883845946436e-04
0.000000000000000000e+00 2.110139522177564885e-04 2.948291899282263367e-04 3.086346847121619174e-03 3.566820820504548045e-03 8.480743105193053492e-04 2.883556671453074011e-02 3.350111823022334438e-04 2.414694001053035045e-04 2.414694001053035045e-04
0.000000000000000000e+00 2.110139522177564885e-04 2.948291899282263367e-04 3.566820820504548045e-03 2.360567276636679323e-03 1.025066793005254343e-02 1.956412577196970509e-02 3.350111823022334438e-04 2.414694001053035045e-04 2.414694001053035045e-04
0.000000000000000000e+00 2.110139522177564885e-04 2.948291899282263367e-04 9.404432967544240185e+00 3.039809779372019349e+01 4.485326216574934577e+00 7.011428903276676339e-01 2.269517697136740758e-02 2.262791045507099585e-02 1.092801686515678522e-03
0.000000000000000000e+00 2.110139522177564885e-04 2.948291899282263367e-04 2.699950056767887574e+00 5.724711456298368972e+00 3.918601521686641664e+00 3.056429063594897855e+00 1.152134466681594738e+01 9.395811456764949776e-01 1.085036189839519299e-01
0.000000000000000000e+00 2.110139522177564885e-04 2.948291899282263367e-04 3.566820820504548045e-03 3.566820820504548045e-03 1.125837542909196853e-01 6.465252230238273390e-02 5.249160368520050524e-03 3.554782541688216780e-04 3.554782541688216780e-04
0.000000000000000000e+00 2.110139522177564885e-04 2.948291899282263367e-04 3.566820820504548045e-03 3.566820820504548045e-03 1.025066793005254343e-02 1.026111792098177017e-02 3.418497322689662476e-04 2.395942883845946436e-04 2.395942883845946436e-04
0.000000000000000000e+00 2.110139522177564885e-04 2.948291899282263367e-04 3.566820820504548045e-03 2.360567276636679323e-03 8.480743105193053492e-04 1.955367578104047488e-02 3.418497322689662476e-04 2.395942883845946436e-04 2.395942883845946436e-04
0.000000000000000000e+00 2.110139522177564885e-04 2.948291899282263367e-04 1.582881367697798414e+00 4.636635549420834224e+00 2.127047514813821749e+01 1.686459056639518339e+00 1.318568053775755589e+00 4.394063473270450881e-01 2.822100522580959971e-03
0.000000000000000000e+00 2.110139522177564885e-04 2.948291899282263367e-04 6.929436471989293800e+00 2.350099252798637650e+01 4.904493334222566503e+00 1.407096425270103479e+00 1.568199143261623352e+00 1.881406705309630889e-01 7.356680498723839777e-04
0.000000000000000000e+00 2.110139522177564885e-04 2.948291899282263367e-04 1.234193880780603436e+00 4.813239089279167437e+00 1.891088168996714103e+01 1.929682298246275574e+00 3.888152758118482044e+00 5.017192526669098651e-01 2.819872280697389554e-03
0.000000000000000000e+00 2.110139522177564885e-04 2.948291899282263367e-04 4.980570483416965288e+00 5.007696525233645168e+00 1.854990161219340195e+01 5.319746680631311619e+00 2.605954073433159657e+00 8.279289790921863235e-01 8.961345737250833200e-04
0.000000000000000000e+00 2.110139522177564885e-04 2.948291899282263367e-04 2.192838368781426350e+00 3.841653513448710644e+00 5.502076029876953100e+00 2.552903350948262151e+00 7.710073052065681942e+00 8.515876402404027115e-03 7.418139276848493592e-03
0.000000000000000000e+00 2.110139522177564885e-04 2.948291899282263367e-04 3.528566292015173668e-03 2.360567276636679323e-03 8.480743105193053492e-04 1.952826851932729785e-02 3.418497322689662476e-04 2.395942883845946436e-04 2.395942883845946436e-04
0.000000000000000000e+00 2.110139522177564885e-04 2.948291899282263367e-04 1.611963254904375198e+00 1.759567108389437973e+00 3.591732283468941134e+00 1.509356344598587141e+00 2.230615743453212119e+00 7.126422437151037903e-03 7.126422437151037903e-03
0.000000000000000000e+00 2.110139522177564885e-04 2.948291899282263367e-04 2.080619195666744758e+01 4.600661121912963836e+01 5.417156542267445585e-03 4.889274290988551014e-02 9.558319148389736496e-04 8.901172712619649869e-04 8.901172712619649869e-04
0.000000000000000000e+00 2.110139522177564885e-04 2.948291899282263367e-04 3.528566292015173668e-03 1.063187438189958645e-01 8.578696076396175041e-02 6.327993284140093211e-02 6.393399450917046020e-03 4.247797594009869926e-04 4.247797594009869926e-04
0.000000000000000000e+00 2.110139522177564885e-04 2.948291899282263367e-04 9.404432967544240185e+00 2.658663689502757776e+01 3.131718726445594125e+00 4.511193720315056499e-01 1.674793263530502729e+00 2.269362509864800148e-02 1.092801686515678522e-03
0.000000000000000000e+00 2.110139522177564885e-04 2.948291899282263367e-04 3.528566292015173668e-03 3.566820820504548045e-03 1.125837542909196853e-01 7.521977778170260698e-02 5.488576036976485460e-03 3.576423901116470086e-04 3.576423901116470086e-04
0.000000000000000000e+00 2.110139522177564885e-04 2.948291899282263367e-04 4.119768886208043102e-02 1.138319292217872203e+00 3.278696490228188321e+00 4.105381943464320393e+00 6.974350493298878129e-02 5.976274004362237303e-03 5.976274004362237303e-03
0.000000000000000000e+00 2.110139522177564885e-04 2.948291899282263367e-04 9.404432967544240185e+00 2.785712386125845086e+01 4.502824370764447082e+00 7.391429635346614679e-01 3.705238162349983599e-01 2.262791045507099585e-02 1.092801686515678522e-03
0.000000000000000000e+00 2.110139522177564885e-04 2.948291899282263367e-04 7.002050437320986198e+00 2.604198817914623021e+01 3.627317610787149427e+00 6.660097119189486436e-01 2.161112178970123310e+00 9.558319148389736496e-04 8.901172712619649869e-04
0.000000000000000000e+00 2.110139522177564885e-04 2.948291899282263367e-04 9.316069047731144082e+00 2.912760039355270081e+01 3.619528337380895966e+00 9.548068641286006075e-01 1.096524929424473466e-01 8.901172712619649869e-04 8.901172712619649869e-04
0.000000000000000000e+00 2.110139522177564885e-04 2.948291899282263367e-04 9.404432967544240185e+00 2.930910896552230227e+01 3.619541392743867991e+00 1.179427639357714774e+00 6.617384783605531617e-02 8.901172712619649869e-04 8.901172712619649869e-04
0.000000000000000000e+00 2.110139522177564885e-04 2.948291899282263367e-04 1.210195598922230609e+00 3.374381750947785807e+00 4.229085528424155527e+00 2.046841148988098880e+00 1.115815052675026919e+01 8.518969500640872008e-03 7.437720022525148508e-03
0.000000000000000000e+00 2.110139522177564885e-04 2.948291899282263367e-04 2.951387212022420048e+00 7.233950267292474479e+00 1.818742782645685097e+01 1.478977072214249899e+00 3.162501342297094897e+00 2.207124515279446364e-01 1.642865061566140938e-03
0.000000000000000000e+00 2.110139522177564885e-04 2.948291899282263367e-04 4.119768886208043102e-02 4.031609416350501185e-03 1.028772144657019195e-02 9.993702636559534825e-04 9.566992340215815446e-03 3.492282060480306725e-04 2.469943230828653660e-04
0.000000000000000000e+00 2.110139522177564885e-04 2.948291899282263367e-04 3.824577554616292563e+00 5.997124326718925147e+00 1.691652415511882168e+01 6.536670850753903750e+00 3.724651747721355655e+00 9.159228144790703130e-01 8.961345737250833200e-04
0.000000000000000000e+00 2.110139522177564885e-04 2.948291899282263367e-04 1.670127029317528988e+00 6.354943662737190913e+00 1.963824209890178807e+01 1.582705851713452017e+00 1.238691626564816906e+00 8.423739506191472992e-02 8.379349401268725017e-02
0.000000000000000000e+00 2.110139522177564885e-04 2.948291899282263367e-04 1.669993400314064180e+00 4.371660116112004779e+00 5.646228264355853455e+00 2.720859691071054964e+00 1.720523075321096496e+00 9.239319921725625689e-03 7.930495430994112874e-03
0.000000000000000000e+00 2.110139522177564885e-04 2.948291899282263367e-04 3.566820820504548045e-03 3.566820820504548045e-03 4.746269933400427271e-02 1.960538596563181704e-02 3.021974597570522766e-03 2.488032508368130950e-04 2.488032508368130950e-04
0.000000000000000000e+00 2.110139522177564885e-04 2.948291899282263367e-04 1.670127029317528988e+00 1.699916905182693450e+00 4.970347357898243779e+00 2.910784582409048582e+00 2.094357270742376542e+00 1.906780108071922386e-01 7.832715785486679683e-03
0.000000000000000000e+00 2.110139522177564885e-04 2.948291899282263367e-04 1.324591871363184521e-02 2.260348448215157222e-02 8.470591798125917671e-02 7.522535169894778440e-02 1.784251421261815254e-02 1.271372636389775726e-02 3.619158537072368273e-04
0.000000000000000000e+00 2.110139522177564885e-04 2.948291899282263367e-04 2.259167316010457852e-02 8.765065205432123752e-02 8.578696076396175041e-02 7.563387101704260873e-02 5.945759884018914608e-03 4.271530089748412098e-04 4.271530089748412098e-04
0.000000000000000000e+00 2.110139522177564885e-04 2.948291899282263367e-04 3.185193441560771332e-02 4.020440140089575481e-03 9.788473223678879464e-04 1.028185517335581875e-02 3.455819533205669344e-04 2.433276217459231887e-04 2.433276217459231887e-04
0.000000000000000000e+00 2.110139522177564885e-04 2.948291899282263367e-04 2.227964007577586170e+00 3.841686440274178604e+00 5.646228264355853455e+00 3.224213749856816413e+00 8.129145312872323448e-01 9.231354346894629984e-03 7.915268275824331734e-03
0.000000000000000000e+00 2.110139522177564885e-04 2.948291899282263367e-04 1.324591871363184521e-02 2.770950823550151210e-01 4.406082044695489586e-01 6.374038840683301510e-01 1.035506238303451065e-01 4.339885877288206240e-02 1.497645284917316875e-03
0.000000000000000000e+00 2.110139522177564885e-04 5.614749683689143622e-02 3.524693827900430065e+00 6.244531496638594525e+00 1.818722075813063555e+01 2.827782185879725851e+00 2.271071944014467991e+00 9.703703378049184369e-01 1.752061801442150180e-01
0.000000000000000000e+00 2.110139522177564885e-04 2.948291899282263367e-04 9.227705127918047978e+00 2.313815031986518633e+01 5.216093040930780411e+00 7.754411827305632832e-01 2.161090347939111034e+00 9.558319148389736496e-04 2.262791045507099585e-02
0.000000000000000000e+00 2.110139522177564885e-04 2.948291899282263367e-04 3.528566292015173668e-03 1.156217516699837994e-01 7.522535169894778440e-02 2.621811831447593694e-02 5.510408976642308318e-03 4.842497761741859771e-04 3.619158537072368273e-04
0.000000000000000000e+00 2.110139522177564885e-04 2.948291899282263367e-04 3.566820820504548045e-03 1.063187438189958645e-01 8.578696076396175041e-02 1.727738485249017131e-01 2.430467499888700270e-02 5.198308652891495650e-04 5.198308652891495650e-04
0.000000000000000000e+00 2.110139522177564885e-04 2.948291899282263367e-04 3.528566292015173668e-03 1.063187438189958645e-01 8.578696076396175041e-02 7.563387101704260873e-02 6.404993599164721628e-03 4.271530089748412098e-04 4.271530089748412098e-04
0.000000000000000000e+00 2.110139522177564885e-04 2.948291899282263367e-04 3.566820820504548045e-03 8.762747073813199894e-02 8.576434687427814119e-02 7.560850465192663072e-02 6.448484861154244255e-03 4.223864839361130431e-04 4.223864839361130431e-04
0.000000000000000000e+00 2.110139522177564885e-04 2.948291899282263367e-04 3.674453665493918386e+00 6.986652556101813794e+00 1.855052667712964265e+01 1.375245522320754921e+00 3.082264731115026191e+00 2.571917188831186474e-01 1.641722983012941853e-03
0.000000000000000000e+00 2.110139522177564885e-04 2.948291899282263367e-04 3.528566292015173668e-03 2.360567276636679323e-03 1.025066793005254343e-02 1.023969355379106792e-02 3.714039055358439763e-03 2.487504149313023182e-04 2.395942883845946436e-04
0.000000000000000000e+00 2.110139522177564885e-04 2.948291899282263367e-04 2.122587091189106712e+00 2.575950687107952941e+00 4.105297086129644057e+00 2.334796508676740601e+00 9.525485474500339222e+00 8.511866517073007551e-03 7.400916501491892723e-03
0.000000000000000000e+00 2.110139522177564885e-04 2.948291899282263367e-04 3.528566292015173668e-03 2.270383296408223003e-03 8.480743105193053492e-04 5.675310477188671293e-02 4.010278312929256225e-03 2.469943230828653660e-04 2.469943230828653660e-04
0.000000000000000000e+00 2.110139522177564885e-04 2.948291899282263367e-04 3.724494961868042076e+00 6.986687026520786326e+00 1.800613419983631758e+01 1.375195736394925650e+00 3.082018870983387338e+00 2.571940115606452526e-01 1.642865061566140938e-03
0.000000000000000000e+00 2.110139522177564885e-04 2.948291899282263367e-04 1.328866530911664706e-02 1.210226067716854814e+00 2.098670336556437199e+00 1.783203163510967082e+00 5.089879368275575938e-02 4.177473962111879872e-03 4.177473962111879872e-03
0.000000000000000000e+00 2.110139522177564885e-04 2.948291899282263367e-04 3.566820820504548045e-03 1.234193880780603436e+00 3.133468559564802192e+00 2.541612912655124568e+00 5.994579136427808513e-02 5.035255337757650607e-03 5.035255337757650607e-03
0.000000000000000000e+00 2.110139522177564885e-04 2.948291899282263367e-04 4.119768886208043102e-02 1.138319292217872203e+00 3.060798872701353091e+00 4.599940290428425449e+00 6.973310861635209634e-02 5.985897441286278792e-03 5.985897441286278792e-03
0.000000000000000000e+00 2.110139522177564885e-04 2.948291899282263367e-04 3.528566292015173668e-03 3.143768324856012486e-02 8.470591798125917671e-02 7.520854479979577345e-02 5.488576036976485460e-03 3.576423901116470086e-04 3.576423901116470086e-04
0.000000000000000000e+00 2.110139522177564885e-04 2.948291899282263367e-04 1.641045142110952204e+00 1.759593304151344961e+00 3.486722194040746903e+00 1.385652759638752674e+00 2.230626139769851690e+00 7.116878447863728835e-03 7.116878447863728835e-03
0.000000000000000000e+00 2.110139522177564885e-04 2.948291899282263367e-04 2.227802608006951068e+00 3.841268848151871751e+00 5.646228264355853455e+00 2.049720946023368295e+00 8.637894150930561232e-02 7.823862526787931856e-03 7.823862526787931856e-03
0.000000000000000000e+00 2.110139522177564885e-04 2.948291899282263367e-04 3.824577554616292563e+00 4.253886439932925256e+00 4.062485721541012396e+00 3.391912894747166618e+00 2.627895911617052160e+00 1.898058873963077153e-01 7.953662660712571691e-03
0.000000000000000000e+00 2.110139522177564885e-04 2.948291899282263367e-04 1.670127029317528988e+00 1.759618915675734918e+00 5.094140593715071219e+00 2.622832270359016782e+00 1.423218525694690095e+00 7.198952856431128054e-03 8.465914044282991935e-03
0.000000000000000000e+00 2.110139522177564885e-04 2.948291899282263367e-04 1.582881367697798414e+00 1.819242331829867609e+00 3.591732283468941134e+00 3.630483837041726503e+00 1.255480712294381851e+00 1.749572298080497301e-01 7.181451070268725020e-03
0.000000000000000000e+00 2.110139522177564885e-04 2.948291899282263367e-04 2.192838368781426350e+00 5.829720749982117312e+00 4.062573303010474035e+00 3.669234744136808501e+00 1.146332910494802171e+01 1.424331521381952403e-01 6.123212017336289795e-03
0.000000000000000000e+00 2.110139522177564885e-04 2.948291899282263367e-04 3.566820820504548045e-03 3.086346847121619174e-03 8.480743105193053492e-04 7.537172288696805666e-02 2.744492154837224925e-03 2.505961851431170485e-04 2.505961851431170485e-04
0.000000000000000000e+00 2.110139522177564885e-04 2.948291899282263367e-04 3.874618850990418029e+00 6.615673781269175713e+00 5.571855726832282585e+00 1.311320277341691654e+00 8.573748816567970721e+00 6.951853869793588742e-03 1.415919631157229741e-01
0.000000000000000000e+00 2.110139522177564885e-04 2.948291899282263367e-04 1.328866530911664706e-02 1.210226067716854814e+00 3.278696490228188321e+00 2.226497501811601332e+00 1.173279349242719816e+00 5.946809676594026414e-03 1.500056519990513315e-01
0.000000000000000000e+00 2.110139522177564885e-04 2.948291899282263367e-04 5.050069671306837288e-02 3.502004876638114064e-03 9.948877526867220492e-04 9.993702636559534825e-04 9.566992340215815446e-03 3.492282060480306725e-04 2.469943230828653660e-04
0.000000000000000000e+00 2.110139522177564885e-04 2.948291899282263367e-04 1.324591871363184521e-02 1.631355474477789724e-01 1.126575389260617149e-01 7.309150971687228271e-02 7.655125667028372244e-03 5.145576393881573420e-04 5.145576393881573420e-04
0.000000000000000000e+00 2.110139522177564885e-04 2.948291899282263367e-04 3.566820820504548045e-03 2.053648601896345682e-01 1.442685991446181482e-01 1.025067043734977645e-01 7.556478177395090090e-03 5.275788430121546675e-04 5.275788430121546675e-04
0.000000000000000000e+00 2.110139522177564885e-04 2.948291899282263367e-04 5.159676514896091248e+00 2.531572378982314220e+01 6.254006887860779962e+00 1.249699507867068293e+00 1.267822527466870186e+00 6.618144613779380903e-02 8.961345737250833200e-04
0.000000000000000000e+00 2.110139522177564885e-04 2.948291899282263367e-04 4.742036767526540686e+00 6.120919629995588807e+00 1.746143527432492348e+01 5.112106713606891617e+00 3.291574400423102009e+00 9.335215638810380190e-01 8.961345737250833200e-04
0.000000000000000000e+00 2.110139522177564885e-04 9.632457581951780687e-03 6.566124743692868471e+00 2.404538811076565707e+01 4.385276716786514761e+00 1.118475917314589507e+00 2.576013120509303089e+00 2.119727735317304407e-01 2.263861235304421779e-02
0.000000000000000000e+00 2.110139522177564885e-04 2.948291899282263367e-04 3.566820820504548045e-03 3.086346847121619174e-03 1.955367578104047488e-02 5.678655278832606818e-02 3.735619737779518387e-03 2.505961851431170485e-04 2.505961851431170485e-04
0.000000000000000000e+00 2.110139522177564885e-04 2.948291899282263367e-04 3.189468101109250997e-02 1.162288761519687741e+00 3.278696490228188321e+00 2.331584163832518986e+00 4.310565462437828677e-01 5.062643472219879003e-03 1.287662284320547912e-01
0.000000000000000000e+00 2.110139522177564885e-04 2.948291899282263367e-04 1.670127029317528988e+00 4.371660116112004779e+00 2.199646770027014497e+01 7.523045826762377875e-01 1.189115684555694719e+00 1.644141142374175857e-01 3.631674039020202967e-03
0.000000000000000000e+00 2.110139522177564885e-04 6.545050468787938502e-02 2.406765004851537437e+00 5.724214917765924504e+00 1.963835178608857390e+01 3.970285993207376407e+00 2.666353152482535016e+00 1.069790341768749320e+00 1.833525510646102571e-02
0.000000000000000000e+00 2.110139522177564885e-04 2.948291899282263367e-04 3.528566292015173668e-03 3.139760980535550444e-02 8.470591798125917671e-02 6.465252230238273390e-02 5.305755497960363588e-03 3.554782541688216780e-04 3.554782541688216780e-04
0.000000000000000000e+00 2.110139522177564885e-04 2.948291899282263367e-04 1.328866530911664706e-02 8.648533008436580793e-01 1.658680518997539322e+00 1.247039758452842539e+00 2.194301143506903196e-01 3.435199114746509061e-03 3.435199114746509061e-03
0.000000000000000000e+00 2.110139522177564885e-04 2.948291899282263367e-04 1.234193880780603436e+00 4.724875169466070446e+00 1.927375962656310548e+01 1.794232722880714448e+00 4.096192927521707716e+00 4.393966508524865255e-01 2.819406665937338255e-03
0.000000000000000000e+00 2.110139522177564885e-04 2.948291899282263367e-04 2.254892656461977840e-02 2.894644150139752958e-01 1.891154565941342014e+00 1.900172618480908904e+00 3.957669807137518814e-01 3.467036579611369046e-03 3.467036579611369046e-03
0.000000000000000000e+00 2.110139522177564885e-04 2.948291899282263367e-04 3.528566292015173668e-03 3.121984819287207478e-03 1.955367578104047488e-02 5.678655278832606818e-02 3.412394040428207674e-03 2.505961851431170485e-04 2.505961851431170485e-04
0.000000000000000000e+00 2.110139522177564885e-04 2.948291899282263367e-04 3.528566292015173668e-03 3.086346847121619174e-03 8.480743105193053492e-04 7.536754499887554637e-02 3.067983282706268373e-03 2.505961851431170485e-04 2.505961851431170485e-04
0.000000000000000000e+00 2.110139522177564885e-04 2.948291899282263367e-04 2.157712729985266531e+00 4.018347619992013620e+00 5.358110579710937849e+00 2.217333978424418817e+00 8.980630662925806362e+00 1.745315401186364468e-01 7.441379241405285221e-03
0.000000000000000000e+00 2.110139522177564885e-04 9.632457581951780687e-03 3.997468780175705838e-03 1.186227785858481987e+00 2.098618353658392444e+00 1.871503043942010835e+00 4.712454417664244111e-01 1.092987220902590373e-01 4.220508231554010760e-03
0.000000000000000000e+00 2.110139522177564885e-04 2.948291899282263367e-04 2.254892656461977840e-02 1.186257690585580615e+00 3.278696490228188321e+00 4.229085528424155527e+00 1.365605311923573373e+00 7.067534848839339412e-03 7.067534848839339412e-03
0.000000000000000000e+00 2.110139522177564885e-04 2.948291899282263367e-04 3.528566292015173668e-03 3.121984819287207478e-03 8.480743105193053492e-04 7.537172288696805666e-02 4.031127403592036328e-03 2.505961851431170485e-04 2.505961851431170485e-04
0.000000000000000000e+00 2.110139522177564885e-04 2.948291899282263367e-04 3.874618850990418029e+00 4.253913224575393670e+00 4.062573303010474035e+00 4.576725434301723183e+00 2.433842786734720320e+00 9.234337918989888108e-03 7.979035773522463737e-03
0.000000000000000000e+00 2.110139522177564885e-04 2.948291899282263367e-04 3.528566292015173668e-03 6.423740913248149331e-01 1.304990305189280830e+00 1.754887377111619573e+00 9.259163986974476845e-01 4.150689579829547164e-03 4.150689579829547164e-03
0.000000000000000000e+00 2.110139522177564885e-04 2.948291899282263367e-04 3.528566292015173668e-03 3.566820820504548045e-03 3.815969148301633085e-02 7.541319819468940422e-02 1.453787244025088292e-02 2.947252779117725554e-04 2.947252779117725554e-04
0.000000000000000000e+00 2.110139522177564885e-04 2.948291899282263367e-04 2.122425691618471166e+00 5.934726208094670774e+00 1.873064106581465182e+01 1.523600853119379428e+00 1.396911094466120495e+00 2.129137084986456319e-01 4.702372573904673586e-03
0.000000000000000000e+00 2.110139522177564885e-04 2.948291899282263367e-04 2.087461452392946892e+00 4.106641617589705362e+00 5.502076029876953100e+00 3.559611468519792155e+00 1.538907083419160271e+00 9.246865358514197442e-03 1.894434402772962323e-01
0.000000000000000000e+00 2.110139522177564885e-04 2.948291899282263367e-04 6.929436471989293800e+00 2.404548694208531856e+01 4.489345411594082513e+00 1.455187670256554044e+00 1.568199143261623352e+00 1.881241740598345591e-01 7.356680498723839777e-04
0.000000000000000000e+00 2.110139522177564885e-04 2.948291899282263367e-04 3.566820820504548045e-03 1.307730598268790588e-02 1.032911964308609876e-01 4.350686350925263984e-02 4.141927155744618699e-03 3.004757041738715826e-04 3.004757041738715826e-04
0.000000000000000000e+00 2.110139522177564885e-04 2.948291899282263367e-04 3.528566292015173668e-03 3.086346847121619174e-03 8.480743105193053492e-04 3.814708906991085696e-02 3.988648219631359126e-03 2.433276217459231887e-04 2.433276217459231887e-04
0.000000000000000000e+00 2.110139522177564885e-04 2.948291899282263367e-04 3.566820820504548045e-03 3.566820820504548045e-03 8.480743105193053492e-04 8.480743105193053492e-04 2.948291899282263367e-04 9.538800276441742818e-03 2.377020460513788378e-04
0.000000000000000000e+00 2.110139522177564885e-04 2.948291899282263367e-04 3.528566292015173668e-03 1.234193880780603436e+00 2.098670336556437199e+00 1.606475323884775985e+00 9.961774790877366836e-01 4.987816997439669005e-03 4.987816997439669005e-03
0.000000000000000000e+00 2.110139522177564885e-04 2.948291899282263367e-04 3.528566292015173668e-03 3.566820820504548045e-03 2.885668363202840980e-02 8.470591798125917671e-02 2.582111064107547524e-02 2.966586583774235338e-04 2.966586583774235338e-04
0.000000000000000000e+00 2.110139522177564885e-04 2.948291899282263367e-04 6.783874885818753420e+00 2.368244366361370723e+01 4.281626298943588260e+00 1.214586648627477006e+00 1.978387769627631521e+00 1.533231415165747513e-01 6.112774144664223598e-04
0.000000000000000000e+00 2.110139522177564885e-04 2.948291899282263367e-04 1.328866530911664706e-02 1.948053904546860893e-01 1.300159744544763518e-01 8.575325450370244185e-02 7.612202765801850957e-03 5.224348973519079556e-04 5.224348973519079556e-04
0.000000000000000000e+00 2.110139522177564885e-04 2.948291899282263367e-04 1.328866530911664706e-02 1.210226067716854814e+00 2.098670336556437199e+00 3.381711690760998312e+00 3.067832031888251265e-01 1.287571876094555923e-01 5.062643472219879003e-03
0.000000000000000000e+00 2.110139522177564885e-04 2.948291899282263367e-04 3.774536258242167541e+00 4.253858831182299127e+00 4.062397618344674832e+00 3.391826782257874928e+00 3.171627273925976098e+00 9.226285308542423250e-03 7.960156857485080686e-03
0.000000000000000000e+00 2.110139522177564885e-04 2.948291899282263367e-04 3.566820820504548045e-03 2.211440407143783812e-03 1.025066793005254343e-02 5.677615717592143091e-02 3.562241275496549030e-03 2.488032508368130950e-04 2.488032508368130950e-04
0.000000000000000000e+00 2.110139522177564885e-04 2.948291899282263367e-04 1.324591871363184521e-02 2.647411441793734443e-01 9.924278038922987877e-01 1.740714235489635442e+00 3.498649889508723132e-02 2.746045194578721534e-03 2.746045194578721534e-03
0.000000000000000000e+00 2.110139522177564885e-04 2.948291899282263367e-04 1.234193880780603436e+00 4.813239089279167437e+00 1.927387796603309766e+01 1.929763528758755120e+00 4.096106360465787688e+00 4.393936447453667404e-01 2.175183988836737557e-03
0.000000000000000000e+00 2.110139522177564885e-04 2.948291899282263367e-04 1.611963254904375198e+00 1.759567108389437973e+00 3.591732283468941134e+00 1.901777729172239528e+00 2.086545800241581095e+00 7.126422437151037903e-03 7.126422437151037903e-03
0.000000000000000000e+00 2.110139522177564885e-04 2.948291899282263367e-04 4.115494226659564825e-02 1.631743481375718119e-01 7.563387101704260873e-02 7.308281922573697797e-02 7.576396489430537763e-03 6.782215865773058355e-04 5.145576393881573420e-04
0.000000000000000000e+00 2.110139522177564885e-04 2.948291899282263367e-04 2.951387212022420048e+00 5.094401417591938319e+00 1.981984992412154867e+01 1.271338031137040137e+00 3.242773844101961789e+00 2.415628235193775005e-03 2.171244135182015447e-03
0.000000000000000000e+00 2.110139522177564885e-04 2.948291899282263367e-04 3.528566292015173668e-03 3.340486718947844116e-03 1.125837542909196853e-01 4.349005661010060808e-02 4.667928920356168888e-03 3.004757041738715826e-04 3.004757041738715826e-04
0.000000000000000000e+00 2.110139522177564885e-04 2.948291899282263367e-04 2.227964007577586170e+00 3.841686440274178604e+00 5.646228264355853455e+00 3.224213749856816413e+00 6.306141912766942692e-01 9.227212906409791235e-03 7.907496092899779852e-03
0.000000000000000000e+00 2.110139522177564885e-04 2.948291899282263367e-04 3.528566292015173668e-03 2.270383296408223003e-03 3.815969148301633085e-02 5.679384618958058240e-02 4.410275455440010317e-03 2.888232524900767074e-04 2.888232524900767074e-04
0.000000000000000000e+00 2.110139522177564885e-04 2.948291899282263367e-04 3.528566292015173668e-03 3.566820820504548045e-03 4.746269933400427271e-02 1.957813782820321674e-02 3.021974597570522766e-03 2.488032508368130950e-04 2.488032508368130950e-04
0.000000000000000000e+00 2.110139522177564885e-04 2.948291899282263367e-04 3.566820820504548045e-03 3.566820820504548045e-03 1.955367578104047488e-02 1.957452138437433889e-02 4.031609416350501185e-03 2.433276217459231887e-04 2.433276217459231887e-04
0.000000000000000000e+00 2.110139522177564885e-04 2.948291899282263367e-04 3.566820820504548045e-03 3.086346847121619174e-03 8.480743105193053492e-04 1.125837542909196853e-01 4.626223864846702553e-03 2.927750565721865526e-04 2.927750565721865526e-04
0.000000000000000000e+00 2.110139522177564885e-04 2.948291899282263367e-04 1.328866530911664706e-02 1.210226067716854814e+00 3.278696490228188321e+00 2.226497501811601332e+00 1.173279349242719816e+00 5.946809676594026414e-03 5.946809676594026414e-03
0.000000000000000000e+00 2.110139522177564885e-04 2.948291899282263367e-04 9.227705127918047978e+00 2.313815031986518633e+01 5.216093040930780411e+00 7.754411827305632832e-01 2.161090347939111034e+00 9.558319148389736496e-04 2.262791045507099585e-02
0.000000000000000000e+00 2.110139522177564885e-04 2.948291899282263367e-04 1.234193880780603436e+00 4.901603009092262653e+00 1.891099935370945317e+01 1.794232722880714448e+00 4.096192927521707716e+00 3.770769509288530164e-01 2.819872280697389554e-03
0.000000000000000000e+00 2.110139522177564885e-04 2.948291899282263367e-04 5.159676514896091248e+00 2.513337386072889146e+01 6.253980300220681521e+00 1.249696446366675540e+00 1.267823015428279909e+00 4.444515313898975140e-02 2.263628447510602701e-02
0.000000000000000000e+00 2.110139522177564885e-04 2.948291899282263367e-04 3.566820820504548045e-03 3.157847106268249493e-03 1.025066793005254343e-02 1.956412577196970509e-02 3.350111823022334438e-04 2.414694001053035045e-04 2.414694001053035045e-04
0.000000000000000000e+00 2.110139522177564885e-04 2.948291899282263367e-04 1.324591871363184521e-02 6.256791971553454790e-01 1.858571325802301999e+00 1.464770898465499238e+00 9.263526235804186992e-01 4.168626998908236438e-03 4.168626998908236438e-03
0.000000000000000000e+00 2.110139522177564885e-04 2.948291899282263367e-04 3.566820820504548045e-03 1.210195598922230609e+00 3.206019299482053331e+00 4.476322510495329254e+00 1.365605311923573373e+00 1.748522211107610136e-01 7.077621595838734340e-03
0.000000000000000000e+00 2.110139522177564885e-04 2.948291899282263367e-04 1.582881367697798414e+00 3.084063580689483608e+00 4.229085528424155527e+00 2.190899991310552686e+00 9.343961583601721799e+00 8.511866517073007551e-03 7.400916501491892723e-03
0.000000000000000000e+00 2.110139522177564885e-04 2.948291899282263367e-04 9.316069047731144082e+00 2.749411715125586753e+01 4.752073278577067406e+00 7.391423394284128978e-01 3.053089891117033439e-01 2.263033882894498888e-02 8.913350253510659085e-04
0.000000000000000000e+00 2.110139522177564885e-04 2.948291899282263367e-04 1.328866530911664706e-02 1.063305551410428373e-01 1.496610631349629683e-01 1.015739999229203910e-01 7.588557645626122991e-03 5.172051836286385186e-04 5.172051836286385186e-04
0.000000000000000000e+00 2.110139522177564885e-04 2.948291899282263367e-04 3.528566292015173668e-03 3.086346847121619174e-03 1.125795764028271612e-01 5.407969290581769728e-02 5.465929724655061231e-03 3.532955704160820423e-04 3.532955704160820423e-04
0.000000000000000000e+00 2.110139522177564885e-04 2.948291899282263367e-04 3.528566292015173668e-03 2.300208623118810657e-03 1.025066793005254343e-02 1.026111792098177017e-02 4.009061439709705674e-03 2.487504149313023182e-04 2.395942883845946436e-04
0.000000000000000000e+00 2.110139522177564885e-04 2.948291899282263367e-04 3.528566292015173668e-03 2.240793918937820407e-03 8.480743105193053492e-04 5.675310477188671293e-02 3.552273388652758736e-03 2.469943230828653660e-04 2.469943230828653660e-04
0.000000000000000000e+00 2.110139522177564885e-04 2.948291899282263367e-04 1.328866530911664706e-02 2.894490205306567976e-01 9.634041350323814257e-01 8.585862865179596515e-01 3.868248912877790269e-01 2.226988762370240779e-03 2.226988762370240779e-03
0.000000000000000000e+00 2.110139522177564885e-04 2.948291899282263367e-04 1.601076038520901079e+01 4.764038123314931994e+01 1.358705605641520875e-01 4.889274290988551014e-02 9.558319148389736496e-04 2.262791045507099585e-02 1.092801686515678522e-03
0.000000000000000000e+00 2.110139522177564885e-04 2.948291899282263367e-04 1.601076038520901079e+01 4.727738495708334909e+01 1.793545911515774249e-01 4.889274290988551014e-02 9.558319148389736496e-04 2.262791045507099585e-02 1.092801686515678522e-03
0.000000000000000000e+00 2.110139522177564885e-04 2.948291899282263367e-04 1.670127029317528988e+00 6.460030324758109010e+00 1.963835178608857390e+01 1.582732130287632266e+00 1.078331090577466789e+00 8.423904073589989772e-02 3.631816616348418000e-03
0.000000000000000000e+00 2.110139522177564885e-04 2.948291899282263367e-04 7.002050437320986198e+00 7.128535796046562290e+00 5.484216124466628095e+00 2.389167669435139807e+00 7.216984964548188053e+00 5.316302813302979831e-03 4.693394332185295802e-03
0.000000000000000000e+00 2.110139522177564885e-04 2.948291899282263367e-04 9.404432967544240185e+00 3.039809779372019349e+01 4.485326216574934577e+00 7.011428903276676339e-01 2.269517697136740758e-02 2.262791045507099585e-02 1.092801686515678522e-03
0.000000000000000000e+00 2.110139522177564885e-04 2.948291899282263367e-04 1.324591871363184521e-02 1.948540356374741656e-01 5.002811615171390835e-01 6.725236995924118721e-01 1.873630089151892553e-01 1.794274654062986930e-03 1.794274654062986930e-03
0.000000000000000000e+00 2.110139522177564885e-04 2.948291899282263367e-04 3.528566292015173668e-03 2.484115560665806164e-03 1.025066793005254343e-02 1.023969355379106792e-02 3.714039055358439763e-03 2.395942883845946436e-04 2.395942883845946436e-04
0.000000000000000000e+00 2.110139522177564885e-04 2.948291899282263367e-04 1.611963254904375198e+00 4.548311276664001923e+00 2.145197328617119936e+01 1.686485953765518353e+00 1.238691626564816906e+00 3.770866474034115789e-01 2.822377015892833969e-03
0.000000000000000000e+00 2.110139522177564885e-04 2.948291899282263367e-04 3.566820820504548045e-03 3.566820820504548045e-03 5.676570718499220070e-02 7.515715776666910541e-02 4.686208208414921472e-03 2.947252779117725554e-04 2.947252779117725554e-04
0.000000000000000000e+00 2.110139522177564885e-04 2.948291899282263367e-04 1.328866530911664706e-02 5.922469624488237994e-01 2.058643182918935999e+00 2.577808715349918955e+00 1.101765413891915069e+00 5.016550922191595485e-03 5.016550922191595485e-03
0.000000000000000000e+00 2.110139522177564885e-04 4.684448898590350824e-02 3.624487167094756934e+00 5.748586014865224136e+00 1.818690533612743465e+01 3.015077949244814537e+00 2.271347584586512092e+00 9.762349969406254324e-01 1.752065730588548143e-01
0.000000000000000000e+00 2.110139522177564885e-04 2.948291899282263367e-04 2.867574826937576038e+00 3.223291854377724253e+00 2.992711658715009548e+00 2.190737666354280133e+00 1.079599739176052609e+01 1.745299382735852611e-01 7.430145473689043698e-03
0.000000000000000000e+00 2.110139522177564885e-04 2.948291899282263367e-04 9.316069047731144082e+00 2.894610225551972249e+01 3.667618767369072330e+00 9.372090555044431115e-01 1.096540126170636870e-01 2.262912820916009732e-02 8.901172712619649869e-04
0.000000000000000000e+00 2.110139522177564885e-04 2.948291899282263367e-04 3.528566292015173668e-03 3.121984819287207478e-03 8.480743105193053492e-04 8.467473073795588057e-02 4.399157519776843855e-03 2.868212366135504594e-04 2.868212366135504594e-04
0.000000000000000000e+00 2.110139522177564885e-04 2.948291899282263367e-04 1.324591871363184521e-02 1.631355474477789724e-01 8.427995004497156328e-01 1.258659862046512368e+00 3.271547241022629837e-01 2.233246708589746270e-03 2.233246708589746270e-03
0.000000000000000000e+00 2.110139522177564885e-04 2.948291899282263367e-04 1.524717593284644623e+00 1.938308584604665930e+00 3.591732283468941134e+00 3.918601521686641664e+00 1.254678167486928064e+00 7.190254032861316189e-03 7.190254032861316189e-03
0.000000000000000000e+00 2.110139522177564885e-04 2.948291899282263367e-04 3.566820820504548045e-03 1.156217516699837994e-01 1.620215142151886500e-01 1.608101095630513552e-02 6.217381618803482536e-03 1.468213113385075271e-02 4.318402700316267915e-04
0.000000000000000000e+00 2.110139522177564885e-04 2.948291899282263367e-04 2.157712729985266531e+00 4.018347619992013620e+00 5.358110579710937849e+00 2.217333978424418817e+00 8.980630662925806362e+00 8.518969500640872008e-03 7.437720022525148508e-03
0.000000000000000000e+00 2.110139522177564885e-04 2.948291899282263367e-04 3.528566292015173668e-03 3.566820820504548045e-03 1.125837542909196853e-01 7.522535169894778440e-02 5.546413822141509423e-03 3.645932230155358045e-04 1.271158056575331582e-02
0.000000000000000000e+00 2.110139522177564885e-04 2.948291899282263367e-04 1.324591871363184521e-02 1.631355474477789724e-01 8.427995004497156328e-01 4.268616265352540573e-01 1.973823874550099250e-02 1.482584006818539772e-03 1.482584006818539772e-03
0.000000000000000000e+00 2.110139522177564885e-04 2.948291899282263367e-04 1.328866530911664706e-02 1.948053904546860893e-01 1.727738485249017131e-01 8.580120444443434247e-02 9.108692826063594095e-03 6.315296495871500519e-04 6.315296495871500519e-04
0.000000000000000000e+00 2.110139522177564885e-04 2.948291899282263367e-04 1.324591871363184521e-02 2.894490205306567976e-01 9.634041350323814257e-01 8.585862865179596515e-01 2.374694002978658749e-02 1.834209324272339505e-03 1.834209324272339505e-03
0.000000000000000000e+00 2.110139522177564885e-04 2.948291899282263367e-04 3.528566292015173668e-03 2.270383296408223003e-03 8.480743105193053492e-04 5.675310477188671293e-02 3.840377397729070885e-03 2.469943230828653660e-04 2.469943230828653660e-04
0.000000000000000000e+00 2.110139522177564885e-04 2.948291899282263367e-04 3.528566292015173668e-03 2.240793918937820407e-03 8.480743105193053492e-04 5.675310477188671293e-02 3.552273388652758736e-03 2.469943230828653660e-04 2.469943230828653660e-04
0.000000000000000000e+00 2.110139522177564885e-04 2.948291899282263367e-04 2.909481019479997599e+00 3.134956209063519683e+00 5.213864416736498697e+00 3.559349692656054387e+00 8.254456044508438950e+00 8.519335341829997743e-03 7.441379241405285221e-03
0.000000000000000000e+00 2.110139522177564885e-04 2.948291899282263367e-04 2.227964007577586170e+00 3.841686440274178604e+00 5.646228264355853455e+00 3.224213749856816413e+00 8.611977717775261276e-02 7.883540351985938305e-03 1.907122866283884333e-01
0.000000000000000000e+00 2.110139522177564885e-04 2.948291899282263367e-04 1.641045142110952204e+00 1.074533361464151016e+00 4.326791213996616925e+00 3.774542679364187414e+00 1.591027019013410593e+00 8.465914044282991935e-03 7.198952856431128054e-03
0.000000000000000000e+00 2.110139522177564885e-04 2.948291899282263367e-04 2.259167316010457852e-02 1.162259408727207566e+00 2.158320364151434578e+00 3.381711690760998312e+00 2.518810109625244653e+00 6.032549697208685648e-03 6.032549697208685648e-03
0.000000000000000000e+00 2.110139522177564885e-04 2.948291899282263367e-04 3.528566292015173668e-03 3.528566292015173668e-03 1.955367578104047488e-02 7.538826844980761610e-02 3.899389656116788571e-03 2.888232524900767074e-04 2.888232524900767074e-04
0.000000000000000000e+00 2.110139522177564885e-04 2.948291899282263367e-04 1.611963254904375198e+00 4.371583437037811493e+00 2.992711658715009548e+00 1.758561139386908279e+00 1.678550593188986539e+01 1.043382128280809784e+00 4.701243527660214049e-03
0.000000000000000000e+00 2.110139522177564885e-04 2.948291899282263367e-04 3.528566292015173668e-03 2.894333356742449515e-01 1.974883483744169999e+00 1.900172618480908904e+00 2.194518390094721549e-01 3.451259373660781060e-03 3.451259373660781060e-03
0.000000000000000000e+00 2.110139522177564885e-04 2.948291899282263367e-04 3.874618850990418029e+00 4.148826562554477348e+00 4.062485721541012396e+00 5.484123591590058133e+00 1.350147653067731213e+00 1.898145407724259326e-01 7.972843060909774043e-03
0.000000000000000000e+00 2.110139522177564885e-04 2.948291899282263367e-04 2.227964007577586170e+00 3.753322520461082945e+00 5.790193714521868706e+00 2.385290318547211186e+00 2.686129746656447104e-01 3.708463688163924910e-01 9.204901171089973494e-03
0.000000000000000000e+00 2.110139522177564885e-04 2.948291899282263367e-04 3.528566292015173668e-03 1.948406121195161989e-01 3.363487378965582253e-01 5.566491601513791077e-01 1.218379143795103592e-01 1.229757060097665285e-03 1.229757060097665285e-03
0.000000000000000000e+00 2.110139522177564885e-04 2.948291899282263367e-04 3.528566292015173668e-03 3.566820820504548045e-03 8.443354598050361540e-04 8.291764845553750360e-04 9.649731917072577533e-03 2.377020460513788378e-04 2.377020460513788378e-04
0.000000000000000000e+00 2.110139522177564885e-04 2.948291899282263367e-04 1.328866530911664706e-02 1.948540356374741656e-01 3.196497385533980107e-01 1.421999816683510720e-01 5.910325812379096239e-02 7.992592202041653125e-04 7.992592202041653125e-04
0.000000000000000000e+00 2.110139522177564885e-04 2.948291899282263367e-04 1.328866530911664706e-02 3.018029587062984742e-01 3.809181525969799753e-01 1.053752500519906432e+00 2.741154967376814855e-01 1.834209324272339505e-03 6.243233471462137502e-02
0.000000000000000000e+00 2.110139522177564885e-04 2.948291899282263367e-04 3.566820820504548045e-03 1.328866530911664706e-02 1.032911964308609876e-01 4.350686350925263984e-02 4.717320389921356161e-03 3.004757041738715826e-04 3.004757041738715826e-04
0.000000000000000000e+00 2.110139522177564885e-04 2.948291899282263367e-04 2.227964007577586170e+00 5.724673246140088878e+00 4.062573303010474035e+00 3.224213749856816413e+00 1.170280281326614258e+01 6.942755535091010670e-03 1.416121654079774694e-01
0.000000000000000000e+00 2.110139522177564885e-04 2.948291899282263367e-04 3.566820820504548045e-03 3.566820820504548045e-03 2.885668363202840980e-02 1.958486302434375714e-02 4.042573643504542881e-03 2.451691870160407796e-04 2.451691870160407796e-04
0.000000000000000000e+00 2.110139522177564885e-04 9.632457581951780687e-03 3.954665997645479686e-03 3.018029587062984742e-01 4.008076794691323719e-01 3.532615144955789654e-01 1.218379143795103592e-01 1.229757060097665285e-03 1.557317908390906018e-03
0.000000000000000000e+00 2.110139522177564885e-04 2.948291899282263367e-04 3.528566292015173668e-03 3.415074495009799357e-03 1.955367578104047488e-02 5.678655278832606818e-02 3.412394040428207674e-03 2.505961851431170485e-04 2.505961851431170485e-04
0.000000000000000000e+00 2.110139522177564885e-04 2.948291899282263367e-04 3.566820820504548045e-03 3.566820820504548045e-03 2.885668363202840980e-02 2.888787087533168860e-02 4.053337044326792843e-03 2.469943230828653660e-04 2.469943230828653660e-04
0.000000000000000000e+00 2.110139522177564885e-04 2.948291899282263367e-04 2.909481019479997599e+00 3.311684048689711002e+00 5.214051737388484042e+00 3.559524783748452492e+00 8.254378182222271931e+00 8.519816690057156749e-03 7.448442913582971857e-03
0.000000000000000000e+00 2.110139522177564885e-04 2.948291899282263367e-04 2.227964007577586170e+00 3.753322520461082945e+00 5.790193714521868706e+00 2.553075004809129300e+00 2.685758325339517305e-01 7.858617310956064750e-03 9.200114705128662612e-03
0.000000000000000000e+00 2.110139522177564885e-04 2.948291899282263367e-04 3.528566292015173668e-03 3.135778701730351781e-02 8.470591798125917671e-02 7.520854479979577345e-02 5.488576036976485460e-03 3.576423901116470086e-04 3.576423901116470086e-04
0.000000000000000000e+00 2.110139522177564885e-04 2.948291899282263367e-04 3.566820820504548045e-03 1.186197317063857115e+00 3.351183681184509044e+00 2.436598739227552546e+00 5.547601312036176679e-01 1.287751812660749284e-01 5.080461571219746508e-03
0.000000000000000000e+00 2.110139522177564885e-04 7.475351253886731995e-02 1.947130579411097129e+00 5.514499922098255347e+00 2.000101703180540369e+01 4.177873094017522604e+00 2.714611347309964451e+00 8.370698049704917709e-01 5.353262697499007461e-02
0.000000000000000000e+00 2.110139522177564885e-04 2.948291899282263367e-04 3.824577554616292563e+00 6.739345836477931506e+00 5.404071040570356921e+00 1.855733074227813084e+00 9.476586347252135667e+00 1.424373598168336974e-01 6.117048878813876635e-03
0.000000000000000000e+00 2.110139522177564885e-04 4.684448898590350824e-02 3.624487167094756934e+00 5.748586014865224136e+00 1.818690533612743465e+01 3.015077949244814537e+00 2.271347584586512092e+00 9.762349969406254324e-01 1.752065730588548143e-01
0.000000000000000000e+00 2.110139522177564885e-04 2.948291899282263367e-04 1.670127029317528988e+00 4.283296196298908676e+00 5.502076029876953100e+00 2.720688037210188259e+00 2.991085045160370104e+00 9.210852320335452884e-03 7.926670202657252334e-03
0.000000000000000000e+00 2.110139522177564885e-04 2.948291899282263367e-04 2.259167316010457852e-02 1.186257690585580615e+00 3.278696490228188321e+00 4.105381943464320393e+00 1.222214243512647069e+00 1.501093774020006988e-01 6.059384716108813865e-03
0.000000000000000000e+00 2.110139522177564885e-04 2.948291899282263367e-04 2.122587091189106712e+00 1.520884271297807899e+00 3.486722194040746903e+00 3.054248467751897511e+00 9.525602096888894366e+00 9.251477682917287962e-03 8.025013633020947404e-03
0.000000000000000000e+00 2.110139522177564885e-04 4.684448898590350824e-02 3.524635931084779905e+00 6.244498996782161804e+00 1.836861439955907471e+01 2.828412406593582062e+00 2.271317073913507567e+00 9.703344430743773286e-01 1.752061801442150180e-01
0.000000000000000000e+00 2.110139522177564885e-04 2.948291899282263367e-04 1.641045142110952204e+00 4.459986128747957856e+00 5.646228264355853455e+00 2.888644377332972635e+00 2.445673170748988490e+00 9.210852320335452884e-03 7.926670202657252334e-03
0.000000000000000000e+00 2.110139522177564885e-04 2.948291899282263367e-04 3.874618850990418029e+00 6.368266611349508999e+00 5.403881981423263703e+00 1.129575496461420414e+00 8.393334909285098178e+00 1.745323570412906644e-01 6.092222079389997616e-03
0.000000000000000000e+00 2.110139522177564885e-04 2.948291899282263367e-04 3.528566292015173668e-03 3.528566292015173668e-03 1.125837542909196853e-01 5.406288600666565858e-02 5.465929724655061231e-03 3.532955704160820423e-04 3.532955704160820423e-04
0.000000000000000000e+00 2.110139522177564885e-04 2.948291899282263367e-04 1.670127029317528988e+00 1.759618915675734918e+00 4.970437008755235198e+00 2.766808681212272081e+00 2.093601598796540397e+00 1.906780108071922386e-01 7.832715785486679683e-03
0.000000000000000000e+00 2.110139522177564885e-04 2.948291899282263367e-04 3.566820820504548045e-03 2.053165468626294010e-01 3.196497385533980107e-01 6.254450415253150208e-02 2.908474198890021248e-02 6.491738165793811124e-04 6.491738165793811124e-04
0.000000000000000000e+00 2.110139522177564885e-04 2.948291899282263367e-04 1.328866530911664706e-02 6.256791971553454790e-01 1.858571325802301999e+00 1.537384863797191858e+00 4.272399938328318159e-02 3.435199114746509061e-03 3.435199114746509061e-03
0.000000000000000000e+00 2.110139522177564885e-04 2.948291899282263367e-04 2.980788225190484156e-03 3.566820820504548045e-03 1.025066793005254343e-02 7.537793386441600518e-02 3.799745348768126564e-03 2.868212366135504594e-04 2.868212366135504594e-04
0.000000000000000000e+00 2.110139522177564885e-04 2.948291899282263367e-04 3.824577554616292563e+00 6.739345836477931506e+00 5.404071040570356921e+00 1.855733074227813084e+00 8.212488046992341140e+00 1.424422504729042360e-01 1.415941310483218862e-01
0.000000000000000000e+00 2.110139522177564885e-04 2.948291899282263367e-04 2.157551330414630986e+00 3.929983700178917960e+00 1.963687424209906141e+01 1.658862320589586492e+00 1.293325738777401313e+00 5.309161204743373906e-03 4.698403677543094847e-03
0.000000000000000000e+00 2.110139522177564885e-04 2.948291899282263367e-04 3.674453665493918386e+00 6.862948971141981325e+00 1.855042410252281471e+01 1.375220782858355140e+00 3.082302225835432452e+00 2.936732933339090135e-01 1.641722983012941853e-03
0.000000000000000000e+00 2.110139522177564885e-04 2.948291899282263367e-04 2.951387212022420048e+00 3.223347657360033924e+00 4.925934052743565772e+00 3.894919065179898165e+00 8.798872596321213990e+00 8.519917370676857379e-03 7.458405486400229538e-03
0.000000000000000000e+00 2.110139522177564885e-04 2.948291899282263367e-04 3.189468101109250997e-02 2.771255871943887894e-01 1.891154565941342014e+00 1.827558653149215617e+00 7.492118676566806856e-01 4.150689579829547164e-03 4.150689579829547164e-03
0.000000000000000000e+00 2.110139522177564885e-04 2.948291899282263367e-04 1.324591871363184521e-02 2.260348448215157222e-02 2.483786247510068046e-01 2.528528791251689056e-01 9.134293848249394263e-03 6.375079494680861237e-04 6.375079494680861237e-04
0.000000000000000000e+00 2.110139522177564885e-04 2.948291899282263367e-04 3.528566292015173668e-03 3.340486718947844116e-03 3.815969148301633085e-02 5.679384618958058240e-02 4.653338783018354935e-03 2.888232524900767074e-04 2.888232524900767074e-04
0.000000000000000000e+00 2.110139522177564885e-04 2.948291899282263367e-04 3.874618850990418029e+00 4.148826562554477348e+00 1.963813175597956473e+01 1.582522717465971951e+00 2.681641096864245011e+00 1.948141171064769750e-01 2.172873989058441563e-03
0.000000000000000000e+00 2.110139522177564885e-04 2.948291899282263367e-04 4.801738778019581488e+00 6.120948308084989797e+00 1.782453412499771161e+01 5.112185549747060520e+00 2.532993231627193698e+00 8.279517723610511082e-01 8.984912912969966834e-04
0.000000000000000000e+00 2.110139522177564885e-04 2.948291899282263367e-04 1.611963254904375198e+00 2.793640299741389388e+00 3.857718780669419534e+00 2.766642288144566031e+00 2.094404143603985968e+00 8.476298825357331257e-03 8.476298825357331257e-03
0.000000000000000000e+00 2.110139522177564885e-04 2.948291899282263367e-04 1.328866530911664706e-02 1.948053904546860893e-01 1.585212238347599445e-01 8.579606471905058818e-02 7.323336181090132208e-03 5.275788430121546675e-04 5.275788430121546675e-04
0.000000000000000000e+00 2.110139522177564885e-04 2.948291899282263367e-04 1.641045142110952204e+00 6.249811919661462767e+00 4.350515302989589550e+00 2.385290318547211186e+00 9.706516152380695317e+00 8.519786423295084427e-03 7.461558608892972580e-03
0.000000000000000000e+00 2.110139522177564885e-04 2.948291899282263367e-04 3.566820820504548045e-03 1.186197317063857115e+00 3.351183681184509044e+00 2.436598739227552546e+00 5.541903731084949492e-01 5.071596306240035330e-03 5.071596306240035330e-03
0.000000000000000000e+00 2.110139522177564885e-04 2.948291899282263367e-04 3.566820820504548045e-03 2.421869812968675557e-03 2.885668363202840980e-02 2.888787087533168860e-02 4.053337044326792843e-03 2.469943230828653660e-04 2.469943230828653660e-04
0.000000000000000000e+00 2.110139522177564885e-04 2.948291899282263367e-04 1.670127029317528988e+00 4.371660116112004779e+00 2.992872511293117377e+00 1.470605779698266335e+00 1.733000034598880745e+01 9.395719384454338519e-01 1.085087335162327332e-01
0.000000000000000000e+00 2.110139522177564885e-04 2.948291899282263367e-04 3.528566292015173668e-03 3.121984819287207478e-03 8.253369952776891220e-04 8.467473073795588057e-02 4.399157519776843855e-03 2.868212366135504594e-04 2.868212366135504594e-04
0.000000000000000000e+00 2.110139522177564885e-04 2.948291899282263367e-04 1.328866530911664706e-02 6.256791971553454790e-01 1.858571325802301999e+00 1.464770898465499238e+00 9.263526235804186992e-01 1.092552890198254245e-01 1.092641359830290454e-01
0.000000000000000000e+00 2.110139522177564885e-04 2.948291899282263367e-04 2.909481019479997599e+00 3.134956209063519683e+00 3.240118828634676262e+00 2.190899991310552686e+00 1.079594668786557499e+01 8.518519810285920396e-03 7.433975523640549976e-03
0.000000000000000000e+00 2.110139522177564885e-04 2.948291899282263367e-04 1.553799480491221408e+00 4.724958936364967776e+00 1.963699190584138421e+01 1.523411100927325457e+00 4.095680762770139260e+00 4.393936447453667404e-01 2.175183988836737557e-03
0.000000000000000000e+00 2.110139522177564885e-04 2.948291899282263367e-04 3.121984819287207478e-03 3.566820820504548045e-03 1.025066793005254343e-02 1.026111792098177017e-02 3.418497322689662476e-04 2.395942883845946436e-04 2.395942883845946436e-04
0.000000000000000000e+00 2.110139522177564885e-04 2.948291899282263367e-04 1.328866530911664706e-02 2.770382423590058707e-01 9.924569867852313099e-01 1.561658613189036648e+00 3.495766666080983576e-02 2.731268811260671725e-03 2.731268811260671725e-03
0.000000000000000000e+00 2.110139522177564885e-04 2.948291899282263367e-04 3.566820820504548045e-03 1.062334864401078827e-01 8.578696076396175041e-02 1.015025735583313660e-01 6.416375431545287555e-03 4.295064437089658000e-04 4.295064437089658000e-04
0.000000000000000000e+00 2.110139522177564885e-04 2.948291899282263367e-04 3.528566292015173668e-03 3.121984819287207478e-03 1.125837542909196853e-01 1.177156842040544098e-02 4.442452706413930336e-03 2.947252779117725554e-04 2.947252779117725554e-04
0.000000000000000000e+00 2.110139522177564885e-04 2.948291899282263367e-04 3.528566292015173668e-03 3.185193441560771332e-02 8.470591798125917671e-02 7.521977778170260698e-02 1.784251421261815254e-02 3.597881882562314502e-04 3.597881882562314502e-04
0.000000000000000000e+00 2.110139522177564885e-04 2.948291899282263367e-04 3.566820820504548045e-03 2.259167316010457852e-02 2.730727679115992346e-01 4.207261096834731817e-01 3.521844200154960330e-02 7.959269864937089552e-04 7.959269864937089552e-04
0.000000000000000000e+00 2.110139522177564885e-04 2.948291899282263367e-04 2.259167316010457852e-02 1.162259408727207566e+00 1.979214332672308618e+00 2.048101759762106511e+00 1.206852075912832056e+00 1.287295329462525006e-01 1.287388402975925272e-01
0.000000000000000000e+00 2.110139522177564885e-04 2.948291899282263367e-04 1.670127029317528988e+00 6.354943662737190913e+00 4.062573303010474035e+00 3.669234744136808501e+00 8.393376090031386738e+00 8.519917370676857379e-03 7.458405486400229538e-03
0.000000000000000000e+00 2.110139522177564885e-04 2.948291899282263367e-04 3.189468101109250997e-02 3.909803609956210568e-01 5.071599215115439874e-01 4.268616265352540573e-01 1.973823874550099250e-02 1.482584006818539772e-03 1.482584006818539772e-03
0.000000000000000000e+00 2.110139522177564885e-04 2.948291899282263367e-04 3.528566292015173668e-03 3.017872738498865726e-01 4.207261096834731817e-01 9.700081585638528070e-01 7.393429913373068818e-02 1.805922574106956372e-03 2.264713145983220967e-03
0.000000000000000000e+00 2.110139522177564885e-04 2.948291899282263367e-04 2.259167316010457852e-02 8.773613209860098294e-02 8.578696076396175041e-02 3.857205649011760662e-02 1.775995083880736736e-02 4.223864839361130431e-04 4.223864839361130431e-04
0.000000000000000000e+00 2.110139522177564885e-04 2.948291899282263367e-04 1.324591871363184521e-02 2.647411441793734443e-01 4.605139833341909128e-01 1.053820543648696928e+00 1.237710503836678966e-01 5.186433219435294256e-02 1.828645894653435806e-03
0.000000000000000000e+00 2.110139522177564885e-04 2.948291899282263367e-04 4.119768886208043102e-02 1.114321010359499375e+00 3.278633264813746617e+00 4.105297086129644057e+00 9.341062452864226096e-01 6.023413110103104616e-03 6.023413110103104616e-03
0.000000000000000000e+00 2.110139522177564885e-04 2.948291899282263367e-04 1.670127029317528988e+00 6.460030324758109010e+00 3.486424994719273140e+00 3.559524783748452492e+00 8.435876320255257355e+00 8.519932798373677091e-03 7.451847899255606769e-03
0.000000000000000000e+00 2.110139522177564885e-04 2.948291899282263367e-04 4.742036767526540686e+00 6.120919629995588807e+00 1.746143527432492348e+01 5.112106713606891617e+00 3.291574400423102009e+00 9.335215638810380190e-01 8.961345737250833200e-04
0.000000000000000000e+00 2.110139522177564885e-04 2.948291899282263367e-04 3.824577554616292563e+00 6.739345836477931506e+00 5.571855726832282585e+00 1.129822139308705564e+00 8.212621782199875042e+00 6.952970828173908949e-03 6.094659502133684993e-03
0.000000000000000000e+00 2.110139522177564885e-04 2.948291899282263367e-04 3.185193441560771332e-02 3.766619961962440200e-01 5.311349597181077575e-01 8.026051327388831202e-01 1.738123467577931125e-01 1.828645894653435806e-03 1.828645894653435806e-03
0.000000000000000000e+00 2.110139522177564885e-04 2.948291899282263367e-04 3.874618850990418029e+00 4.253913224575393670e+00 4.062573303010474035e+00 4.758223572334699725e+00 1.892041792535814171e+00 9.229069306737600065e-03 7.966550206084676428e-03
0.000000000000000000e+00 2.110139522177564885e-04 2.948291899282263367e-04 1.670127029317528988e+00 4.283296196298908676e+00 3.116495900241566641e+00 1.470605779698266335e+00 1.805599289812071717e+01 9.395666106021048902e-01 3.631818332891465027e-03
0.000000000000000000e+00 2.110139522177564885e-04 2.948291899282263367e-04 3.185193441560771332e-02 3.624751116153375752e-01 1.198881407174863023e+00 1.442453179000858343e+00 6.881850341376731794e-01 9.179098166277914472e-02 3.435199114746509061e-03
0.000000000000000000e+00 2.110139522177564885e-04 2.948291899282263367e-04 3.528566292015173668e-03 3.528566292015173668e-03 6.606871503598013562e-02 1.031808618522795859e-02 4.031127403592036328e-03 2.505961851431170485e-04 2.505961851431170485e-04
0.000000000000000000e+00 2.110139522177564885e-04 2.948291899282263367e-04 3.566820820504548045e-03 1.948406121195161989e-01 3.196326205432973855e-01 2.673365592882540054e-01 1.114500182864361019e-02 8.025643033361913115e-04 8.025643033361913115e-04
0.000000000000000000e+00 2.110139522177564885e-04 2.948291899282263367e-04 4.742036767526540686e+00 5.997216045035753673e+00 1.764283019852569367e+01 5.423526782683379288e+00 2.387071548015261335e+00 9.334517512981804765e-01 9.635270234042374706e-04
0.000000000000000000e+00 2.110139522177564885e-04 2.948291899282263367e-04 3.528566292015173668e-03 3.528566292015173668e-03 2.885668363202840980e-02 3.819087872631962005e-02 3.935283057028587071e-03 2.488032508368130950e-04 2.488032508368130950e-04
0.000000000000000000e+00 2.110139522177564885e-04 2.948291899282263367e-04 6.929436471989293800e+00 2.386398880405234380e+01 4.385512751976023083e+00 1.070398134492446696e+00 2.576817641705361428e+00 2.119704675276589123e-01 2.263628447510602701e-02
0.000000000000000000e+00 2.110139522177564885e-04 2.948291899282263367e-04 2.157551330414630986e+00 5.829680632962772613e+00 2.036412430811149576e+01 4.074144314518320265e+00 2.858115564650713036e+00 1.074317425068520127e+00 7.320400923971376751e-04
0.000000000000000000e+00 2.110139522177564885e-04 2.948291899282263367e-04 2.867574826937576038e+00 3.400019694003915127e+00 5.646228264355853455e+00 3.056429063594897855e+00 1.175950798935979424e+00 3.722316659368551939e-01 7.937951186603606213e-03
0.000000000000000000e+00 2.110139522177564885e-04 2.948291899282263367e-04 2.227964007577586170e+00 3.841686440274178604e+00 5.358110579710937849e+00 2.720688037210188259e+00 8.711483663266704480e-02 7.841459050354899346e-03 9.190213910074152351e-03
0.000000000000000000e+00 2.110139522177564885e-04 2.948291899282263367e-04 3.528566292015173668e-03 2.452874851388446142e-03 1.025066793005254343e-02 1.026111792098177017e-02 4.009061439709705674e-03 2.395942883845946436e-04 2.395942883845946436e-04
0.000000000000000000e+00 2.110139522177564885e-04 2.948291899282263367e-04 3.566820820504548045e-03 1.328866530911664706e-02 1.032911964308609876e-01 2.236120471612252150e-02 4.696769395342777556e-03 2.966586583774235338e-04 2.966586583774235338e-04
0.000000000000000000e+00 2.110139522177564885e-04 2.948291899282263367e-04 3.566820820504548045e-03 6.423740913248149331e-01 5.566491601513791077e-01 4.256644486459245647e-01 7.368154927166775670e-02 1.800122742865291770e-03 2.259801027957773333e-03
0.000000000000000000e+00 2.110139522177564885e-04 2.948291899282263367e-04 1.641045142110952204e+00 6.354898581682379977e+00 1.981962989401254660e+01 1.582705851713452017e+00 9.180443424289795873e-01 4.081950213256254657e-03 3.632033635517780117e-03
0.000000000000000000e+00 2.110139522177564885e-04 2.948291899282263367e-04 1.234193880780603436e+00 4.813239089279167437e+00 1.927387796603309766e+01 1.794273132155650652e+00 4.096149785907948981e+00 4.393951607864690634e-01 2.175584573786164353e-03
0.000000000000000000e+00 2.110139522177564885e-04 2.948291899282263367e-04 1.670127029317528988e+00 1.759618915675734918e+00 5.094140593715071219e+00 2.622832270359016782e+00 1.591003211956607544e+00 1.762558447188415367e-01 7.216039757364749521e-03
0.000000000000000000e+00 2.110139522177564885e-04 2.948291899282263367e-04 1.328866530911664706e-02 1.186227785858481987e+00 3.351247230145439460e+00 2.331584163832518986e+00 1.296981640962627136e+00 1.500253941904195476e-01 1.500351163268195676e-01
0.000000000000000000e+00 2.110139522177564885e-04 2.948291899282263367e-04 2.254892656461977840e-02 8.250503771467920799e-01 6.724920059343324485e-01 1.442502777335422204e+00 3.251152074792081903e-01 2.781895284132095830e-03 2.781895284132095830e-03
0.000000000000000000e+00 2.110139522177564885e-04 2.948291899282263367e-04 3.566820820504548045e-03 1.328866530911664706e-02 1.032911964308609876e-01 4.350686350925263984e-02 4.472940343689957472e-03 3.004757041738715826e-04 3.004757041738715826e-04
0.000000000000000000e+00 2.110139522177564885e-04 2.948291899282263367e-04 3.874618850990418029e+00 4.148826562554477348e+00 1.945663361794657931e+01 1.686302784790284059e+00 2.681319011353062720e+00 1.948141171064769750e-01 2.172873989058441563e-03
0.000000000000000000e+00 2.110139522177564885e-04 2.948291899282263367e-04 3.528566292015173668e-03 3.121984819287207478e-03 8.480743105193053492e-04 1.955367578104047488e-02 3.966204187646947543e-03 2.395942883845946436e-04 2.395942883845946436e-04
0.000000000000000000e+00 2.110139522177564885e-04 2.948291899282263367e-04 3.528566292015173668e-03 2.894333356742449515e-01 4.406200969884493390e-01 9.700081585638528070e-01 2.389300275960544104e-02 1.800122742865291770e-03 2.259801027957773333e-03
0.000000000000000000e+00 2.110139522177564885e-04 2.948291899282263367e-04 3.528566292015173668e-03 1.156217516699837994e-01 7.522535169894778440e-02 2.621105271602095291e-02 5.510408976642308318e-03 1.283818795181585447e-02 3.640255868294906254e-04
0.000000000000000000e+00 2.110139522177564885e-04 2.948291899282263367e-04 2.951387212022420048e+00 5.094401417591938319e+00 1.963835178608857390e+01 1.375118750903306264e+00 3.162289937556819197e+00 2.417091923001604518e-03 2.171807625248972379e-03
0.000000000000000000e+00 2.110139522177564885e-04 2.948291899282263367e-04 2.259167316010457852e-02 1.842943812498383793e-01 1.727738485249017131e-01 2.615515478679781292e-01 1.120684618309782284e-02 7.891801476289732852e-04 1.019265495204025890e-03
0.000000000000000000e+00 2.110139522177564885e-04 2.948291899282263367e-04 2.157551330414630986e+00 2.575979077789295690e+00 4.229085528424155527e+00 2.190730706947303208e+00 1.025145227376663470e+01 8.516664572416869292e-03 7.422227626374231120e-03
0.000000000000000000e+00 2.110139522177564885e-04 2.948291899282263367e-04 1.328866530911664706e-02 3.997468780175705838e-03 9.581100699938390397e-04 1.025687890750058735e-02 3.331793805321401031e-04 2.395942883845946436e-04 2.395942883845946436e-04
0.000000000000000000e+00 2.110139522177564885e-04 2.948291899282263367e-04 5.050069671306837288e-02 4.042573643504542881e-03 9.993702636559534825e-04 1.030237811464388385e-02 9.568979067443347808e-03 3.510200779545039193e-04 2.488032508368130950e-04
0.000000000000000000e+00 2.110139522177564885e-04 9.632457581951780687e-03 3.997468780175705838e-03 1.210226067716854814e+00 1.979266315570353152e+00 1.871438656565791003e+00 3.661527385398903323e-01 1.092815885498331502e-01 4.203532970863427254e-03
0.000000000000000000e+00 2.110139522177564885e-04 2.948291899282263367e-04 3.528566292015173668e-03 2.770793974986032748e-01 1.021509691098875461e+00 1.740764644668161720e+00 3.465934615243622396e-02 2.753339130584667692e-03 2.753339130584667692e-03
0.000000000000000000e+00 2.110139522177564885e-04 2.948291899282263367e-04 7.002050437320986198e+00 2.404550866078344740e+01 5.112211211439949388e+00 8.483875473168991377e-01 2.027543094147013836e+00 2.270585977017780532e-02 2.263628447510602701e-02
0.000000000000000000e+00 2.110139522177564885e-04 2.948291899282263367e-04 1.670127029317528988e+00 4.371660116112004779e+00 2.235946397633610161e+01 5.447422188576370727e-01 1.292922374247860162e+00 4.089139527649506001e-03 3.631493319244351401e-03
0.000000000000000000e+00 2.110139522177564885e-04 2.948291899282263367e-04 3.528566292015173668e-03 3.086346847121619174e-03 8.480743105193053492e-04 7.536754499887554637e-02 3.067983282706268373e-03 2.505961851431170485e-04 2.505961851431170485e-04
0.000000000000000000e+00 2.110139522177564885e-04 2.948291899282263367e-04 3.121984819287207478e-03 1.156217516699837994e-01 1.215545922992410967e-03 2.236120471612252150e-02 4.647456723995821090e-03 2.966586583774235338e-04 2.966586583774235338e-04
0.000000000000000000e+00 2.110139522177564885e-04 2.948291899282263367e-04 2.825668634395154033e+00 3.311626745541287331e+00 2.992711658715009548e+00 2.478855350999194851e+00 8.254972755403828799e+00 9.249675488706319074e-03 8.019609731100862601e-03
0.000000000000000000e+00 2.110139522177564885e-04 2.948291899282263367e-04 3.724494961868042076e+00 6.862983441560952080e+00 1.836902853909666433e+01 1.375220782858355140e+00 3.081982056017631866e+00 2.207124515279446364e-01 1.642865061566140938e-03
0.000000000000000000e+00 2.110139522177564885e-04 2.948291899282263367e-04 1.328866530911664706e-02 1.948053904546860893e-01 3.196497385533980107e-01 3.153554451075816778e-01 4.263137232877629162e-02 9.882703292727538884e-04 9.882703292727538884e-04
0.000000000000000000e+00 2.110139522177564885e-04 2.948291899282263367e-04 3.528566292015173668e-03 1.279159410337963980e-02 9.581100699938390397e-04 8.468518072888513160e-02 3.899389656116788571e-03 2.888232524900767074e-04 2.888232524900767074e-04
0.000000000000000000e+00 2.110139522177564885e-04 2.948291899282263367e-04 3.566820820504548045e-03 3.490522795068585430e-03 1.025066793005254343e-02 9.398818857987305264e-02 3.559196545975098613e-03 2.908077860167684056e-04 2.908077860167684056e-04
0.000000000000000000e+00 2.110139522177564885e-04 2.948291899282263367e-04 1.669993400314064180e+00 5.829510352632619075e+00 2.036367634720094699e+01 4.385459885761749277e+00 2.858139465706242444e+00 1.091916077850236810e+00 7.320400923971376751e-04
0.000000000000000000e+00 2.110139522177564885e-04 2.948291899282263367e-04 2.122587091189106712e+00 5.724552884052838131e+00 2.018240351068345007e+01 4.281679783709682496e+00 2.761945141857538477e+00 8.803289216029184239e-01 7.347699310401749947e-04
0.000000000000000000e+00 2.110139522177564885e-04 2.948291899282263367e-04 3.528566292015173668e-03 1.842677827229511345e-01 3.530476500238733384e-01 1.222861122893961761e-01 1.120684618309782284e-02 7.891801476289732852e-04 1.019265495204025890e-03
0.000000000000000000e+00 2.110139522177564885e-04 2.948291899282263367e-04 1.582881367697798414e+00 1.819242331829867609e+00 3.591732283468941134e+00 3.774542679364187414e+00 4.165342151799627524e-01 7.135859245665948994e-03 7.135859245665948994e-03
0.000000000000000000e+00 2.110139522177564885e-04 2.948291899282263367e-04 9.227705127918047978e+00 2.749410563265672636e+01 4.440464458528728287e+00 7.391455108302997790e-01 4.357443336938192635e-01 2.263033882894498888e-02 8.913350253510659085e-04
0.000000000000000000e+00 2.110139522177564885e-04 2.948291899282263367e-04 3.566820820504548045e-03 3.490522795068585430e-03 8.443354598050361540e-04 1.032765685518392262e-01 3.516684875484944912e-03 2.908077860167684056e-04 2.908077860167684056e-04
0.000000000000000000e+00 2.110139522177564885e-04 2.948291899282263367e-04 3.566820820504548045e-03 3.566820820504548045e-03 9.397773858894380161e-02 3.291153583381820069e-02 4.490679898087136801e-03 2.947252779117725554e-04 2.947252779117725554e-04
0.000000000000000000e+00 2.110139522177564885e-04 2.948291899282263367e-04 2.227964007577586170e+00 3.753322520461082945e+00 5.790193714521868706e+00 3.056429063594897855e+00 2.676570653982643377e-01 7.883540351985938305e-03 9.214148595410736470e-03
0.000000000000000000e+00 2.110139522177564885e-04 2.948291899282263367e-04 1.328866530911664706e-02 1.162229504000108493e+00 2.217970125731818953e+00 3.276625028740080658e+00 1.836506695640404141e-01 5.035255337757650607e-03 5.035255337757650607e-03
0.000000000000000000e+00 2.110139522177564885e-04 2.948291899282263367e-04 2.259167316010457852e-02 1.842943812498383793e-01 6.327993284140093211e-02 7.307735170804539881e-02 7.642700896712345537e-03 5.118880151038018378e-04 5.118880151038018378e-04
0.000000000000000000e+00 2.110139522177564885e-04 2.948291899282263367e-04 2.227964007577586170e+00 3.753322520461082945e+00 5.646134872199413124e+00 3.224128208485248503e+00 6.306533414642281343e-01 9.222965102307922186e-03 7.899617645265194846e-03
0.000000000000000000e+00 2.110139522177564885e-04 2.948291899282263367e-04 3.566820820504548045e-03 1.210195598922230609e+00 3.206019299482053331e+00 4.476322510495329254e+00 1.365605311923573373e+00 7.067534848839339412e-03 7.067534848839339412e-03
0.000000000000000000e+00 2.110139522177564885e-04 2.948291899282263367e-04 1.328866530911664706e-02 1.210226067716854814e+00 3.206082524896495034e+00 2.331512077206635336e+00 1.173279349242719816e+00 2.940644943215086071e-01 5.966551867965602662e-03
0.000000000000000000e+00 2.110139522177564885e-04 2.948291899282263367e-04 3.874618850990418029e+00 6.491970196309341468e+00 5.403976805802248151e+00 1.674152722278728911e+00 1.001843258829344308e+01 6.946006760321015577e-03 1.416074454819245265e-01
0.000000000000000000e+00 2.110139522177564885e-04 2.948291899282263367e-04 2.909481019479997599e+00 3.311684048689711002e+00 2.992872511293117377e+00 2.190899991310552686e+00 8.617969031469792540e+00 9.253183776439978178e-03 8.030320434674787997e-03
0.000000000000000000e+00 2.110139522177564885e-04 2.948291899282263367e-04 3.528566292015173668e-03 3.121984819287207478e-03 8.480743105193053492e-04 1.955367578104047488e-02 3.011093011223658130e-03 2.395942883845946436e-04 2.395942883845946436e-04
0.000000000000000000e+00 2.110139522177564885e-04 2.948291899282263367e-04 1.328866530911664706e-02 5.922469624488237994e-01 2.873988272432389302e+00 1.959802576378886663e+00 1.101765413891915069e+00 5.016550922191595485e-03 5.016550922191595485e-03
0.000000000000000000e+00 2.110139522177564885e-04 2.948291899282263367e-04 1.320340793022865312e-02 1.063305551410428373e-01 1.620215142151886500e-01 7.308281922573697797e-02 7.498054661992759745e-03 5.145576393881573420e-04 5.145576393881573420e-04
0.000000000000000000e+00 2.110139522177564885e-04 2.948291899282263367e-04 9.316069047731144082e+00 2.713112087518990378e+01 4.814372159050797961e+00 7.391429635346614679e-01 1.767725226651455650e-01 8.984912912969966834e-04 2.263628447510602701e-02
0.000000000000000000e+00 2.110139522177564885e-04 2.948291899282263367e-04 2.951387212022420048e+00 5.094401417591938319e+00 1.945685364805558493e+01 1.790319231097777797e+00 3.322824984365014167e+00 1.827604637753722045e-03 1.644969096415729382e-03
0.000000000000000000e+00 2.110139522177564885e-04 2.948291899282263367e-04 1.234193880780603436e+00 1.878860360692616194e+00 3.696664553695844457e+00 3.774455618365558873e+00 4.165572809847695734e-01 7.126422437151037903e-03 8.420156034928726399e-03
0.000000000000000000e+00 2.110139522177564885e-04 2.948291899282263367e-04 3.528566292015173668e-03 1.947437174660643644e-01 3.363487378965582253e-01 6.254450415253150208e-02 9.264969415249202714e-03 6.462931478411279443e-04 6.462931478411279443e-04
0.000000000000000000e+00 2.110139522177564885e-04 2.948291899282263367e-04 3.566820820504548045e-03 1.948406121195161989e-01 4.206052913581017627e-01 5.275941869952200936e-01 1.569635531756702063e-01 1.472334301512893484e-03 1.472334301512893484e-03
0.000000000000000000e+00 2.110139522177564885e-04 2.948291899282263367e-04 3.528566292015173668e-03 1.063187438189958645e-01 8.578696076396175041e-02 1.157633497643345832e-01 3.493279768977560623e-02 5.118880151038018378e-04 5.118880151038018378e-04
0.000000000000000000e+00 2.110139522177564885e-04 2.948291899282263367e-04 9.404432967544240185e+00 2.767562572322546899e+01 4.191216085208653297e+00 7.391459053965077075e-01 4.574835343624876760e-01 2.263033882894498888e-02 8.913350253510659085e-04
0.000000000000000000e+00 2.110139522177564885e-04 2.948291899282263367e-04 2.259167316010457852e-02 1.186257690585580615e+00 2.098670336556437199e+00 3.276625028740080658e+00 2.374752773343593582e+00 6.014180024454860059e-03 6.014180024454860059e-03
0.000000000000000000e+00 2.110139522177564885e-04 2.948291899282263367e-04 3.528566292015173668e-03 1.186197317063857115e+00 2.158268115238776819e+00 1.871503043942010835e+00 9.966787518709977478e-01 5.007063702077640781e-03 5.007063702077640781e-03
0.000000000000000000e+00 2.110139522177564885e-04 2.948291899282263367e-04 1.670127029317528988e+00 6.039683676674441060e+00 1.945641095855152969e+01 3.042603334284859629e-01 4.096192927521707716e+00 4.393966508524865255e-01 2.819406665937338255e-03
0.000000000000000000e+00 2.110139522177564885e-04 2.948291899282263367e-04 1.328866530911664706e-02 1.210226067716854814e+00 3.278696490228188321e+00 2.331584163832518986e+00 1.173278056002792002e+00 2.940744152231489772e-01 5.976274004362237303e-03
0.000000000000000000e+00 2.110139522177564885e-04 2.948291899282263367e-04 1.328866530911664706e-02 1.162229504000108493e+00 2.098566104745735572e+00 1.871438656565791003e+00 4.712394005608074865e-01 4.203532970863427254e-03 4.203532970863427254e-03
0.000000000000000000e+00 2.110139522177564885e-04 2.948291899282263367e-04 2.867574826937576038e+00 3.223291854377724253e+00 2.992711658715009548e+00 2.478855350999194851e+00 8.254972755403828799e+00 9.249675488706319074e-03 1.886050811967892038e-01
0.000000000000000000e+00 2.110139522177564885e-04 2.948291899282263367e-04 1.328866530911664706e-02 1.737083768443440646e-01 1.166770971569294213e+00 1.008710175640335382e+00 8.836189906605139421e-02 2.214312990852456905e-03 2.214312990852456905e-03
0.000000000000000000e+00 2.110139522177564885e-04 2.948291899282263367e-04 5.159676514896091248e+00 2.531572378982314220e+01 6.254006887860779962e+00 1.249699507867068293e+00 1.267822527466870186e+00 6.618144613779380903e-02 8.961345737250833200e-04
0.000000000000000000e+00 2.110139522177564885e-04 2.948291899282263367e-04 3.528566292015173668e-03 1.328866530911664706e-02 1.032911964308609876e-01 2.234439781697049668e-02 4.647456723995821090e-03 3.023972188334665234e-04 2.966586583774235338e-04
0.000000000000000000e+00 2.110139522177564885e-04 2.948291899282263367e-04 3.528566292015173668e-03 9.701573596800794341e-02 9.634851221320853143e-02 1.300078229386149309e-01 6.438515505208004461e-03 5.740741785207701536e-04 4.341546898963248189e-04
0.000000000000000000e+00 2.110139522177564885e-04 2.948291899282263367e-04 3.824577554616292563e+00 4.358973101953842466e+00 4.062573303010474035e+00 3.056429063594897855e+00 2.446437765166857403e+00 1.897996134753803799e-01 7.940370290661104974e-03
0.000000000000000000e+00 2.110139522177564885e-04 2.948291899282263367e-04 1.670127029317528988e+00 1.024513532271315253e+00 4.326791213996616925e+00 3.774542679364187414e+00 5.843189014418805893e-01 7.145189320245941451e-03 7.145189320245941451e-03
0.000000000000000000e+00 2.110139522177564885e-04 2.948291899282263367e-04 1.582881367697798414e+00 1.819242331829867609e+00 3.591732283468941134e+00 3.774542679364187414e+00 4.157778451047013379e-01 7.135859245665948994e-03 1.749205455075837079e-01
0.000000000000000000e+00 2.110139522177564885e-04 2.948291899282263367e-04 3.566820820504548045e-03 3.157847106268249493e-03 2.885668363202840980e-02 8.470591798125917671e-02 3.919883266544188505e-03 2.927750565721865526e-04 2.927750565721865526e-04
0.000000000000000000e+00 2.110139522177564885e-04 2.948291899282263367e-04 3.566820820504548045e-03 2.360567276636679323e-03 1.032807464399317504e-01 4.349013738185561473e-02 4.707138971253102717e-03 2.985754010969273527e-04 2.985754010969273527e-04
0.000000000000000000e+00 2.110139522177564885e-04 2.948291899282263367e-04 4.115494226659564825e-02 1.631743481375718119e-01 1.585212238347599445e-01 2.615323574531673856e-01 1.119325910642839095e-02 7.857650720582636623e-04 7.857650720582636623e-04
0.000000000000000000e+00 2.110139522177564885e-04 2.948291899282263367e-04 3.528566292015173668e-03 3.086346847121619174e-03 1.125837542909196853e-01 1.178837531955746580e-02 4.636937130138639278e-03 2.947252779117725554e-04 2.947252779117725554e-04
0.000000000000000000e+00 2.110139522177564885e-04 2.948291899282263367e-04 3.189468101109250997e-02 4.020440140089575481e-03 9.788473223678879464e-04 1.028185517335581875e-02 3.455819533205669344e-04 2.433276217459231887e-04 2.433276217459231887e-04
0.000000000000000000e+00 2.110139522177564885e-04 2.948291899282263367e-04 3.528566292015173668e-03 3.086346847121619174e-03 8.480743105193053492e-04 3.814708906991085696e-02 3.819150674836416237e-03 2.433276217459231887e-04 2.433276217459231887e-04
0.000000000000000000e+00 2.110139522177564885e-04 2.948291899282263367e-04 3.824577554616292563e+00 6.739345836477931506e+00 5.404071040570356921e+00 1.855733074227813084e+00 9.837757290183501979e+00 1.424353831220547539e-01 6.120260670099773176e-03
0.000000000000000000e+00 2.110139522177564885e-04 2.948291899282263367e-04 3.724494961868042076e+00 6.862983441560952080e+00 1.836902853909666433e+01 1.375220782858355140e+00 3.081982056017631866e+00 2.571928724309268111e-01 1.642301497865938454e-03
0.000000000000000000e+00 2.110139522177564885e-04 2.948291899282263367e-04 1.162199035205483844e+00 1.474673853509005150e+00 4.326791213996616925e+00 3.774542679364187414e+00 2.479931588427757572e-01 7.126422437151037903e-03 1.749111086990766950e-01
0.000000000000000000e+00 2.110139522177564885e-04 2.948291899282263367e-04 2.227802608006951068e+00 3.841686440274178604e+00 5.646228264355853455e+00 2.049720946023368295e+00 8.718694385377301348e-02 7.823862526787931856e-03 7.823862526787931856e-03
0.000000000000000000e+00 2.110139522177564885e-04 2.948291899282263367e-04 2.122587091189106712e+00 2.648564652439645783e+00 4.229085528424155527e+00 2.190899991310552686e+00 9.162463445568743481e+00 8.510648139627785894e-03 7.396392041250430920e-03
0.000000000000000000e+00 2.110139522177564885e-04 2.948291899282263367e-04 6.929436471989293800e+00 2.404379409486414687e+01 4.489345411594082513e+00 1.455187670256554044e+00 1.568199143261623352e+00 1.881241740598345591e-01 7.356680498723839777e-04
0.000000000000000000e+00 2.110139522177564885e-04 2.948291899282263367e-04 1.670127029317528988e+00 4.371660116112004779e+00 5.502169422033397872e+00 2.888558835961405169e+00 1.720523075321096496e+00 9.239319921725625689e-03 7.930495430994112874e-03
0.000000000000000000e+00 2.110139522177564885e-04 2.948291899282263367e-04 3.874618850990418029e+00 4.148826562554477348e+00 4.206544563863466202e+00 4.576725434301723183e+00 2.433842786734720320e+00 1.898198093846782397e-01 7.985128692681796661e-03
0.000000000000000000e+00 2.110139522177564885e-04 2.948291899282263367e-04 2.259167316010457852e-02 1.186257690585580615e+00 3.206082524896495034e+00 2.436598739227552546e+00 2.085970071639870582e+00 1.500636923314181692e-01 6.014180024454860059e-03
0.000000000000000000e+00 2.110139522177564885e-04 2.948291899282263367e-04 3.566820820504548045e-03 8.648280177171461247e-01 1.708676663403145390e+00 1.247039758452842539e+00 4.270227472449926454e-02 3.418852622550809517e-03 3.418852622550809517e-03
0.000000000000000000e+00 2.110139522177564885e-04 2.948291899282263367e-04 1.328866530911664706e-02 1.948540356374741656e-01 1.727738485249017131e-01 1.192551210374604292e-01 2.904816322720428848e-02 2.055432980751638328e-02 8.355303316025590151e-04
0.000000000000000000e+00 2.110139522177564885e-04 2.948291899282263367e-04 3.566820820504548045e-03 3.528566292015173668e-03 8.443354598050361540e-04 8.291764845553750360e-04 9.543294229155686523e-03 2.377020460513788378e-04 2.377020460513788378e-04
0.000000000000000000e+00 2.110139522177564885e-04 2.948291899282263367e-04 3.528566292015173668e-03 3.086346847121619174e-03 8.480743105193053492e-04 8.467473073795588057e-02 4.592884992866893071e-03 2.868212366135504594e-04 2.868212366135504594e-04
0.000000000000000000e+00 2.110139522177564885e-04 2.948291899282263367e-04 3.528566292015173668e-03 3.086346847121619174e-03 1.025066793005254343e-02 3.816590246046439039e-02 3.788028046194055667e-03 2.451691870160407796e-04 2.451691870160407796e-04
0.000000000000000000e+00 2.110139522177564885e-04 2.948291899282263367e-04 3.528566292015173668e-03 2.300208623118810657e-03 2.885668363202840980e-02 5.679253346122779128e-02 4.641974364475995492e-03 2.923418692625123381e-04 2.868212366135504594e-04
0.000000000000000000e+00 2.110139522177564885e-04 2.948291899282263367e-04 2.227964007577586170e+00 3.841686440274178604e+00 5.646228264355853455e+00 3.224213749856816413e+00 6.306141912766942692e-01 1.907253509393960489e-01 7.915268275824331734e-03
0.000000000000000000e+00 2.110139522177564885e-04 2.948291899282263367e-04 3.528566292015173668e-03 3.086346847121619174e-03 8.480743105193053492e-04 7.537172288696805666e-02 1.333413525457986110e-02 2.868212366135504594e-04 2.868212366135504594e-04
0.000000000000000000e+00 2.110139522177564885e-04 2.948291899282263367e-04 3.528566292015173668e-03 3.157847106268249493e-03 4.746269933400427271e-02 1.959639703368565300e-02 3.643443214298474914e-03 2.488032508368130950e-04 2.488032508368130950e-04
0.000000000000000000e+00 2.110139522177564885e-04 2.948291899282263367e-04 3.566820820504548045e-03 4.051796970591546310e-01 5.071133163955315881e-01 4.268003018176516061e-01 1.990466677357215219e-02 1.472334301512893484e-03 1.472334301512893484e-03
0.000000000000000000e+00 2.110139522177564885e-04 2.948291899282263367e-04 1.328866530911664706e-02 7.851978233278384955e-01 7.777728708759732434e-01 7.086704223124498103e-01 5.659627660744301902e-01 2.746045194578721534e-03 2.746045194578721534e-03
0.000000000000000000e+00 2.110139522177564885e-04 2.948291899282263367e-04 1.328866530911664706e-02 1.948540356374741656e-01 3.196497385533980107e-01 1.421999816683510720e-01 1.110669440704410184e-02 7.925673733224438029e-04 7.925673733224438029e-04
0.000000000000000000e+00 2.110139522177564885e-04 2.948291899282263367e-04 3.528566292015173668e-03 2.946056709965222311e-03 1.025066793005254343e-02 3.816590246046439039e-02 3.623114786355918077e-03 2.451691870160407796e-04 2.451691870160407796e-04
0.000000000000000000e+00 2.110139522177564885e-04 2.948291899282263367e-04 3.528566292015173668e-03 3.415074495009799357e-03 8.480743105193053492e-04 2.885668363202840980e-02 3.437267926243655920e-04 2.414694001053035045e-04 2.414694001053035045e-04
0.000000000000000000e+00 2.110139522177564885e-04 2.948291899282263367e-04 3.185193441560771332e-02 3.909803609956210568e-01 5.071599215115439874e-01 8.026051327388831202e-01 7.372975400954265290e-02 1.817378787922046320e-03 1.817378787922046320e-03
0.000000000000000000e+00 2.110139522177564885e-04 2.948291899282263367e-04 2.227964007577586170e+00 5.724673246140088878e+00 4.062573303010474035e+00 2.888644377332972635e+00 1.152138395296849183e+01 1.226359576188291278e+00 4.696119032456944585e-03
0.000000000000000000e+00 2.110139522177564885e-04 2.948291899282263367e-04 5.050069671306837288e-02 4.042573643504542881e-03 9.993702636559534825e-04 1.030237811464388385e-02 9.568979067443347808e-03 3.510200779545039193e-04 2.488032508368130950e-04
0.000000000000000000e+00 2.110139522177564885e-04 2.948291899282263367e-04 2.227964007577586170e+00 5.724673246140088878e+00 4.062573303010474035e+00 3.224213749856816413e+00 1.152130467523315538e+01 1.424342993087769349e-01 6.121768804873205065e-03
0.000000000000000000e+00 2.110139522177564885e-04 2.948291899282263367e-04 3.528566292015173668e-03 2.054134415160812355e-01 1.442685991446181482e-01 2.216726922671840849e-01 2.907278762084631804e-02 6.462931478411279443e-04 6.462931478411279443e-04
0.000000000000000000e+00 2.110139522177564885e-04 2.948291899282263367e-04 3.566820820504548045e-03 3.157847106268249493e-03 8.480743105193053492e-04 2.883556671453074011e-02 3.350111823022334438e-04 2.414694001053035045e-04 2.414694001053035045e-04
0.000000000000000000e+00 2.110139522177564885e-04 2.948291899282263367e-04 2.259167316010457852e-02 2.771104768383336747e-01 1.933019130484934900e+00 1.900172618480908904e+00 4.272399938328318159e-02 3.435199114746509061e-03 3.435199114746509061e-03
0.000000000000000000e+00 2.110139522177564885e-04 2.948291899282263367e-04 2.980788225190484156e-03 3.566820820504548045e-03 1.955367578104047488e-02 7.539256849030180618e-02 3.944438972327582796e-03 2.888232524900767074e-04 2.888232524900767074e-04
0.000000000000000000e+00 2.110139522177564885e-04 2.948291899282263367e-04 2.250641578121658631e-02 7.843312424761304802e-02 8.577568281664346705e-02 6.325327310896847188e-02 6.448484861154244255e-03 4.223864839361130431e-04 4.223864839361130431e-04
0.000000000000000000e+00 2.110139522177564885e-04 2.948291899282263367e-04 3.566820820504548045e-03 8.762747073813199894e-02 8.576434687427814119e-02 7.560850465192663072e-02 6.448484861154244255e-03 4.223864839361130431e-04 4.223864839361130431e-04
0.000000000000000000e+00 2.110139522177564885e-04 2.948291899282263367e-04 1.234083610547216381e+00 3.301803332064301877e+00 4.105381943464320393e+00 1.614583712660618620e+00 9.525580410570585244e+00 9.253183776439978178e-03 8.030320434674787997e-03
0.000000000000000000e+00 2.110139522177564885e-04 2.948291899282263367e-04 3.528566292015173668e-03 1.063187438189958645e-01 8.578696076396175041e-02 1.157633497643345832e-01 6.427548309492036975e-03 5.719429879440155297e-04 4.318402700316267915e-04
0.000000000000000000e+00 2.110139522177564885e-04 2.948291899282263367e-04 3.566820820504548045e-03 2.452874851388446142e-03 1.025066793005254343e-02 1.023969355379106792e-02 3.966204187646947543e-03 2.395942883845946436e-04 2.395942883845946436e-04
0.000000000000000000e+00 2.110139522177564885e-04 2.948291899282263367e-04 1.324591871363184521e-02 2.894490205306567976e-01 1.339245445553844061e+00 1.382800766842380291e+00 3.254423602218591838e-01 2.774848446559634654e-03 3.413996198770658224e-03
0.000000000000000000e+00 2.110139522177564885e-04 2.948291899282263367e-04 2.157712729985266531e+00 2.503365112457602404e+00 4.352704256049310771e+00 2.190899991310552686e+00 1.025063483890897054e+01 8.516664572416869292e-03 7.422227626374231120e-03
0.000000000000000000e+00 2.110139522177564885e-04 2.948291899282263367e-04 1.328866530911664706e-02 6.256791971553454790e-01 1.908612622176427021e+00 1.392212458207490622e+00 9.259397072828717823e-01 1.092552890198254245e-01 4.177473962111879872e-03
0.000000000000000000e+00 2.110139522177564885e-04 2.948291899282263367e-04 2.157712729985266531e+00 4.018347619992013620e+00 2.072598073403927543e+01 7.106952014547358587e-01 1.292900141081752885e+00 5.309161204743373906e-03 4.698403677543094847e-03
0.000000000000000000e+00 2.110139522177564885e-04 2.948291899282263367e-04 3.528566292015173668e-03 3.566820820504548045e-03 3.815969148301633085e-02 7.541319819468940422e-02 3.965043043685826350e-03 2.927750565721865526e-04 2.927750565721865526e-04
0.000000000000000000e+00 2.110139522177564885e-04 2.948291899282263367e-04 3.528566292015173668e-03 6.256579739715540933e-01 1.388763711053268679e+00 1.682330722485829932e+00 1.014280318510543122e+00 4.159699015367984871e-03 4.159699015367984871e-03
0.000000000000000000e+00 2.110139522177564885e-04 2.948291899282263367e-04 9.139341208104953651e+00 2.713109674396660154e+01 4.752030924460021843e+00 7.247244518398022750e-01 2.471683907800470703e-01 2.263628447510602701e-02 8.973165310936154822e-04
0.000000000000000000e+00 2.110139522177564885e-04 2.948291899282263367e-04 3.566820820504548045e-03 3.566820820504548045e-03 1.032807464399317504e-01 4.349013738185561473e-02 3.949323321554247014e-03 2.985754010969273527e-04 2.985754010969273527e-04
0.000000000000000000e+00 2.110139522177564885e-04 2.948291899282263367e-04 1.670127029317528988e+00 1.759618915675734918e+00 5.094140593715071219e+00 2.622832270359016782e+00 1.591003211956607544e+00 7.207547959644282354e-03 8.471158456915902149e-03
0.000000000000000000e+00 2.110139522177564885e-04 2.948291899282263367e-04 1.234193880780603436e+00 3.229189366732608590e+00 4.229000671089475638e+00 2.334877924272904970e+00 8.980965307535756281e+00 1.745219133674295597e-01 7.396392041250430920e-03
0.000000000000000000e+00 2.110139522177564885e-04 2.948291899282263367e-04 3.528566292015173668e-03 3.086346847121619174e-03 8.480743105193053492e-04 1.025066793005254343e-02 3.912098351270302046e-03 2.377020460513788378e-04 2.377020460513788378e-04
0.000000000000000000e+00 2.110139522177564885e-04 7.475351253886731995e-02 1.947130579411097129e+00 5.724673246140088878e+00 1.981974023693477349e+01 4.073778183941178632e+00 2.714425734108724342e+00 8.371051877624903215e-01 5.353262697499007461e-02
0.000000000000000000e+00 2.110139522177564885e-04 2.948291899282263367e-04 2.122425691618471166e+00 2.648564652439645783e+00 4.229085528424155527e+00 2.190899991310552686e+00 9.888455997700669187e+00 1.734265348898860193e-01 8.515876402404027115e-03
0.000000000000000000e+00 2.110139522177564885e-04 2.948291899282263367e-04 2.951387212022420048e+00 3.134983737546938265e+00 5.069899502909581024e+00 3.727134378917972501e+00 8.798911882473763768e+00 3.405451074961285407e-01 7.461558608892972580e-03
0.000000000000000000e+00 2.110139522177564885e-04 2.948291899282263367e-04 3.528566292015173668e-03 3.566820820504548045e-03 8.480743105193053492e-04 9.397356070085130519e-02 4.604201620876505197e-03 2.888232524900767074e-04 2.888232524900767074e-04
0.000000000000000000e+00 2.110139522177564885e-04 2.948291899282263367e-04 3.874618850990418029e+00 4.148826562554477348e+00 4.206544563863466202e+00 4.758223572334699725e+00 1.711456321070134567e+00 9.226285308542423250e-03 7.960156857485080686e-03
0.000000000000000000e+00 2.110139522177564885e-04 2.948291899282263367e-04 3.724494961868042076e+00 2.869994789547557712e+00 5.069992895066023131e+00 3.727222211783440819e+00 8.798872596321213990e+00 3.405450586066758878e-01 6.092222079389997616e-03
0.000000000000000000e+00 2.110139522177564885e-04 2.948291899282263367e-04 1.670127029317528988e+00 1.024513532271315253e+00 4.326791213996616925e+00 3.774542679364187414e+00 5.843189014418805893e-01 1.749298755821715734e-01 7.154413103529832368e-03
0.000000000000000000e+00 2.110139522177564885e-04 2.948291899282263367e-04 1.324591871363184521e-02 3.017461187102892795e-01 1.304154699215384960e+00 1.442502777335422204e+00 3.254559929399485907e-01 7.539586061582508048e-02 2.788881257295960144e-03
0.000000000000000000e+00 2.110139522177564885e-04 2.948291899282263367e-04 1.328866530911664706e-02 1.063305551410428373e-01 1.373071249593212639e-01 2.194106615902082780e-01 9.108692826063594095e-03 6.315296495871500519e-04 6.315296495871500519e-04
0.000000000000000000e+00 2.110139522177564885e-04 2.948291899282263367e-04 3.528566292015173668e-03 3.086346847121619174e-03 4.746269933400427271e-02 3.821140166760756546e-02 3.454801198201826445e-03 2.868212366135504594e-04 2.868212366135504594e-04
0.000000000000000000e+00 2.110139522177564885e-04 2.948291899282263367e-04 1.234193880780603436e+00 3.156575401400915304e+00 4.352618925535495009e+00 2.334877924272904970e+00 9.162463445568743481e+00 8.510648139627785894e-03 7.396392041250430920e-03
0.000000000000000000e+00 2.110139522177564885e-04 2.948291899282263367e-04 3.566820820504548045e-03 2.054134415160812355e-01 3.029336212001370598e-01 3.393149947893496221e-01 1.354948512219946929e-02 1.004009910811183136e-03 1.004009910811183136e-03
0.000000000000000000e+00 2.110139522177564885e-04 2.948291899282263367e-04 1.279159410337963980e-02 3.997468780175705838e-03 1.956412577196970509e-02 1.027749420628824156e-02 3.368215327497330069e-04 2.433276217459231887e-04 2.433276217459231887e-04
0.000000000000000000e+00 2.110139522177564885e-04 2.948291899282263367e-04 2.909481019479997599e+00 3.311684048689711002e+00 5.214051737388484042e+00 3.727309470010371051e+00 8.254338190639488815e+00 8.519932798373677091e-03 7.451847899255606769e-03
0.000000000000000000e+00 2.110139522177564885e-04 2.948291899282263367e-04 2.227964007577586170e+00 3.841686440274178604e+00 5.502169422033397872e+00 2.720774149699479505e+00 8.707769450096543296e-02 7.850092750428557323e-03 7.850092750428557323e-03
0.000000000000000000e+00 2.110139522177564885e-04 2.948291899282263367e-04 2.254892656461977840e-02 1.737215518532732872e-01 1.870118779254646424e-01 1.619822009732036217e-01 4.897446518039037799e-02 6.462931478411279443e-04 6.462931478411279443e-04
0.000000000000000000e+00 2.110139522177564885e-04 2.948291899282263367e-04 3.528566292015173668e-03 3.050934151121155891e-03 4.746269933400427271e-02 1.960538596563181704e-02 3.977924404514403614e-03 2.488032508368130950e-04 2.488032508368130950e-04
0.000000000000000000e+00 2.110139522177564885e-04 2.948291899282263367e-04 2.227964007577586170e+00 3.841686440274178604e+00 5.646228264355853455e+00 2.720859691071054964e+00 8.623511948918592684e-02 7.858617310956064750e-03 9.200114705128662612e-03
0.000000000000000000e+00 2.110139522177564885e-04 2.948291899282263367e-04 1.328866530911664706e-02 2.770382423590058707e-01 9.924569867852313099e-01 1.561658613189036648e+00 1.075716319925028308e-01 2.738688549433843881e-03 2.738688549433843881e-03
0.000000000000000000e+00 2.110139522177564885e-04 2.948291899282263367e-04 3.528566292015173668e-03 3.121984819287207478e-03 8.480743105193053492e-04 1.955367578104047488e-02 3.839045578693846012e-03 2.395942883845946436e-04 2.395942883845946436e-04
0.000000000000000000e+00 2.110139522177564885e-04 7.475351253886731995e-02 1.947130579411097129e+00 5.829759908161005200e+00 1.963835178608857390e+01 4.074092682899537188e+00 2.714425734108724342e+00 8.803302695474243267e-01 7.365602372100257464e-04
0.000000000000000000e+00 2.110139522177564885e-04 2.948291899282263367e-04 3.528566292015173668e-03 2.421869812968675557e-03 1.025066793005254343e-02 1.026111792098177017e-02 3.714039055358439763e-03 2.487504149313023182e-04 2.395942883845946436e-04
0.000000000000000000e+00 2.110139522177564885e-04 2.948291899282263367e-04 2.192838368781426350e+00 3.841653513448710644e+00 5.646134872199413124e+00 2.217420090913718500e+00 7.527802600861553728e+00 1.745266141571517327e-01 7.413964271890437566e-03
0.000000000000000000e+00 2.110139522177564885e-04 2.948291899282263367e-04 3.824577554616292563e+00 4.358973101953842466e+00 3.918514460688020229e+00 3.391912894747166618e+00 2.446397773584066293e+00 9.217329742259755196e-03 1.885258417563494271e-01
0.000000000000000000e+00 2.110139522177564885e-04 2.948291899282263367e-04 1.328866530911664706e-02 2.893921805346476028e-01 1.374371084350004102e+00 1.382849638473056419e+00 2.528420276082555818e-01 7.538881377825264185e-02 3.419678580185831016e-03
0.000000000000000000e+00 2.110139522177564885e-04 2.948291899282263367e-04 3.528566292015173668e-03 3.121984819287207478e-03 2.885668363202840980e-02 1.958486302434375714e-02 3.829860535013522669e-03 2.451691870160407796e-04 2.451691870160407796e-04
0.000000000000000000e+00 2.110139522177564885e-04 2.948291899282263367e-04 1.328866530911664706e-02 1.162229504000108493e+00 2.158268115238776819e+00 1.871503043942010835e+00 4.712454417664244111e-01 4.212060069341865692e-03 4.212060069341865692e-03
0.000000000000000000e+00 2.110139522177564885e-04 2.948291899282263367e-04 2.951387212022420048e+00 5.094401417591938319e+00 2.000134806215453764e+01 1.375170382522089119e+00 3.162538437460406193e+00 2.414145427903672918e-03 2.170660504962362760e-03
0.000000000000000000e+00 2.110139522177564885e-04 2.948291899282263367e-04 3.566820820504548045e-03 9.701573596800794341e-02 8.577568281664346705e-02 1.870118779254646424e-01 7.588557645626122991e-03 5.172051836286385186e-04 5.172051836286385186e-04
0.000000000000000000e+00 2.110139522177564885e-04 2.948291899282263367e-04 2.259167316010457852e-02 1.162259408727207566e+00 2.098618353658392444e+00 3.486722194040746903e+00 2.374751267302787294e+00 6.023413110103104616e-03 6.023413110103104616e-03
0.000000000000000000e+00 2.110139522177564885e-04 2.948291899282263367e-04 2.227964007577586170e+00 5.724673246140088878e+00 4.062573303010474035e+00 3.224005770778475277e+00 1.152050247325560406e+01 6.943902705666310168e-03 1.416106572732103996e-01
0.000000000000000000e+00 2.110139522177564885e-04 2.948291899282263367e-04 3.566820820504548045e-03 2.054134415160812355e-01 1.300159744544763518e-01 8.577431448124987756e-02 7.612202765801850957e-03 5.224348973519079556e-04 5.224348973519079556e-04
0.000000000000000000e+00 2.110139522177564885e-04 2.948291899282263367e-04 2.227964007577586170e+00 3.753322520461082945e+00 5.358017187554499294e+00 3.223955411224609602e+00 8.122276716211050962e-01 9.218610483606044445e-03 7.891632532813237094e-03
0.000000000000000000e+00 2.110139522177564885e-04 2.948291899282263367e-04 3.566820820504548045e-03 1.210195598922230609e+00 2.158320364151434578e+00 1.783203163510967082e+00 7.865054278291634393e-01 4.987816997439669005e-03 4.987816997439669005e-03
0.000000000000000000e+00 2.110139522177564885e-04 2.948291899282263367e-04 1.641045142110952204e+00 4.371622208934863529e+00 2.992792315281731952e+00 2.334877924272904970e+00 1.769287593311886297e+01 6.453888259070225120e-01 8.379381906805945246e-02
0.000000000000000000e+00 2.110139522177564885e-04 2.948291899282263367e-04 1.328866530911664706e-02 1.162229504000108493e+00 3.278569715852815758e+00 2.226352926592373382e+00 1.173279922542683096e+00 5.089239682230772485e-03 5.089239682230772485e-03
0.000000000000000000e+00 2.110139522177564885e-04 2.948291899282263367e-04 1.328866530911664706e-02 3.018029587062984742e-01 3.809181525969799753e-01 1.053752500519906432e+00 2.741154967376814855e-01 1.834209324272339505e-03 2.288515285183565211e-03
0.000000000000000000e+00 2.110139522177564885e-04 2.948291899282263367e-04 2.122587091189106712e+00 2.575950687107952941e+00 4.229000671089475638e+00 2.190819081950451608e+00 9.525485474500339222e+00 1.745244371350764268e-01 7.405353168619779533e-03
0.000000000000000000e+00 2.110139522177564885e-04 2.948291899282263367e-04 3.528566292015173668e-03 3.566820820504548045e-03 2.885668363202840980e-02 8.470591798125917671e-02 4.431919353073161295e-03 2.927750565721865526e-04 2.927750565721865526e-04
0.000000000000000000e+00 2.110139522177564885e-04 2.948291899282263367e-04 1.611963254904375198e+00 2.938868230404775961e+00 4.105297086129644057e+00 1.902619981709365193e+00 1.043304858949947445e+01 8.514043539148303044e-03 7.409702330261456853e-03
0.000000000000000000e+00 2.110139522177564885e-04 2.948291899282263367e-04 1.582881367697798414e+00 1.819242331829867609e+00 3.591732283468941134e+00 3.630483837041726503e+00 1.255480712294381851e+00 7.172543546132010249e-03 7.172543546132010249e-03
0.000000000000000000e+00 2.110139522177564885e-04 2.948291899282263367e-04 1.670127029317528988e+00 1.024513532271315253e+00 4.326791213996616925e+00 3.918601521686641664e+00 7.520797806470030933e-01 7.163531034018274200e-03 7.163531034018274200e-03
0.000000000000000000e+00 2.110139522177564885e-04 2.948291899282263367e-04 1.641045142110952204e+00 6.249811919661462767e+00 4.350515302989589550e+00 2.385082339468870938e+00 1.006951242844666083e+01 6.952970828173908949e-03 6.094659502133684993e-03
0.000000000000000000e+00 2.110139522177564885e-04 2.948291899282263367e-04 2.909481019479997599e+00 3.222903034344424267e+00 3.116495900241566641e+00 2.190899991310552686e+00 1.097744482589856041e+01 8.518969500640872008e-03 1.734502906405207545e-01
0.000000000000000000e+00 2.110139522177564885e-04 2.948291899282263367e-04 1.641045142110952204e+00 6.459985243703297186e+00 3.486337933720645044e+00 3.727222211783440819e+00 8.798872596321213990e+00 1.745324879886802905e-01 7.461558608892972580e-03
0.000000000000000000e+00 2.110139522177564885e-04 2.948291899282263367e-04 3.566820820504548045e-03 2.254892656461977840e-02 9.399858419227767603e-02 2.236120471612252150e-02 4.501070162775562371e-03 2.966586583774235338e-04 3.023972188334665234e-04
0.000000000000000000e+00 2.110139522177564885e-04 2.948291899282263367e-04 1.576335321528934230e+01 3.330205183498051014e+01 1.896794699584694266e+00 2.715494972607647786e-02 9.573837875583785569e-04 8.913350253510659085e-04 8.913350253510659085e-04
0.000000000000000000e+00 2.110139522177564885e-04 2.948291899282263367e-04 3.874618850990418029e+00 3.833566576491725275e+00 4.350337526334664418e+00 3.559611468519792155e+00 9.524825156870358356e+00 6.952292065458052714e-03 6.099331513520887642e-03
0.000000000000000000e+00 2.110139522177564885e-04 2.948291899282263367e-04 1.328866530911664706e-02 1.842812062409091012e-01 3.363487378965582253e-01 5.275672729448023235e-01 1.571145988672619787e-01 4.337333841953817243e-02 1.472334301512893484e-03
0.000000000000000000e+00 2.110139522177564885e-04 2.948291899282263367e-04 3.824577554616292563e+00 4.358973101953842466e+00 3.774455618365558873e+00 3.391826782257874928e+00 2.627935903199834833e+00 9.217329742259755196e-03 7.940370290661104974e-03
0.000000000000000000e+00 2.110139522177564885e-04 2.948291899282263367e-04 1.328866530911664706e-02 1.210226067716854814e+00 3.278696490228188321e+00 2.331584163832518986e+00 1.172708297907669284e+00 2.940744152231489772e-01 1.500351163268195676e-01
0.000000000000000000e+00 2.110139522177564885e-04 2.948291899282263367e-04 3.874618850990418029e+00 6.615673781269175713e+00 5.739640413094201143e+00 1.129903160909338178e+00 8.573748816567970721e+00 6.951853869793588742e-03 6.101566512612351979e-03
0.000000000000000000e+00 2.110139522177564885e-04 2.948291899282263367e-04 2.227802608006951068e+00 3.841686440274178604e+00 5.646228264355853455e+00 2.049720946023368295e+00 8.718694385377301348e-02 7.823862526787931856e-03 1.893220005597656408e-01
0.000000000000000000e+00 2.110139522177564885e-04 2.948291899282263367e-04 1.328866530911664706e-02 2.770950823550151210e-01 9.342932123720776305e-01 1.860067587601217154e+00 1.076140969448696194e-01 2.760570736226997720e-03 2.760570736226997720e-03
0.000000000000000000e+00 2.110139522177564885e-04 2.948291899282263367e-04 3.566820820504548045e-03 3.121984819287207478e-03 1.125837542909196853e-01 1.177156842040544098e-02 4.442452706413930336e-03 2.947252779117725554e-04 2.947252779117725554e-04
0.000000000000000000e+00 2.110139522177564885e-04 2.948291899282263367e-04 2.122587091189106712e+00 3.929949151564499754e+00 2.036274845476099316e+01 1.658978623177631562e+00 1.292769975942617222e+00 5.304954405920433297e-03 4.700251964338894237e-03
0.000000000000000000e+00 2.110139522177564885e-04 2.948291899282263367e-04 1.670127029317528988e+00 1.759618915675734918e+00 4.970437008755235198e+00 2.766808681212272081e+00 2.094357270742376542e+00 9.179872774214559161e-03 7.823862526787931856e-03
0.000000000000000000e+00 2.110139522177564885e-04 2.948291899282263367e-04 3.566820820504548045e-03 1.328866530911664706e-02 4.747314932493349598e-02 3.822158373635993478e-02 4.653338783018354935e-03 2.888232524900767074e-04 2.888232524900767074e-04
0.000000000000000000e+00 2.110139522177564885e-04 2.948291899282263367e-04 1.611963254904375198e+00 1.878971129375521576e+00 5.094140593715071219e+00 2.622832270359016782e+00 1.758787898218533430e+00 1.906672254418960710e-01 7.814898841383347353e-03
0.000000000000000000e+00 2.110139522177564885e-04 2.948291899282263367e-04 3.528566292015173668e-03 3.139760980535550444e-02 8.470591798125917671e-02 6.464694838513754260e-02 5.249160368520050524e-03 3.554782541688216780e-04 3.554782541688216780e-04
0.000000000000000000e+00 2.110139522177564885e-04 2.948291899282263367e-04 4.115494226659564825e-02 1.631255229177225874e-01 1.585212238347599445e-01 1.192390122029627908e-01 9.215628634298294458e-03 6.345310980986808985e-04 6.345310980986808985e-04
0.000000000000000000e+00 2.110139522177564885e-04 2.948291899282263367e-04 2.250641578121658631e-02 1.186257690585580615e+00 3.206082524896495034e+00 2.226425415185718126e+00 1.173279973225002548e+00 5.936788699649452224e-03 5.936788699649452224e-03
0.000000000000000000e+00 2.110139522177564885e-04 2.948291899282263367e-04 9.227705127918047978e+00 2.731260749462374804e+01 4.440453959509006232e+00 6.750483218245416639e-01 2.999652349239322335e-01 2.263628447510602701e-02 8.973165310936154822e-04
0.000000000000000000e+00 2.110139522177564885e-04 2.948291899282263367e-04 3.528566292015173668e-03 1.063187438189958645e-01 8.578696076396175041e-02 7.563387101704260873e-02 6.471962965077282352e-03 4.271530089748412098e-04 1.467977769911662546e-02
0.000000000000000000e+00 2.110139522177564885e-04 2.948291899282263367e-04 1.611963254904375198e+00 2.938868230404775961e+00 4.105297086129644057e+00 2.046678824031826327e+00 1.025152712118498854e+01 1.745266141571517327e-01 7.413964271890437566e-03
0.000000000000000000e+00 2.110139522177564885e-04 2.948291899282263367e-04 3.824577554616292563e+00 4.253886439932925256e+00 4.062485721541012396e+00 3.391912894747166618e+00 2.627895911617052160e+00 9.220415930627898562e-03 7.947067258497223993e-03
0.000000000000000000e+00 2.110139522177564885e-04 2.948291899282263367e-04 2.227964007577586170e+00 3.753322520461082945e+00 5.502076029876953100e+00 2.385118664686344481e+00 9.946776340186783694e-01 7.867033153448976454e-03 9.204901171089973494e-03
0.000000000000000000e+00 2.110139522177564885e-04 2.948291899282263367e-04 1.670127029317528988e+00 4.283296196298908676e+00 5.646134872199413124e+00 2.720774149699479505e+00 2.083557212863762942e+00 9.243144938974285491e-03 7.937951186603606213e-03
0.000000000000000000e+00 2.110139522177564885e-04 2.948291899282263367e-04 4.115494226659564825e-02 6.915266437326592075e-02 1.743623418716785389e-01 1.525894695808608925e-01 7.623693384297818357e-03 5.250174884530040822e-04 5.250174884530040822e-04
0.000000000000000000e+00 2.110139522177564885e-04 2.948291899282263367e-04 1.324591871363184521e-02 1.842812062409091012e-01 3.196326205432973855e-01 2.673365592882540054e-01 3.514328368701704480e-02 9.765457246796063577e-04 9.765457246796063577e-04
0.000000000000000000e+00 2.110139522177564885e-04 2.948291899282263367e-04 2.259167316010457852e-02 1.842943812498383793e-01 1.727738485249017131e-01 1.192443049655515647e-01 9.134293848249394263e-03 8.302409961798260137e-04 6.375079494680861237e-04
0.000000000000000000e+00 2.110139522177564885e-04 2.948291899282263367e-04 1.670127029317528988e+00 1.759618915675734918e+00 5.094140593715071219e+00 2.622832270359016782e+00 1.590247540010771399e+00 7.207547959644282354e-03 8.471158456915902149e-03
0.000000000000000000e+00 2.110139522177564885e-04 2.948291899282263367e-04 1.669993400314064180e+00 5.829510352632619075e+00 2.036367634720094699e+01 4.385459885761749277e+00 2.858139465706242444e+00 1.091916077850236810e+00 7.320400923971376751e-04
0.000000000000000000e+00 2.110139522177564885e-04 2.948291899282263367e-04 3.566820820504548045e-03 3.017872738498865726e-01 1.374371084350004102e+00 7.087113857529562244e-01 3.268887814875340303e-01 7.533775092264419215e-02 2.731268811260671725e-03
0.000000000000000000e+00 2.110139522177564885e-04 2.948291899282263367e-04 7.002050437320986198e+00 2.604198817914623021e+01 3.707479431821110616e+00 6.295323525163571965e-01 2.161090347939111034e+00 9.558319148389736496e-04 8.901172712619649869e-04
0.000000000000000000e+00 2.110139522177564885e-04 2.948291899282263367e-04 2.259167316010457852e-02 1.842943812498383793e-01 1.727738485249017131e-01 1.192551210374604292e-01 9.228329372540122408e-03 6.375079494680861237e-04 2.055137732842297546e-02
0.000000000000000000e+00 2.110139522177564885e-04 2.948291899282263367e-04 1.670127029317528988e+00 4.283296196298908676e+00 5.502076029876953100e+00 2.720688037210188259e+00 2.991085045160370104e+00 9.210852320335452884e-03 1.885121416683456230e-01
0.000000000000000000e+00 2.110139522177564885e-04 2.948291899282263367e-04 1.641045142110952204e+00 4.371622208934863529e+00 5.213958345232038383e+00 3.895006898045358490e+00 3.172390325715993775e+00 9.229069306737600065e-03 7.966550206084676428e-03
0.000000000000000000e+00 2.110139522177564885e-04 2.948291899282263367e-04 3.528566292015173668e-03 1.736949533263860979e-01 8.427995004497156328e-01 1.308701158420637389e+00 2.865988857300958564e-02 2.746655397984113303e-03 2.207894484821978746e-03
0.000000000000000000e+00 2.110139522177564885e-04 2.948291899282263367e-04 2.122587091189106712e+00 2.575950687107952941e+00 4.105297086129644057e+00 2.334796508676740601e+00 9.706983612533324646e+00 8.512998208734023908e-03 7.405353168619779533e-03
0.000000000000000000e+00 2.110139522177564885e-04 2.948291899282263367e-04 1.670127029317528988e+00 4.371660116112004779e+00 5.646228264355853455e+00 2.720859691071054964e+00 3.172508179584952348e+00 9.220415930627898562e-03 7.947067258497223993e-03
0.000000000000000000e+00 2.110139522177564885e-04 2.948291899282263367e-04 3.528566292015173668e-03 3.566820820504548045e-03 8.443354598050361540e-04 5.676152929689967652e-02 3.967451333594797062e-03 2.469943230828653660e-04 2.469943230828653660e-04
0.000000000000000000e+00 2.110139522177564885e-04 2.948291899282263367e-04 3.528566292015173668e-03 3.566820820504548045e-03 2.885668363202840980e-02 8.470591798125917671e-02 3.742089606730028290e-03 2.927750565721865526e-04 2.927750565721865526e-04
0.000000000000000000e+00 2.110139522177564885e-04 2.948291899282263367e-04 3.566820820504548045e-03 1.948406121195161989e-01 3.363487378965582253e-01 8.245837353148639803e-02 9.182592754117799294e-03 6.491738165793811124e-04 6.491738165793811124e-04
0.000000000000000000e+00 2.110139522177564885e-04 2.948291899282263367e-04 3.566820820504548045e-03 3.528566292015173668e-03 1.125837542909196853e-01 1.177156842040544098e-02 4.442452706413930336e-03 2.947252779117725554e-04 2.947252779117725554e-04
0.000000000000000000e+00 2.110139522177564885e-04 2.948291899282263367e-04 2.254892656461977840e-02 1.737215518532732872e-01 1.870118779254646424e-01 1.619822009732036217e-01 4.869500162273170119e-02 6.462931478411279443e-04 6.462931478411279443e-04
0.000000000000000000e+00 2.110139522177564885e-04 2.948291899282263367e-04 2.951387212022420048e+00 7.233950267292474479e+00 1.818742782645685097e+01 1.478977072214249899e+00 3.162501342297094897e+00 2.207124515279446364e-01 1.642865061566140938e-03
0.000000000000000000e+00 2.110139522177564885e-04 2.948291899282263367e-04 3.824577554616292563e+00 6.739345836477931506e+00 5.571855726832282585e+00 1.311320277341691654e+00 8.031992402170923029e+00 1.424433674312781672e-01 6.097029244863289704e-03
0.000000000000000000e+00 2.110139522177564885e-04 2.948291899282263367e-04 1.328866530911664706e-02 1.186227785858481987e+00 2.158320364151434578e+00 1.783203163510967082e+00 1.559854557036729206e-01 4.186240331575035584e-03 4.186240331575035584e-03
0.000000000000000000e+00 2.110139522177564885e-04 2.948291899282263367e-04 3.528566292015173668e-03 3.086346847121619174e-03 1.125837542909196853e-01 5.407969290581769728e-02 5.465929724655061231e-03 3.532955704160820423e-04 3.532955704160820423e-04
0.000000000000000000e+00 2.110139522177564885e-04 2.948291899282263367e-04 2.227964007577586170e+00 5.724673246140088878e+00 4.062573303010474035e+00 3.224213749856816413e+00 1.170200061128858948e+01 6.942755535091010670e-03 1.416121654079774694e-01
0.000000000000000000e+00 2.110139522177564885e-04 2.948291899282263367e-04 3.528566292015173668e-03 1.155790050744989889e-01 4.350128959200743467e-02 7.559572439913669895e-02 5.578978497133919162e-03 3.640255868294906254e-04 3.640255868294906254e-04
0.000000000000000000e+00 2.110139522177564885e-04 2.948291899282263367e-04 3.566820820504548045e-03 3.452691739427951080e-03 1.032807464399317504e-01 4.349013738185561473e-02 4.319608649080345850e-03 2.985754010969273527e-04 2.985754010969273527e-04
0.000000000000000000e+00 2.110139522177564885e-04 2.948291899282263367e-04 3.528566292015173668e-03 3.528566292015173668e-03 8.480743105193053492e-04 4.746269933400427271e-02 3.914240345198819436e-03 2.451691870160407796e-04 2.451691870160407796e-04
0.000000000000000000e+00 2.110139522177564885e-04 2.948291899282263367e-04 3.566820820504548045e-03 1.210195598922230609e+00 3.206019299482053331e+00 4.476322510495329254e+00 1.366262689518467965e+00 7.067534848839339412e-03 7.067534848839339412e-03
0.000000000000000000e+00 2.110139522177564885e-04 2.948291899282263367e-04 3.566820820504548045e-03 3.121984819287207478e-03 3.815969148301633085e-02 5.680718249271354131e-02 4.267636684210892803e-03 2.888232524900767074e-04 2.888232524900767074e-04
0.000000000000000000e+00 2.110139522177564885e-04 2.948291899282263367e-04 3.566820820504548045e-03 3.157847106268249493e-03 1.955367578104047488e-02 1.957452138437433889e-02 4.031609416350501185e-03 2.433276217459231887e-04 2.433276217459231887e-04
0.000000000000000000e+00 2.110139522177564885e-04 5.614749683689143622e-02 3.524693827900430065e+00 6.120827911678758504e+00 1.836861439955907471e+01 2.828412406593582062e+00 2.271071944014467991e+00 9.703703378049184369e-01 1.752061801442150180e-01
0.000000000000000000e+00 2.110139522177564885e-04 2.948291899282263367e-04 3.566820820504548045e-03 1.063187438189958645e-01 8.578696076396175041e-02 1.157633497643345832e-01 2.068017299963382377e-02 4.341546898963248189e-04 4.341546898963248189e-04
0.000000000000000000e+00 2.110139522177564885e-04 2.948291899282263367e-04 2.951387212022420048e+00 5.094401417591938319e+00 1.963835178608857390e+01 1.375118750903306264e+00 3.162612023068001044e+00 5.051425384735486190e-02 2.171244135182015447e-03
0.000000000000000000e+00 2.110139522177564885e-04 2.948291899282263367e-04 3.528566292015173668e-03 1.210195598922230609e+00 2.098618353658392444e+00 1.871503043942010835e+00 9.961907918952748187e-01 5.007063702077640781e-03 5.007063702077640781e-03
0.000000000000000000e+00 2.110139522177564885e-04 2.948291899282263367e-04 3.566820820504548045e-03 3.017872738498865726e-01 4.207261096834731817e-01 3.241796272890021258e-01 1.562670060366351879e-02 1.211999925202578892e-03 1.541944198748227681e-03
0.000000000000000000e+00 2.110139522177564885e-04 2.948291899282263367e-04 1.670127029317528988e+00 1.024513532271315253e+00 4.326791213996616925e+00 3.774542679364187414e+00 5.835625313666190639e-01 7.145189320245941451e-03 1.749298755821715734e-01
0.000000000000000000e+00 2.110139522177564885e-04 2.948291899282263367e-04 1.670127029317528988e+00 1.024513532271315253e+00 4.326791213996616925e+00 3.918601521686641664e+00 7.520797806470030933e-01 7.163531034018274200e-03 7.163531034018274200e-03
0.000000000000000000e+00 2.110139522177564885e-04 2.948291899282263367e-04 3.528566292015173668e-03 3.415074495009799357e-03 8.480743105193053492e-04 1.955367578104047488e-02 3.418497322689662476e-04 2.395942883845946436e-04 2.395942883845946436e-04
0.000000000000000000e+00 2.110139522177564885e-04 2.948291899282263367e-04 1.582881367697798414e+00 1.819242331829867609e+00 3.591732283468941134e+00 3.630483837041726503e+00 1.255480712294381851e+00 7.172543546132010249e-03 7.172543546132010249e-03
0.000000000000000000e+00 2.110139522177564885e-04 2.948291899282263367e-04 3.528566292015173668e-03 3.566820820504548045e-03 5.676570718499220070e-02 1.961556803438418636e-02 3.860847623879554505e-03 2.505961851431170485e-04 2.505961851431170485e-04
0.000000000000000000e+00 2.110139522177564885e-04 2.948291899282263367e-04 1.328866530911664706e-02 4.051977925335352726e-01 5.071366778597349301e-01 3.917054036350545720e-01 1.990466677357215219e-02 1.472334301512893484e-03 1.472334301512893484e-03
0.000000000000000000e+00 2.110139522177564885e-04 7.475351253886731995e-02 1.947130579411097129e+00 5.829759908161005200e+00 1.963835178608857390e+01 4.073935592808854089e+00 2.666328572184371470e+00 8.803309358633948367e-01 1.833525510646102571e-02
0.000000000000000000e+00 2.110139522177564885e-04 2.948291899282263367e-04 3.528566292015173668e-03 2.360567276636679323e-03 8.480743105193053492e-04 1.952826851932729785e-02 3.418497322689662476e-04 2.395942883845946436e-04 2.395942883845946436e-04
0.000000000000000000e+00 2.110139522177564885e-04 2.948291899282263367e-04 3.528566292015173668e-03 2.360567276636679323e-03 8.480743105193053492e-04 1.955367578104047488e-02 3.418497322689662476e-04 2.395942883845946436e-04 2.395942883845946436e-04
0.000000000000000000e+00 2.110139522177564885e-04 2.948291899282263367e-04 2.227964007577586170e+00 3.753322520461082945e+00 5.790193714521868706e+00 2.553075004809129300e+00 8.707769450096543296e-02 7.850092750428557323e-03 9.195219109887105627e-03
0.000000000000000000e+00 2.110139522177564885e-04 2.948291899282263367e-04 2.909481019479997599e+00 3.311684048689711002e+00 5.214051737388484042e+00 3.727309470010371051e+00 8.072840052606501615e+00 1.745323873080605881e-01 7.451847899255606769e-03
0.000000000000000000e+00 2.110139522177564885e-04 2.948291899282263367e-04 3.566820820504548045e-03 3.566820820504548045e-03 8.480743105193053492e-04 3.815969148301633085e-02 3.988648219631359126e-03 2.433276217459231887e-04 2.433276217459231887e-04
0.000000000000000000e+00 2.110139522177564885e-04 2.948291899282263367e-04 3.566820820504548045e-03 3.490522795068585430e-03 1.025066793005254343e-02 1.032869574173797961e-01 3.484053145015393767e-03 2.927750565721865526e-04 2.927750565721865526e-04
0.000000000000000000e+00 2.110139522177564885e-04 2.948291899282263367e-04 3.566820820504548045e-03 2.894333356742449515e-01 9.924569867852313099e-01 1.442254592202953045e+00 9.785667814108917062e-01 3.418852622550809517e-03 3.418852622550809517e-03
0.000000000000000000e+00 2.110139522177564885e-04 2.948291899282263367e-04 3.566820820504548045e-03 2.770793974986032748e-01 1.409426405955207739e+00 1.442502777335422204e+00 3.465934615243622396e-02 2.753339130584667692e-03 3.396563075379768846e-03
0.000000000000000000e+00 2.110139522177564885e-04 2.948291899282263367e-04 1.670127029317528988e+00 4.371660116112004779e+00 5.502169422033397872e+00 2.888558835961405169e+00 1.720523075321096496e+00 9.239319921725625689e-03 1.894286334639717906e-01
0.000000000000000000e+00 2.110139522177564885e-04 2.948291899282263367e-04 3.874618850990418029e+00 6.615673781269175713e+00 5.739640413094201143e+00 1.129903160909338178e+00 8.393163345102291117e+00 1.424426886685623006e-01 6.101566512612351979e-03
0.000000000000000000e+00 2.110139522177564885e-04 2.948291899282263367e-04 1.641045142110952204e+00 1.699891293658303493e+00 4.970257219872662446e+00 3.054759972789480305e+00 2.597711329528137991e+00 1.906933571428733598e-01 7.858617310956064750e-03
0.000000000000000000e+00 2.110139522177564885e-04 2.948291899282263367e-04 6.929436471989293800e+00 2.350099252798637650e+01 4.904493334222566503e+00 1.407096425270103479e+00 1.568199143261623352e+00 1.881406705309630889e-01 7.356680498723839777e-04
0.000000000000000000e+00 2.110139522177564885e-04 2.948291899282263367e-04 7.002050437320986198e+00 7.128535796046562290e+00 5.302717986433650665e+00 2.930849918960398703e+00 7.050868912201101679e+00 5.315231359195307301e-03 4.694351691822226495e-03
0.000000000000000000e+00 2.110139522177564885e-04 2.948291899282263367e-04 2.909481019479997599e+00 3.134956209063519683e+00 3.240118828634676262e+00 2.190899991310552686e+00 1.097744482589856041e+01 1.745315401186364468e-01 7.441379241405285221e-03
0.000000000000000000e+00 2.110139522177564885e-04 2.948291899282263367e-04 3.566820820504548045e-03 1.307730598268790588e-02 1.032911964308609876e-01 4.350686350925263984e-02 3.958802384273353570e-03 3.004757041738715826e-04 3.004757041738715826e-04
0.000000000000000000e+00 2.110139522177564885e-04 2.948291899282263367e-04 3.874618850990418029e+00 6.615673781269175713e+00 5.404071040570356921e+00 1.129740522095885380e+00 8.212665015282862413e+00 1.424436075343898933e-01 6.094659502133684993e-03
0.000000000000000000e+00 2.110139522177564885e-04 2.948291899282263367e-04 3.824577554616292563e+00 6.739345836477931506e+00 5.739640413094201143e+00 9.484050228763519774e-01 8.393207253665554646e+00 6.952664461976097894e-03 6.097029244863289704e-03
0.000000000000000000e+00 2.110139522177564885e-04 2.948291899282263367e-04 2.192838368781426350e+00 3.841653513448710644e+00 5.646134872199413124e+00 2.217420090913718500e+00 7.527802600861553728e+00 1.745266141571517327e-01 7.413964271890437566e-03
0.000000000000000000e+00 2.110139522177564885e-04 2.948291899282263367e-04 1.670127029317528988e+00 4.371660116112004779e+00 5.646228264355853455e+00 2.888644377332972635e+00 3.171665722880916860e+00 9.223400984069556399e-03 7.953662660712571691e-03
0.000000000000000000e+00 2.110139522177564885e-04 2.948291899282263367e-04 6.856488851150445818e+00 2.350096962456806082e+01 4.800659747404401045e+00 1.070404322477185755e+00 2.548304087037738697e+00 2.119704675276589123e-01 2.263628447510602701e-02
0.000000000000000000e+00 2.110139522177564885e-04 2.948291899282263367e-04 1.328866530911664706e-02 1.948540356374741656e-01 1.585212238347599445e-01 1.192175371182539467e-01 9.121617137187008548e-03 6.345310980986808985e-04 6.345310980986808985e-04
0.000000000000000000e+00 2.110139522177564885e-04 2.948291899282263367e-04 1.611963254904375198e+00 6.144679148218851417e+00 4.350337526334664418e+00 3.224042095995948820e+00 9.524904434605693027e+00 6.952970828173908949e-03 6.094659502133684993e-03
0.000000000000000000e+00 2.110139522177564885e-04 2.948291899282263367e-04 2.087461452392946892e+00 4.106641617589705362e+00 5.358017187554499294e+00 3.727309470010371051e+00 1.538907083419160271e+00 9.246865358514197442e-03 7.945302244318526788e-03
0.000000000000000000e+00 2.110139522177564885e-04 2.948291899282263367e-04 2.157551330414630986e+00 3.929983700178917960e+00 1.945537610406608664e+01 1.794313130062598516e+00 1.189519049085236091e+00 5.310469764889012324e-03 1.085043804866809847e-01
0.000000000000000000e+00 2.110139522177564885e-04 2.948291899282263367e-04 3.566820820504548045e-03 3.566820820504548045e-03 1.032807464399317504e-01 4.349564317770154148e-02 4.511274706635566047e-03 2.985754010969273527e-04 2.985754010969273527e-04
0.000000000000000000e+00 2.110139522177564885e-04 2.948291899282263367e-04 3.528566292015173668e-03 1.842192013965044950e-01 1.869972082732402618e-01 1.359551295562236584e-01 4.896203260615917402e-02 6.433887559117512167e-04 6.433887559117512167e-04
0.000000000000000000e+00 2.110139522177564885e-04 2.948291899282263367e-04 3.528566292015173668e-03 1.156217516699837994e-01 7.522535169894778440e-02 1.300078229386149309e-01 6.438515505208004461e-03 4.511747416313669282e-04 4.341546898963248189e-04
0.000000000000000000e+00 2.110139522177564885e-04 2.948291899282263367e-04 2.699950056767887574e+00 5.724711456298368972e+00 3.918601521686641664e+00 3.056429063594897855e+00 1.152134466681594738e+01 9.395811456764949776e-01 4.696929291791438962e-03
0.000000000000000000e+00 2.110139522177564885e-04 6.545050468787938502e-02 1.982379972615507802e+00 5.829759908161005200e+00 1.963835178608857390e+01 4.177742282501013982e+00 2.666303884574086069e+00 8.371051877624903215e-01 5.353262697499007461e-02
0.000000000000000000e+00 2.110139522177564885e-04 2.948291899282263367e-04 3.528566292015173668e-03 3.121984819287207478e-03 3.815969148301633085e-02 5.679831517715550754e-02 4.555324765078029928e-03 2.888232524900767074e-04 2.888232524900767074e-04
0.000000000000000000e+00 2.110139522177564885e-04 2.948291899282263367e-04 1.324591871363184521e-02 1.842812062409091012e-01 3.196326205432973855e-01 3.393314048633737090e-01 1.354948512219946929e-02 9.843940543840250419e-04 9.843940543840250419e-04
0.000000000000000000e+00 2.110139522177564885e-04 2.948291899282263367e-04 3.566820820504548045e-03 3.050934151121155891e-03 8.480743105193053492e-04 1.955367578104047488e-02 3.418497322689662476e-04 2.395942883845946436e-04 2.395942883845946436e-04
0.000000000000000000e+00 2.110139522177564885e-04 2.948291899282263367e-04 2.227964007577586170e+00 3.753322520461082945e+00 5.646134872199413124e+00 2.552989463437561835e+00 8.131073887645949849e-01 7.875340695729756563e-03 9.209578978865259197e-03
0.000000000000000000e+00 2.110139522177564885e-04 2.948291899282263367e-04 2.909481019479997599e+00 3.134956209063519683e+00 3.240118828634676262e+00 2.190899991310552686e+00 1.079594668786557499e+01 1.745310904282893205e-01 7.437720022525148508e-03
0.000000000000000000e+00 2.110139522177564885e-04 2.948291899282263367e-04 1.641045142110952204e+00 6.249811919661462767e+00 1.963802075573943640e+01 1.894072436023844119e+00 9.981692695435053775e-01 4.078831028969610341e-03 3.631996820677088102e-03
0.000000000000000000e+00 2.110139522177564885e-04 2.948291899282263367e-04 9.316069047731144082e+00 2.767561528928884584e+01 4.502804620936592173e+00 7.391440972044048818e-01 3.705266914336701745e-01 2.263033882894498888e-02 8.913350253510659085e-04
0.000000000000000000e+00 2.110139522177564885e-04 2.948291899282263367e-04 3.566820820504548045e-03 3.566820820504548045e-03 1.032807464399317504e-01 4.349564317770154148e-02 4.707138971253102717e-03 2.985754010969273527e-04 2.985754010969273527e-04
0.000000000000000000e+00 2.110139522177564885e-04 2.948291899282263367e-04 1.670127029317528988e+00 4.371660116112004779e+00 5.646228264355853455e+00 2.888644377332972635e+00 3.171665722880916860e+00 9.223400984069556399e-03 7.953662660712571691e-03
0.000000000000000000e+00 2.110139522177564885e-04 2.948291899282263367e-04 2.254892656461977840e-02 1.186257690585580615e+00 3.206082524896495034e+00 4.229000671089475638e+00 1.221556329254986473e+00 6.050535079543403229e-03 6.050535079543403229e-03
0.000000000000000000e+00 2.110139522177564885e-04 2.948291899282263367e-04 3.528566292015173668e-03 3.121984819287207478e-03 1.955367578104047488e-02 5.678655278832606818e-02 3.412394040428207674e-03 2.505961851431170485e-04 2.505961851431170485e-04
0.000000000000000000e+00 2.110139522177564885e-04 2.948291899282263367e-04 2.951387212022420048e+00 3.134983737546938265e+00 5.213958345232038383e+00 3.559437525521515155e+00 8.798911882473763768e+00 8.519966260129531108e-03 7.455168669714204964e-03
0.000000000000000000e+00 2.110139522177564885e-04 2.948291899282263367e-04 2.951387212022420048e+00 7.481357437212140304e+00 4.732932295522671140e+00 1.492404351247591077e+00 8.212749437819409692e+00 8.519917370676857379e-03 7.458405486400229538e-03
0.000000000000000000e+00 2.110139522177564885e-04 2.948291899282263367e-04 1.328866530911664706e-02 8.648533008436580793e-01 3.786544827444322081e+00 2.331584163832518986e+00 5.547601312036176679e-01 5.071596306240035330e-03 5.071596306240035330e-03
0.000000000000000000e+00 2.110139522177564885e-04 2.948291899282263367e-04 3.528566292015173668e-03 7.840972026603217071e-02 8.575295254963490044e-02 6.323495651409838381e-02 5.568322757890861729e-03 3.619158537072368273e-04 3.619158537072368273e-04
0.000000000000000000e+00 2.110139522177564885e-04 2.948291899282263367e-04 3.824577554616292563e+00 6.739345836477931506e+00 5.571855726832282585e+00 1.674316553407655395e+00 8.393073518458029625e+00 1.424417467076710964e-01 6.105835513011830494e-03
0.000000000000000000e+00 2.110139522177564885e-04 2.948291899282263367e-04 4.119768886208043102e-02 1.114321010359499375e+00 3.278633264813746617e+00 4.352704256049310771e+00 9.340861625510959998e-01 6.041590212770175938e-03 6.041590212770175938e-03
0.000000000000000000e+00 2.110139522177564885e-04 2.948291899282263367e-04 2.825668634395154033e+00 3.488354585167478206e+00 5.646228264355853455e+00 3.669234744136808501e+00 1.175870114880228634e+00 7.937951186603606213e-03 9.243144938974285491e-03
0.000000000000000000e+00 2.110139522177564885e-04 2.948291899282263367e-04 3.874618850990418029e+00 4.253913224575393670e+00 4.062573303010474035e+00 4.758223572334699725e+00 1.892041792535814171e+00 9.229069306737600065e-03 7.966550206084676428e-03
0.000000000000000000e+00 2.110139522177564885e-04 2.948291899282263367e-04 1.670127029317528988e+00 4.371660116112004779e+00 5.358110579710937849e+00 2.720688037210188259e+00 3.354081321226333401e+00 9.217329742259755196e-03 7.940370290661104974e-03
0.000000000000000000e+00 2.110139522177564885e-04 2.948291899282263367e-04 3.528566292015173668e-03 3.121984819287207478e-03 2.885668363202840980e-02 3.818213323849792978e-02 3.850705169276900063e-03 2.488032508368130950e-04 2.488032508368130950e-04
0.000000000000000000e+00 2.110139522177564885e-04 2.948291899282263367e-04 1.328866530911664706e-02 1.737083768443440646e-01 1.166770971569294213e+00 9.086275828920850062e-01 8.833099700043359204e-02 2.201421770093261576e-03 2.201421770093261576e-03
0.000000000000000000e+00 2.110139522177564885e-04 2.948291899282263367e-04 1.324591871363184521e-02 3.018029587062984742e-01 4.008320219759348713e-01 1.053820543648696928e+00 7.396590087324386720e-02 1.817378787922046320e-03 2.274384493302610086e-03
0.000000000000000000e+00 2.110139522177564885e-04 2.948291899282263367e-04 1.670127029317528988e+00 4.371660116112004779e+00 5.502169422033397872e+00 2.720774149699479505e+00 2.991047903028677180e+00 1.897996134753803799e-01 7.940370290661104974e-03
0.000000000000000000e+00 2.110139522177564885e-04 2.948291899282263367e-04 4.115494226659564825e-02 1.114321010359499375e+00 3.278633264813746617e+00 4.229000671089475638e+00 9.340965588677325737e-01 6.032549697208685648e-03 6.032549697208685648e-03
0.000000000000000000e+00 2.110139522177564885e-04 2.948291899282263367e-04 4.119768886208043102e-02 1.114321010359499375e+00 3.278633264813746617e+00 4.352704256049310771e+00 9.334287849562016293e-01 6.041590212770175938e-03 6.041590212770175938e-03
0.000000000000000000e+00 2.110139522177564885e-04 2.948291899282263367e-04 9.316069047731144082e+00 2.713112087518990378e+01 4.752052459127165562e+00 7.535637043303112792e-01 1.767725226651455650e-01 8.984912912969966834e-04 2.263628447510602701e-02
0.000000000000000000e+00 2.110139522177564885e-04 2.948291899282263367e-04 3.566820820504548045e-03 3.141412120255282492e-01 3.809181525969799753e-01 3.241535198018961061e-01 1.643049745582112267e-02 1.207468903425312377e-03 1.538001414340884731e-03
0.000000000000000000e+00 2.110139522177564885e-04 2.948291899282263367e-04 5.045795011758357623e-02 7.852943740747659884e-01 6.725236995924118721e-01 1.024637575514805610e+00 2.078088090110941644e-01 2.731268811260671725e-03 2.731268811260671725e-03
0.000000000000000000e+00 2.110139522177564885e-04 2.948291899282263367e-04 3.566820820504548045e-03 3.017872738498865726e-01 4.207261096834731817e-01 3.241796272890021258e-01 1.644591835657597395e-02 1.211999925202578892e-03 1.541944198748227681e-03
0.000000000000000000e+00 2.110139522177564885e-04 2.948291899282263367e-04 3.874618850990418029e+00 3.833566576491725275e+00 4.206278684012210611e+00 3.559524783748452492e+00 9.524865148453143249e+00 6.952664461976097894e-03 1.415874258479739578e-01
0.000000000000000000e+00 2.110139522177564885e-04 2.948291899282263367e-04 3.566820820504548045e-03 1.062334864401078827e-01 8.578696076396175041e-02 1.386418013883440950e-02 5.499592442352757918e-03 3.597881882562314502e-04 3.597881882562314502e-04
0.000000000000000000e+00 2.110139522177564885e-04 2.948291899282263367e-04 2.259167316010457852e-02 1.186257690585580615e+00 3.206082524896495034e+00 4.229000671089475638e+00 1.221556329254986473e+00 6.050535079543403229e-03 6.050535079543403229e-03
0.000000000000000000e+00 2.110139522177564885e-04 2.948291899282263367e-04 1.328866530911664706e-02 6.089630798020846392e-01 1.858524779680476913e+00 1.537329043594800826e+00 8.379887037673231509e-01 2.143330230572023098e-01 4.177473962111879872e-03
0.000000000000000000e+00 2.110139522177564885e-04 2.948291899282263367e-04 1.670127029317528988e+00 4.371660116112004779e+00 2.869168926333282243e+00 1.614583712660618620e+00 1.751149848402178222e+01 1.043377366686508489e+00 3.631493319244351401e-03
0.000000000000000000e+00 2.110139522177564885e-04 2.948291899282263367e-04 3.528566292015173668e-03 3.415074495009799357e-03 8.480743105193053492e-04 1.955367578104047488e-02 3.418497322689662476e-04 2.395942883845946436e-04 2.395942883845946436e-04
0.000000000000000000e+00 2.110139522177564885e-04 2.948291899282263367e-04 3.566820820504548045e-03 3.566820820504548045e-03 8.480743105193053492e-04 1.955367578104047488e-02 3.418497322689662476e-04 2.395942883845946436e-04 2.395942883845946436e-04
0.000000000000000000e+00 2.110139522177564885e-04 2.948291899282263367e-04 3.566820820504548045e-03 2.894333356742449515e-01 4.406200969884493390e-01 3.241796272890021258e-01 1.661204368262268055e-02 1.211999925202578892e-03 1.541944198748227681e-03
0.000000000000000000e+00 2.110139522177564885e-04 2.948291899282263367e-04 3.528566292015173668e-03 3.528566292015173668e-03 4.746269933400427271e-02 1.960538596563181704e-02 3.977924404514403614e-03 2.488032508368130950e-04 2.488032508368130950e-04
0.000000000000000000e+00 2.110139522177564885e-04 2.948291899282263367e-04 3.528566292015173668e-03 3.086346847121619174e-03 4.746269933400427271e-02 3.821140166760756546e-02 3.454801198201826445e-03 2.868212366135504594e-04 2.868212366135504594e-04
0.000000000000000000e+00 2.110139522177564885e-04 2.948291899282263367e-04 1.328866530911664706e-02 3.954665997645479686e-03 6.202179229425477391e-01 8.830849369028722640e-01 6.184247247847449863e-02 4.339383844544891788e-02 1.492666230459998656e-03
0.000000000000000000e+00 2.110139522177564885e-04 2.948291899282263367e-04 1.641045142110952204e+00 4.283258289121767426e+00 2.992711658715009548e+00 2.478855350999194851e+00 1.751137779508588466e+01 7.255518375635529038e-01 3.631998034101972979e-03
0.000000000000000000e+00 2.110139522177564885e-04 2.948291899282263367e-04 3.528566292015173668e-03 3.490522795068585430e-03 8.480743105193053492e-04 2.885668363202840980e-02 3.437267926243655920e-04 2.414694001053035045e-04 2.414694001053035045e-04
0.000000000000000000e+00 2.110139522177564885e-04 2.948291899282263367e-04 2.227964007577586170e+00 3.753322520461082945e+00 5.790193714521868706e+00 2.553075004809129300e+00 2.685758325339517305e-01 3.708548933769200140e-01 9.209578978865259197e-03
0.000000000000000000e+00 2.110139522177564885e-04 2.948291899282263367e-04 1.328866530911664706e-02 8.250255620857481764e-01 7.427114286048670522e-01 6.586700893788307587e-01 8.834668213009573556e-02 2.207894484821978746e-03 2.207894484821978746e-03
0.000000000000000000e+00 2.110139522177564885e-04 2.948291899282263367e-04 2.227964007577586170e+00 5.724673246140088878e+00 4.062573303010474035e+00 2.217505632285285966e+00 1.170303208879128576e+01 1.424390804883368944e-01 5.480751615335375249e-01
0.000000000000000000e+00 2.110139522177564885e-04 2.948291899282263367e-04 1.328866530911664706e-02 3.018029587062984742e-01 4.008320219759348713e-01 3.532615144955789654e-01 5.175275100239359188e-02 1.220951326207006787e-03 1.220951326207006787e-03
0.000000000000000000e+00 2.110139522177564885e-04 2.948291899282263367e-04 3.566820820504548045e-03 3.017872738498865726e-01 3.808983709255633898e-01 3.241272793854646506e-01 1.372795043252930669e-02 9.959283690522840495e-04 1.270073496813143828e-03
0.000000000000000000e+00 2.110139522177564885e-04 2.948291899282263367e-04 3.528566292015173668e-03 1.156217516699837994e-01 7.522535169894778440e-02 1.299914003501526916e-01 6.438515505208004461e-03 4.511747416313669282e-04 4.341546898963248189e-04
0.000000000000000000e+00 2.110139522177564885e-04 2.948291899282263367e-04 1.324591871363184521e-02 2.400332678280902576e-01 5.003014508705114771e-01 1.235223177218850721e-01 1.298628010997339988e-01 9.959283690522840495e-04 9.959283690522840495e-04
0.000000000000000000e+00 2.110139522177564885e-04 2.948291899282263367e-04 1.328866530911664706e-02 1.842812062409091012e-01 3.363487378965582253e-01 1.953640358157150425e-01 5.911629022281993801e-02 8.025643033361913115e-04 8.025643033361913115e-04
0.000000000000000000e+00 2.110139522177564885e-04 2.948291899282263367e-04 3.528566292015173668e-03 3.566820820504548045e-03 2.885668363202840980e-02 8.470591798125917671e-02 4.675451847945363837e-03 2.927750565721865526e-04 2.927750565721865526e-04
0.000000000000000000e+00 2.110139522177564885e-04 2.948291899282263367e-04 3.566820820504548045e-03 3.566820820504548045e-03 8.443354598050361540e-04 5.676152929689967652e-02 3.840377397729070885e-03 2.469943230828653660e-04 2.469943230828653660e-04
0.000000000000000000e+00 2.110139522177564885e-04 2.948291899282263367e-04 1.670127029317528988e+00 4.371660116112004779e+00 2.869168926333282243e+00 1.614583712660618620e+00 1.751149848402178222e+01 1.043377366686508489e+00 3.631493319244351401e-03
0.000000000000000000e+00 2.110139522177564885e-04 2.948291899282263367e-04 1.670127029317528988e+00 1.759618915675734918e+00 5.094140593715071219e+00 2.622832270359016782e+00 1.591003211956607544e+00 1.762558447188415367e-01 7.216039757364749521e-03
0.000000000000000000e+00 2.110139522177564885e-04 2.948291899282263367e-04 1.670127029317528988e+00 1.759618915675734918e+00 4.970437008755235198e+00 2.766808681212272081e+00 2.093601598796540397e+00 9.179872774214559161e-03 7.823862526787931856e-03
0.000000000000000000e+00 2.110139522177564885e-04 2.948291899282263367e-04 3.566820820504548045e-03 2.894333356742449515e-01 1.339189399044191653e+00 1.502155662331883690e+00 3.977291728109011992e-01 2.788881257295960144e-03 2.788881257295960144e-03
0.000000000000000000e+00 2.110139522177564885e-04 2.948291899282263367e-04 1.641045142110952204e+00 1.699891293658303493e+00 4.970257219872662446e+00 2.622583445822112225e+00 3.268919266749053421e+00 9.200114705128662612e-03 7.858617310956064750e-03
0.000000000000000000e+00 2.110139522177564885e-04 2.948291899282263367e-04 3.724494961868042076e+00 2.869994789547557712e+00 5.069992895066023131e+00 3.727222211783440819e+00 8.798872596321213990e+00 3.405450586066758878e-01 1.415826186825006328e-01
0.000000000000000000e+00 2.110139522177564885e-04 2.948291899282263367e-04 3.566820820504548045e-03 1.234193880780603436e+00 3.278696490228188321e+00 2.121410839790684122e+00 5.994770858648838102e-02 5.016550922191595485e-03 5.016550922191595485e-03
0.000000000000000000e+00 2.110139522177564885e-04 2.948291899282263367e-04 1.328866530911664706e-02 1.948540356374741656e-01 3.196497385533980107e-01 1.421999816683510720e-01 3.510497626541753124e-02 7.959269864937089552e-04 7.959269864937089552e-04
0.000000000000000000e+00 2.110139522177564885e-04 2.948291899282263367e-04 3.528566292015173668e-03 1.234193880780603436e+00 3.278696490228188321e+00 2.121410839790684122e+00 5.994770858648838102e-02 1.287201358820264929e-01 5.025947986417602341e-03
0.000000000000000000e+00 2.110139522177564885e-04 2.948291899282263367e-04 2.259167316010457852e-02 3.909629283170107383e-01 1.198915600720808827e+00 6.586700893788307587e-01 3.868567345953047854e-01 2.239451807774908536e-03 2.239451807774908536e-03
0.000000000000000000e+00 2.110139522177564885e-04 2.948291899282263367e-04 3.566820820504548045e-03 3.121984819287207478e-03 1.032807464399317504e-01 4.347904118042011240e-02 4.462959839933673678e-03 2.985754010969273527e-04 2.985754010969273527e-04
0.000000000000000000e+00 2.110139522177564885e-04 2.948291899282263367e-04 3.528566292015173668e-03 3.086346847121619174e-03 8.480743105193053492e-04 3.814708906991085696e-02 3.819150674836416237e-03 2.433276217459231887e-04 2.433276217459231887e-04
0.000000000000000000e+00 2.110139522177564885e-04 2.948291899282263367e-04 1.328866530911664706e-02 3.018029587062984742e-01 1.339280338011544780e+00 1.024637575514805610e+00 2.870277753196872478e-02 6.192899925541205108e-02 2.767629867692652720e-03
0.000000000000000000e+00 2.110139522177564885e-04 2.948291899282263367e-04 3.566820820504548045e-03 1.948406121195161989e-01 1.727592532353228738e-01 1.192282994255723649e-01 9.215628634298294458e-03 8.275554730395142441e-04 6.345310980986808985e-04
0.000000000000000000e+00 2.110139522177564885e-04 2.948291899282263367e-04 2.227964007577586170e+00 3.311502921395605537e+00 3.116087987536758863e+00 2.478608055441680058e+00 8.436545740855169839e+00 9.245781317842318228e-03 8.008509313808729463e-03
0.000000000000000000e+00 2.110139522177564885e-04 2.948291899282263367e-04 3.528566292015173668e-03 1.063187438189958645e-01 8.578696076396175041e-02 2.621105271602095291e-02 1.786434715228397974e-02 4.862176428240491959e-04 3.640255868294906254e-04
0.000000000000000000e+00 2.110139522177564885e-04 2.948291899282263367e-04 1.524717593284644623e+00 1.878888965405007605e+00 3.591655295764670353e+00 3.918514460688020229e+00 1.422485962676223625e+00 7.190254032861316189e-03 7.190254032861316189e-03
0.000000000000000000e+00 2.110139522177564885e-04 2.948291899282263367e-04 3.874618850990418029e+00 3.833566576491725275e+00 4.206278684012210611e+00 3.559524783748452492e+00 9.524865148453143249e+00 6.952664461976097894e-03 6.097029244863289704e-03
0.000000000000000000e+00 2.110139522177564885e-04 2.948291899282263367e-04 3.566820820504548045e-03 3.566820820504548045e-03 3.815969148301633085e-02 6.611019034370146930e-02 3.732154569427709526e-03 2.908077860167684056e-04 2.908077860167684056e-04
0.000000000000000000e+00 2.110139522177564885e-04 2.948291899282263367e-04 3.528566292015173668e-03 2.360567276636679323e-03 8.480743105193053492e-04 2.885668363202840980e-02 3.350111823022334438e-04 2.414694001053035045e-04 2.414694001053035045e-04
0.000000000000000000e+00 2.110139522177564885e-04 2.948291899282263367e-04 3.566820820504548045e-03 1.948406121195161989e-01 3.363487378965582253e-01 1.023722429104412801e-01 1.107982396323536206e-02 7.857650720582636623e-04 7.857650720582636623e-04
0.000000000000000000e+00 2.110139522177564885e-04 2.948291899282263367e-04 4.115494226659564825e-02 6.915266437326592075e-02 1.743623418716785389e-01 1.358733522275999972e-01 2.432832011906273240e-02 5.250174884530040822e-04 5.250174884530040822e-04
0.000000000000000000e+00 2.110139522177564885e-04 2.948291899282263367e-04 1.640911513107487174e+00 5.829465271577806362e+00 2.036356270157239479e+01 4.281626298943588260e+00 2.810459197474544979e+00 8.947497529818275730e-01 7.347699310401749947e-04
0.000000000000000000e+00 2.110139522177564885e-04 2.948291899282263367e-04 1.669993400314064180e+00 5.934597014653522962e+00 2.018229119100214675e+01 4.281496649462202875e+00 2.762522896033075881e+00 8.514892884048952393e-01 1.833525510646102571e-02
0.000000000000000000e+00 2.110139522177564885e-04 2.948291899282263367e-04 1.328866530911664706e-02 3.624399184631099113e-01 1.198812499151311384e+00 1.442404271536064764e+00 8.337259642523578984e-01 3.427061849683639763e-03 3.427061849683639763e-03
0.000000000000000000e+00 2.110139522177564885e-04 2.948291899282263367e-04 2.227964007577586170e+00 5.829759908161005200e+00 3.630483837041726503e+00 3.391826782257874928e+00 1.152054162344313859e+01 6.944986518950493903e-03 1.416090840277349772e-01
0.000000000000000000e+00 2.110139522177564885e-04 2.948291899282263367e-04 3.566820820504548045e-03 3.566820820504548045e-03 8.480743105193053492e-04 2.885250574393587869e-02 3.350111823022334438e-04 2.414694001053035045e-04 2.414694001053035045e-04
0.000000000000000000e+00 2.110139522177564885e-04 2.948291899282263367e-04 3.528566292015173668e-03 2.270383296408223003e-03 8.480743105193053492e-04 5.675310477188671293e-02 3.840377397729070885e-03 2.469943230828653660e-04 2.469943230828653660e-04
0.000000000000000000e+00 2.110139522177564885e-04 2.948291899282263367e-04 2.122587091189106712e+00 5.724552884052838131e+00 2.018240351068345007e+01 4.281679783709682496e+00 2.761945141857538477e+00 8.803289216029184239e-01 7.347699310401749947e-04
0.000000000000000000e+00 2.110139522177564885e-04 2.948291899282263367e-04 1.640911513107487174e+00 5.829465271577806362e+00 2.036356270157239479e+01 4.281626298943588260e+00 2.810459197474544979e+00 8.947497529818275730e-01 7.347699310401749947e-04
0.000000000000000000e+00 2.110139522177564885e-04 2.948291899282263367e-04 3.824577554616292563e+00 4.253886439932925256e+00 4.206544563863466202e+00 4.939721710367686924e+00 1.891996545693411358e+00 9.231753378124655379e-03 7.972843060909774043e-03
0.000000000000000000e+00 2.110139522177564885e-04 2.948291899282263367e-04 3.528566292015173668e-03 3.121984819287207478e-03 3.815969148301633085e-02 5.680718249271354131e-02 4.555324765078029928e-03 2.888232524900767074e-04 2.888232524900767074e-04
0.000000000000000000e+00 2.110139522177564885e-04 2.948291899282263367e-04 3.774536258242167541e+00 6.863016921581332141e+00 5.571855726832282585e+00 1.674316553407655395e+00 8.573658989923709228e+00 6.950780997796560806e-03 6.105835513011830494e-03
0.000000000000000000e+00 2.110139522177564885e-04 2.948291899282263367e-04 2.259167316010457852e-02 1.842943812498383793e-01 3.196497385533980107e-01 4.112397241184950203e-01 4.264530487142455251e-02 9.921150176167147384e-04 9.921150176167147384e-04
0.000000000000000000e+00 2.110139522177564885e-04 2.948291899282263367e-04 1.670127029317528988e+00 4.194932276485814349e+00 5.646040943703869885e+00 3.056257409734031150e+00 1.902021213354074369e+00 1.907412829719605241e-01 7.945302244318526788e-03
0.000000000000000000e+00 2.110139522177564885e-04 2.948291899282263367e-04 3.528566292015173668e-03 3.566820820504548045e-03 2.885668363202840980e-02 8.470591798125917671e-02 3.875006843598668201e-03 2.927750565721865526e-04 2.927750565721865526e-04
0.000000000000000000e+00 2.110139522177564885e-04 2.948291899282263367e-04 2.951387212022420048e+00 3.223347657360033924e+00 5.069992895066023131e+00 3.727222211783440819e+00 8.617374458288235672e+00 8.519966260129531108e-03 1.734677392877097823e-01
0.000000000000000000e+00 2.110139522177564885e-04 2.948291899282263367e-04 3.566820820504548045e-03 1.186197317063857115e+00 2.158268115238776819e+00 1.783139124128915398e+00 1.311444433484789673e+00 5.025947986417602341e-03 5.025947986417602341e-03
0.000000000000000000e+00 2.110139522177564885e-04 2.948291899282263367e-04 3.528566292015173668e-03 3.528566292015173668e-03 2.885250574393587869e-02 8.470591798125917671e-02 4.675451847945363837e-03 2.927750565721865526e-04 2.927750565721865526e-04
0.000000000000000000e+00 2.110139522177564885e-04 2.948291899282263367e-04 1.328866530911664706e-02 1.063305551410428373e-01 1.496610631349629683e-01 1.015739999229203910e-01 7.667318389560481319e-03 5.172051836286385186e-04 5.172051836286385186e-04
0.000000000000000000e+00 2.110139522177564885e-04 2.948291899282263367e-04 3.528566292015173668e-03 1.155790050744989889e-01 4.350686350925263984e-02 7.559572439913669895e-02 5.578978497133919162e-03 3.640255868294906254e-04 3.640255868294906254e-04
0.000000000000000000e+00 2.110139522177564885e-04 2.948291899282263367e-04 1.324591871363184521e-02 3.018029587062984742e-01 9.343511366532819551e-01 9.086275828920850062e-01 8.804965603203812607e-02 2.201421770093261576e-03 2.201421770093261576e-03
0.000000000000000000e+00 2.110139522177564885e-04 2.948291899282263367e-04 2.087461452392946892e+00 2.575921618485363052e+00 4.352618925535495009e+00 2.334877924272904970e+00 9.706957859667683763e+00 8.514043539148303044e-03 1.734222729482648717e-01
0.000000000000000000e+00 2.110139522177564885e-04 2.948291899282263367e-04 3.189468101109250997e-02 1.162288761519687741e+00 3.278696490228188321e+00 2.331584163832518986e+00 4.310565462437828677e-01 5.062643472219879003e-03 5.062643472219879003e-03
0.000000000000000000e+00 2.110139522177564885e-04 2.948291899282263367e-04 3.566820820504548045e-03 1.210195598922230609e+00 2.158320364151434578e+00 1.783203163510967082e+00 8.915920898500806491e-01 4.997485878142786213e-03 4.997485878142786213e-03
0.000000000000000000e+00 2.110139522177564885e-04 2.948291899282263367e-04 3.528566292015173668e-03 3.566820820504548045e-03 8.480743105193053492e-04 1.955367578104047488e-02 3.923581395429966319e-03 2.395942883845946436e-04 2.395942883845946436e-04
0.000000000000000000e+00 2.110139522177564885e-04 2.948291899282263367e-04 3.528566292015173668e-03 3.566820820504548045e-03 8.443354598050361540e-04 8.291764845553750360e-04 9.649731917072577533e-03 2.377020460513788378e-04 2.377020460513788378e-04
0.000000000000000000e+00 2.110139522177564885e-04 2.948291899282263367e-04 3.566820820504548045e-03 1.062334864401078827e-01 8.578696076396175041e-02 1.015107250741927869e-01 2.066900012168707695e-02 4.318402700316267915e-04 4.318402700316267915e-04
0.000000000000000000e+00 2.110139522177564885e-04 2.948291899282263367e-04 3.528566292015173668e-03 1.210195598922230609e+00 2.158320364151434578e+00 1.783203163510967082e+00 8.915920898500806491e-01 4.997485878142786213e-03 4.997485878142786213e-03
0.000000000000000000e+00 2.110139522177564885e-04 2.948291899282263367e-04 2.227964007577586170e+00 5.724673246140088878e+00 4.062573303010474035e+00 2.217505632285285966e+00 1.170303208879128576e+01 1.424390804883368944e-01 5.480751615335375249e-01
0.000000000000000000e+00 2.110139522177564885e-04 2.948291899282263367e-04 2.227964007577586170e+00 5.829759908161005200e+00 3.630483837041726503e+00 3.391826782257874928e+00 1.152054162344313859e+01 6.944986518950493903e-03 1.416090840277349772e-01
0.000000000000000000e+00 2.110139522177564885e-04 2.948291899282263367e-04 3.566820820504548045e-03 1.948406121195161989e-01 3.363487378965582253e-01 1.023722429104412801e-01 1.107982396323536206e-02 7.857650720582636623e-04 7.857650720582636623e-04
0.000000000000000000e+00 2.110139522177564885e-04 2.948291899282263367e-04 3.566820820504548045e-03 3.141412120255282492e-01 1.860217042873824334e-01 3.153106876586806995e-01 1.365826251456256531e-02 9.765457246796063577e-04 1.253070060778923136e-03
0.000000000000000000e+00 2.110139522177564885e-04 2.948291899282263367e-04 3.566820820504548045e-03 3.566820820504548045e-03 5.676570718499220070e-02 4.752459158734786970e-02 4.278404370179572300e-03 2.908077860167684056e-04 2.908077860167684056e-04
0.000000000000000000e+00 2.110139522177564885e-04 2.948291899282263367e-04 1.328866530911664706e-02 3.018029587062984742e-01 9.343511366532819551e-01 9.086275828920850062e-01 8.833099700043359204e-02 2.201421770093261576e-03 2.201421770093261576e-03
0.000000000000000000e+00 2.110139522177564885e-04 2.948291899282263367e-04 3.528566292015173668e-03 3.528566292015173668e-03 8.480743105193053492e-04 8.467473073795588057e-02 4.447191085871011335e-03 2.868212366135504594e-04 2.868212366135504594e-04
0.000000000000000000e+00 2.110139522177564885e-04 2.948291899282263367e-04 3.566820820504548045e-03 1.328866530911664706e-02 1.032911964308609876e-01 4.350686350925263984e-02 4.717320389921356161e-03 3.004757041738715826e-04 3.004757041738715826e-04
0.000000000000000000e+00 2.110139522177564885e-04 2.948291899282263367e-04 9.139341208104953651e+00 2.731259488199957985e+01 4.440443281685253041e+00 6.750486535948881928e-01 2.999663634353773034e-01 8.996588416053593077e-04 8.996588416053593077e-04
0.000000000000000000e+00 2.110139522177564885e-04 2.948291899282263367e-04 3.566820820504548045e-03 3.157847106268249493e-03 1.955367578104047488e-02 1.957452138437433889e-02 4.031609416350501185e-03 2.433276217459231887e-04 2.433276217459231887e-04
0.000000000000000000e+00 2.110139522177564885e-04 2.948291899282263367e-04 3.528566292015173668e-03 3.121984819287207478e-03 2.885668363202840980e-02 3.817772542879840220e-02 3.850705169276900063e-03 2.488032508368130950e-04 2.488032508368130950e-04
0.000000000000000000e+00 2.110139522177564885e-04 9.632457581951780687e-03 3.997468780175705838e-03 1.210226067716854814e+00 1.979266315570353152e+00 1.871438656565791003e+00 3.661527385398903323e-01 4.194926528915983791e-03 4.194926528915983791e-03
0.000000000000000000e+00 2.110139522177564885e-04 2.948291899282263367e-04 1.328866530911664706e-02 1.186227785858481987e+00 2.158320364151434578e+00 1.783203163510967082e+00 1.559854557036729206e-01 4.186240331575035584e-03 4.186240331575035584e-03
0.000000000000000000e+00 2.110139522177564885e-04 2.948291899282263367e-04 3.566820820504548045e-03 3.017872738498865726e-01 3.808983709255633898e-01 2.659635049723109712e-01 7.172719207800137831e-02 9.959283690522840495e-04 1.270073496813143828e-03
0.000000000000000000e+00 2.110139522177564885e-04 2.948291899282263367e-04 2.227964007577586170e+00 3.311502921395605537e+00 3.116087987536758863e+00 2.478608055441680058e+00 8.436545740855169839e+00 9.245781317842318228e-03 8.008509313808729463e-03
0.000000000000000000e+00 2.110139522177564885e-04 2.948291899282263367e-04 3.874618850990418029e+00 4.148826562554477348e+00 4.206544563863466202e+00 4.576725434301723183e+00 2.433842786734720320e+00 1.898198093846782397e-01 7.985128692681796661e-03
0.000000000000000000e+00 2.110139522177564885e-04 2.948291899282263367e-04 2.259167316010457852e-02 1.737215518532732872e-01 3.029165031900364902e-01 3.392927055420497107e-01 1.353525227342740854e-02 1.000010712836242469e-03 9.804859389871769821e-04
0.000000000000000000e+00 2.110139522177564885e-04 2.948291899282263367e-04 3.824577554616292563e+00 6.739345836477931506e+00 5.739640413094201143e+00 1.129903160909338178e+00 8.212577873636602632e+00 6.952664461976097894e-03 1.415874258479739578e-01
0.000000000000000000e+00 2.110139522177564885e-04 2.948291899282263367e-04 1.670127029317528988e+00 4.194932276485814349e+00 5.646040943703869885e+00 3.056257409734031150e+00 1.902021213354074369e+00 1.907412829719605241e-01 7.945302244318526788e-03
0.000000000000000000e+00 2.110139522177564885e-04 2.948291899282263367e-04 3.566820820504548045e-03 3.490522795068585430e-03 1.025066793005254343e-02 9.398394956639186115e-02 4.184569631738513894e-03 2.908077860167684056e-04 2.908077860167684056e-04
0.000000000000000000e+00 2.110139522177564885e-04 2.948291899282263367e-04 1.234083610547216381e+00 4.636511249652975231e+00 2.181461454205627959e+01 4.281626298943588260e+00 2.666353152482535016e+00 1.035308056907273011e+00 6.057228259403469846e-04
0.000000000000000000e+00 2.110139522177564885e-04 2.948291899282263367e-04 2.227964007577586170e+00 3.664958600647987730e+00 5.646040943703869885e+00 3.056257409734031150e+00 8.122276716211050962e-01 7.891632532813237094e-03 9.218610483606044445e-03
0.000000000000000000e+00 2.110139522177564885e-04 2.948291899282263367e-04 3.528566292015173668e-03 3.121984819287207478e-03 1.025066793005254343e-02 3.817014147394556800e-02 4.042573643504542881e-03 2.451691870160407796e-04 2.451691870160407796e-04
0.000000000000000000e+00 2.110139522177564885e-04 2.948291899282263367e-04 3.566820820504548045e-03 3.528566292015173668e-03 2.885668363202840980e-02 1.958486302434375714e-02 3.999562896212061937e-03 2.451691870160407796e-04 2.451691870160407796e-04
0.000000000000000000e+00 2.110139522177564885e-04 2.948291899282263367e-04 3.566820820504548045e-03 6.256579739715540933e-01 5.566221095119494588e-01 4.256290653024861204e-01 6.188706723542929805e-02 1.794274654062986930e-03 2.254837397582940949e-03
0.000000000000000000e+00 2.110139522177564885e-04 2.948291899282263367e-04 1.328866530911664706e-02 1.842812062409091012e-01 1.727592532353228738e-01 1.359444167788332325e-01 9.134293848249394263e-03 8.302409961798260137e-04 6.375079494680861237e-04
0.000000000000000000e+00 2.110139522177564885e-04 2.948291899282263367e-04 3.528566292015173668e-03 3.528566292015173668e-03 8.480743105193053492e-04 8.467473073795588057e-02 4.399157519776843855e-03 2.868212366135504594e-04 2.868212366135504594e-04
0.000000000000000000e+00 2.110139522177564885e-04 2.948291899282263367e-04 1.641045142110952204e+00 4.371622208934863529e+00 3.116495900241566641e+00 2.190899991310552686e+00 1.769287593311886297e+01 5.652270048730613228e-01 8.379374733276670484e-02
0.000000000000000000e+00 2.110139522177564885e-04 2.948291899282263367e-04 2.122587091189106712e+00 2.575950687107952941e+00 4.105297086129644057e+00 2.334796508676740601e+00 9.888481750566302964e+00 8.514043539148303044e-03 7.409702330261456853e-03
0.000000000000000000e+00 2.110139522177564885e-04 2.948291899282263367e-04 3.490522795068585430e-03 3.528566292015173668e-03 1.125837542909196853e-01 1.002387642261070300e-01 5.499592442352757918e-03 3.597881882562314502e-04 3.597881882562314502e-04
0.000000000000000000e+00 2.110139522177564885e-04 2.948291899282263367e-04 3.528566292015173668e-03 2.894333356742449515e-01 1.974883483744169999e+00 1.900172618480908904e+00 1.310879191963786883e-01 3.443264822745008107e-03 3.443264822745008107e-03
0.000000000000000000e+00 2.110139522177564885e-04 2.948291899282263367e-04 3.528566292015173668e-03 3.086346847121619174e-03 8.480743105193053492e-04 1.025066793005254343e-02 3.997468780175705838e-03 2.377020460513788378e-04 2.377020460513788378e-04
0.000000000000000000e+00 2.110139522177564885e-04 2.948291899282263367e-04 1.670127029317528988e+00 4.371660116112004779e+00 5.646228264355853455e+00 2.720859691071054964e+00 3.171703466049875075e+00 9.220415930627898562e-03 7.947067258497223993e-03
0.000000000000000000e+00 2.110139522177564885e-04 2.948291899282263367e-04 3.566820820504548045e-03 3.490522795068585430e-03 1.025066793005254343e-02 9.398394956639186115e-02 4.469328322642981619e-03 2.908077860167684056e-04 2.908077860167684056e-04
0.000000000000000000e+00 2.110139522177564885e-04 2.948291899282263367e-04 4.115494226659564825e-02 1.114321010359499375e+00 3.278633264813746617e+00 4.229000671089475638e+00 9.334386446100718659e-01 6.032549697208685648e-03 6.032549697208685648e-03
0.000000000000000000e+00 2.110139522177564885e-04 2.948291899282263367e-04 3.566820820504548045e-03 3.566820820504548045e-03 2.885668363202840980e-02 2.888787087533168860e-02 4.010278312929256225e-03 2.469943230828653660e-04 2.469943230828653660e-04
0.000000000000000000e+00 2.110139522177564885e-04 2.948291899282263367e-04 3.566820820504548045e-03 3.141412120255282492e-01 3.809181525969799753e-01 2.369078581821656149e-01 7.172719207800137831e-02 9.959283690522840495e-04 1.270073496813143828e-03
0.000000000000000000e+00 2.110139522177564885e-04 2.948291899282263367e-04 3.528566292015173668e-03 3.050934151121155891e-03 8.480743105193053492e-04 5.676570718499220070e-02 3.715446715692127377e-03 2.469943230828653660e-04 2.469943230828653660e-04
0.000000000000000000e+00 2.110139522177564885e-04 2.948291899282263367e-04 1.611829625900910390e+00 1.759567108389437973e+00 3.591732283468941134e+00 3.630483837041726503e+00 1.591050084818217414e+00 1.749749402947869681e-01 7.198952856431128054e-03
0.000000000000000000e+00 2.110139522177564885e-04 2.948291899282263367e-04 1.328866530911664706e-02 1.948053904546860893e-01 3.196497385533980107e-01 4.112397241184950203e-01 1.356341766484772671e-02 9.882703292727538884e-04 9.882703292727538884e-04
0.000000000000000000e+00 2.110139522177564885e-04 2.948291899282263367e-04 3.566820820504548045e-03 3.017872738498865726e-01 4.207261096834731817e-01 3.241796272890021258e-01 5.173768247878251375e-02 1.216493972168535692e-03 1.545846878761815077e-03
0.000000000000000000e+00 2.110139522177564885e-04 5.614749683689143622e-02 3.524693827900430065e+00 6.120827911678758504e+00 1.836861439955907471e+01 2.828412406593582062e+00 2.271071944014467991e+00 9.703703378049184369e-01 1.752061801442150180e-01
0.000000000000000000e+00 2.110139522177564885e-04 2.948291899282263367e-04 3.824577554616292563e+00 6.739345836477931506e+00 5.739640413094201143e+00 1.129903160909338178e+00 8.212577873636602632e+00 1.424430610650867512e-01 6.099331513520887642e-03
0.000000000000000000e+00 2.110139522177564885e-04 2.948291899282263367e-04 2.909481019479997599e+00 3.134956209063519683e+00 3.240118828634676262e+00 2.190899991310552686e+00 1.079594668786557499e+01 1.745310904282893205e-01 7.437720022525148508e-03
0.000000000000000000e+00 2.110139522177564885e-04 2.948291899282263367e-04 3.528566292015173668e-03 3.566820820504548045e-03 2.885668363202840980e-02 5.679689442829537194e-02 4.641974364475995492e-03 2.868212366135504594e-04 2.868212366135504594e-04
0.000000000000000000e+00 2.110139522177564885e-04 2.948291899282263367e-04 3.528566292015173668e-03 3.121984819287207478e-03 8.480743105193053492e-04 5.676152929689967652e-02 4.010278312929256225e-03 2.469943230828653660e-04 2.469943230828653660e-04
0.000000000000000000e+00 2.110139522177564885e-04 2.948291899282263367e-04 2.254892656461977840e-02 1.162259408727207566e+00 2.158320364151434578e+00 3.381711690760998312e+00 2.374751267302787294e+00 1.500822554325604019e-01 6.032549697208685648e-03
0.000000000000000000e+00 2.110139522177564885e-04 2.948291899282263367e-04 3.566820820504548045e-03 3.121984819287207478e-03 8.443354598050361540e-04 5.676152929689967652e-02 3.840377397729070885e-03 2.469943230828653660e-04 2.469943230828653660e-04
0.000000000000000000e+00 2.110139522177564885e-04 9.632457581951780687e-03 6.566124743692868471e+00 2.404538811076565707e+01 4.385276716786514761e+00 1.118398967677255884e+00 2.576849728022422070e+00 2.119727735317304407e-01 2.263861235304421779e-02
0.000000000000000000e+00 2.110139522177564885e-04 9.632457581951780687e-03 3.997468780175705838e-03 1.210226067716854814e+00 1.979266315570353152e+00 1.871438656565791003e+00 3.661527385398903323e-01 4.194926528915983791e-03 4.194926528915983791e-03
0.000000000000000000e+00 2.110139522177564885e-04 2.948291899282263367e-04 3.566820820504548045e-03 2.770793974986032748e-01 1.339154372552007866e+00 1.561808292522148589e+00 3.977291728109011992e-01 2.788881257295960144e-03 2.788881257295960144e-03
0.000000000000000000e+00 2.110139522177564885e-04 2.948291899282263367e-04 3.528566292015173668e-03 1.063187438189958645e-01 8.578696076396175041e-02 1.015107250741927869e-01 2.066900012168707695e-02 5.719429879440155297e-04 4.318402700316267915e-04
0.000000000000000000e+00 2.110139522177564885e-04 7.475351253886731995e-02 1.947130579411097129e+00 5.514499922098255347e+00 2.000101703180540369e+01 4.177716274662909512e+00 2.714425734108724342e+00 8.370698049704917709e-01 5.353262697499007461e-02
0.000000000000000000e+00 2.110139522177564885e-04 2.948291899282263367e-04 1.328866530911664706e-02 2.770382423590058707e-01 9.924569867852313099e-01 1.561658613189036648e+00 1.075716319925028308e-01 2.738688549433843881e-03 2.738688549433843881e-03
0.000000000000000000e+00 2.110139522177564885e-04 2.948291899282263367e-04 3.724494961868042076e+00 2.869994789547557712e+00 5.069992895066023131e+00 3.727222211783440819e+00 8.980370734354199413e+00 1.745323570412906644e-01 6.092222079389997616e-03
0.000000000000000000e+00 2.110139522177564885e-04 2.948291899282263367e-04 3.528566292015173668e-03 3.050934151121155891e-03 4.746269933400427271e-02 1.960538596563181704e-02 3.977924404514403614e-03 2.488032508368130950e-04 2.488032508368130950e-04
0.000000000000000000e+00 2.110139522177564885e-04 2.948291899282263367e-04 3.528566292015173668e-03 1.948406121195161989e-01 3.196326205432973855e-01 5.566221095119494588e-01 8.686332127494232613e-02 1.220951326207006787e-03 1.220951326207006787e-03
0.000000000000000000e+00 2.110139522177564885e-04 2.948291899282263367e-04 3.874618850990418029e+00 3.728479914470821388e+00 4.350247850305970942e+00 3.559524783748452492e+00 9.343367010420164931e+00 1.424433674312781672e-01 6.097029244863289704e-03
0.000000000000000000e+00 2.110139522177564885e-04 2.948291899282263367e-04 1.324591871363184521e-02 1.948540356374741656e-01 3.196497385533980107e-01 4.112397241184950203e-01 1.370097537311382001e-02 9.882703292727538884e-04 9.882703292727538884e-04
0.000000000000000000e+00 2.110139522177564885e-04 2.948291899282263367e-04 3.566820820504548045e-03 3.141412120255282492e-01 2.027378216406433009e-01 2.913348411466274435e-01 4.274014972113938937e-02 9.804859389871769821e-04 1.256540380903994327e-03
0.000000000000000000e+00 2.110139522177564885e-04 2.948291899282263367e-04 3.566820820504548045e-03 3.490522795068585430e-03 8.443354598050361540e-04 8.467055284986335639e-02 3.496897593754042140e-03 2.868212366135504594e-04 2.868212366135504594e-04
0.000000000000000000e+00 2.110139522177564885e-04 2.948291899282263367e-04 3.566820820504548045e-03 3.528566292015173668e-03 9.397773858894380161e-02 7.520285342007841656e-02 5.465929724655061231e-03 3.532955704160820423e-04 3.532955704160820423e-04
0.000000000000000000e+00 2.110139522177564885e-04 2.948291899282263367e-04 1.324591871363184521e-02 8.449394314647030724e-01 7.076176447304920458e-01 6.086287930047057371e-01 2.862898650739177653e-02 2.194894494101930129e-03 2.194894494101930129e-03
0.000000000000000000e+00 2.110139522177564885e-04 2.948291899282263367e-04 2.250641578121658631e-02 7.843312424761304802e-02 8.577568281664346705e-02 6.325327310896847188e-02 6.448484861154244255e-03 4.223864839361130431e-04 4.223864839361130431e-04
0.000000000000000000e+00 2.110139522177564885e-04 2.948291899282263367e-04 9.227705127918047978e+00 2.749410563265672636e+01 4.502784158452361574e+00 7.247249230602310632e-01 4.574821268776282923e-01 8.913350253510659085e-04 8.913350253510659085e-04
0.000000000000000000e+00 2.110139522177564885e-04 2.948291899282263367e-04 1.670127029317528988e+00 4.283296196298908676e+00 5.502076029876953100e+00 2.720688037210188259e+00 2.991085045160370104e+00 1.897963237860238184e-01 7.933571394081975758e-03
0.000000000000000000e+00 2.110139522177564885e-04 2.948291899282263367e-04 3.566820820504548045e-03 6.256579739715540933e-01 5.566221095119494588e-01 4.256290653024861204e-01 6.168913240540016552e-02 1.794274654062986930e-03 2.254837397582940949e-03
0.000000000000000000e+00 2.110139522177564885e-04 2.948291899282263367e-04 1.328866530911664706e-02 1.842812062409091012e-01 3.363487378965582253e-01 1.953640358157150425e-01 5.911629022281993801e-02 8.025643033361913115e-04 8.025643033361913115e-04
0.000000000000000000e+00 2.110139522177564885e-04 2.948291899282263367e-04 1.670127029317528988e+00 6.144770338695356493e+00 2.254199096426713211e+01 1.062139337700453767e+00 3.704700682830046166e+00 1.242207868016040440e+00 1.833347667402988185e-02
0.000000000000000000e+00 2.110139522177564885e-04 2.948291899282263367e-04 9.316069047731144082e+00 2.912760039355270081e+01 3.619528337380895966e+00 9.548068641286006075e-01 1.096524929424473466e-01 8.901172712619649869e-04 8.901172712619649869e-04
0.000000000000000000e+00 2.110139522177564885e-04 2.948291899282263367e-04 1.234083610547216381e+00 4.636093291132733718e+00 2.181461454205627959e+01 4.281626298943588260e+00 2.666353152482535016e+00 1.035308056907273011e+00 6.057228259403469846e-04
0.000000000000000000e+00 2.110139522177564885e-04 2.948291899282263367e-04 1.324591871363184521e-02 1.631355474477789724e-01 8.427995004497156328e-01 1.308701158420637389e+00 2.865988857300958564e-02 2.746655397984113303e-03 2.207894484821978746e-03
0.000000000000000000e+00 2.110139522177564885e-04 2.948291899282263367e-04 3.528566292015173668e-03 3.121984819287207478e-03 2.885668363202840980e-02 1.958486302434375714e-02 3.956784578189517614e-03 2.451691870160407796e-04 2.451691870160407796e-04
0.000000000000000000e+00 2.110139522177564885e-04 2.948291899282263367e-04 2.951387212022420048e+00 3.134983737546938265e+00 5.069899502909581024e+00 3.727134378917972501e+00 8.798911882473763768e+00 3.405451074961285407e-01 7.461558608892972580e-03
0.000000000000000000e+00 2.110139522177564885e-04 2.948291899282263367e-04 3.528566292015173668e-03 1.063187438189958645e-01 8.578696076396175041e-02 2.621105271602095291e-02 1.786434715228397974e-02 4.862176428240491959e-04 3.640255868294906254e-04
0.000000000000000000e+00 2.110139522177564885e-04 2.948291899282263367e-04 1.324591871363184521e-02 3.018029587062984742e-01 4.008320219759348713e-01 1.053820543648696928e+00 7.349462700943429350e-02 1.817378787922046320e-03 2.274384493302610086e-03
0.000000000000000000e+00 2.110139522177564885e-04 2.948291899282263367e-04 3.528566292015173668e-03 3.566820820504548045e-03 8.480743105193053492e-04 8.467473073795588057e-02 4.592884992866893071e-03 2.868212366135504594e-04 2.868212366135504594e-04
0.000000000000000000e+00 2.110139522177564885e-04 2.948291899282263367e-04 3.566820820504548045e-03 3.566820820504548045e-03 3.815969148301633085e-02 6.611019034370146930e-02 3.732154569427709526e-03 2.908077860167684056e-04 2.908077860167684056e-04
0.000000000000000000e+00 2.110139522177564885e-04 2.948291899282263367e-04 3.566820820504548045e-03 3.566820820504548045e-03 2.885668363202840980e-02 7.540291013027122791e-02 3.909725313659167395e-03 2.908077860167684056e-04 2.908077860167684056e-04
0.000000000000000000e+00 2.110139522177564885e-04 2.948291899282263367e-04 3.566820820504548045e-03 3.765438295559134230e-01 1.269063776743631022e+00 1.442502777335422204e+00 7.611397849301064777e-01 3.435199114746509061e-03 3.435199114746509061e-03
0.000000000000000000e+00 2.110139522177564885e-04 2.948291899282263367e-04 3.528566292015173668e-03 3.121984819287207478e-03 2.885668363202840980e-02 1.958486302434375714e-02 3.582497457605970936e-03 2.451691870160407796e-04 2.451691870160407796e-04
0.000000000000000000e+00 2.110139522177564885e-04 2.948291899282263367e-04 1.324591871363184521e-02 2.894490205306567976e-01 9.634041350323814257e-01 8.585862865179596515e-01 8.831483882257001872e-02 2.194894494101930129e-03 2.194894494101930129e-03
0.000000000000000000e+00 2.110139522177564885e-04 2.948291899282263367e-04 3.566820820504548045e-03 1.210195598922230609e+00 3.351247230145439460e+00 2.121410839790684122e+00 5.994770858648838102e-02 5.016550922191595485e-03 5.016550922191595485e-03
0.000000000000000000e+00 2.110139522177564885e-04 9.632457581951780687e-03 3.954665997645479686e-03 1.948540356374741656e-01 4.803672921381841876e-01 6.724920059343324485e-01 6.182685707921671547e-02 1.482584006818539772e-03 1.482584006818539772e-03
0.000000000000000000e+00 2.110139522177564885e-04 2.948291899282263367e-04 2.227802608006951068e+00 3.841686440274178604e+00 5.646228264355853455e+00 2.049720946023368295e+00 8.718694385377301348e-02 1.893220005597656408e-01 7.832715785486679683e-03
0.000000000000000000e+00 2.110139522177564885e-04 2.948291899282263367e-04 1.641045142110952204e+00 6.354898581682379977e+00 1.981962989401254660e+01 1.582705851713452017e+00 9.982061634629406655e-01 4.080407901977321262e-03 3.632033199192757997e-03
0.000000000000000000e+00 2.110139522177564885e-04 2.948291899282263367e-04 3.774536258242167541e+00 6.863016921581332141e+00 5.571855726832282585e+00 1.674316553407655395e+00 8.573658989923709228e+00 6.950780997796560806e-03 6.105835513011830494e-03
0.000000000000000000e+00 2.110139522177564885e-04 2.948291899282263367e-04 3.566820820504548045e-03 2.894333356742449515e-01 1.339189399044191653e+00 1.502155662331883690e+00 3.980699582716415441e-01 7.540284658898895043e-02 3.402216636359461661e-03
0.000000000000000000e+00 2.110139522177564885e-04 2.948291899282263367e-04 3.566820820504548045e-03 2.894333356742449515e-01 9.924569867852313099e-01 1.442254592202953045e+00 9.785667814108917062e-01 3.418852622550809517e-03 3.418852622550809517e-03
0.000000000000000000e+00 2.110139522177564885e-04 2.948291899282263367e-04 3.566820820504548045e-03 3.566820820504548045e-03 2.885668363202840980e-02 7.540291013027122791e-02 3.909725313659167395e-03 2.908077860167684056e-04 2.908077860167684056e-04
0.000000000000000000e+00 2.110139522177564885e-04 2.948291899282263367e-04 3.566820820504548045e-03 2.894333356742449515e-01 4.406200969884493390e-01 3.241796272890021258e-01 5.173768247878251375e-02 1.216493972168535692e-03 1.545846878761815077e-03
0.000000000000000000e+00 2.110139522177564885e-04 2.948291899282263367e-04 1.324591871363184521e-02 1.842812062409091012e-01 3.196326205432973855e-01 3.393314048633737090e-01 1.354948512219946929e-02 9.843940543840250419e-04 9.843940543840250419e-04
0.000000000000000000e+00 2.948291899282263367e-04 2.948291899282263367e-04 3.528566292015173668e-03 2.270383296408223003e-03 8.480743105193053492e-04 1.023806551694706433e-02 3.399503459971640212e-04 2.377020460513788378e-04 2.377020460513788378e-04
0.000000000000000000e+00 2.110139522177564885e-04 9.632457581951780687e-03 6.566458837764004741e+00 2.404538811076565707e+01 4.489083406478675542e+00 1.070308313363935282e+00 2.576849728022422070e+00 2.119727735317304407e-01 2.263861235304421779e-02
0.000000000000000000e+00 2.110139522177564885e-04 2.948291899282263367e-04 3.566820820504548045e-03 9.701573596800794341e-02 8.577568281664346705e-02 1.870118779254646424e-01 7.588557645626122991e-03 5.172051836286385186e-04 5.172051836286385186e-04
0.000000000000000000e+00 2.110139522177564885e-04 2.948291899282263367e-04 3.528566292015173668e-03 3.121984819287207478e-03 8.480743105193053492e-04 4.746269933400427271e-02 3.422509505586055455e-03 2.498681957179608678e-04 2.451691870160407796e-04
0.000000000000000000e+00 2.110139522177564885e-04 2.948291899282263367e-04 2.259167316010457852e-02 2.771104768383336747e-01 1.933019130484934900e+00 1.900172618480908904e+00 1.306752212744674013e-01 3.443264822745008107e-03 3.443264822745008107e-03
0.000000000000000000e+00 2.110139522177564885e-04 2.948291899282263367e-04 2.259167316010457852e-02 1.186257690585580615e+00 2.098670336556437199e+00 3.381711690760998312e+00 1.544388810882294072e+00 5.985897441286278792e-03 7.139583165128193798e-03
0.000000000000000000e+00 2.110139522177564885e-04 2.948291899282263367e-04 3.566820820504548045e-03 3.566820820504548045e-03 1.032807464399317504e-01 4.349013738185561473e-02 4.414909320340235088e-03 2.985754010969273527e-04 2.985754010969273527e-04
0.000000000000000000e+00 2.110139522177564885e-04 2.948291899282263367e-04 3.528566292015173668e-03 3.566820820504548045e-03 5.676570718499220070e-02 7.515715776666910541e-02 4.686208208414921472e-03 2.947252779117725554e-04 2.947252779117725554e-04
0.000000000000000000e+00 2.110139522177564885e-04 2.948291899282263367e-04 3.528566292015173668e-03 3.121984819287207478e-03 8.480743105193053492e-04 5.675310477188671293e-02 4.010278312929256225e-03 2.469943230828653660e-04 2.469943230828653660e-04
0.000000000000000000e+00 2.110139522177564885e-04 2.948291899282263367e-04 4.119768886208043102e-02 1.114321010359499375e+00 3.278633264813746617e+00 4.105297086129644057e+00 9.341062452864226096e-01 6.023413110103104616e-03 6.023413110103104616e-03
0.000000000000000000e+00 2.110139522177564885e-04 2.948291899282263367e-04 3.189468101109250997e-02 1.162288761519687741e+00 3.278696490228188321e+00 2.331584163832518986e+00 3.073529612839478453e-01 1.287571876094555923e-01 5.062643472219879003e-03
0.000000000000000000e+00 2.110139522177564885e-04 2.948291899282263367e-04 1.669993400314064180e+00 5.934597014653522962e+00 2.018229119100214675e+01 4.281496649462202875e+00 2.762522896033075881e+00 8.514892884048952393e-01 1.833525510646102571e-02
0.000000000000000000e+00 2.110139522177564885e-04 2.948291899282263367e-04 2.259167316010457852e-02 2.894644150139752958e-01 1.891154565941342014e+00 1.900172618480908904e+00 4.272399938328318159e-02 3.435199114746509061e-03 9.179911892784202443e-02
0.000000000000000000e+00 2.110139522177564885e-04 2.948291899282263367e-04 2.909481019479997599e+00 3.223320128876615787e+00 5.213958345232038383e+00 3.559437525521515155e+00 8.254417468374823486e+00 8.519617637731947274e-03 7.444953449375089904e-03
0.000000000000000000e+00 2.110139522177564885e-04 2.948291899282263367e-04 2.909481019479997599e+00 3.223320128876615787e+00 5.213958345232038383e+00 3.559437525521515155e+00 8.254417468374823486e+00 8.519617637731947274e-03 7.444953449375089904e-03
0.000000000000000000e+00 2.110139522177564885e-04 2.948291899282263367e-04 3.528566292015173668e-03 1.948406121195161989e-01 1.727592532353228738e-01 1.192282994255723649e-01 9.215628634298294458e-03 8.275554730395142441e-04 6.345310980986808985e-04
0.000000000000000000e+00 2.110139522177564885e-04 2.948291899282263367e-04 3.566820820504548045e-03 9.693047858911991999e-02 9.634851221320853143e-02 7.563387101704260873e-02 2.065761828930650842e-02 4.295064437089658000e-04 4.295064437089658000e-04
0.000000000000000000e+00 2.110139522177564885e-04 2.948291899282263367e-04 3.528566292015173668e-03 3.157847106268249493e-03 4.746269933400427271e-02 1.959639703368565300e-02 3.643443214298474914e-03 2.488032508368130950e-04 2.488032508368130950e-04
