0.000000000000000000e+00 1.173181201448080142e-03 2.262668557909372838e-02 2.276543525683662195e-02 2.707755170288130356e-02 5.161834657103858866e-03 7.724248865844703625e-03 5.100717579301638355e-02 8.949454318686140761e-04
0.000000000000000000e+00 1.173181201448080142e-03 6.610227194671179640e-02 2.269672243263770248e-02 4.886092372832638586e-02 4.632736864336156657e+01 1.994972869437102503e+01 1.330047663116363903e-02 2.110139522177564885e-04
0.000000000000000000e+00 1.173181201448080142e-03 8.784006513051878517e-02 2.269826146843928819e-02 6.140480541644581791e-01 4.233524338595905334e+01 1.922951055878600712e+01 1.330047663116363903e-02 2.110139522177564885e-04
0.000000000000000000e+00 1.173181201448080142e-03 2.262668557909372838e-02 4.443141828245704417e-02 1.331422540754583439e+00 3.689083732989116982e+01 1.908546489976961880e+01 1.330047663116363903e-02 2.110139522177564885e-04
0.000000000000000000e+00 1.173181201448080142e-03 1.092801686515678522e-03 4.442986001225633641e-02 2.032024346712307139e+00 3.253466815594807571e+01 1.577025247977977251e+01 1.330047663116363903e-02 2.110139522177564885e-04
0.000000000000000000e+00 1.173181201448080142e-03 8.784006513051878517e-02 8.791164101986434498e-02 1.306641377704646168e+00 3.289798060403007440e+01 1.980570229462650644e+01 3.566820820504548045e-03 2.110139522177564885e-04
0.000000000000000000e+00 1.173181201448080142e-03 2.262668557909372838e-02 2.269362509864800148e-02 2.715031796724094032e-02 4.860085097017072947e-02 7.692034608283559310e-03 2.942982779209259159e-02 6.610951412514808057e-02
0.000000000000000000e+00 1.202271164499381763e-03 2.262668557909372838e-02 4.443141828245704417e-02 7.063053609369247809e-02 2.713209171295987918e-02 5.126458855018078964e-02 2.936351773439533491e-02 9.008191692351847539e-04
0.000000000000000000e+00 1.173181201448080142e-03 2.262668557909372838e-02 2.269362509864800148e-02 2.707755170288130356e-02 2.689962784091084330e-02 2.947827467950463187e-02 2.930087817416855353e-02 8.961345737250833200e-04
0.000000000000000000e+00 1.173181201448080142e-03 4.436447876290276066e-02 4.443297015517439635e-02 5.923421497780968492e-01 4.251638526063737089e+01 1.937355553388536222e+01 1.330047663116363903e-02 2.110139522177564885e-04
0.000000000000000000e+00 1.173181201448080142e-03 8.784006513051878517e-02 1.313872273874803487e-01 1.451929331709625182e-01 4.396830486639824187e+01 2.009377032381216921e+01 1.330047663116363903e-02 2.110139522177564885e-04
0.000000000000000000e+00 1.173181201448080142e-03 8.784006513051878517e-02 1.313872273874803487e-01 2.009791734958001008e+00 3.344241975915577569e+01 1.224097859898734519e+01 3.566820820504548045e-03 2.110139522177564885e-04
0.000000000000000000e+00 2.187860512450142902e+00 2.869863393652042127e+00 3.430527750039878754e+00 1.692400261230650216e+01 4.993594664211618905e+00 4.244972738834027481e+00 5.425162472523589186e-01 2.150356535994840277e-04
0.000000000000000000e+00 2.444824911117176591e-01 1.179839298814580273e+00 2.695569638592548056e+00 4.282342051292034490e+00 1.459082502023885475e+01 8.855789461093316106e+00 2.416553683058119795e+00 7.773087567990470959e-01
0.000000000000000000e+00 1.173181201448080142e-03 6.610227194671179640e-02 4.443451561644673475e-02 1.353169433957809531e+00 3.689086521101114613e+01 1.614134598957861044e+01 3.528566292015173668e-03 2.110139522177564885e-04
0.000000000000000000e+00 1.173181201448080142e-03 2.262668557909372838e-02 9.558319148389736496e-04 4.884707629036039167e-02 2.711856878250101105e-02 2.941378189451576697e-02 2.942982779209259159e-02 8.961345737250833200e-04
0.000000000000000000e+00 1.173181201448080142e-03 6.610227194671179640e-02 4.443451561644673475e-02 1.353169433957809531e+00 3.652786893494517528e+01 1.894141855176700773e+01 1.330047663116363903e-02 2.110139522177564885e-04
0.000000000000000000e+00 1.173181201448080142e-03 2.262668557909372838e-02 2.269362509864800148e-02 2.707755170288130356e-02 4.860085097017072947e-02 7.756684656197230035e-03 5.103867135797553189e-02 8.973165310936154822e-04
0.000000000000000000e+00 1.202271164499381763e-03 1.095778583143278001e-01 9.620008808704849168e-04 2.716404974549241347e-02 4.886988489676890451e-02 7.805116353804071941e-03 7.739995171955407760e-03 8.984912912969966834e-04
0.000000000000000000e+00 2.269206682844730760e-02 1.313168763741120182e-01 6.617842624944768326e-02 2.200827280185172624e-02 4.578305391680475367e+01 1.966164345230405175e+01 1.330047663116363903e-02 2.110139522177564885e-04
0.000000000000000000e+00 1.173181201448080142e-03 8.784006513051878517e-02 1.313872273874803487e-01 1.451929331709625182e-01 4.396830486639824187e+01 2.009377032381216921e+01 1.330047663116363903e-02 2.110139522177564885e-04
0.000000000000000000e+00 1.173181201448080142e-03 4.436447876290276066e-02 2.269517697136740758e-02 1.505324886225050784e+00 3.344213303061809484e+01 2.066993034037098909e+01 1.330047663116363903e-02 2.110139522177564885e-04
0.000000000000000000e+00 1.173181201448080142e-03 4.436447876290276066e-02 2.269517697136740758e-02 1.505324886225050784e+00 3.344213303061809484e+01 2.066993034037098909e+01 1.330047663116363903e-02 2.110139522177564885e-04
0.000000000000000000e+00 1.173181201448080142e-03 2.262668557909372838e-02 2.269362509864800148e-02 2.715031796724094032e-02 4.860085097017072947e-02 7.756684656197230035e-03 5.116762097589956648e-02 8.973165310936154822e-04
0.000000000000000000e+00 2.618077918503405321e-01 1.179784296172814440e+00 2.743875763843944604e+00 4.178672865213220788e+00 1.946474986246542471e+01 7.616680578376639588e+00 7.656636119222446357e-01 2.488032508368130950e-04
0.000000000000000000e+00 8.790544637987234011e-02 2.138740174848273501e+00 2.682831594724761182e+00 3.451916071130827213e+00 1.728677220606964937e+01 5.379143025408636092e+00 2.476278775762330131e+00 7.925673733224438029e-04
0.000000000000000000e+00 2.269206682844730760e-02 6.610349682268699956e-02 2.269826146843928819e-02 2.999343336689637596e+00 3.108254652378486327e+01 1.478067044442252076e+01 3.566820820504548045e-03 2.110139522177564885e-04
0.000000000000000000e+00 1.173181201448080142e-03 2.262668557909372838e-02 1.313825910176890654e-01 2.032047512853391247e+00 3.199014833494645771e+01 1.564656368295806388e+01 3.566820820504548045e-03 2.110139522177564885e-04
0.000000000000000000e+00 1.173181201448080142e-03 1.261680897056176809e+00 2.409442403342462846e+00 5.424340104037823629e+00 2.400220331328994661e+01 6.497714184751312239e+00 3.188655364906941431e-02 2.110139522177564885e-04
0.000000000000000000e+00 2.183322054827224468e-01 1.250173669568344970e+00 2.599588705864158023e+00 3.763460635784377839e+00 2.418420219709133789e+01 6.787868525581873591e+00 3.192946369305336984e-02 2.110139522177564885e-04
0.000000000000000000e+00 8.790544637987234011e-02 2.094202162662493372e+00 1.830068948154227382e+00 3.763446106444568784e+00 1.801294557833963594e+01 5.626550195328306359e+00 1.879235588620744579e+00 9.921150176167147384e-04
0.000000000000000000e+00 1.173181201448080142e-03 1.092801686515678522e-03 1.748566191151064431e-01 2.714083613399933051e-02 5.407333777384454830e-03 2.949371584405137761e-02 2.394245055013376547e-02 7.301907375443283726e-04
0.000000000000000000e+00 1.173181201448080142e-03 1.530534446819437899e-01 1.461399368389626696e+00 2.224874847690323953e+00 4.178174348907838009e+00 1.859619048949813447e+01 1.836376164533677358e-01 5.062643472219879003e-03
0.000000000000000000e+00 1.173181201448080142e-03 1.095778583143278001e-01 2.618155190865706361e-01 3.876114891812716401e+00 2.926736403658797769e+01 1.224097859898734519e+01 3.566820820504548045e-03 2.110139522177564885e-04
0.000000000000000000e+00 1.173181201448080142e-03 8.784006513051878517e-02 2.269826146843928819e-02 3.985472236261193402e+00 3.090099549941092505e+01 1.224097859898734519e+01 3.566820820504548045e-03 2.110139522177564885e-04
0.000000000000000000e+00 1.173181201448080142e-03 1.313156514981368428e-01 9.635270234042374706e-04 4.886988489676890451e-02 2.714083613399933051e-02 2.955899385024210110e-02 2.388947793884206583e-02 7.301907375443283726e-04
0.000000000000000000e+00 2.879580774793337183e-01 1.285428553045948830e+00 3.866593121402520872e+00 6.126955025125998766e+00 1.640752444467143789e+01 7.088380407128705762e+00 1.091091931233555634e+00 2.815889174868175734e-02
0.000000000000000000e+00 2.618077918503405321e-01 1.179784296172814440e+00 2.743875763843944604e+00 4.282479554905386010e+00 1.946470331527073228e+01 7.617165470066992405e+00 7.855664891151394880e-01 2.451691870160407796e-04
0.000000000000000000e+00 1.202271164499381763e-03 6.610227194671179640e-02 1.313856883516787422e-01 5.720044987412729182e-02 2.201502009280603342e-02 4.157910321933417502e-02 2.395346230278266528e-02 7.347699310401749947e-04
0.000000000000000000e+00 1.173181201448080142e-03 1.747912378657528187e-01 2.270435307426281468e-02 5.407333777384454830e-03 5.407333777384454830e-03 7.645964456856811642e-02 2.392794192794734515e-02 7.329559416655675487e-04
0.000000000000000000e+00 1.173181201448080142e-03 2.071948548021702141e+00 2.070664831502107450e+00 3.763114043722454394e+00 1.783144744030665052e+01 5.502273191719068812e+00 1.581028806579261481e+00 1.229757060097665285e-03
0.000000000000000000e+00 1.202271164499381763e-03 1.313156514981368428e-01 1.982928615286695839e+00 1.030857132133689236e+00 1.573843432001139409e+00 2.329708966176183615e+00 1.951923103155958628e-01 6.123212017336289795e-03
0.000000000000000000e+00 1.748566191151064431e-01 1.415098417151014476e-01 2.708538145512564999e+00 3.868371119339187203e+00 2.472890550258846076e+01 8.349002505104648364e+00 1.063940897209034453e-01 2.110139522177564885e-04
0.000000000000000000e+00 2.618794731601608583e-01 1.197438311335030869e+00 2.695572397696690103e+00 4.178506979242047947e+00 1.441438259423167878e+01 8.857084829345089005e+00 2.356851672565077660e+00 7.972255019245627627e-01
0.000000000000000000e+00 1.173181201448080142e-03 8.784006513051878517e-02 8.791164101986434498e-02 2.799878713423346266e+00 3.071989377321964554e+01 1.552286655895409773e+01 3.566820820504548045e-03 2.110139522177564885e-04
0.000000000000000000e+00 9.791549669160199976e-01 1.825063336556241200e+00 2.433651927623642131e+00 2.828988489460802391e+00 1.728654347036718875e+01 5.502837683032823612e+00 1.580748618366704328e+00 3.635539585625749415e-02
0.000000000000000000e+00 2.269206682844730760e-02 1.965302559255370785e-01 1.320620558617195739e+00 2.465362446080924919e+00 4.178672865213220788e+00 2.772052343825375686e+00 3.231095397437453443e+00 7.991122164379624304e-03
0.000000000000000000e+00 1.173181201448080142e-03 3.704313765200279440e-01 8.370190057982017651e-01 1.061752366256343949e+00 1.166611885985598507e+00 2.039370742611715581e+00 1.292688775847416593e+00 6.120260670099773176e-03
0.000000000000000000e+00 1.173181201448080142e-03 1.609485587997112166e+00 2.647670073093631782e+00 4.490188477357706098e+00 2.000942509670242941e+01 7.827337165421327292e+00 8.655017262104580666e-01 9.540709897039310536e-03
0.000000000000000000e+00 1.173181201448080142e-03 1.530534446819437899e-01 1.461399368389626696e+00 2.224874847690323953e+00 4.282479554905386010e+00 1.732428864791152634e+01 1.543774800281559223e+00 5.016550922191595485e-03
0.000000000000000000e+00 1.173181201448080142e-03 1.957290278938047523e+00 2.166733320531939455e+00 4.178687394553029399e+00 1.637932752550268845e+01 5.832024355574388252e+00 1.632268118339725627e+00 1.828645894653435806e-03
0.000000000000000000e+00 1.173181201448080142e-03 6.610227194671179640e-02 2.400746542707218878e-01 3.985536417816260002e+00 3.289732679724759379e+01 6.570365768373956250e+00 5.987138415025439198e-02 2.110139522177564885e-04
0.000000000000000000e+00 1.173181201448080142e-03 1.747912378657528187e-01 2.270435307426281468e-02 2.688897750594105088e-02 3.939879854308479118e-02 6.370562423104305684e-03 2.391514497400166681e-02 7.320400923971376751e-04
0.000000000000000000e+00 1.173181201448080142e-03 1.747912378657528187e-01 2.270435307426281468e-02 2.718159464511307744e-02 3.957654854067703398e-02 6.370562423104305684e-03 2.391514497400166681e-02 7.320400923971376751e-04
0.000000000000000000e+00 2.269206682844730760e-02 1.965302559255370785e-01 1.373413984489671558e+00 2.224715676184992219e+00 4.490121698965403141e+00 6.052787862699393173e+00 2.651934473976793605e-01 7.997016531874227840e-03
0.000000000000000000e+00 1.173181201448080142e-03 1.965290310495598214e-01 1.391010578640569317e+00 2.176778789977912965e+00 4.593775873905125096e+00 6.384813003935392750e+00 9.876424321228122194e-01 1.885456283231734254e-01
0.000000000000000000e+00 2.618077918503405321e-01 1.197382104796973490e+00 2.647683662433725882e+00 4.386300773937355402e+00 1.982769959133669602e+01 7.722251468193044310e+00 8.257336139523987484e-01 2.110139522177564885e-04
0.000000000000000000e+00 1.173181201448080142e-03 1.313156514981368428e-01 5.287531900482591585e-01 3.481823328089748704e-01 1.243237421371923140e-01 1.791439347760556966e-01 9.221348736214537989e-03 2.326113872343154448e-02
0.000000000000000000e+00 1.173181201448080142e-03 1.747912378657528187e-01 1.355813741648087545e+00 2.321070960307869857e+00 2.104631064816473440e+00 1.915433623271779462e+00 1.687628426060825415e+00 7.458405486400229538e-03
0.000000000000000000e+00 2.269206682844730760e-02 1.313168763741120182e-01 1.591615302018831446e-01 1.766720704534491537e-01 1.439719504772178638e-01 3.151520521596465341e-02 3.153436889978111779e-02 4.023378372398332421e-04
0.000000000000000000e+00 1.831305025781239992e+00 2.406994723873665087e+00 3.846098902431790201e+00 1.801326550396998272e+01 4.746187494291950415e+00 4.317277198641548352e+00 5.258118407168885788e-01 2.395942883845946436e-04
0.000000000000000000e+00 1.173181201448080142e-03 1.530534446819437899e-01 1.461399368389626696e+00 2.224874847690323953e+00 4.282479554905386010e+00 1.750578678594451176e+01 7.893974000478246600e-01 5.071596306240035330e-03
0.000000000000000000e+00 1.173181201448080142e-03 8.784006513051878517e-02 1.531250205712893497e-01 2.799895426159055400e+00 3.380532844578145557e+01 9.321005623048696620e+00 3.566820820504548045e-03 2.110139522177564885e-04
0.000000000000000000e+00 2.269206682844730760e-02 8.901172712619649869e-04 4.443141828245704417e-02 4.204339490002902302e+00 3.416819666581280757e+01 6.860803777237606482e+00 3.566820820504548045e-03 2.110139522177564885e-04
0.000000000000000000e+00 1.173181201448080142e-03 1.965290310495598214e-01 1.391010578640569317e+00 2.224875951902266280e+00 4.489955430676360493e+00 6.384813003935392750e+00 4.466656987782309240e-01 7.979035773522463737e-03
0.000000000000000000e+00 1.173181201448080142e-03 2.262668557909372838e-02 4.443141828245704417e-02 2.032029091658808184e+00 3.235316591443234557e+01 1.577025247977977251e+01 1.330047663116363903e-02 2.110139522177564885e-04
0.000000000000000000e+00 1.965944122989134180e-01 1.239129782801226126e-01 2.737035571410368906e+00 3.948527099836649956e+00 2.418433555169350768e+01 8.349007584955872474e+00 1.157066977675200309e-01 2.110139522177564885e-04
0.000000000000000000e+00 2.269206682844730760e-02 1.095790831903050572e-01 1.373409095017772419e+00 2.369168091783486751e+00 3.867295502482388958e+00 3.042687568143938481e+00 2.426301580974600525e-01 7.444953449375089904e-03
0.000000000000000000e+00 1.173181201448080142e-03 3.052179969686029670e-01 1.916158698463199306e+00 2.945082349343245198e+00 6.537769631033288675e+00 7.526149334270810343e+00 6.306141912766942692e-01 7.858617310956064750e-03
0.000000000000000000e+00 1.173181201448080142e-03 2.262668557909372838e-02 1.966436110706951956e-01 3.957654854067703398e-02 5.718108446321863020e-02 6.409259257198190313e-03 4.144435867187849787e-02 7.356680498723839777e-04
0.000000000000000000e+00 2.444824911117176591e-01 1.179839298814580273e+00 2.743666800516898707e+00 4.178521316414423481e+00 1.456017925038041660e+01 8.712377171995958847e+00 2.476267447194886895e+00 7.773087567990470959e-01
0.000000000000000000e+00 1.173181201448080142e-03 1.530534446819437899e-01 1.591615302018831446e-01 1.622519155944725788e-01 3.656402666643525107e-03 7.488682687406182648e-02 1.614518543889091259e-02 5.008227123928970029e-04
0.000000000000000000e+00 1.173181201448080142e-03 1.747912378657528187e-01 9.665598904558357759e-04 4.887862931780834891e-02 2.197873991651788303e-02 2.390232361740004391e-02 6.317336349844174248e-03 7.311183541817235570e-04
0.000000000000000000e+00 1.173181201448080142e-03 2.182668242333688502e-01 1.408609601737988992e+00 2.176777685765973303e+00 4.386300773937355402e+00 6.384813003935392750e+00 1.890569789451236771e+00 1.894648690823090564e-01
0.000000000000000000e+00 2.183322054827224468e-01 1.232575860944186807e+00 2.695780824358077421e+00 4.074866175521059120e+00 2.345637605438231788e+01 6.860821629700728508e+00 2.257221988962281392e-02 2.110139522177564885e-04
0.000000000000000000e+00 2.269206682844730760e-02 2.617436354769621110e-01 1.338221978918424648e+00 3.630617124137943907e+00 2.690757852072687228e+01 9.144277783422506189e+00 2.261507714168557032e-02 2.110139522177564885e-04
0.000000000000000000e+00 2.187897732183784694e+00 2.869863393652042127e+00 3.430527750039878754e+00 1.692400261230650216e+01 4.993594664211618905e+00 4.246659544744055381e+00 5.425162472523589186e-01 2.150356535994840277e-04
0.000000000000000000e+00 1.173181201448080142e-03 1.747912378657528187e-01 2.270435307426281468e-02 5.443801461304042556e-03 5.443801461304042556e-03 7.672287963536737754e-02 2.392794192794734515e-02 7.329559416655675487e-04
0.000000000000000000e+00 1.173181201448080142e-03 1.747912378657528187e-01 1.415649465811374130e-01 2.920333093252699963e-01 3.380007084845764731e-01 1.397097566638171307e-01 9.317778282843200421e-02 7.659059342740748722e-04
0.000000000000000000e+00 2.269206682844730760e-02 2.400058422931551361e-01 1.373416397576617154e+00 2.224794858971199218e+00 3.867086910165562053e+00 2.636390804396212317e+00 2.732818717367456518e+00 8.030320434674787997e-03
0.000000000000000000e+00 1.173181201448080142e-03 2.183273211626010735e+00 2.807466120122322550e+00 3.451916071130827213e+00 1.783126662016859143e+01 5.502303404929307362e+00 2.535375126567713355e+00 6.433887559117512167e-04
0.000000000000000000e+00 1.173181201448080142e-03 1.530534446819437899e-01 1.591615302018831446e-01 1.189672051250087736e-01 3.246571846411017842e-02 1.951776675729531563e-02 5.331764050451204100e-03 6.099183960411786766e-04
0.000000000000000000e+00 1.173181201448080142e-03 1.313156514981368428e-01 1.591796593101777180e-01 1.100138509876150278e-01 3.618390416365236100e-03 5.314802341176556172e-03 5.314802341176556172e-03 6.057228259403469846e-04
0.000000000000000000e+00 2.444824911117176591e-01 1.197437107438738657e+00 2.695571027298774958e+00 4.282328006106584262e+00 1.440938622519405499e+01 8.855789461093316106e+00 2.416553683058119795e+00 7.773087567990470959e-01
0.000000000000000000e+00 1.173181201448080142e-03 4.436447876290276066e-02 1.609554079389384551e+00 2.898231991740013225e+00 2.872258339884016465e+01 9.409374622713016834e+00 3.528566292015173668e-03 2.110139522177564885e-04
0.000000000000000000e+00 1.173181201448080142e-03 1.935552485754239216e+00 2.118634109042023983e+00 4.593942330327531742e+00 1.637923496871004403e+01 5.687992563781101296e+00 1.632598273355715390e+00 1.823035820227693685e-03
0.000000000000000000e+00 2.269206682844730760e-02 6.610349682268699956e-02 1.370441438864565376e+00 4.876986464447073288e+00 2.763334589122172957e+01 9.144266034930188525e+00 3.566820820504548045e-03 2.110139522177564885e-04
0.000000000000000000e+00 1.173181201448080142e-03 1.313156514981368428e-01 1.591796593101777180e-01 3.962261649098007543e-02 4.403705034482065586e-03 6.273661223119590333e-03 6.381075463044627756e-03 7.356680498723839777e-04
0.000000000000000000e+00 2.618077918503405321e-01 1.232577722045290924e+00 2.599590894090606508e+00 4.282479554905386010e+00 1.946497654476824479e+01 7.718427320120552437e+00 8.654904651234089918e-01 2.110139522177564885e-04
0.000000000000000000e+00 1.173181201448080142e-03 1.530534446819437899e-01 1.767593388260406684e-01 2.920358733709508825e-01 2.075633886067202172e-01 6.500116924617990732e-02 1.874382493982546319e-02 1.402108343840656642e-02
0.000000000000000000e+00 1.173181201448080142e-03 1.530534446819437899e-01 2.295527646985180692e-01 1.045813330365144012e-01 1.322193240278446424e-01 1.248055557756008738e-01 3.158483516647975220e-02 4.416520728062174410e-04
0.000000000000000000e+00 2.269206682844730760e-02 1.313168763741120182e-01 1.938392159912275536e+00 1.103818935359342390e+00 1.511517215177449858e+00 2.329708966176183615e+00 3.323280625480989348e-01 6.121768804873205065e-03
0.000000000000000000e+00 1.173181201448080142e-03 1.747912378657528187e-01 1.408607167520563141e+00 2.176778789977912965e+00 4.386162494520799982e+00 6.550687132420932812e+00 9.875891854103615586e-01 7.966550206084676428e-03
0.000000000000000000e+00 1.173181201448080142e-03 1.095778583143278001e-01 1.313887599837205711e-01 3.949035430365843258e+00 2.981192933867266248e+01 1.234606473093295875e+01 3.566820820504548045e-03 2.110139522177564885e-04
0.000000000000000000e+00 1.173181201448080142e-03 1.313156514981368428e-01 5.287531900482591585e-01 3.380007084845764731e-01 1.686956141769297216e-02 1.394889588116082768e-01 2.428428983314423473e-02 7.644915492947770451e-04
0.000000000000000000e+00 1.173181201448080142e-03 1.313156514981368428e-01 1.591057424609172433e-01 5.716123318237173456e-02 4.406781739802293450e-03 4.158936642556226859e-02 5.259932690613750364e-03 6.050063760812606981e-04
0.000000000000000000e+00 2.269206682844730760e-02 2.834814286607711398e-01 1.338223172190519339e+00 3.568296624798258154e+00 2.708907665875985415e+01 9.144272175494062793e+00 1.330047663116363903e-02 2.110139522177564885e-04
0.000000000000000000e+00 1.173181201448080142e-03 1.965290310495598214e-01 1.338217152768093499e+00 5.872491552247782742e+00 2.654392386251071656e+01 7.006049560364114193e+00 3.528566292015173668e-03 2.110139522177564885e-04
0.000000000000000000e+00 1.173181201448080142e-03 1.965290310495598214e-01 1.355814961392252549e+00 2.369168023447057347e+00 4.282328006106584262e+00 2.772052343825375686e+00 1.570969691257458223e+00 7.396392041250430920e-03
0.000000000000000000e+00 2.269206682844730760e-02 1.747924627417280496e-01 1.267825918271458630e+00 4.191494780852831781e+00 5.860080741690410377e+00 1.678228696867063618e+01 2.362347477330787093e+00 3.427061849683639763e-03
0.000000000000000000e+00 1.173181201448080142e-03 1.530534446819437899e-01 1.871585141633605787e+00 2.176776938928490335e+00 4.178174348907838009e+00 1.841469235146514904e+01 1.420668905172321139e+00 1.093155398809802920e-01
0.000000000000000000e+00 1.173181201448080142e-03 2.182668242333688502e-01 1.408609601737988992e+00 2.128600535122497472e+00 4.386315009273237919e+00 6.550074989858037711e+00 1.709984317985548508e+00 7.933571394081975758e-03
0.000000000000000000e+00 2.271572880413281342e-02 1.313168763741120182e-01 1.591809231242553857e-01 1.334116058765167090e-01 1.557372549624010949e-01 3.965005150745362639e-02 3.152160741372791314e-02 4.015696257801690608e-04
0.000000000000000000e+00 1.173181201448080142e-03 2.182668242333688502e-01 1.408629094641807855e+00 2.128680523841622207e+00 3.971088250504586803e+00 7.214526370588368209e+00 6.256942502033651099e-01 7.972843060909774043e-03
0.000000000000000000e+00 1.173181201448080142e-03 1.530534446819437899e-01 2.027468184283835573e+00 1.695796444863794772e+00 4.489969184212959874e+00 1.460323145277252799e+01 8.020847258085804510e-02 7.116878447863728835e-03
0.000000000000000000e+00 1.202271164499381763e-03 2.262668557909372838e-02 1.966436110706951956e-01 3.960608142601088066e-02 2.198546721490033176e-02 7.603813662115377348e-02 4.146927847143789397e-02 7.374464823018738943e-04
0.000000000000000000e+00 2.269206682844730760e-02 1.530546695579210748e-01 1.415649465811374130e-01 1.334116058765167090e-01 1.204648505165690636e-01 1.153992301498770606e-01 1.287459949047091955e-02 4.030927700085925008e-04
0.000000000000000000e+00 2.269206682844730760e-02 3.269570150283891974e-01 9.235389702822686120e-01 8.337757186765144546e-01 5.201073404829483771e-01 5.980293758370571755e-01 1.520698222638011687e-01 2.821796805443157596e-03
0.000000000000000000e+00 1.173181201448080142e-03 1.313156514981368428e-01 1.591796593101777180e-01 2.202480786682257594e-02 2.199082891378516813e-01 1.616588992727137353e-02 1.613697801507209609e-02 5.002913272382392574e-04
0.000000000000000000e+00 2.269206682844730760e-02 1.095790831903050572e-01 1.408604712266089853e+00 2.417185018150946885e+00 4.282479554905386010e+00 2.636061202282573568e+00 7.395128339229871672e-01 1.734307098948440484e-01
0.000000000000000000e+00 1.173181201448080142e-03 1.313156514981368428e-01 5.111164724339962717e-01 3.278520630468041985e-01 1.780487897407468656e-01 1.794545717097906501e-01 3.150396046072983375e-02 9.932213807400573982e-04
0.000000000000000000e+00 2.269206682844730760e-02 2.400058422931551361e-01 1.916130837972676249e+00 1.840087930636849833e+00 4.282479554905386010e+00 1.914076033344260352e+01 1.830796182289902430e-01 5.025947986417602341e-03
0.000000000000000000e+00 1.173181201448080142e-03 2.834802037847938827e-01 1.916132354718957487e+00 3.069724238776830205e+00 6.537746026972002689e+00 7.889211096271985468e+00 2.685379710572494139e-01 7.850092750428557323e-03
0.000000000000000000e+00 2.269206682844730760e-02 2.617436354769621110e-01 1.338221978918424648e+00 2.176778302740116633e+00 4.386148740984194383e+00 1.037633300382463375e+01 4.481974144901580415e-01 7.891632532813237094e-03
0.000000000000000000e+00 2.269206682844730760e-02 1.313168763741120182e-01 1.461399368389626696e+00 9.579001095299676249e-01 9.742866310220932302e-01 1.959208921577757945e+00 3.579645831704086900e-01 1.085050933697084691e-01
0.000000000000000000e+00 1.173181201448080142e-03 1.747912378657528187e-01 2.027469734454601547e+00 2.945084838929566295e+00 6.808559774650674967e+00 1.623812544578915151e+01 2.047087289441233082e+00 3.435199114746509061e-03
0.000000000000000000e+00 1.173181201448080142e-03 1.313156514981368428e-01 1.591796593101777180e-01 2.196561593405508064e-02 3.962579010222970488e-02 6.291984297984334895e-02 3.412086939958750703e-02 6.078427641989703114e-04
0.000000000000000000e+00 1.202271164499381763e-03 2.262668557909372838e-02 4.443141828245704417e-02 7.063053609369247809e-02 1.358210576320029728e-01 4.156617967142095527e-02 2.383405342252491524e-02 7.338658914179793571e-04
0.000000000000000000e+00 2.269206682844730760e-02 4.436570363888001772e-02 2.094268935619389094e+00 1.791992428196448772e+00 4.490121698965403141e+00 1.405881246851910582e+01 2.479462094466243494e-01 7.126422437151037903e-03
0.000000000000000000e+00 1.202271164499381763e-03 2.262668557909372838e-02 1.966436110706951956e-01 3.957654854067703398e-02 2.198546721490033176e-02 6.117736794646909393e-03 2.392794192794734515e-02 7.329559416655675487e-04
0.000000000000000000e+00 1.173181201448080142e-03 6.610227194671179640e-02 4.443451561644673475e-02 3.027840762587442391e+00 3.162702846246930832e+01 1.203080523189068884e+01 1.330047663116363903e-02 2.110139522177564885e-04
0.000000000000000000e+00 1.173181201448080142e-03 1.530534446819437899e-01 1.461399368389626696e+00 2.176777685765973303e+00 4.178687394553029399e+00 1.859611456340011060e+01 8.021509803731612376e-01 5.025947986417602341e-03
0.000000000000000000e+00 2.269206682844730760e-02 2.182680491093461350e-01 1.338219576432008617e+00 2.369167795303202873e+00 4.074866175521059120e+00 2.907486060744355338e+00 1.736982261875461786e+00 7.391779498087863720e-03
0.000000000000000000e+00 1.173181201448080142e-03 6.610227194671179640e-02 1.826933556688741245e+00 2.369167795303202873e+00 2.908586971396799115e+01 9.232636095307158897e+00 3.566820820504548045e-03 2.110139522177564885e-04
0.000000000000000000e+00 1.173181201448080142e-03 2.400046174171778790e-01 1.391013002304484436e+00 2.080583361917268892e+00 4.074908881866715404e+00 7.214526370588368209e+00 1.167450664600421684e+00 7.953662660712571691e-03
0.000000000000000000e+00 2.269206682844730760e-02 1.530546695579210748e-01 2.027469734454601547e+00 1.743891816404507411e+00 4.386134695798749483e+00 1.478480502065103330e+01 1.086960592761261113e+00 6.041590212770175938e-03
0.000000000000000000e+00 1.173181201448080142e-03 1.530534446819437899e-01 1.591615302018831446e-01 2.776131544662934214e-01 1.982336756887111417e-01 4.465188974483329243e-02 2.431581275604313003e-02 1.060909781993562076e-02
0.000000000000000000e+00 1.173181201448080142e-03 1.313156514981368428e-01 1.591602999508215377e-01 5.716123318237173456e-02 4.406781739802293450e-03 4.158936642556226859e-02 5.259932690613750364e-03 6.050063760812606981e-04
0.000000000000000000e+00 1.173181201448080142e-03 1.530534446819437899e-01 1.461399368389626696e+00 2.224874847690323953e+00 4.178174348907838009e+00 1.841469235146514904e+01 8.021509803731612376e-01 5.025947986417602341e-03
0.000000000000000000e+00 1.173181201448080142e-03 1.935552485754239216e+00 3.181361242317397142e+00 3.867026634786010941e+00 1.692372938280898609e+01 5.626541267992657858e+00 2.475988296209383321e+00 2.478746200600240313e-02
0.000000000000000000e+00 1.173181201448080142e-03 1.313156514981368428e-01 1.591602999508215377e-01 3.962261649098007543e-02 3.959932228280037270e-02 3.386950269415284903e-02 1.960157222959633266e-02 6.064343798944251502e-04
0.000000000000000000e+00 1.202271164499381763e-03 2.400046174171778790e-01 1.916129314511748616e+00 1.888186752045150740e+00 4.178506979242047947e+00 2.004817559376198943e+01 6.809597235194044806e-01 4.194926528915983791e-03
0.000000000000000000e+00 2.269206682844730760e-02 1.892078124262598582e+00 2.262923527755843267e+00 4.282494084245190180e+00 1.456430013557491421e+01 5.975279009044293765e+00 2.074741385870472854e+00 2.226988762370240779e-03
0.000000000000000000e+00 1.173181201448080142e-03 1.747912378657528187e-01 6.870970139300562884e-01 4.244866522256158348e+00 2.890381572226202422e+01 9.409374622713016834e+00 3.528566292015173668e-03 2.110139522177564885e-04
0.000000000000000000e+00 2.269206682844730760e-02 1.530546695579210748e-01 1.338215933023929161e+00 2.465362415632190718e+00 1.783833772562944953e+00 2.122536061045805500e+00 2.636618256448336695e+00 1.734465461416361265e-01
0.000000000000000000e+00 1.173181201448080142e-03 8.784006513051878517e-02 2.072001506172175489e+00 1.888186752045150740e+00 4.282313668934214057e+00 1.296982364032122170e+01 2.477880848169187467e-01 7.181451070268725020e-03
0.000000000000000000e+00 1.173181201448080142e-03 4.436447876290276066e-02 1.587816286205575578e+00 2.753939317941019649e+00 2.763369177974344737e+01 1.224097859898734519e+01 3.566820820504548045e-03 2.110139522177564885e-04
0.000000000000000000e+00 2.269206682844730760e-02 1.095790831903050572e-01 2.879503163216603046e+00 2.571141954351014558e+00 6.402255630368892447e+00 8.252141886402739601e+00 8.627215226984448482e-02 7.850092750428557323e-03
0.000000000000000000e+00 1.173181201448080142e-03 2.071948548021702141e+00 2.070545039949316823e+00 3.763114043722454394e+00 1.801294557833963594e+01 5.378578073261605752e+00 1.581028806579261481e+00 1.229757060097665285e-03
0.000000000000000000e+00 1.173181201448080142e-03 1.313156514981368428e-01 1.338213477769454984e+00 8.052788636816994305e-01 4.470842197284021768e-01 5.978214730884743311e-01 8.368356561439046493e-01 3.631996820677088102e-03
0.000000000000000000e+00 1.173181201448080142e-03 1.530534446819437899e-01 1.591809231242553857e-01 1.189672051250087736e-01 3.625408746155647788e-03 5.345958693516644766e-03 3.414141367692183349e-02 6.092314568283717976e-04
0.000000000000000000e+00 1.173181201448080142e-03 1.530534446819437899e-01 1.443801559765468312e+00 2.224875464664467728e+00 4.074381614452558864e+00 1.805154372950135411e+01 2.039162252762115823e+00 4.220508231554010760e-03
0.000000000000000000e+00 8.790544637987234011e-02 2.138740174848273501e+00 2.682831594724761182e+00 3.348109381438666876e+00 1.764981449173356154e+01 5.379151343153655063e+00 1.699584181648220005e+00 1.216493972168535692e-03
0.000000000000000000e+00 2.269206682844730760e-02 1.095790831903050572e-01 1.426202520890248238e+00 2.321070633378851777e+00 1.863995593596902589e+00 2.018777045416899174e+00 6.042623074017278162e-01 6.105835513011830494e-03
0.000000000000000000e+00 1.173181201448080142e-03 2.834802037847938827e-01 1.338221978918424648e+00 2.176778302740116633e+00 4.489955430676360493e+00 1.019508012519736440e+01 2.666992764571717855e-01 7.899617645265194846e-03
0.000000000000000000e+00 1.173181201448080142e-03 1.566010001629495108e+00 2.647665408284165522e+00 4.490213142389683831e+00 2.037278509024386608e+01 7.827337165421327292e+00 8.854155955894129626e-01 2.110139522177564885e-04
0.000000000000000000e+00 2.269206682844730760e-02 6.610349682268699956e-02 2.094270512265065332e+00 1.840087930636849833e+00 4.282479554905386010e+00 1.551005136274591223e+01 6.897208003430646550e-02 6.059384716108813865e-03
0.000000000000000000e+00 1.173181201448080142e-03 2.094197187254450476e+00 1.830181121518929421e+00 4.697762668360056182e+00 1.728672565887494628e+01 4.883771594197082955e+00 2.525395251715571443e-01 2.753339130584667692e-03
0.000000000000000000e+00 1.173181201448080142e-03 1.313156514981368428e-01 2.119537258232973009e-01 2.776182460258540541e-01 1.982360627714340184e-01 1.056523214459619137e-01 5.338100115181034118e-03 5.902717053384103595e-04
0.000000000000000000e+00 1.173181201448080142e-03 1.313156514981368428e-01 1.127039774279550155e+00 1.979342665026547321e+00 5.528314852572848714e+00 9.112309754110064830e+00 4.487328740919923065e-01 7.937951186603606213e-03
0.000000000000000000e+00 1.173181201448080142e-03 2.182668242333688502e-01 1.373413984489671558e+00 2.224875951902266280e+00 4.386148740984194383e+00 9.292820175030527707e+00 2.672347360590060505e-01 7.945302244318526788e-03
0.000000000000000000e+00 1.173181201448080142e-03 1.530534446819437899e-01 1.443801559765468312e+00 2.224875464664467728e+00 4.386134695798749483e+00 1.714279050987854802e+01 9.327831265431517638e-01 5.080461571219746508e-03
0.000000000000000000e+00 2.269206682844730760e-02 2.617436354769621110e-01 1.355819787542582811e+00 2.224874847690323953e+00 4.282313668934214057e+00 1.001523711143848416e+01 2.666582139441160959e-01 7.907496092899779852e-03
0.000000000000000000e+00 2.618077918503405321e-01 1.355762382414401834e+00 3.555279441859189316e+00 6.131321656075406246e+00 2.127897616555078741e+01 5.844188496766076213e+00 1.157066977675200309e-01 2.110139522177564885e-04
0.000000000000000000e+00 1.173181201448080142e-03 2.262668557909372838e-02 6.616921146626401906e-02 4.889732018288533294e-02 5.430724740618388287e-03 7.298623780225853286e-02 2.949371584405137761e-02 9.008191692351847539e-04
0.000000000000000000e+00 1.173181201448080142e-03 2.400046174171778790e-01 1.893860308418858107e+00 1.936285442685332647e+00 4.282479554905386010e+00 1.206158674011925491e+01 8.477116972197187850e-02 7.823862526787931856e-03
0.000000000000000000e+00 2.835455850341474515e-01 1.302969878280142213e+00 3.617593762581309935e+00 5.995854085582628556e+00 2.091608764737286918e+01 5.771612149725334540e+00 1.738431586144136287e-01 2.377020460513788378e-04
0.000000000000000000e+00 1.173181201448080142e-03 1.805125726651388263e+00 2.503398741295167262e+00 4.386134695798749483e+00 1.438275545034723635e+01 6.264046108125276291e+00 1.986363083224914172e+00 2.220677635787101679e-03
0.000000000000000000e+00 1.173181201448080142e-03 2.834802037847938827e-01 1.355819787542582811e+00 2.224794858971199218e+00 4.282479554905386010e+00 8.570553339713008256e+00 2.649666371002405429e-01 7.926670202657252334e-03
0.000000000000000000e+00 1.173181201448080142e-03 1.313156514981368428e-01 1.767970175650860620e-01 2.199839271284153089e-02 2.200151365864121827e-02 2.393767331433711842e-02 3.408989807005567696e-02 6.057228259403469846e-04
0.000000000000000000e+00 1.173181201448080142e-03 1.530534446819437899e-01 4.444063306563864751e-02 4.891938782892210624e-02 4.578305391680475367e+01 1.966164345230405175e+01 1.330047663116363903e-02 2.110139522177564885e-04
0.000000000000000000e+00 1.202271164499381763e-03 1.313156514981368428e-01 1.767774679343368793e-01 1.334116058765167090e-01 1.204648505165690636e-01 1.340538818204493887e-01 1.288705730442444783e-02 4.038343721335374689e-04
0.000000000000000000e+00 2.269206682844730760e-02 1.530546695579210748e-01 1.415649465811374130e-01 1.334116058765167090e-01 1.204648505165690636e-01 1.247562400437844110e-01 3.553509856062115561e-03 9.730418605294326173e-03
0.000000000000000000e+00 1.173181201448080142e-03 1.747912378657528187e-01 2.027469734454601547e+00 3.007404538853199583e+00 6.537556046364570328e+00 1.605656182182095293e+01 2.152174153288952674e+00 3.443264822745008107e-03
0.000000000000000000e+00 1.173181201448080142e-03 2.262668557909372838e-02 1.965959705691140980e-01 3.957654854067703398e-02 5.718108446321863020e-02 6.409259257198190313e-03 2.384655004772099837e-02 7.347699310401749947e-04
0.000000000000000000e+00 8.790544637987234011e-02 2.049664150476713242e+00 1.878162276377856932e+00 3.763460635784377839e+00 1.801298944485668230e+01 5.502837683032823612e+00 1.879258670831913003e+00 3.633310769958513625e-02
0.000000000000000000e+00 1.173181201448080142e-03 2.834802037847938827e-01 1.285428553045948830e+00 3.692938214364651639e+00 2.763363274770102151e+01 9.144266034930188525e+00 3.566820820504548045e-03 2.110139522177564885e-04
0.000000000000000000e+00 1.173181201448080142e-03 4.139069628876460571e-01 7.216596830649069094e-01 6.292693365408713602e-01 9.214136495287705841e-01 6.941974538269390926e-01 6.506596601389227352e-01 3.631924594934231136e-03
0.000000000000000000e+00 1.173181201448080142e-03 2.182668242333688502e-01 1.916127784351111751e+00 1.936285442685332647e+00 4.282313668934214057e+00 1.333281991638717834e+01 2.478436329221449241e-01 7.163531034018274200e-03
0.000000000000000000e+00 2.269206682844730760e-02 1.095790831903050572e-01 1.960659609193805331e+00 1.030858093553376209e+00 1.573849775979595744e+00 2.744885537858756219e+00 6.041616705600563048e-02 6.120260670099773176e-03
0.000000000000000000e+00 1.173181201448080142e-03 8.784006513051878517e-02 2.269826146843928819e-02 4.890184292929938836e-02 4.523841666595181010e+01 2.066993034037098909e+01 1.330047663116363903e-02 2.110139522177564885e-04
0.000000000000000000e+00 1.173181201448080142e-03 1.530534446819437899e-01 1.591615302018831446e-01 1.334116058765167090e-01 1.204846488764163004e-01 2.791241642203348347e-02 1.617783952586819909e-02 5.029073044521557888e-04
0.000000000000000000e+00 1.173181201448080142e-03 2.617424106009869078e-01 1.303025163079983173e+00 6.032815029673995078e+00 2.599931693202332639e+01 7.006049560364114193e+00 3.528566292015173668e-03 2.110139522177564885e-04
0.000000000000000000e+00 3.747635953195890823e-01 1.190416014657513788e+00 3.866653998986715468e+00 6.266124169775505237e+00 1.604971020928655179e+01 7.082871697571700764e+00 1.067105394277225061e+00 2.816260569452076062e-02
0.000000000000000000e+00 2.271572880413281342e-02 1.313168763741120182e-01 1.591809231242553857e-01 1.334116058765167090e-01 1.204251896817674916e-01 2.780045523126429066e-02 1.614027732624520248e-02 5.029073044521557888e-04
0.000000000000000000e+00 1.173181201448080142e-03 1.530534446819437899e-01 1.591615302018831446e-01 1.333873599839853485e-01 1.439665879072252186e-01 1.527213340356752547e-01 3.443324500539214628e-02 4.424163093698836070e-04
0.000000000000000000e+00 1.173181201448080142e-03 1.530534446819437899e-01 1.461399368389626696e+00 2.176777685765973303e+00 4.386134695798749483e+00 1.732577895311278127e+01 5.012712718973642012e-01 5.936788699649452224e-03
0.000000000000000000e+00 2.269206682844730760e-02 3.269570150283891974e-01 9.235389702822686120e-01 8.622731445743179179e-01 5.200450615343682470e-01 4.537640337134907775e-01 2.712580848932316657e-02 2.820311082567585840e-03
0.000000000000000000e+00 1.173181201448080142e-03 1.747912378657528187e-01 2.027469734454601547e+00 2.882765139005935673e+00 6.944072720223811501e+00 1.605662730775616964e+01 2.152174337081647515e+00 3.435199114746509061e-03
0.000000000000000000e+00 2.269206682844730760e-02 1.892078124262598582e+00 2.214826365831492172e+00 4.490121698965403141e+00 1.456425358838022177e+01 5.975298217709063664e+00 1.986370543814672818e+00 2.226988762370240779e-03
0.000000000000000000e+00 1.173181201448080142e-03 2.834802037847938827e-01 1.355819787542582811e+00 2.080583361917268892e+00 4.386162494520799982e+00 1.133544491673072052e+01 8.615892736528663054e-02 7.875340695729756563e-03
0.000000000000000000e+00 1.173181201448080142e-03 1.092801686515678522e-03 1.587813176062656595e+00 4.690042061634328796e+00 2.672576303136584031e+01 9.232641703235602293e+00 1.325767384863341287e-02 2.110139522177564885e-04
0.000000000000000000e+00 1.173181201448080142e-03 1.965290310495598214e-01 1.355814961392252549e+00 6.032681417832416848e+00 2.599875434354283144e+01 6.715593699037341935e+00 3.181245033829465524e-02 2.377020460513788378e-04
0.000000000000000000e+00 2.269206682844730760e-02 1.095790831903050572e-01 1.320615669145295712e+00 2.561555873971171682e+00 4.386315009273237919e+00 2.772052343825375686e+00 2.428691263134624412e-01 7.430145473689043698e-03
0.000000000000000000e+00 1.173181201448080142e-03 2.182668242333688502e-01 1.355816175865513173e+00 2.224796185532339710e+00 4.489969184212959874e+00 8.931649232099159619e+00 8.116366513046312514e-01 7.937951186603606213e-03
0.000000000000000000e+00 1.202271164499381763e-03 1.313156514981368428e-01 5.111164724339962717e-01 3.481810182307205626e-01 3.320235431796679793e-01 1.204735869979648433e-01 3.138493215102176187e-02 9.947892054110465086e-04
0.000000000000000000e+00 1.173181201448080142e-03 1.530534446819437899e-01 1.591615302018831446e-01 1.478317607354946439e-01 1.204864695289778881e-01 1.807564755507631016e-01 3.437930812979602541e-02 1.060764337901270137e-02
0.000000000000000000e+00 2.269206682844730760e-02 1.095790831903050572e-01 1.215028817400343186e+00 1.796946520582300977e+00 5.528146793729988850e+00 1.019508012519736440e+01 2.674963020677385561e-01 1.893977556782514282e-01
0.000000000000000000e+00 1.173181201448080142e-03 1.313156514981368428e-01 1.767581085749806435e-01 1.622033980183381907e-01 1.805225385368443985e-02 5.161776233537312616e-03 1.976209696754798947e-02 6.112774144664223598e-04
0.000000000000000000e+00 1.173181201448080142e-03 1.313156514981368428e-01 1.591602999508215377e-01 9.238646205780015608e-02 3.615978201741189019e-03 3.410024240856827926e-02 1.970071454060956517e-02 6.071410289809976756e-04
0.000000000000000000e+00 1.173181201448080142e-03 1.313156514981368428e-01 1.591602999508215377e-01 2.202480786682257594e-02 2.054881342788737464e-01 1.615756431401509097e-02 1.612875315237869908e-02 1.225062455800281572e-02
0.000000000000000000e+00 1.173181201448080142e-03 1.747912378657528187e-01 1.415649465811374130e-01 2.920333093252699963e-01 3.481480193914716637e-01 5.080894540854424477e-03 4.565041600363334978e-02 5.924132945319603117e-04
0.000000000000000000e+00 1.173181201448080142e-03 1.313156514981368428e-01 1.767581085749806435e-01 1.766720704534491537e-01 1.439719504772178638e-01 2.218787938067936019e-02 3.152799532526601167e-02 4.019553881178862011e-04
0.000000000000000000e+00 2.269206682844730760e-02 2.617436354769621110e-01 1.285428553045948830e+00 3.630618514441017908e+00 2.727066652856512974e+01 9.321010702899922507e+00 1.330047663116363903e-02 2.110139522177564885e-04
0.000000000000000000e+00 1.173181201448080142e-03 1.313156514981368428e-01 1.408604712266089853e+00 2.369168023447057347e+00 1.783833772562944953e+00 2.122536061045805500e+00 7.397527040048320623e-01 1.415941310483282700e-01
0.000000000000000000e+00 1.173181201448080142e-03 2.617424106009869078e-01 1.960668850158456378e+00 1.695792733064670044e+00 4.282494084245190180e+00 1.514772586687148070e+01 8.027335840955501789e-02 7.087598862722926593e-03
0.000000000000000000e+00 1.173181201448080142e-03 1.530534446819437899e-01 1.415637215777240110e-01 1.100138509876150278e-01 3.618390416365236100e-03 5.314802341176556172e-03 1.973495720015449803e-02 6.064343798944251502e-04
0.000000000000000000e+00 4.442986001225633641e-02 2.138737701761572296e+00 2.682826720275059085e+00 3.763369037738180101e+00 1.728672565887494628e+01 5.379151343153655063e+00 2.475710318057762205e+00 7.891801476289732852e-04
0.000000000000000000e+00 1.173181201448080142e-03 2.834802037847938827e-01 1.338221978918424648e+00 2.176778302740116633e+00 4.386148740984194383e+00 8.930907810189429696e+00 8.521343631936299789e-02 7.926670202657252334e-03
0.000000000000000000e+00 1.173181201448080142e-03 1.935552485754239216e+00 3.181361242317397142e+00 3.867026634786010941e+00 1.692372938280898609e+01 5.626541267992657858e+00 8.643131638827592500e-01 1.817378787922046320e-03
0.000000000000000000e+00 9.791549669160199976e-01 1.825063336556241200e+00 2.433731144335551821e+00 2.828825066792496123e+00 1.728654347036718875e+01 5.502273191719068812e+00 1.580748618366704328e+00 3.635539585625749415e-02
0.000000000000000000e+00 2.269206682844730760e-02 6.610349682268699956e-02 2.400761933065234388e-01 3.949062668114612595e+00 3.362331934937952127e+01 6.642942115414698812e+00 1.330047663116363903e-02 2.110139522177564885e-04
0.000000000000000000e+00 1.173181201448080142e-03 1.313156514981368428e-01 5.463120896823129291e-01 3.176901884662601261e-01 1.243226000374441226e-01 1.793619454575097194e-01 3.146302061421572815e-02 9.915752527847362507e-04
0.000000000000000000e+00 1.173181201448080142e-03 1.530534446819437899e-01 1.591615302018831446e-01 1.622519155944725788e-01 1.087175866371873773e-01 6.317317724952782598e-02 3.569766206983227257e-03 4.003925235283245987e-04
0.000000000000000000e+00 1.173181201448080142e-03 1.848601313019005099e+00 2.407208707852855234e+00 4.282494084245190180e+00 1.492757012153221829e+01 6.696261602458955409e+00 1.632276987031679116e+00 1.834209324272339505e-03
0.000000000000000000e+00 1.173181201448080142e-03 1.313156514981368428e-01 1.767581085749806435e-01 1.622033980183381907e-01 3.247240871266238171e-02 1.959168257547747385e-02 1.612051091117541746e-02 4.992163263642198550e-04
0.000000000000000000e+00 1.173181201448080142e-03 4.139069628876460571e-01 8.081806122187726871e-01 5.401605462628141785e-01 9.214110328957586526e-01 1.522739512300391063e+00 9.974345651765321730e-01 4.700251964338894237e-03
0.000000000000000000e+00 1.173181201448080142e-03 1.747912378657528187e-01 1.415649465811374130e-01 2.776131544662934214e-01 1.795790240181392439e-01 2.430930240101968065e-02 3.960073249787264375e-03 4.424163093698836070e-04
0.000000000000000000e+00 2.183322054827224468e-01 1.250173669568344970e+00 2.599588705864158023e+00 3.867101247337932257e+00 2.400210798213482022e+01 6.788207664369035221e+00 3.192946369305336984e-02 2.110139522177564885e-04
0.000000000000000000e+00 1.173181201448080142e-03 3.269557901524119958e-01 1.320626551508517377e+00 2.224874847690323953e+00 1.863984522115387454e+00 1.811626933579614018e+00 2.229534480389194329e+00 7.448442913582971857e-03
0.000000000000000000e+00 1.173181201448080142e-03 1.965290310495598214e-01 6.870982336742224028e-01 4.244871251278513391e+00 2.872258339884016465e+01 9.321010702899922507e+00 1.325767384863341287e-02 2.110139522177564885e-04
0.000000000000000000e+00 1.173181201448080142e-03 8.784006513051878517e-02 2.049732500079284758e+00 1.936285442685332647e+00 4.282313668934214057e+00 1.296982364032122170e+01 2.477880848169187467e-01 1.749661373321864666e-01
0.000000000000000000e+00 1.173181201448080142e-03 1.530534446819437899e-01 1.426203751141309262e+00 2.176778789977912965e+00 4.074408661427249889e+00 1.877738197102407369e+01 1.915472213372273025e+00 1.092987220902590373e-01
0.000000000000000000e+00 1.173181201448080142e-03 1.747912378657528187e-01 2.005225311303234559e+00 3.132046258508256908e+00 6.131061534896624643e+00 1.478517974541439273e+01 2.533417365893273043e+00 4.177473962111879872e-03
0.000000000000000000e+00 2.269206682844730760e-02 2.400058422931551361e-01 1.267829545831665516e+00 2.513459577556542257e+00 1.864112622930205188e+00 1.707820243887453682e+00 2.635949769614569060e+00 7.441379241405285221e-03
0.000000000000000000e+00 2.269206682844730760e-02 1.095790831903050572e-01 1.215028817400343186e+00 1.796946520582300977e+00 5.528146793729988850e+00 1.019582258290416910e+01 2.674963020677385561e-01 7.899617645265194846e-03
0.000000000000000000e+00 2.269206682844730760e-02 3.269570150283891974e-01 9.091188154232906493e-01 8.622727447780109689e-01 5.200474692361682916e-01 2.611672781639920449e-01 2.131982741133694459e-01 2.819872280697389554e-03
0.000000000000000000e+00 2.618077918503405321e-01 1.214979913421131874e+00 2.599588705864158023e+00 4.386300773937355402e+00 1.964620145330371415e+01 7.617165427012171364e+00 8.654904651234089918e-01 2.110139522177564885e-04
0.000000000000000000e+00 2.269206682844730760e-02 2.400058422931551361e-01 1.960668850158456378e+00 1.695792733064670044e+00 4.386300773937355402e+00 1.514780129671700237e+01 8.029348916265854896e-02 7.077621595838734340e-03
0.000000000000000000e+00 1.173181201448080142e-03 2.138735199440230605e+00 2.745141452856144859e+00 3.659578352534800683e+00 1.764981449173356154e+01 5.379151343153655063e+00 2.595671468180970276e+00 6.491738165793811124e-04
0.000000000000000000e+00 1.173181201448080142e-03 1.870339106202814294e+00 2.359113665190770259e+00 4.386300773937355402e+00 1.492724986444618551e+01 6.120044750898180119e+00 2.074710447860959039e+00 2.201421770093261576e-03
0.000000000000000000e+00 1.173181201448080142e-03 1.313156514981368428e-01 1.767581085749806435e-01 2.776131544662934214e-01 3.583283500298448110e-01 1.878700917482153260e-02 3.222728112874396339e-02 1.402411670893818213e-02
0.000000000000000000e+00 1.173181201448080142e-03 1.530534446819437899e-01 1.591615302018831446e-01 1.766235528773147379e-01 3.658563279008220700e-03 3.422751728097412488e-02 4.369642215846791800e-03 4.986727259203574880e-04
0.000000000000000000e+00 1.173181201448080142e-03 6.610227194671179640e-02 2.071999929526498807e+00 1.936285442685332647e+00 4.282313668934214057e+00 1.296982364032122170e+01 7.925530586588254434e-02 7.190254032861316189e-03
0.000000000000000000e+00 1.173181201448080142e-03 1.747912378657528187e-01 1.415649465811374130e-01 2.776131544662934214e-01 1.982336756887111417e-01 3.448741215287486755e-02 1.411061728306614582e-02 4.439004465472273114e-04
0.000000000000000000e+00 1.173181201448080142e-03 1.965290310495598214e-01 1.355814961392252549e+00 2.417265185371408887e+00 4.282313668934214057e+00 2.636618256448336695e+00 1.404957120639462875e+00 7.400916501491892723e-03
0.000000000000000000e+00 1.173181201448080142e-03 1.530534446819437899e-01 1.461399368389626696e+00 2.224794858971199218e+00 4.282313668934214057e+00 1.442180874458506956e+01 2.517866793305334916e+00 5.956730578237734962e-03
0.000000000000000000e+00 2.269206682844730760e-02 6.610349682268699956e-02 4.443605465224832046e-02 4.204362260188567291e+00 3.380514864497635585e+01 6.715566205026104463e+00 1.330047663116363903e-02 2.110139522177564885e-04
0.000000000000000000e+00 1.173181201448080142e-03 1.530534446819437899e-01 1.591615302018831446e-01 1.333873599839853485e-01 4.688813989833098828e-02 5.341942108570043278e-03 5.135658061892315468e-02 4.997558626741897348e-04
0.000000000000000000e+00 1.173181201448080142e-03 1.313156514981368428e-01 1.478995946762724056e+00 9.579001095299676249e-01 9.742081672668803094e-01 2.039370742611715581e+00 1.503981000223090780e-01 4.699068076901147598e-03
0.000000000000000000e+00 1.173181201448080142e-03 2.834802037847938827e-01 1.355819787542582811e+00 2.176777685765973303e+00 4.386134695798749483e+00 8.931724282644376345e+00 8.569067568744534458e-02 7.959691796935560587e-03
0.000000000000000000e+00 1.173181201448080142e-03 8.784006513051878517e-02 2.269826146843928819e-02 4.890184292929938836e-02 4.523841666595181010e+01 2.066993034037098909e+01 1.330047663116363903e-02 2.110139522177564885e-04
0.000000000000000000e+00 1.173181201448080142e-03 4.436447876290276066e-02 1.587816286205575578e+00 2.753939317941019649e+00 2.763369177974344737e+01 1.224097859898734519e+01 3.566820820504548045e-03 2.110139522177564885e-04
0.000000000000000000e+00 1.173181201448080142e-03 1.747912378657528187e-01 1.415649465811374130e-01 2.920333093252699963e-01 3.481651860765352935e-01 7.255992292331983617e-02 9.313456308034902265e-02 7.640068867082141406e-04
0.000000000000000000e+00 2.269206682844730760e-02 3.269570150283891974e-01 9.235389702822686120e-01 4.065859751829414837e-01 4.062612690475094213e-01 4.533662458795525430e-01 6.844128708260134586e-02 2.173376764172434833e-03
0.000000000000000000e+00 1.173181201448080142e-03 1.313156514981368428e-01 1.591602999508215377e-01 5.716123318237173456e-02 4.406781739802293450e-03 1.062245438141976306e-01 5.311344903884529685e-03 6.085395765079340113e-04
0.000000000000000000e+00 4.442986001225633641e-02 2.138737701761572296e+00 2.682826720275059085e+00 3.763369037738180101e+00 1.728672565887494628e+01 5.379151343153655063e+00 2.475710318057762205e+00 7.891801476289732852e-04
0.000000000000000000e+00 1.173181201448080142e-03 1.530534446819437899e-01 1.591615302018831446e-01 2.776131544662934214e-01 2.168883273592830674e-01 4.007545526375216362e-03 3.446693129928385391e-02 4.442622007842728440e-04
0.000000000000000000e+00 4.442986001225633641e-02 3.269582327824762658e-01 8.658593155161571353e-01 3.843158534150014072e-01 1.103758412775568409e+00 5.976914268867015156e-01 2.765005710847658338e-01 2.822626215459748955e-03
0.000000000000000000e+00 2.269206682844730760e-02 1.587749019689280061e+00 2.647670073093631782e+00 4.386381787665545318e+00 2.019124316036576161e+01 7.932423827442245390e+00 8.654904651234089918e-01 2.110139522177564885e-04
0.000000000000000000e+00 1.173181201448080142e-03 1.313156514981368428e-01 1.355811286393613146e+00 8.052790346433454927e-01 4.470817122185331560e-01 5.978474116344557610e-01 8.368668710446792725e-01 3.632033199192757997e-03
0.000000000000000000e+00 1.173181201448080142e-03 1.530534446819437899e-01 2.049737190376726303e+00 1.791988978328858284e+00 4.178672865213220788e+00 1.623596952606424182e+01 2.130748767527289034e-01 6.023413110103104616e-03
0.000000000000000000e+00 2.269206682844730760e-02 1.747924627417280496e-01 2.005226896992447827e+00 3.069724238776830205e+00 6.402255630368892447e+00 1.587429920611186063e+01 2.047086742620014110e+00 3.459183162545532812e-03
0.000000000000000000e+00 2.269206682844730760e-02 4.139081877636233142e-01 8.658621831034996053e-01 3.843169690900519742e-01 9.943744913347367653e-01 5.497760865318372936e-01 6.503869218283275799e-01 3.631816616348418000e-03
0.000000000000000000e+00 2.269206682844730760e-02 1.095790831903050572e-01 1.443839238504511790e+00 9.943813679484021506e-01 1.022309295247384897e+00 1.478237995374001912e+00 1.158830470122757528e-01 4.702372573904673586e-03
0.000000000000000000e+00 2.269206682844730760e-02 2.400058422931551361e-01 1.916130837972676249e+00 1.791990768712498960e+00 4.386300773937355402e+00 1.895777189020836317e+01 5.541888322010293244e-01 5.007063702077640781e-03
0.000000000000000000e+00 1.173181201448080142e-03 1.965290310495598214e-01 1.391010578640569317e+00 2.176778789977912965e+00 4.490135640635366521e+00 6.550756580443084509e+00 2.653005462600757092e-01 7.985128692681796661e-03
0.000000000000000000e+00 1.173181201448080142e-03 1.530534446819437899e-01 1.591615302018831446e-01 1.334116058765167090e-01 1.204648505165690636e-01 1.434406334282095630e-01 3.596600647777332786e-03 9.731160207419710731e-03
0.000000000000000000e+00 1.173181201448080142e-03 1.530534446819437899e-01 1.767593388260406684e-01 1.622059486342755652e-01 9.698828347516867676e-02 2.985597126353721764e-01 3.217552835423168750e-02 5.898283575802024592e-04
0.000000000000000000e+00 4.442986001225633641e-02 8.784250776058515064e-02 1.408604712266089853e+00 2.417265185371408887e+00 4.178672865213220788e+00 2.772052343825375686e+00 1.071537975158986189e+00 7.409702330261456853e-03
0.000000000000000000e+00 1.173181201448080142e-03 2.182668242333688502e-01 1.303022749993037355e+00 2.465362415632190718e+00 4.386300773937355402e+00 2.636618256448336695e+00 9.069194087854604014e-01 7.413964271890437566e-03
0.000000000000000000e+00 1.173181201448080142e-03 1.530534446819437899e-01 5.287155113092153469e-01 3.380191436501769342e-01 3.320242437420206638e-01 1.204870845350937969e-01 3.147793170245024447e-02 9.952943228160801570e-04
0.000000000000000000e+00 2.618077918503405321e-01 1.355762382414401834e+00 3.679918841706452781e+00 5.995784440559573270e+00 2.109662314281670348e+01 5.844188496766076213e+00 1.157066977675200309e-01 2.110139522177564885e-04
0.000000000000000000e+00 1.173181201448080142e-03 1.313156514981368428e-01 1.391006903641930581e+00 2.321070960307869857e+00 2.104631064816473440e+00 1.915017771774948363e+00 1.416647632854610261e+00 6.092222079389997616e-03
0.000000000000000000e+00 1.831341393529736905e+00 2.406994723873665087e+00 3.846098902431790201e+00 1.801326550396998272e+01 4.746187494291950415e+00 4.319295224800525190e+00 5.257334056947925438e-01 2.395942883845946436e-04
0.000000000000000000e+00 1.173181201448080142e-03 2.182668242333688502e-01 1.391011793113830608e+00 2.176778302740116633e+00 4.490121698965403141e+00 6.384813003935392750e+00 1.890569789451236771e+00 7.926670202657252334e-03
0.000000000000000000e+00 2.269206682844730760e-02 2.400058422931551361e-01 1.893861831879786628e+00 1.840089590120799867e+00 4.386300773937355402e+00 1.895926219540961810e+01 4.304852472411943576e-01 5.016550922191595485e-03
0.000000000000000000e+00 2.269206682844730760e-02 3.269570150283891974e-01 9.091349496944873820e-01 4.288174234404519281e-01 4.062612690475094213e-01 8.842660553016895575e-02 1.250837110363232918e-01 1.644969096415729382e-03
0.000000000000000000e+00 1.173181201448080142e-03 1.313156514981368428e-01 9.635270234042374706e-04 4.886988489676890451e-02 2.714083613399933051e-02 2.949371584405137761e-02 2.388947793884206583e-02 7.301907375443283726e-04
0.000000000000000000e+00 1.173181201448080142e-03 1.313156514981368428e-01 1.767581085749806435e-01 1.334116058765167090e-01 1.439665879072252186e-01 2.796634378674796306e-02 3.969579773133026512e-02 4.007881871089635892e-04
0.000000000000000000e+00 2.269206682844730760e-02 3.704326013960052011e-01 1.207658305217343297e+00 2.321070275750968026e+00 4.178506979242047947e+00 2.770941362224075721e+00 3.230397328276493063e+00 7.991122164379624304e-03
0.000000000000000000e+00 1.173181201448080142e-03 1.747912378657528187e-01 1.591627552052949368e-01 2.920358733709508825e-01 1.982360627714340184e-01 1.158167990379198875e-01 3.221012116538329861e-02 5.915717304285196890e-04
0.000000000000000000e+00 6.616765319606536522e-02 8.784371838036798830e-02 2.049737190376726303e+00 1.791988978328858284e+00 4.282313668934214057e+00 1.242532922622227076e+01 7.991485931887618022e-02 7.216039757364749521e-03
0.000000000000000000e+00 1.173181201448080142e-03 4.139069628876460571e-01 7.216596830649069094e-01 6.292693365408713602e-01 9.212321670882357427e-01 6.940157969371765212e-01 6.501784942076194174e-01 3.631924594934231136e-03
0.000000000000000000e+00 1.173181201448080142e-03 3.486935833362209691e-01 8.658583508463580936e-01 1.033255644260387740e+00 1.166611885985598507e+00 2.039370742611715581e+00 1.188882086155250928e+00 6.121768804873205065e-03
0.000000000000000000e+00 1.173181201448080142e-03 1.747912378657528187e-01 2.005200728361711260e+00 3.132046258508256908e+00 6.266551931499736661e+00 1.551200137263504075e+01 2.409737566718357815e+00 4.141598255472637644e-03
0.000000000000000000e+00 2.269206682844730760e-02 1.313168763741120182e-01 1.408644919139702134e+00 2.369167795303202873e+00 4.282479554905386010e+00 2.636618256448336695e+00 7.402087690065040082e-01 7.418139276848493592e-03
0.000000000000000000e+00 2.269206682844730760e-02 1.530546695579210748e-01 4.759233104401530134e-01 3.583454958226794940e-01 2.975130194332219480e-01 6.387088588099800734e-01 1.540404212627659829e-02 1.640521239984438174e-03
0.000000000000000000e+00 1.173181201448080142e-03 1.313156514981368428e-01 1.426202520890248238e+00 1.067342481005627119e+00 9.261894690977422462e-01 2.039329274251732826e+00 6.693846522468949178e-01 4.696119032456944585e-03
0.000000000000000000e+00 1.173181201448080142e-03 1.313156514981368428e-01 1.943948261892435303e-01 3.962891916607380605e-02 3.245383936744813957e-02 5.314802341176556172e-03 1.960157222959633266e-02 1.502658923887236625e-02
0.000000000000000000e+00 1.173181201448080142e-03 3.704313765200279440e-01 8.946996252341121725e-01 4.065856627664299339e-01 4.347596464805851268e-01 4.533662458795525430e-01 3.091084553405909485e-01 2.175584573786164353e-03
0.000000000000000000e+00 2.269206682844730760e-02 3.269570150283891974e-01 9.091188154232906493e-01 4.065484173475622520e-01 4.062622205827816080e-01 4.533455081954474997e-01 2.130701162396388126e-01 2.174321252135695028e-03
0.000000000000000000e+00 1.173181201448080142e-03 1.530534446819437899e-01 2.027492724902255183e+00 1.840008343807115976e+00 4.282313668934214057e+00 1.460330688261805498e+01 4.158002173502404197e-01 7.087598862722926593e-03
0.000000000000000000e+00 1.202271164499381763e-03 1.747912378657528187e-01 1.426204976144722192e+00 6.342938975502855348e-01 1.166615323711434282e+00 1.879005632183814223e+00 1.187496455364414727e+00 4.693394332185295802e-03
0.000000000000000000e+00 1.173181201448080142e-03 4.436447876290276066e-02 2.071998346298331128e+00 1.888189678839671704e+00 4.489955430676360493e+00 1.551079757278296434e+01 9.333251339690501469e-01 6.004850008960871920e-03
0.000000000000000000e+00 1.173181201448080142e-03 1.530534446819437899e-01 1.591615302018831446e-01 1.334116058765167090e-01 1.204846488764163004e-01 2.791241642203348347e-02 2.785366013595105134e-02 1.225428687173655065e-02
0.000000000000000000e+00 1.173181201448080142e-03 1.747912378657528187e-01 1.415649465811374130e-01 2.776131544662934214e-01 1.982336756887111417e-01 2.432293456091596043e-02 1.410399944645287715e-02 4.435349728031134941e-04
0.000000000000000000e+00 1.173181201448080142e-03 3.921691697038370283e-01 8.081796563529997091e-01 5.624662520439556168e-01 9.214110328957586526e-01 1.522739512300391063e+00 3.549271276901989208e-02 3.632033199192757997e-03
0.000000000000000000e+00 1.173181201448080142e-03 1.313156514981368428e-01 1.767581085749806435e-01 1.622519155944725788e-01 1.557408662860991777e-01 1.624002798872719797e-02 3.152160741372791314e-02 4.015696257801690608e-04
0.000000000000000000e+00 1.173181201448080142e-03 1.530534446819437899e-01 5.111177026850561855e-01 3.481823328089748704e-01 3.320242437420206638e-01 1.204870845350937969e-01 4.392459590968508798e-01 3.812094214296662259e-02
0.000000000000000000e+00 2.269206682844730760e-02 3.486948082121962278e-01 9.091197800930901352e-01 3.843169690900519742e-01 4.347596464805851268e-01 4.533662458795525430e-01 2.611931149857245060e-01 2.175183988836737557e-03
0.000000000000000000e+00 1.173181201448080142e-03 1.530534446819437899e-01 1.591615302018831446e-01 1.478317607354946439e-01 4.689036999095822639e-02 2.786312004680083915e-02 5.138135923836457258e-02 5.013500104406564935e-04
0.000000000000000000e+00 1.173181201448080142e-03 8.784006513051878517e-02 8.791164101986434498e-02 1.306641377704646168e+00 3.289798060403007440e+01 1.980570229462650644e+01 3.566820820504548045e-03 2.110139522177564885e-04
0.000000000000000000e+00 2.269206682844730760e-02 1.530546695579210748e-01 4.759233104401530134e-01 3.583283500298448110e-01 2.975130194332219480e-01 6.387088588099800734e-01 5.188446302925878856e-02 1.641129552088977685e-03
0.000000000000000000e+00 2.269206682844730760e-02 1.530546695579210748e-01 2.027469734454601547e+00 1.695635469231395076e+00 4.490121698965403141e+00 1.460330688261805498e+01 2.480155310883147834e-01 7.097467118261199977e-03
0.000000000000000000e+00 2.269206682844730760e-02 3.486948082121962278e-01 1.259380584380467294e+00 2.176777685765973303e+00 1.864123842807661857e+00 2.019192276054876611e+00 6.020437198385252264e-01 6.105835513011830494e-03
0.000000000000000000e+00 1.173181201448080142e-03 1.965290310495598214e-01 1.355814961392252549e+00 6.032681417832416848e+00 2.599959742569795651e+01 6.788207664369035221e+00 3.180143653501005946e-02 2.110139522177564885e-04
0.000000000000000000e+00 2.269206682844730760e-02 1.870340331078790497e+00 2.262921443249421127e+00 4.386315009273237919e+00 1.438280199754193767e+01 7.703965275738757335e+00 9.787129822265842050e-01 2.220677635787101679e-03
0.000000000000000000e+00 1.173181201448080142e-03 1.530534446819437899e-01 1.591615302018831446e-01 1.622033980183381907e-01 9.696671794185986182e-02 1.616154772670486128e-02 4.418833772885808787e-03 5.018732136499049618e-04
0.000000000000000000e+00 1.173181201448080142e-03 1.530534446819437899e-01 1.591615302018831446e-01 1.189672051250087736e-01 3.246571846411017842e-02 1.974171981721042218e-02 5.331764050451204100e-03 6.099183960411786766e-04
0.000000000000000000e+00 1.173181201448080142e-03 3.921691697038370283e-01 8.658602757889101165e-01 9.477645465414141768e-01 1.118596967898541239e+00 2.039287626164101308e+00 1.188786795426636456e+00 6.124590494621765489e-03
0.000000000000000000e+00 1.173181201448080142e-03 1.530534446819437899e-01 1.591615302018831446e-01 2.776131544662934214e-01 2.075610015239973405e-01 4.465868110128114882e-02 3.448694488446019807e-02 4.453250708977606943e-04
0.000000000000000000e+00 1.173181201448080142e-03 1.530534446819437899e-01 1.461399368389626696e+00 2.080583361917268892e+00 4.386328950943205740e+00 1.732562759716924106e+01 2.131345733439149737e-01 5.976274004362237303e-03
0.000000000000000000e+00 2.269206682844730760e-02 3.269570150283891974e-01 9.091188154232906493e-01 4.065856627664299339e-01 4.347596464805851268e-01 1.126625370083647715e+00 8.950962251563858441e-02 2.821465933982872376e-03
0.000000000000000000e+00 2.618077918503405321e-01 1.214979913421131874e+00 2.599588705864158023e+00 4.282494084245190180e+00 1.964624800049841014e+01 7.826854086211169736e+00 8.455651066702223329e-01 2.110139522177564885e-04
0.000000000000000000e+00 2.269206682844730760e-02 1.313168763741120182e-01 1.426242727763860296e+00 2.320990195910930698e+00 4.282479554905386010e+00 2.636618256448336695e+00 7.402087690065040082e-01 7.418139276848493592e-03
0.000000000000000000e+00 2.269206682844730760e-02 1.965302559255370785e-01 1.303022749993037355e+00 6.193138785635798449e+00 2.599931693202332639e+01 6.788207664369035221e+00 3.188655364906941431e-02 2.110139522177564885e-04
0.000000000000000000e+00 8.790544637987234011e-02 2.138740174848273501e+00 2.620511894801127450e+00 3.348125978413005743e+00 1.764985996446952754e+01 5.502846610368471225e+00 1.700141310785344473e+00 1.216493972168535692e-03
0.000000000000000000e+00 2.269206682844730760e-02 1.530546695579210748e-01 2.049738740547491389e+00 1.695713256058835494e+00 4.178687394553029399e+00 1.478465366470749132e+01 2.479931588427836398e-01 7.107226826706938491e-03
0.000000000000000000e+00 1.173181201448080142e-03 1.805125726651388263e+00 2.503398741295167262e+00 4.282328006106584262e+00 1.474497387682958838e+01 6.264065912275530223e+00 1.986355079566358262e+00 2.214312990852456905e-03
0.000000000000000000e+00 2.269206682844730760e-02 3.269570150283891974e-01 8.946986605643132417e-01 8.622722688480007891e-01 5.565301981382804186e-01 2.132520804422401162e-01 2.131728486930441202e-01 2.819406665937338255e-03
0.000000000000000000e+00 6.616765319606536522e-02 6.610592519656099952e-02 2.049735633565365589e+00 1.840087930636849833e+00 4.282313668934214057e+00 1.296907743028416959e+01 7.925530586588254434e-02 7.190254032861316189e-03
0.000000000000000000e+00 1.173181201448080142e-03 2.617424106009869078e-01 1.960668850158456378e+00 1.743889894989020917e+00 4.282313668934214057e+00 1.514780129671700237e+01 2.480781754245802162e-01 7.067534848839339412e-03
0.000000000000000000e+00 1.173181201448080142e-03 2.094197187254450476e+00 1.830061209448649917e+00 4.697762668360056182e+00 1.710440455809350979e+01 4.884328685569296447e+00 2.525512845559706454e-01 7.537453606791999494e-02
0.000000000000000000e+00 2.618077918503405321e-01 1.214979913421131874e+00 2.647685867788509118e+00 4.282479554905386010e+00 1.946470331527073228e+01 7.718427320120552437e+00 8.655845940547157724e-01 2.110139522177564885e-04
0.000000000000000000e+00 1.173181201448080142e-03 1.313156514981368428e-01 1.443800329514406400e+00 1.030861788851385796e+00 9.742866310220932302e-01 1.879047100543796978e+00 6.693374954689933487e-01 4.696929291791438962e-03
0.000000000000000000e+00 1.173181201448080142e-03 1.530534446819437899e-01 2.027468184283835573e+00 3.132046258508256908e+00 6.131061534896624643e+00 1.569343292944039447e+01 2.409737566718357815e+00 4.141598255472637644e-03
0.000000000000000000e+00 1.173181201448080142e-03 1.313156514981368428e-01 5.463314490416691926e-01 3.380191436501769342e-01 8.402863189397491439e-02 1.794110053545762418e-01 3.144929235733390227e-02 9.910092319005471030e-04
0.000000000000000000e+00 1.173181201448080142e-03 1.530534446819437899e-01 1.591615302018831446e-01 1.334116058765167090e-01 1.439863862670724415e-01 2.796634378674796306e-02 1.619406034067301381e-02 5.039249222499689882e-04
0.000000000000000000e+00 1.173181201448080142e-03 1.747912378657528187e-01 1.415649465811374130e-01 2.776131544662934214e-01 3.481467067812148986e-01 5.072844686072245854e-03 4.559591433432166885e-02 5.919950313940011135e-04
0.000000000000000000e+00 1.173181201448080142e-03 1.747912378657528187e-01 2.049738740547491389e+00 1.599598409215965855e+00 4.593775873905125096e+00 1.405881246851910582e+01 8.016152318469872695e-02 1.749205455075915905e-01
0.000000000000000000e+00 1.173181201448080142e-03 6.610227194671179640e-02 4.443451561644673475e-02 1.331431640774000558e+00 3.689085639625808710e+01 1.894143035196904989e+01 3.566820820504548045e-03 2.110139522177564885e-04
0.000000000000000000e+00 2.269206682844730760e-02 1.530546695579210748e-01 4.759233104401530134e-01 3.481810182307205626e-01 3.147244634683107889e-01 6.386077681326731703e-01 2.342865675441731244e-01 1.643947194214403443e-03
0.000000000000000000e+00 1.173181201448080142e-03 3.921691697038370283e-01 8.081796563529997091e-01 5.624662520439556168e-01 9.213507096921143003e-01 1.460419812376760218e+00 5.161103988827311362e-01 3.631674039020202967e-03
0.000000000000000000e+00 2.269206682844730760e-02 1.095790831903050572e-01 1.355811286393613146e+00 2.561556579922517063e+00 3.867252796136734005e+00 3.042861994205531051e+00 2.428101308433842642e-01 7.433975523640549976e-03
0.000000000000000000e+00 1.173181201448080142e-03 2.834802037847938827e-01 1.916157147026417373e+00 3.069724238776830205e+00 6.537746026972002689e+00 7.526214820206021727e+00 6.306533414642367941e-01 7.850092750428557323e-03
0.000000000000000000e+00 2.269206682844730760e-02 1.095790831903050572e-01 1.960659609193805331e+00 1.030797570969602228e+00 1.636169475903226367e+00 2.744935724944836064e+00 6.047125188727795614e-02 6.118687424630711927e-03
0.000000000000000000e+00 1.202271164499381763e-03 2.262668557909372838e-02 1.966436110706951956e-01 3.960608142601088066e-02 2.198546721490033176e-02 2.398129459517502754e-02 2.383405342252491524e-02 7.338658914179793571e-04
0.000000000000000000e+00 1.173181201448080142e-03 1.530534446819437899e-01 5.111177026850561855e-01 3.481823328089748704e-01 3.320242437420206638e-01 1.204870845350937969e-01 4.391437690126769322e-01 1.640521239984438174e-03
0.000000000000000000e+00 1.173181201448080142e-03 1.530534446819437899e-01 1.591615302018831446e-01 1.766720704534491537e-01 3.658563279008220700e-03 5.387207563018242898e-03 5.341942108570043278e-03 6.106003849869242727e-04
0.000000000000000000e+00 1.173181201448080142e-03 8.784006513051878517e-02 2.269826146843928819e-02 5.923466725245108977e-01 4.251671665247084775e+01 1.922951055878600712e+01 1.330047663116363903e-02 2.110139522177564885e-04
0.000000000000000000e+00 1.173181201448080142e-03 1.848601313019005099e+00 2.407208707852855234e+00 4.282494084245190180e+00 1.492757012153221829e+01 6.696261602458955409e+00 1.632276987031679116e+00 1.834209324272339505e-03
0.000000000000000000e+00 1.173181201448080142e-03 6.610227194671179640e-02 2.027461917340718678e+00 2.032482432184677723e+00 4.282479554905386010e+00 1.260533705905400303e+01 7.919842104101042224e-02 7.207547959644282354e-03
0.000000000000000000e+00 1.173181201448080142e-03 1.747912378657528187e-01 4.935211190643105650e-01 3.481823328089748704e-01 3.146961686077072162e-01 2.095496113695251572e-01 2.398146842690993541e-01 1.279510184985872302e-03
0.000000000000000000e+00 2.269206682844730760e-02 1.095790831903050572e-01 1.355811286393613146e+00 8.337764605411489560e-01 4.470791047947198504e-01 8.369866437811235294e-01 2.760515879192600996e-01 2.822848050945708353e-03
0.000000000000000000e+00 2.269206682844730760e-02 1.530546695579210748e-01 4.759233104401530134e-01 3.583283500298448110e-01 3.319953042946989785e-01 6.672412640310639853e-01 1.546576372420285610e-02 1.642301497865938454e-03
0.000000000000000000e+00 2.269206682844730760e-02 3.269570150283891974e-01 3.611529307821430002e-01 2.973661251313313714e-01 2.975130194332219480e-01 2.986120975094853636e-01 1.541662411647156672e-01 1.279510184985872302e-03
0.000000000000000000e+00 1.173181201448080142e-03 1.870339106202814294e+00 2.407210827115120910e+00 4.282479554905386010e+00 1.474492876366473837e+01 6.120026233169129526e+00 1.986355079566358262e+00 2.214312990852456905e-03
0.000000000000000000e+00 2.269206682844730760e-02 1.747924627417280496e-01 1.982933265784313059e+00 3.132046258508256908e+00 6.266765233765789311e+00 1.605649578673398992e+01 2.047086742620014110e+00 3.459183162545532812e-03
0.000000000000000000e+00 2.269206682844730760e-02 1.313168763741120182e-01 2.005223718809365785e+00 3.132048408708760334e+00 6.266788837827072634e+00 1.478517974541439273e+01 2.409713780933437910e+00 4.186240331575035584e-03
0.000000000000000000e+00 1.173181201448080142e-03 3.921691697038370283e-01 1.224899447648082340e+00 2.272972626588818823e+00 4.074866175521059120e+00 2.771995664141245097e+00 3.065023831349372063e+00 8.002812135721204881e-03
0.000000000000000000e+00 1.173181201448080142e-03 1.530534446819437899e-01 1.767593388260406684e-01 1.478343247811755024e-01 1.322193240278446424e-01 2.797454598622185762e-02 2.212791771244829522e-02 9.728114022394257834e-03
0.000000000000000000e+00 2.269206682844730760e-02 1.313168763741120182e-01 1.461418761311998882e+00 6.342935319949338790e-01 1.166611885985598507e+00 1.879047100543796978e+00 3.579174263925168908e-01 4.699068076901147598e-03
0.000000000000000000e+00 1.173181201448080142e-03 1.530534446819437899e-01 2.049737190376726303e+00 1.791988978328858284e+00 4.282479554905386010e+00 1.605454577684485784e+01 6.901603443027162776e-02 6.032549697208685648e-03
0.000000000000000000e+00 1.173181201448080142e-03 2.400046174171778790e-01 1.373415193680326052e+00 2.272972626588818823e+00 4.074700289549888055e+00 2.636505267538140629e+00 2.732939195102310759e+00 8.019609731100862601e-03
0.000000000000000000e+00 1.202271164499381763e-03 2.262668557909372838e-02 1.966436110706951956e-01 3.957654854067703398e-02 2.198546721490033176e-02 6.383485971015869648e-03 2.382153242189577122e-02 7.329559416655675487e-04
0.000000000000000000e+00 2.269206682844730760e-02 3.052192218445801686e-01 1.320626551508517377e+00 2.176777685765973303e+00 1.863995593596902589e+00 2.019192276054876611e+00 2.365080409076359302e+00 7.441379241405285221e-03
0.000000000000000000e+00 2.269206682844730760e-02 1.313168763741120182e-01 1.767593388260406684e-01 2.631955636529963449e-01 1.982336756887111417e-01 8.527589398545662447e-02 1.417785261207879857e-02 4.456718713705921323e-04
0.000000000000000000e+00 2.269206682844730760e-02 2.400058422931551361e-01 1.373416397576617154e+00 2.128680523841622207e+00 4.490121698965403141e+00 6.218800433317388965e+00 2.652472995476252704e-01 7.991122164379624304e-03
0.000000000000000000e+00 1.173181201448080142e-03 1.313156514981368428e-01 1.408604712266089853e+00 2.417265185371408887e+00 1.543337237979554022e+00 2.226659993723933528e+00 3.326689279456900850e-01 6.111739523458334551e-03
0.000000000000000000e+00 1.173181201448080142e-03 2.182668242333688502e-01 1.338218367241354789e+00 2.176779375749649414e+00 4.801415886760041829e+00 8.931724282644376345e+00 8.116832278193731876e-01 7.930495430994112874e-03
0.000000000000000000e+00 1.173181201448080142e-03 1.747912378657528187e-01 1.415649465811374130e-01 2.920333093252699963e-01 1.795959639832902799e-01 2.431612670193110393e-02 1.413127172614439195e-02 4.431657870537908232e-04
0.000000000000000000e+00 1.173181201448080142e-03 1.530534446819437899e-01 1.591066993133186114e-01 1.334116058765167090e-01 3.246798503935441338e-02 1.952745929383778445e-02 5.296762698485254009e-03 6.106003849869242727e-04
0.000000000000000000e+00 1.173181201448080142e-03 1.530534446819437899e-01 1.591615302018831446e-01 1.766720704534491537e-01 3.658563279008220700e-03 5.387207563018242898e-03 5.341942108570043278e-03 6.106003849869242727e-04
0.000000000000000000e+00 2.269206682844730760e-02 3.269570150283891974e-01 8.946986605643132417e-01 4.065852908560566581e-01 4.063103130071808455e-01 4.530551035622992218e-01 6.875269192059985102e-02 2.172350926266076836e-03
0.000000000000000000e+00 2.269206682844730760e-02 1.530546695579210748e-01 1.415649465811374130e-01 1.334116058765167090e-01 1.204648505165690636e-01 1.247859817576380675e-01 5.015967034532307911e-02 4.049216655323605940e-04
0.000000000000000000e+00 1.173181201448080142e-03 1.313156514981368428e-01 1.478995946762724056e+00 6.342935319949338790e-01 1.022399139722888650e+00 1.958775628367083188e+00 2.540156465868826374e-01 4.700771720122749048e-03
0.000000000000000000e+00 2.269206682844730760e-02 4.436570363888001772e-02 2.071999929526498807e+00 1.888188280760981774e+00 4.281994993836883978e+00 2.041117186982793541e+01 3.656960772788692693e-01 4.203532970863427254e-03
0.000000000000000000e+00 1.173181201448080142e-03 6.610227194671179640e-02 2.094268935619389094e+00 1.888186752045150740e+00 4.282479554905386010e+00 1.351357184438310988e+01 2.471201109065738200e-01 7.154413103529832368e-03
0.000000000000000000e+00 1.173181201448080142e-03 1.530534446819437899e-01 1.591615302018831446e-01 1.622033980183381907e-01 9.692704347651673324e-02 1.612415078342695207e-02 1.616970246821443358e-02 5.023923142540447128e-04
0.000000000000000000e+00 1.173181201448080142e-03 1.530534446819437899e-01 1.592005068244346788e-01 1.189914510175401202e-01 3.246571846411017842e-02 9.834345022363870370e-02 2.790424405845168959e-02 5.018732136499049618e-04
0.000000000000000000e+00 2.269206682844730760e-02 3.269570150283891974e-01 9.091349496944873820e-01 4.511236749522100631e-01 3.777628146108331642e-01 1.250424577527042558e-01 2.344093485066612303e-01 5.026840605953527413e-02
0.000000000000000000e+00 2.269206682844730760e-02 1.530546695579210748e-01 1.415649465811374130e-01 1.622519155944725788e-01 1.439503657123989699e-01 1.154847262958781928e-01 3.158483516647975220e-02 4.416520728062174410e-04
0.000000000000000000e+00 1.173181201448080142e-03 1.313156514981368428e-01 1.767581085749806435e-01 1.622033980183381907e-01 1.805225385368443985e-02 1.958193109251525621e-02 5.352099060204184439e-03 1.503143227344436519e-02
0.000000000000000000e+00 1.173181201448080142e-03 2.183273211626010735e+00 2.807466120122322550e+00 3.451916071130827213e+00 1.783126662016859143e+01 5.502303404929307362e+00 2.535375126567713355e+00 6.433887559117512167e-04
0.000000000000000000e+00 1.173181201448080142e-03 1.530534446819437899e-01 1.461399368389626696e+00 2.224714753402193157e+00 4.282313668934214057e+00 1.424031060655209302e+01 6.983671064126470540e+00 3.443264822745008107e-03
0.000000000000000000e+00 1.173181201448080142e-03 1.747912378657528187e-01 1.285461551171002359e+00 7.482837645736560850e-01 1.407192631491053003e+00 7.750581704738214173e-01 5.158345486417063031e-01 3.631493319244351401e-03
0.000000000000000000e+00 1.173181201448080142e-03 1.530534446819437899e-01 1.591066993133186114e-01 1.189672051250087736e-01 3.246571846411017842e-02 3.393792161627189746e-02 5.296762698485254009e-03 6.106003849869242727e-04
0.000000000000000000e+00 1.173181201448080142e-03 1.530534446819437899e-01 1.461399368389626696e+00 2.224794858971199218e+00 4.282313668934214057e+00 1.460330688261805498e+01 2.373827159647647456e+00 5.956730578237734962e-03
0.000000000000000000e+00 2.269206682844730760e-02 1.747924627417280496e-01 1.391010578640569317e+00 2.224875951902266280e+00 4.490121698965403141e+00 6.218800433317388965e+00 2.652472995476252704e-01 7.991122164379624304e-03
0.000000000000000000e+00 2.269206682844730760e-02 2.182680491093461350e-01 1.355817385056166557e+00 2.321070275750968026e+00 4.074866175521059120e+00 2.907486060744355338e+00 1.238944550021459312e+00 7.405353168619779533e-03
0.000000000000000000e+00 1.173181201448080142e-03 1.747912378657528187e-01 1.415649465811374130e-01 2.920333093252699963e-01 3.481651860765352935e-01 8.594552624685136699e-02 6.939701067423229702e-03 1.800314503789218756e-02
0.000000000000000000e+00 1.173181201448080142e-03 1.747912378657528187e-01 1.267824698527294069e+00 7.767808668809060846e-01 1.359016406401806654e+00 7.127066217519579805e-01 3.554351487051677361e-01 3.631998034101972979e-03
0.000000000000000000e+00 1.173181201448080142e-03 1.530534446819437899e-01 1.591615302018831446e-01 1.333873599839853485e-01 1.557174566025538442e-01 1.527575940221823636e-01 2.427553742133870332e-02 1.060689390132879550e-02
0.000000000000000000e+00 2.269206682844730760e-02 1.530546695579210748e-01 1.443802784768880576e+00 2.176777685765973303e+00 4.386300773937355402e+00 1.460330688261805498e+01 2.661944844292562173e+00 5.936788699649452224e-03
0.000000000000000000e+00 1.173181201448080142e-03 1.313156514981368428e-01 1.591796593101777180e-01 2.196561593405508064e-02 2.199839271284153089e-02 9.174976748874870414e-02 1.966632907855370149e-02 1.502799762317555410e-02
0.000000000000000000e+00 1.173181201448080142e-03 1.313156514981368428e-01 2.295515344474564623e-01 1.477907870623805797e-01 1.805653136133502853e-02 4.222165941039243003e-03 1.612051091117541746e-02 4.992163263642198550e-04
0.000000000000000000e+00 1.173181201448080142e-03 1.530534446819437899e-01 1.767983154485921748e-01 1.334141699221975674e-01 1.204666678011878100e-01 1.247925205390473802e-01 1.288705730442444783e-02 4.038343721335374689e-04
0.000000000000000000e+00 2.269206682844730760e-02 3.486948082121962278e-01 1.242139441949729139e+00 1.286224365615328491e+00 5.112751695012921260e+00 1.786996868049601161e+01 2.657099204145240812e+00 4.194926528915983791e-03
0.000000000000000000e+00 1.173181201448080142e-03 1.747912378657528187e-01 5.111189276884697819e-01 3.380191436501769342e-01 3.492653861727588183e-01 9.155510750682341325e-03 3.142451684357294717e-02 9.932213807400573982e-04
0.000000000000000000e+00 1.173181201448080142e-03 1.530534446819437899e-01 1.461399368389626696e+00 1.840017563576384463e+00 4.905260347648047414e+00 1.750712573520222293e+01 2.533395619185405678e+00 4.203532970863427254e-03
0.000000000000000000e+00 1.173181201448080142e-03 8.784006513051878517e-02 1.313872273874803487e-01 2.771392501138099984e+00 3.071988304725660157e+01 1.539916880648290132e+01 3.566820820504548045e-03 2.110139522177564885e-04
0.000000000000000000e+00 2.269206682844730760e-02 3.269570150283891974e-01 9.235389702822686120e-01 4.065859751829414837e-01 4.063084240082607268e-01 4.533662458795525430e-01 6.898673831867373207e-02 5.027053868852569829e-02
0.000000000000000000e+00 2.271572880413281342e-02 4.139081877636233142e-01 8.226179583008160767e-01 5.179298899723417948e-01 8.848688734503800113e-01 1.460183643017442856e+00 9.169195040525260909e-01 4.701243527660214049e-03
0.000000000000000000e+00 1.173181201448080142e-03 4.436447876290276066e-02 2.094267352391220971e+00 1.888188280760981774e+00 4.282494084245190180e+00 1.369574076260762396e+01 2.478703493173938233e-01 7.154413103529832368e-03
0.000000000000000000e+00 1.173181201448080142e-03 1.747912378657528187e-01 1.415649465811374130e-01 2.776131544662934214e-01 3.583283500298448110e-01 3.226481268010242959e-02 4.571381372409620558e-02 5.932346650556779471e-04
0.000000000000000000e+00 2.269206682844730760e-02 3.269570150283891974e-01 9.235389702822686120e-01 8.337757186765144546e-01 5.200474692361682916e-01 4.537378900640018364e-01 1.517329442837114795e-01 2.820723004060654831e-03
0.000000000000000000e+00 1.202271164499381763e-03 2.262668557909372838e-02 1.966436110706951956e-01 3.957654854067703398e-02 2.201502009280603342e-02 6.383485971015869648e-03 2.382153242189577122e-02 1.833076456582471980e-02
0.000000000000000000e+00 2.269206682844730760e-02 1.747924627417280496e-01 1.285443186590567777e+00 8.052312679444110222e-01 4.835646406313843237e-01 5.978474116344557610e-01 3.383092716556238000e-01 2.822626215459748955e-03
0.000000000000000000e+00 1.173181201448080142e-03 1.530534446819437899e-01 1.461399368389626696e+00 2.176777685765973303e+00 4.178188304144724086e+00 1.841461642536712873e+01 1.544367290981408125e+00 4.228877860063129900e-03
0.000000000000000000e+00 1.173181201448080142e-03 2.182668242333688502e-01 1.391011793113830608e+00 2.272972626588818823e+00 3.970893599857722833e+00 2.636448219300084883e+00 2.898891773901949520e+00 1.886050811967806828e-01
0.000000000000000000e+00 1.173181201448080142e-03 2.400046174171778790e-01 1.893860308418858107e+00 1.936285442685332647e+00 4.282479554905386010e+00 1.188008860208627837e+01 4.477341734622136138e-01 7.814898841383347353e-03
0.000000000000000000e+00 1.173181201448080142e-03 3.921691697038370283e-01 1.224899447648082340e+00 2.272972626588818823e+00 4.178672865213220788e+00 2.772052343825375686e+00 3.065082826819450101e+00 7.997016531874227840e-03
0.000000000000000000e+00 1.173181201448080142e-03 1.530534446819437899e-01 1.461399368389626696e+00 2.176777685765973303e+00 4.386134695798749483e+00 1.442106253454801568e+01 2.661925635627792275e+00 5.946809676594026414e-03
0.000000000000000000e+00 2.271572880413281342e-02 3.269570150283891974e-01 2.890521564872546301e-01 3.075244224411406990e-01 4.181979033792855294e-01 2.318455716795831123e-01 2.396585188581276393e-01 1.639898081400235821e-03
0.000000000000000000e+00 1.173181201448080142e-03 2.617424106009869078e-01 1.960668850158456378e+00 1.743889894989020917e+00 4.178506979242047947e+00 1.551072214293744445e+01 8.107265340881074367e-02 7.067534848839339412e-03
0.000000000000000000e+00 1.173181201448080142e-03 2.400046174171778790e-01 1.391032528298426163e+00 2.224874847690323953e+00 1.703660880047472848e+00 2.019143979810589684e+00 1.280546999589897261e+00 6.097029244863289704e-03
0.000000000000000000e+00 2.269206682844730760e-02 4.139081877636233142e-01 8.658621831034996053e-01 3.843169690900519742e-01 9.943744913347367653e-01 5.976914268867015156e-01 2.141808711611353500e-01 2.822377015892833969e-03
0.000000000000000000e+00 1.173181201448080142e-03 1.747912378657528187e-01 9.665598904558357759e-04 4.891508359931882877e-02 2.180098991892563676e-02 2.395542300517865611e-02 2.391514497400166681e-02 7.320400923971376751e-04
0.000000000000000000e+00 1.173181201448080142e-03 2.182668242333688502e-01 1.320620558617195739e+00 5.952653373281740379e+00 2.636238874488529760e+01 7.006049560364114193e+00 3.528566292015173668e-03 2.110139522177564885e-04
0.000000000000000000e+00 1.173181201448080142e-03 2.262668557909372838e-02 6.616921146626401906e-02 1.358484929181173473e-01 2.197873991651788303e-02 5.915104025349531003e-02 6.396384943088232258e-03 7.329559416655675487e-04
0.000000000000000000e+00 1.231645461951578514e-03 1.747912378657528187e-01 1.415649465811374130e-01 2.776131544662934214e-01 1.795475033706444845e-01 1.259540783206063719e-01 5.275168302090650456e-03 5.893800240003428626e-04
0.000000000000000000e+00 1.173181201448080142e-03 1.530534446819437899e-01 1.391008133892992493e+00 2.369168023447057347e+00 1.543476558671824428e+00 2.122391503220674824e+00 1.976210804441571323e-01 6.117048878813876635e-03
0.000000000000000000e+00 1.173181201448080142e-03 1.313156514981368428e-01 5.111358317933525353e-01 3.278520630468041985e-01 8.402686583990519320e-02 1.621368707682686039e-01 2.430588951800889685e-02 7.654410872801265453e-04
0.000000000000000000e+00 1.173181201448080142e-03 3.921691697038370283e-01 7.937595014940216354e-01 5.847345895934213944e-01 8.849306119927747849e-01 1.585025337784743193e+00 1.156545338029811437e-01 3.632033635517780117e-03
0.000000000000000000e+00 2.269206682844730760e-02 1.530546695579210748e-01 1.338215933023929161e+00 2.513459577556542257e+00 1.703660880047472848e+00 2.122536061045805500e+00 2.636618256448336695e+00 7.433975523640549976e-03
0.000000000000000000e+00 1.173181201448080142e-03 1.313156514981368428e-01 4.055296206890430244e-01 3.672599941039139670e-01 2.586562678238480961e-01 5.863539886565190956e-02 2.430588951800889685e-02 7.654410872801265453e-04
0.000000000000000000e+00 1.173181201448080142e-03 1.313156514981368428e-01 5.287142810581537677e-01 3.380178552170159390e-01 8.402807848972217164e-02 1.792806417690494258e-01 3.143552354996573261e-02 9.904345867522937764e-04
0.000000000000000000e+00 1.173181201448080142e-03 2.182668242333688502e-01 1.391011793113830608e+00 2.176778302740116633e+00 4.386315009273237919e+00 6.550756580443084509e+00 1.709984317985548508e+00 7.933571394081975758e-03
0.000000000000000000e+00 1.173181201448080142e-03 1.313156514981368428e-01 1.591602999508215377e-01 2.202480786682257594e-02 2.182028829039043757e-02 5.922835945321092838e-02 1.963572741271172109e-02 6.057228259403469846e-04
0.000000000000000000e+00 1.173181201448080142e-03 1.609485587997112166e+00 2.647670073093631782e+00 4.386381787665545318e+00 2.019096710125245764e+01 7.827337165421327292e+00 8.655017262104580666e-01 9.540709897039310536e-03
0.000000000000000000e+00 2.269206682844730760e-02 1.747924627417280496e-01 1.250228109647300245e+00 4.191494073207648441e+00 6.131084856555251150e+00 1.678235463325405163e+01 2.257260999102564281e+00 9.179098166277914472e-02
0.000000000000000000e+00 1.173181201448080142e-03 2.400046174171778790e-01 1.391013002304484436e+00 2.080583361917268892e+00 4.074908881866715404e+00 7.214526370588368209e+00 1.167450664600421684e+00 7.953662660712571691e-03
0.000000000000000000e+00 1.173181201448080142e-03 1.313156514981368428e-01 5.287142810581537677e-01 3.380178552170159390e-01 1.511865955617520407e-01 3.431321621383653930e-01 3.149118161964088725e-02 1.274303419304007598e-03
0.000000000000000000e+00 2.269206682844730760e-02 3.269570150283891974e-01 9.235389702822686120e-01 8.622731445743179179e-01 5.200450615343682470e-01 2.132782240917312500e-01 6.890678834031194189e-02 2.175183988836737557e-03
0.000000000000000000e+00 1.173181201448080142e-03 1.313156514981368428e-01 1.127039774279550155e+00 1.979342665026547321e+00 5.528314852572848714e+00 9.110826942934632910e+00 2.672347360590060505e-01 7.945302244318526788e-03
0.000000000000000000e+00 1.173181201448080142e-03 3.921691697038370283e-01 7.937595014940216354e-01 5.847345895934213944e-01 8.849306119927747849e-01 1.522705637861112793e+00 2.759394202933466156e-01 3.631998034101972979e-03
0.000000000000000000e+00 1.173181201448080142e-03 2.182668242333688502e-01 1.373433477393490199e+00 2.272973113826616931e+00 4.386134695798749483e+00 2.636618256448336695e+00 2.733057685583459406e+00 8.008509313808729463e-03
0.000000000000000000e+00 1.173181201448080142e-03 1.313156514981368428e-01 1.591796593101777180e-01 2.202480786682257594e-02 2.054881342788737464e-01 1.615756431401509097e-02 1.612875315237869908e-02 4.997558626741897348e-04
0.000000000000000000e+00 1.173181201448080142e-03 1.313156514981368428e-01 1.943559171991381673e-01 2.054664132112093700e-01 2.648817302640080196e-02 2.793335744883144664e-02 1.616154772670486128e-02 5.018732136499049618e-04
0.000000000000000000e+00 2.835455850341474515e-01 1.338165495528459426e+00 3.617599141782822603e+00 6.131298441223969498e+00 2.109742332526014508e+01 5.844188496766076213e+00 1.157066977675200309e-01 2.110139522177564885e-04
0.000000000000000000e+00 1.173181201448080142e-03 2.400046174171778790e-01 1.893860308418858107e+00 1.936285442685332647e+00 4.282479554905386010e+00 1.188008860208627837e+01 4.493403440738716892e-01 7.814898841383347353e-03
0.000000000000000000e+00 2.269206682844730760e-02 2.400058422931551361e-01 1.373416397576617154e+00 2.224794858971199218e+00 3.867252796136734005e+00 2.500900407793101188e+00 3.064782881273828252e+00 8.025013633020947404e-03
0.000000000000000000e+00 2.269206682844730760e-02 1.313168763741120182e-01 1.767787317484128540e-01 2.776157185119729198e-01 1.982348811353857876e-01 1.259405252376890605e-01 1.877841775097770921e-02 1.402284681654371312e-02
0.000000000000000000e+00 2.269206682844730760e-02 1.965302559255370785e-01 1.064109416546715758e-01 2.776131544662934214e-01 3.583283500298448110e-01 1.262406364900687805e-01 6.972070674738917000e-03 7.635156472103176578e-04
0.000000000000000000e+00 2.269206682844730760e-02 3.704326013960052011e-01 8.802804306478873020e-01 4.065856627664299339e-01 4.347596464805851268e-01 1.249070264331511304e-01 5.187143159950913240e-02 1.644465692027906670e-03
0.000000000000000000e+00 2.269206682844730760e-02 1.530546695579210748e-01 5.111189276884697819e-01 3.380191436501769342e-01 3.319953042946989785e-01 1.651043913864445878e-01 6.881328043778178749e-02 1.275539940915598053e-03
0.000000000000000000e+00 1.173181201448080142e-03 1.313156514981368428e-01 1.943559171991381673e-01 1.622544796401521050e-01 1.439917582564820553e-01 2.218787938067936019e-02 2.220066948997984069e-02 4.015696257801690608e-04
0.000000000000000000e+00 1.173181201448080142e-03 1.313156514981368428e-01 1.943559171991381673e-01 3.962891916607380605e-02 3.245383936744813957e-02 5.314802341176556172e-03 1.969041134928653167e-02 1.502658923887236625e-02
0.000000000000000000e+00 6.616765319606536522e-02 6.610592519656099952e-02 2.027466627472476191e+00 1.888186752045150740e+00 4.282479554905386010e+00 1.260682736425525796e+01 7.919842104101042224e-02 7.207547959644282354e-03
0.000000000000000000e+00 1.173181201448080142e-03 1.313156514981368428e-01 1.391006903641930581e+00 2.369168122232223173e+00 2.024330081667573555e+00 1.914603044552305899e+00 1.972340634266399884e-01 1.416021361265689671e-01
0.000000000000000000e+00 1.173181201448080142e-03 1.530534446819437899e-01 1.426203751141309262e+00 1.249744314269284340e+00 1.449311469667273089e+00 2.952804852198150254e+00 1.552467631571352369e+00 6.099331513520887642e-03
0.000000000000000000e+00 2.269206682844730760e-02 1.095790831903050572e-01 1.355811286393613146e+00 2.561556579922517063e+00 3.867252796136734005e+00 3.042861994205531051e+00 7.679756022538085369e-02 7.437720022525148508e-03
0.000000000000000000e+00 2.269206682844730760e-02 1.313168763741120182e-01 1.461399368389626696e+00 6.342935319949338790e-01 1.166611885985598507e+00 1.798266355841720676e+00 3.578700103423022583e-01 4.699684127739262723e-03
0.000000000000000000e+00 1.173181201448080142e-03 1.313156514981368428e-01 1.426202520890248238e+00 2.369167795303202873e+00 1.703660880047472848e+00 2.122536061045805500e+00 7.397527040048320623e-01 6.103734445217627938e-03
0.000000000000000000e+00 2.269206682844730760e-02 2.400058422931551361e-01 1.285427354455824123e+00 3.692938342361013149e+00 2.727066652856512974e+01 9.321010702899922507e+00 1.330047663116363903e-02 2.110139522177564885e-04
0.000000000000000000e+00 1.173181201448080142e-03 2.834802037847938827e-01 1.355819787542582811e+00 2.224794858971199218e+00 4.282479554905386010e+00 8.570553339713008256e+00 2.649666371002405429e-01 7.926670202657252334e-03
0.000000000000000000e+00 1.173181201448080142e-03 1.747912378657528187e-01 1.285441933519137603e+00 7.767811904714593263e-01 1.359013494762212337e+00 7.750581704738214173e-01 4.356727276077488886e-01 3.631674039020202967e-03
0.000000000000000000e+00 2.269206682844730760e-02 1.747924627417280496e-01 1.303021535519776064e+00 3.692938096167979634e+00 2.763372136061664008e+01 9.409374622713016834e+00 3.528566292015173668e-03 2.110139522177564885e-04
0.000000000000000000e+00 1.173181201448080142e-03 4.436447876290276066e-02 2.183343376762781229e+00 1.695792733064670044e+00 4.074714626722258259e+00 1.605506421113855708e+01 2.130309223567637966e-01 6.050535079543403229e-03
0.000000000000000000e+00 1.173181201448080142e-03 1.530534446819437899e-01 1.338214708020515786e+00 2.513459417998165968e+00 1.703800200739743254e+00 2.122488130218741276e+00 2.772052343825375686e+00 7.433975523640549976e-03
0.000000000000000000e+00 1.173181201448080142e-03 1.313156514981368428e-01 1.391006903641930581e+00 2.321070960307869857e+00 2.104631064816473440e+00 1.914603044552305899e+00 1.416647632854610261e+00 1.734771989129287317e-01
0.000000000000000000e+00 1.173181201448080142e-03 1.313156514981368428e-01 1.479015306122080098e+00 6.057961060971301936e-01 1.166615323711434282e+00 1.879005632183814223e+00 4.644994126581600963e-02 4.701243527660214049e-03
0.000000000000000000e+00 1.173181201448080142e-03 1.530534446819437899e-01 1.443801559765468312e+00 2.224875464664467728e+00 4.386134695798749483e+00 1.732577895311278127e+01 7.887329148818298385e-01 5.080461571219746508e-03
0.000000000000000000e+00 2.269206682844730760e-02 1.747924627417280496e-01 1.267825918271458630e+00 4.129175080929201158e+00 6.131084856555251150e+00 1.696385277128703351e+01 2.152173951462150292e+00 3.427061849683639763e-03
0.000000000000000000e+00 2.269206682844730760e-02 2.182680491093461350e-01 1.355817385056166557e+00 2.321070275750968026e+00 4.074700289549888055e+00 2.906930562820784214e+00 1.239644704998480451e+00 7.405353168619779533e-03
0.000000000000000000e+00 1.173181201448080142e-03 1.313156514981368428e-01 5.287142810581537677e-01 3.380178552170159390e-01 7.059637507531660305e-02 1.793293951509183914e-01 2.426655265604115569e-02 7.663641475458342301e-04
0.000000000000000000e+00 2.618077918503405321e-01 1.197382104796973490e+00 2.647683662433725882e+00 4.386300773937355402e+00 1.982769959133669602e+01 7.722251468193044310e+00 8.256395171470949368e-01 2.110139522177564885e-04
0.000000000000000000e+00 1.173181201448080142e-03 1.530534446819437899e-01 1.591615302018831446e-01 1.478317607354946439e-01 4.686604312474370454e-02 2.790009000997309072e-02 5.130730217609313221e-02 5.013500104406564935e-04
0.000000000000000000e+00 2.269206682844730760e-02 1.530546695579210748e-01 1.443802784768880576e+00 2.224874847690323953e+00 4.282313668934214057e+00 1.460330688261805498e+01 2.661944844292562173e+00 5.936788699649452224e-03
0.000000000000000000e+00 1.173181201448080142e-03 1.530534446819437899e-01 1.426203751141309262e+00 2.321070275750968026e+00 4.282313668934214057e+00 1.478480502065103330e+01 2.806022258304547989e+00 5.080461571219746508e-03
0.000000000000000000e+00 1.173181201448080142e-03 2.262668557909372838e-02 6.616921146626401906e-02 1.575862861019263761e-01 4.384316958956159353e-03 5.915104025349531003e-02 6.396384943088232258e-03 7.329559416655675487e-04
0.000000000000000000e+00 2.273962205937232403e-02 3.921703945798142299e-01 8.226007670777505387e-01 5.401984053350996628e-01 8.848688734503800113e-01 1.460183643017442856e+00 9.970813250864835053e-01 4.700771720122749048e-03
0.000000000000000000e+00 1.173181201448080142e-03 1.313156514981368428e-01 1.443800329514406400e+00 1.030861788851385796e+00 9.261894690977422462e-01 2.039329274251732826e+00 5.655779625547344702e-01 4.696929291791438962e-03
0.000000000000000000e+00 1.173181201448080142e-03 1.313156514981368428e-01 5.287336404175100313e-01 3.278362308926184854e-01 3.492349807085202706e-01 1.873597508092545161e-01 2.682952617224120262e-01 2.977693608278942153e-02
0.000000000000000000e+00 2.269206682844730760e-02 2.400058422931551361e-01 1.285427354455824123e+00 2.465362446080924919e+00 1.944274443964166599e+00 1.707868020192883973e+00 2.365024876992298797e+00 7.444953449375089904e-03
0.000000000000000000e+00 2.269206682844730760e-02 2.182680491093461350e-01 1.391032528298426163e+00 2.224874847690323953e+00 1.703404015548657169e+00 2.122950669502755350e+00 1.280601760862052574e+00 6.094659502133684993e-03
0.000000000000000000e+00 1.173181201448080142e-03 1.965290310495598214e-01 1.355814961392252549e+00 2.417265185371408887e+00 4.282313668934214057e+00 2.636618256448336695e+00 1.404957120639462875e+00 7.400916501491892723e-03
0.000000000000000000e+00 1.173181201448080142e-03 6.610227194671179640e-02 4.443451561644673475e-02 3.027840762587442391e+00 3.162702846246930832e+01 1.203080523189068884e+01 1.330047663116363903e-02 2.110139522177564885e-04
0.000000000000000000e+00 1.173181201448080142e-03 6.610227194671179640e-02 4.443451561644673475e-02 2.970845910791833688e+00 3.180855105476415901e+01 1.213589193696642710e+01 1.330047663116363903e-02 2.110139522177564885e-04
0.000000000000000000e+00 1.173181201448080142e-03 1.530534446819437899e-01 1.591615302018831446e-01 1.333873599839853485e-01 1.439665879072252186e-01 1.247393565298171858e-01 3.157857815363541293e-02 4.049216655323605940e-04
0.000000000000000000e+00 2.269206682844730760e-02 3.269570150283891974e-01 9.091512440275226759e-01 4.733926810450995726e-01 3.492642830922552677e-01 8.842660553016895575e-02 2.342534916115225629e-01 2.170660504962362760e-03
0.000000000000000000e+00 1.173181201448080142e-03 2.617424106009869078e-01 1.373416397576617154e+00 2.128680523841622207e+00 4.386148740984194383e+00 1.019500611044921357e+01 2.682531866421254407e-01 7.907496092899779852e-03
0.000000000000000000e+00 1.173181201448080142e-03 1.313156514981368428e-01 1.478995946762724056e+00 6.342935319949338790e-01 1.022399139722888650e+00 1.878613807333121555e+00 2.539677157598230761e-01 4.701243527660214049e-03
0.000000000000000000e+00 2.271572880413281342e-02 3.269570150283891974e-01 2.890521564872546301e-01 3.075244224411406990e-01 4.181979033792855294e-01 2.319250152967400336e-01 2.684658868571607737e-01 1.640521239984438174e-03
0.000000000000000000e+00 1.173181201448080142e-03 2.834802037847938827e-01 1.355819787542582811e+00 2.176777685765973303e+00 4.386134695798749483e+00 8.931724282644376345e+00 8.569067568744534458e-02 1.894578298299218200e-01
0.000000000000000000e+00 1.173181201448080142e-03 1.313156514981368428e-01 1.408604712266089853e+00 2.417265185371408887e+00 4.282147492183271176e+00 2.365637463242121541e+00 3.064964336338309447e+00 8.008509313808729463e-03
0.000000000000000000e+00 1.173181201448080142e-03 1.313156514981368428e-01 1.767581085749806435e-01 2.776131544662934214e-01 3.481638724378859906e-01 1.877841775097770921e-02 8.594552624685136699e-02 7.620026071540575126e-04
0.000000000000000000e+00 2.269206682844730760e-02 2.834814286607711398e-01 1.179882337991134067e+00 1.578006984066927965e+00 5.528314852572848714e+00 1.169710444112795322e+01 8.711483663266704480e-02 7.841459050354899346e-03
0.000000000000000000e+00 2.271572880413281342e-02 3.269570150283891974e-01 9.091188154232906493e-01 8.622250821854471337e-01 5.565278901391522703e-01 1.165384490069546197e-01 2.608800887960255888e-01 2.819406665937338255e-03
0.000000000000000000e+00 1.173181201448080142e-03 1.530534446819437899e-01 1.443801559765468312e+00 2.224875464664467728e+00 4.282494084245190180e+00 1.732570352326726493e+01 2.131444329977820185e-01 5.966551867965602662e-03
0.000000000000000000e+00 2.269206682844730760e-02 1.530546695579210748e-01 2.005200728361711260e+00 3.132046258508256908e+00 6.402255630368892447e+00 1.605656182182095293e+01 2.047087491268038573e+00 3.451259373660781060e-03
0.000000000000000000e+00 1.173181201448080142e-03 1.530534446819437899e-01 1.592005068244346788e-01 1.189914510175401202e-01 3.246571846411017842e-02 9.834345022363870370e-02 2.790424405845168959e-02 5.018732136499049618e-04
0.000000000000000000e+00 1.173181201448080142e-03 1.313156514981368428e-01 1.426202520890248238e+00 2.369167795303202873e+00 1.703660880047472848e+00 2.122536061045805500e+00 7.397527040048320623e-01 6.103734445217627938e-03
0.000000000000000000e+00 1.173181201448080142e-03 6.610227194671179640e-02 2.094268935619389094e+00 1.888186752045150740e+00 4.178506979242047947e+00 1.387649373163547217e+01 7.936072298215700316e-02 1.749390993654554582e-01
0.000000000000000000e+00 2.269206682844730760e-02 1.965302559255370785e-01 1.373413984489671558e+00 2.224795872062228508e+00 4.490121698965403141e+00 6.052787862699393173e+00 2.651934473976793605e-01 7.997016531874227840e-03
0.000000000000000000e+00 2.269206682844730760e-02 1.313168763741120182e-01 1.767593388260406684e-01 3.064560282299287897e-01 1.609436529354000556e-01 1.462222559557772583e-01 5.907352799419511580e-02 5.924132945319603117e-04
0.000000000000000000e+00 1.173181201448080142e-03 1.313156514981368428e-01 1.767581085749806435e-01 2.199839271284153089e-02 4.403705034482065586e-03 6.434933580733478986e-03 4.146927847143789397e-02 7.374464823018738943e-04
0.000000000000000000e+00 1.173181201448080142e-03 1.935552485754239216e+00 3.181361242317397142e+00 3.867026634786010941e+00 1.692372938280898609e+01 5.626541267992657858e+00 8.643131638827592500e-01 1.817378787922046320e-03
0.000000000000000000e+00 2.269206682844730760e-02 1.095790831903050572e-01 1.355811286393613146e+00 2.561556579922517063e+00 3.867252796136734005e+00 3.042861994205531051e+00 7.679756022538085369e-02 7.437720022525148508e-03
0.000000000000000000e+00 2.269206682844730760e-02 1.479060053770236971e+00 2.743852609515029517e+00 4.490225037723391210e+00 2.055432648335389345e+01 8.037510489463162600e+00 8.456592203936998953e-01 2.110139522177564885e-04
0.000000000000000000e+00 1.173181201448080142e-03 1.530534446819437899e-01 1.408605942517150877e+00 2.321070633378851777e+00 1.783833772562944953e+00 2.018729371353639834e+00 1.971785313425858110e-01 6.113575121107761405e-03
0.000000000000000000e+00 1.173181201448080142e-03 1.530534446819437899e-01 1.591809231242553857e-01 1.189672051250087736e-01 3.625408746155647788e-03 5.345958693516644766e-03 1.972125881794389510e-02 1.502869443548587522e-02
0.000000000000000000e+00 2.269206682844730760e-02 3.269570150283891974e-01 9.091349496944873820e-01 4.733926810450995726e-01 2.638190952892595087e-01 2.709017077957835418e-01 3.090807586981515476e-01 2.171807625248972379e-03
0.000000000000000000e+00 2.269206682844730760e-02 3.269570150283891974e-01 8.946986605643132417e-01 4.065852908560566581e-01 4.063103130071808455e-01 4.530551035622992218e-01 6.875269192059985102e-02 2.172350926266076836e-03
0.000000000000000000e+00 1.173181201448080142e-03 2.834802037847938827e-01 1.355819787542582811e+00 2.176777685765973303e+00 4.386134695798749483e+00 1.001523711143848416e+01 2.666582139441160959e-01 7.907496092899779852e-03
0.000000000000000000e+00 1.173181201448080142e-03 2.834802037847938827e-01 1.355819787542582811e+00 2.080583361917268892e+00 4.386162494520799982e+00 1.133544491673072052e+01 8.535855084914689694e-02 7.875340695729756563e-03
0.000000000000000000e+00 4.442986001225633641e-02 3.269582327824762658e-01 8.802794703751349870e-01 3.843162847631670931e-01 4.917561706474069538e-01 1.126803927839971298e+00 2.718992259200810752e-02 2.821107977293293816e-03
0.000000000000000000e+00 1.173181201448080142e-03 1.313156514981368428e-01 1.767970175650860620e-01 2.199839271284153089e-02 4.225548703741136523e-03 6.434933580733478986e-03 2.387146984727873955e-02 1.833436886136918104e-02
0.000000000000000000e+00 1.173181201448080142e-03 2.182668242333688502e-01 1.408629094641807855e+00 2.080583361917268892e+00 4.074908881866715404e+00 7.214526370588368209e+00 6.256942502033651099e-01 7.972843060909774043e-03
0.000000000000000000e+00 2.269206682844730760e-02 2.400058422931551361e-01 1.355818588952458770e+00 2.272892591841673138e+00 1.944146343149348866e+00 1.810842896740958663e+00 1.552138029457714508e+00 7.461558608892972580e-03
0.000000000000000000e+00 1.173181201448080142e-03 1.747912378657528187e-01 1.415649465811374130e-01 2.776131544662934214e-01 3.582251096634946896e-01 3.226481268010242959e-02 4.557526442371175046e-02 5.932346650556779471e-04
0.000000000000000000e+00 1.173181201448080142e-03 1.747912378657528187e-01 1.415649465811374130e-01 1.333630883003822931e-01 1.557174566025538442e-01 1.248055557756008738e-01 3.602857660622117014e-03 9.731525993123806700e-03
0.000000000000000000e+00 8.790544637987234011e-02 1.747960945886165018e-01 1.320622971704141557e+00 5.952652828400827545e+00 2.599931693202332639e+01 6.788207664369035221e+00 2.258354579808147591e-02 2.377020460513788378e-04
0.000000000000000000e+00 1.202271164499381763e-03 1.092801686515678522e-03 2.183797607136474250e-01 2.197873991651788303e-02 7.477555145559111605e-02 2.400706788135734127e-02 2.385902221646180044e-02 7.356680498723839777e-04
0.000000000000000000e+00 1.173181201448080142e-03 6.610227194671179640e-02 2.116537941712278936e+00 1.791990768712498960e+00 4.282494084245190180e+00 1.242450862737162609e+01 2.671051471067334981e-01 7.216039757364749521e-03
0.000000000000000000e+00 2.269206682844730760e-02 2.617436354769621110e-01 1.338221978918424648e+00 2.224875464664467728e+00 1.783833772562944953e+00 2.122122567640272628e+00 1.417204687020372500e+00 6.092222079389997616e-03
0.000000000000000000e+00 1.173181201448080142e-03 1.313156514981368428e-01 1.591796593101777180e-01 2.196561593405508064e-02 2.199839271284153089e-02 9.174976748874870414e-02 3.408648393753028333e-02 6.085395765079340113e-04
0.000000000000000000e+00 2.879580774793337183e-01 1.267830744421789557e+00 3.928911189102198165e+00 5.991464628522893854e+00 1.640747219836482884e+01 7.195850987524686104e+00 1.043095367516808869e+00 2.816260569452076062e-02
0.000000000000000000e+00 4.442986001225633641e-02 3.052204395986692909e-01 9.091188154232906493e-01 8.337753188802060622e-01 4.836292759665220542e-01 5.979767823571733310e-01 5.882428262160798171e-01 2.823042451591211907e-03
0.000000000000000000e+00 2.269206682844730760e-02 1.747924627417280496e-01 1.285423726895617680e+00 4.129175621765304172e+00 6.131061534896624643e+00 1.678242175763828570e+01 2.152173951462150292e+00 3.427061849683639763e-03
0.000000000000000000e+00 1.173181201448080142e-03 2.262668557909372838e-02 1.748581773853050692e-01 3.985501680157246707e+00 3.398640298055541820e+01 6.860812940461214815e+00 1.330047663116363903e-02 2.110139522177564885e-04
0.000000000000000000e+00 1.173181201448080142e-03 2.400046174171778790e-01 1.391032528298426163e+00 2.176777685765973303e+00 1.783833772562944953e+00 2.122950669502755350e+00 1.280601760862052574e+00 6.094659502133684993e-03
0.000000000000000000e+00 2.269206682844730760e-02 2.182680491093461350e-01 1.391013002304484436e+00 2.224874847690323953e+00 3.867252796136734005e+00 2.500900407793101188e+00 2.899465922507983962e+00 8.030320434674787997e-03
0.000000000000000000e+00 1.173181201448080142e-03 1.747912378657528187e-01 1.415649465811374130e-01 2.776131544662934214e-01 1.982336756887111417e-01 2.432293456091596043e-02 1.410399944645287715e-02 1.060801256476154482e-02
0.000000000000000000e+00 2.269206682844730760e-02 3.052192218445801686e-01 1.320626551508517377e+00 2.224874847690323953e+00 1.863984522115387454e+00 1.811626933579614018e+00 2.365024876992298797e+00 7.444953449375089904e-03
0.000000000000000000e+00 1.173181201448080142e-03 1.965290310495598214e-01 2.027471277970093411e+00 1.695792733064670044e+00 3.866934879212780896e+00 1.260570429907025947e+01 8.630847001022039222e-02 7.841459050354899346e-03
0.000000000000000000e+00 2.269206682844730760e-02 1.965302559255370785e-01 1.320620558617195739e+00 2.465362446080924919e+00 4.178174348907838009e+00 2.772052343825375686e+00 3.229701393192975889e+00 7.991122164379624304e-03
0.000000000000000000e+00 2.269206682844730760e-02 1.747924627417280496e-01 6.870982336742224028e-01 4.148676927429812089e+00 2.926712743734301370e+01 9.320595058536964572e+00 3.566820820504548045e-03 2.110139522177564885e-04
0.000000000000000000e+00 2.269206682844730760e-02 1.313168763741120182e-01 1.591615302018831446e-01 1.334116058765167090e-01 1.204648505165690636e-01 3.966328511736211954e-02 3.961248347230124367e-02 4.003925235283245987e-04
0.000000000000000000e+00 2.269206682844730760e-02 3.921703945798142299e-01 8.081968257668841193e-01 5.624668613714829402e-01 8.849291546501212302e-01 1.522032768783830425e+00 3.561399969048573699e-01 3.631818332891465027e-03
0.000000000000000000e+00 1.173181201448080142e-03 1.848601313019005099e+00 2.407208707852855234e+00 4.386300773937355402e+00 1.492724986444618551e+01 6.264103593220637478e+00 1.897973503994334177e+00 2.207894484821978746e-03
0.000000000000000000e+00 2.269206682844730760e-02 1.530546695579210748e-01 4.759623544597028633e-01 3.176875854548452671e-01 3.664164102764338460e-01 7.242011365033920178e-01 1.977327604421094398e-01 1.644969096415729382e-03
0.000000000000000000e+00 1.173181201448080142e-03 1.313156514981368428e-01 1.591602999508215377e-01 3.956342455821257320e-02 4.403705034482065586e-03 2.403274220489263341e-02 6.286084234077011189e-03 1.833436886136918104e-02
0.000000000000000000e+00 1.202271164499381763e-03 2.262668557909372838e-02 1.966436110706951956e-01 3.957654854067703398e-02 2.201502009280603342e-02 6.383485971015869648e-03 2.382153242189577122e-02 1.833076456582471980e-02
0.000000000000000000e+00 1.173181201448080142e-03 1.530534446819437899e-01 1.443801559765468312e+00 2.224875464664467728e+00 4.386300773937355402e+00 1.442106253454801568e+01 2.661925635627792275e+00 5.946809676594026414e-03
0.000000000000000000e+00 1.173181201448080142e-03 1.747912378657528187e-01 2.049738740547491389e+00 1.599598409215965855e+00 4.593775873905125096e+00 1.405881246851910582e+01 8.016152318469872695e-02 7.135859245665948994e-03
0.000000000000000000e+00 1.173181201448080142e-03 6.610227194671179640e-02 4.443451561644673475e-02 2.970845910791833688e+00 3.180855105476415901e+01 1.213589193696642710e+01 1.330047663116363903e-02 2.110139522177564885e-04
0.000000000000000000e+00 2.269206682844730760e-02 1.530546695579210748e-01 4.759233104401530134e-01 3.481810182307205626e-01 3.147534515056951698e-01 7.242011365033920178e-01 5.167630266048334892e-02 1.642865061566140938e-03
0.000000000000000000e+00 2.269206682844730760e-02 1.747924627417280496e-01 1.267845377966408504e+00 7.767335718950626466e-01 4.836292759665220542e-01 7.420869190352650246e-01 2.765005710847658338e-01 2.822626215459748955e-03
0.000000000000000000e+00 1.173181201448080142e-03 1.530534446819437899e-01 4.935198940608986895e-01 3.379993948459280029e-01 3.492349807085202706e-01 9.812561271589906320e-02 2.682273323126783682e-01 1.277309842472032150e-03
0.000000000000000000e+00 1.173181201448080142e-03 2.834802037847938827e-01 1.938426153119306772e+00 3.007402049266875821e+00 5.724803647353359004e+00 8.433304417301931366e+00 8.532023214098592712e-02 7.883540351985938305e-03
0.000000000000000000e+00 1.202271164499381763e-03 1.313156514981368428e-01 1.767774679343368793e-01 1.766720704534491537e-01 1.204702130865617088e-01 1.340730616180836610e-01 1.290563408911317086e-02 4.049216655323605940e-04
0.000000000000000000e+00 2.269206682844730760e-02 2.400058422931551361e-01 1.320622971704141557e+00 1.322705427326507532e+00 5.631964338702630357e+00 1.369581619245314030e+01 2.478963541527167413e-01 7.145189320245941451e-03
0.000000000000000000e+00 1.173181201448080142e-03 1.530534446819437899e-01 1.461399368389626696e+00 2.224874847690323953e+00 4.282313668934214057e+00 1.732577895311278127e+01 5.012712718973642012e-01 5.936788699649452224e-03
0.000000000000000000e+00 1.173181201448080142e-03 2.400046174171778790e-01 1.373415193680326052e+00 2.224875464664467728e+00 3.867267325476538176e+00 2.500842628095710563e+00 3.065416110311382614e+00 8.030320434674787997e-03
0.000000000000000000e+00 2.269206682844730760e-02 4.139081877636233142e-01 7.937614088086112352e-01 5.624668613714829402e-01 8.849291546501212302e-01 1.522739512300391063e+00 1.156545338029811437e-01 3.632033635517780117e-03
0.000000000000000000e+00 2.271572880413281342e-02 3.269570150283891974e-01 2.890521564872546301e-01 3.075244224411406990e-01 4.181979033792855294e-01 2.318455716795831123e-01 2.681559447559325737e-01 1.640521239984438174e-03
0.000000000000000000e+00 1.173181201448080142e-03 4.356447560714550860e-01 8.514420282445217536e-01 3.843166566735393141e-01 1.030856071728107226e+00 5.495942649623504206e-01 2.764687222865359062e-01 2.822377015892833969e-03
0.000000000000000000e+00 1.173181201448080142e-03 1.313156514981368428e-01 2.823449603199322810e-01 1.125003347906304185e+00 6.627443507972576864e-01 1.222588029930153475e+00 4.011081221337997604e-01 2.822848050945708353e-03
0.000000000000000000e+00 2.269206682844730760e-02 3.269570150283891974e-01 3.611529307821430002e-01 2.973661251313313714e-01 2.975130194332219480e-01 2.986120975094853636e-01 1.256688152669107605e-01 1.278977269559459758e-03
0.000000000000000000e+00 1.173181201448080142e-03 6.610227194671179640e-02 4.443451561644673475e-02 4.167874340776108077e+00 3.398668178463240253e+01 6.788189811905913196e+00 1.330047663116363903e-02 2.110139522177564885e-04
0.000000000000000000e+00 1.173181201448080142e-03 1.530534446819437899e-01 1.591615302018831446e-01 1.622033980183381907e-01 3.247240871266238171e-02 1.977225391918212630e-02 4.369642215846791800e-03 4.986727259203574880e-04
0.000000000000000000e+00 2.269206682844730760e-02 1.747924627417280496e-01 1.239683577011435889e-01 2.920333093252699963e-01 3.481651860765352935e-01 7.255992292331983617e-02 5.865227821887195742e-02 7.630178448264198160e-04
0.000000000000000000e+00 1.173181201448080142e-03 1.313156514981368428e-01 1.426202520890248238e+00 1.030862060102643252e+00 9.742121333230338021e-01 2.119491095285690463e+00 6.694315484831114826e-01 4.695259878704666559e-03
0.000000000000000000e+00 1.173181201448080142e-03 1.530534446819437899e-01 2.049737190376726303e+00 1.791988978328858284e+00 4.178672865213220788e+00 1.623671469506937015e+01 2.130748767527289034e-01 1.500822554325604019e-01
0.000000000000000000e+00 1.173181201448080142e-03 1.095778583143278001e-01 1.313887599837205711e-01 3.912555009462861388e+00 2.981194580579685294e+01 1.234606363232076198e+01 1.330047663116363903e-02 2.110139522177564885e-04
0.000000000000000000e+00 1.173181201448080142e-03 6.610227194671179640e-02 2.094268935619389094e+00 1.888186752045150740e+00 4.282479554905386010e+00 1.351431805442016376e+01 2.478703493173938233e-01 7.154413103529832368e-03
0.000000000000000000e+00 1.173181201448080142e-03 1.530534446819437899e-01 1.591615302018831446e-01 1.334116058765167090e-01 1.204648505165690636e-01 1.434406334282095630e-01 1.292392648306350637e-02 4.042001578380727028e-04
0.000000000000000000e+00 1.173181201448080142e-03 1.313156514981368428e-01 3.879318120648839185e-01 3.907600008583776430e-01 2.586571324115136128e-01 5.864601199620925881e-02 2.431664306685987417e-02 7.659059342740748722e-04
0.000000000000000000e+00 1.173181201448080142e-03 4.436447876290276066e-02 2.116536358484111258e+00 1.791992428196448772e+00 4.386315009273237919e+00 1.569222028097042632e+01 7.892662916465930101e-01 6.014180024454860059e-03
0.000000000000000000e+00 1.173181201448080142e-03 4.436447876290276066e-02 2.161074370669891387e+00 1.791988978328858284e+00 4.178672865213220788e+00 1.242450862737162609e+01 8.641308570883585172e-02 1.893130368743610181e-01
0.000000000000000000e+00 2.269206682844730760e-02 1.530546695579210748e-01 4.759233104401530134e-01 3.583283500298448110e-01 3.147541618639601024e-01 6.672238005229161883e-01 1.544526302372551362e-02 1.641722983012941853e-03
0.000000000000000000e+00 1.173181201448080142e-03 1.965290310495598214e-01 1.391010578640569317e+00 2.272973113826616931e+00 4.386134695798749483e+00 6.218800433317388965e+00 4.458327710133050958e-01 7.985128692681796661e-03
0.000000000000000000e+00 1.173181201448080142e-03 3.269557901524119958e-01 1.320626551508517377e+00 2.224874847690323953e+00 1.863984522115387454e+00 1.811626933579614018e+00 2.229534480389194329e+00 7.448442913582971857e-03
0.000000000000000000e+00 1.173181201448080142e-03 1.313156514981368428e-01 1.391006903641930581e+00 2.417265284156574712e+00 1.703671951528983763e+00 2.226708804873728020e+00 3.327244600297506461e-01 6.109837853911007782e-03
0.000000000000000000e+00 2.269206682844730760e-02 1.530546695579210748e-01 1.391009358896404979e+00 2.369167795303202873e+00 1.783950801896247773e+00 2.018777045416899174e+00 1.972340634266399884e-01 6.111739523458334551e-03
0.000000000000000000e+00 2.269206682844730760e-02 1.747924627417280496e-01 6.870982336742224028e-01 4.148676927429812089e+00 2.926712743734301370e+01 9.320595058536964572e+00 3.566820820504548045e-03 2.110139522177564885e-04
0.000000000000000000e+00 1.173181201448080142e-03 3.921691697038370283e-01 1.224899447648082340e+00 2.272972626588818823e+00 4.282313668934214057e+00 2.636618256448336695e+00 2.899070256201454754e+00 1.885882836014010355e-01
0.000000000000000000e+00 1.173181201448080142e-03 1.313156514981368428e-01 1.391006903641930581e+00 2.321070960307869857e+00 2.104631064816473440e+00 1.914603044552305899e+00 1.416647632854610261e+00 1.734771989129287317e-01
0.000000000000000000e+00 1.173181201448080142e-03 1.747912378657528187e-01 2.049738740547491389e+00 2.945082349343245198e+00 6.537556046364570328e+00 1.605656182182095293e+01 2.152174153288952674e+00 3.443264822745008107e-03
0.000000000000000000e+00 1.173181201448080142e-03 8.784006513051878517e-02 2.072001506172175489e+00 1.888186752045150740e+00 4.282147492183271176e+00 1.278757929225118417e+01 7.997457639240156124e-02 7.198952856431128054e-03
0.000000000000000000e+00 2.269206682844730760e-02 3.269570150283891974e-01 9.091349496944873820e-01 4.733926810450995726e-01 3.492642830922552677e-01 5.208161594673816480e-02 2.707137941535207037e-01 2.170660504962362760e-03
0.000000000000000000e+00 2.269206682844730760e-02 1.530546695579210748e-01 4.583255018159939076e-01 4.025208020784337704e-01 3.147236984976884422e-01 7.526809944872273617e-01 2.708287100450832985e-01 2.170056783212379568e-03
0.000000000000000000e+00 2.269206682844730760e-02 1.530546695579210748e-01 4.759233104401530134e-01 2.973586302709279594e-01 2.292806938781131315e-02 1.933646514258565152e-01 6.982799881478370801e-03 7.640068867082141406e-04
0.000000000000000000e+00 2.269206682844730760e-02 3.486948082121962278e-01 8.946996252341121725e-01 4.065856627664299339e-01 4.347596464805851268e-01 1.546576372420285610e-02 8.842660553016895575e-02 3.812383454182093068e-02
0.000000000000000000e+00 1.173181201448080142e-03 1.965290310495598214e-01 1.391010578640569317e+00 2.272973113826616931e+00 4.386134695798749483e+00 6.218800433317388965e+00 4.458327710133050958e-01 7.985128692681796661e-03
0.000000000000000000e+00 2.271572880413281342e-02 1.095790831903050572e-01 1.767774679343368793e-01 1.334116058765167090e-01 1.321760583770950070e-01 2.788309155653745028e-02 1.611074608164398889e-02 5.034181764079257533e-04
0.000000000000000000e+00 2.269206682844730760e-02 1.530546695579210748e-01 4.583255018159939076e-01 4.025208020784337704e-01 3.147236984976884422e-01 7.526809944872273617e-01 2.708287100450832985e-01 2.170056783212379568e-03
0.000000000000000000e+00 2.269206682844730760e-02 6.610349682268699956e-02 1.748628137550984063e-01 3.985522798871055095e+00 3.344185766034019736e+01 6.860812940461214815e+00 1.325767384863341287e-02 2.110139522177564885e-04
0.000000000000000000e+00 1.173181201448080142e-03 1.530534446819437899e-01 2.072006196469615702e+00 1.599598409215965855e+00 4.593775873905125096e+00 1.405806625848205371e+01 8.016152318469872695e-02 7.135859245665948994e-03
0.000000000000000000e+00 1.173181201448080142e-03 1.313156514981368428e-01 2.072004639658256320e+00 1.791988978328858284e+00 4.178506979242047947e+00 1.641746766409722369e+01 6.902934311391711875e-02 6.023413110103104616e-03
0.000000000000000000e+00 2.269206682844730760e-02 3.269570150283891974e-01 3.323126210641871303e-01 2.973637316270107966e-01 2.975115534163050302e-01 3.208539057009311968e-01 1.256525026819239610e-01 1.278432889859076969e-03
0.000000000000000000e+00 1.173181201448080142e-03 1.747912378657528187e-01 2.027469734454601547e+00 1.791988978328858284e+00 4.178672865213220788e+00 1.605521655703638828e+01 6.900205109303814144e-02 6.041590212770175938e-03
0.000000000000000000e+00 1.173181201448080142e-03 3.921691697038370283e-01 8.802804306478873020e-01 9.477650224714230243e-01 1.118593463571592839e+00 2.039329274251732826e+00 1.188834571732071632e+00 6.123212017336289795e-03
0.000000000000000000e+00 8.790544637987234011e-02 2.116471168755383658e+00 2.558189769295942106e+00 3.659578352534800683e+00 1.728681821566760135e+01 5.502837683032823612e+00 1.879258670831913003e+00 1.207468903425312377e-03
0.000000000000000000e+00 1.173181201448080142e-03 3.486935833362209691e-01 8.514381959873801309e-01 1.061752366256343949e+00 1.118593463571592839e+00 2.039329274251732826e+00 1.188834571732071632e+00 6.123212017336289795e-03
0.000000000000000000e+00 2.269206682844730760e-02 6.610349682268699956e-02 1.748628137550984063e-01 3.949042377968072337e+00 3.362337326884300381e+01 6.860812940461214815e+00 1.330047663116363903e-02 2.110139522177564885e-04
0.000000000000000000e+00 1.173181201448080142e-03 1.313156514981368428e-01 5.111358317933525353e-01 3.278349172539695711e-01 3.664753222218330442e-01 1.873597508092545161e-01 4.031585453997823393e-02 1.274927321840945088e-03
0.000000000000000000e+00 1.173181201448080142e-03 2.094197187254450476e+00 1.830061209448649917e+00 4.697762668360056182e+00 1.728645186851895232e+01 4.760068009237248710e+00 2.525512845559706454e-01 7.537453606791999494e-02
0.000000000000000000e+00 1.173181201448080142e-03 1.313156514981368428e-01 1.768167587352522108e-01 2.199839271284153089e-02 4.225548703741136523e-03 6.434933580733478986e-03 4.146927847143789397e-02 7.374464823018738943e-04
0.000000000000000000e+00 1.173181201448080142e-03 8.784006513051878517e-02 2.072001506172175489e+00 1.888186752045150740e+00 4.282313668934214057e+00 1.278757929225118417e+01 7.997457639240156124e-02 7.198952856431128054e-03
0.000000000000000000e+00 1.173181201448080142e-03 1.313156514981368428e-01 1.478995946762724056e+00 6.342461389159096408e-01 1.070496301647241744e+00 1.878655131336312234e+00 2.540156465868826374e-01 4.700771720122749048e-03
0.000000000000000000e+00 8.790544637987234011e-02 2.116471168755383658e+00 2.558189769295942106e+00 3.659578352534800683e+00 1.728681821566760135e+01 5.502837683032823612e+00 1.879258670831913003e+00 1.207468903425312377e-03
0.000000000000000000e+00 1.173181201448080142e-03 6.610227194671179640e-02 4.443451561644673475e-02 1.331431640774000558e+00 3.670935825822510168e+01 1.894141855176700773e+01 1.330047663116363903e-02 2.110139522177564885e-04
0.000000000000000000e+00 1.173181201448080142e-03 8.784006513051878517e-02 1.748628137550984063e-01 3.949042377968072337e+00 3.362366826049275659e+01 6.860812940461214815e+00 1.330047663116363903e-02 2.110139522177564885e-04
0.000000000000000000e+00 2.269206682844730760e-02 1.313168763741120182e-01 1.461399368389626696e+00 9.579001095299676249e-01 9.742081672668803094e-01 2.039370742611715581e+00 2.542047897144597557e-01 4.698403677543094847e-03
0.000000000000000000e+00 1.173181201448080142e-03 1.530534446819437899e-01 1.461399368389626696e+00 2.224794858971199218e+00 4.282313668934214057e+00 1.750578678594451176e+01 7.893974000478246600e-01 5.071596306240035330e-03
0.000000000000000000e+00 1.173181201448080142e-03 1.747912378657528187e-01 4.935211190643105650e-01 3.481823328089748704e-01 3.147541618639601024e-01 1.427425930908544083e-01 7.601594388823040838e-02 1.274927321840945088e-03
0.000000000000000000e+00 1.173181201448080142e-03 1.530534446819437899e-01 1.591615302018831446e-01 1.333873599839853485e-01 1.439665879072252186e-01 1.527213340356752547e-01 3.443324500539214628e-02 4.424163093698836070e-04
0.000000000000000000e+00 1.173181201448080142e-03 1.530534446819437899e-01 1.591615302018831446e-01 1.478075148429633112e-01 1.322373382243064999e-01 1.807630002399653601e-01 3.438590537889377879e-02 4.435349728031134941e-04
0.000000000000000000e+00 1.202271164499381763e-03 1.530534446819437899e-01 1.591809231242553857e-01 1.334116058765167090e-01 1.322157192118965929e-01 2.788309155653745028e-02 1.614831411679637507e-02 5.034181764079257533e-04
0.000000000000000000e+00 1.173181201448080142e-03 1.747912378657528187e-01 1.285422507151452232e+00 7.767811904714593263e-01 1.359013494762212337e+00 7.127384705501909057e-01 1.951494791296819187e-01 3.632033635517780117e-03
0.000000000000000000e+00 1.173181201448080142e-03 1.530534446819437899e-01 2.049737190376726303e+00 1.791988978328858284e+00 4.282479554905386010e+00 1.605454577684485784e+01 6.901603443027162776e-02 6.032549697208685648e-03
0.000000000000000000e+00 2.269206682844730760e-02 1.530546695579210748e-01 4.759233104401530134e-01 3.481810182307205626e-01 3.147534515056951698e-01 7.242011365033920178e-01 5.167630266048334892e-02 1.642865061566140938e-03
0.000000000000000000e+00 1.173181201448080142e-03 2.182668242333688502e-01 1.391011793113830608e+00 2.272972626588818823e+00 3.867086910165562053e+00 2.771881200999315897e+00 2.899589211172283409e+00 8.019609731100862601e-03
0.000000000000000000e+00 2.269206682844730760e-02 1.530546695579210748e-01 1.415649465811374130e-01 1.334116058765167090e-01 1.204648505165690636e-01 1.247562400437844110e-01 3.553509856062115561e-03 4.030927700085925008e-04
0.000000000000000000e+00 1.173181201448080142e-03 1.965290310495598214e-01 2.027471277970093411e+00 1.695792733064670044e+00 3.866934879212780896e+00 1.260644527790268832e+01 8.470390940470519381e-02 7.841459050354899346e-03
0.000000000000000000e+00 1.896554773081162049e+00 2.262707017218718697e+00 4.053712281816115315e+00 1.692391234894213881e+01 5.815283111888729373e+00 4.537156886623431973e+00 5.257217242502699728e-01 9.540709897039310536e-03
0.000000000000000000e+00 1.173181201448080142e-03 2.834802037847938827e-01 1.355819787542582811e+00 2.176777685765973303e+00 4.386134695798749483e+00 8.751138811178698518e+00 4.486403752386673993e-01 7.952548987654827969e-03
0.000000000000000000e+00 1.173181201448080142e-03 2.161004205533120892e+00 2.745143948107412246e+00 3.763369037738180101e+00 1.746822379690793170e+01 5.378593184489702139e+00 2.535400352536479218e+00 6.491738165793811124e-04
0.000000000000000000e+00 1.173181201448080142e-03 1.313156514981368428e-01 1.591796593101777180e-01 2.196561593405508064e-02 2.199839271284153089e-02 1.062140552516622066e-01 1.967648839180915349e-02 6.085395765079340113e-04
0.000000000000000000e+00 2.269206682844730760e-02 2.182680491093461350e-01 1.338219576432008617e+00 2.369167795303202873e+00 4.074866175521059120e+00 2.907486060744355338e+00 1.736982261875461786e+00 7.391779498087863720e-03
0.000000000000000000e+00 1.173181201448080142e-03 2.834802037847938827e-01 1.938426153119306772e+00 3.007402049266875821e+00 5.724803647353359004e+00 8.433304417301931366e+00 8.532023214098592712e-02 7.883540351985938305e-03
0.000000000000000000e+00 1.896554773081162049e+00 2.262707017218718697e+00 4.053712281816115315e+00 1.692280649665028491e+01 5.815283111888729373e+00 4.537156886623431973e+00 5.257217242502699728e-01 9.540709897039310536e-03
0.000000000000000000e+00 2.271572880413281342e-02 4.139081877636233142e-01 8.226179583008160767e-01 5.179298899723417948e-01 8.848688734503800113e-01 1.460419812376760218e+00 9.172339885650215852e-01 4.701243527660214049e-03
0.000000000000000000e+00 1.173181201448080142e-03 1.313156514981368428e-01 1.591796593101777180e-01 3.962261649098007543e-02 4.433301917755504140e-03 6.434933580733478986e-03 2.397888408720377784e-02 7.365602372100257464e-04
0.000000000000000000e+00 1.173181201448080142e-03 1.747912378657528187e-01 1.415649465811374130e-01 2.776131544662934214e-01 2.075610015239973405e-01 6.498763628519849123e-02 1.417124848720806123e-02 4.453250708977606943e-04
0.000000000000000000e+00 1.173181201448080142e-03 1.530534446819437899e-01 1.461399368389626696e+00 2.224874847690323953e+00 4.282313668934214057e+00 1.750727709114576314e+01 2.131620307579954743e-01 5.946809676594026414e-03
0.000000000000000000e+00 2.269206682844730760e-02 3.269570150283891974e-01 3.755730856411209628e-01 2.770383273298231419e-01 2.975412583181916704e-01 3.208675248378613509e-01 4.038292343268992668e-02 1.277309842472032150e-03
0.000000000000000000e+00 1.173181201448080142e-03 2.400046174171778790e-01 1.373434719674267779e+00 2.272972626588818823e+00 4.074700289549888055e+00 2.636505267538140629e+00 2.732939195102310759e+00 1.886050811967806828e-01
0.000000000000000000e+00 2.269206682844730760e-02 1.095790831903050572e-01 1.443800329514406400e+00 1.030861788851385796e+00 9.261894690977422462e-01 2.039329274251732826e+00 6.693846522468949178e-01 1.085028087246223127e-01
0.000000000000000000e+00 1.173181201448080142e-03 2.182668242333688502e-01 1.373413984489671558e+00 2.224875951902266280e+00 4.489955430676360493e+00 9.112309754110064830e+00 8.573659802602835722e-02 7.952548987654827969e-03
0.000000000000000000e+00 2.269206682844730760e-02 2.182680491093461350e-01 1.355817385056166557e+00 2.272973113826616931e+00 4.386134695798749483e+00 9.112309754110064830e+00 2.672347360590060505e-01 7.945302244318526788e-03
0.000000000000000000e+00 2.269206682844730760e-02 1.095790831903050572e-01 1.338213477769454984e+00 2.609653453302564596e+00 3.763446106444568784e+00 3.313785007714354691e+00 7.685655569546684385e-02 7.433975523640549976e-03
0.000000000000000000e+00 2.269206682844730760e-02 3.269570150283891974e-01 9.091188154232906493e-01 3.842794112546716878e-01 4.632579469880167555e-01 4.533662458795525430e-01 2.130959530613735220e-01 2.174762864656609555e-03
0.000000000000000000e+00 2.269206682844730760e-02 1.313168763741120182e-01 1.303038483694570537e+00 2.657750197819873428e+00 1.703788980862290359e+00 2.122950669502755350e+00 2.500570805679463326e+00 7.437720022525148508e-03
0.000000000000000000e+00 1.173181201448080142e-03 1.530534446819437899e-01 1.426203751141309262e+00 2.321070275750968026e+00 4.282313668934214057e+00 1.460330688261805498e+01 2.950062528937476891e+00 5.080461571219746508e-03
0.000000000000000000e+00 4.445352198794184223e-02 2.182692668634352018e-01 1.893861831879786628e+00 1.791992428196448772e+00 4.489955430676360493e+00 2.004825102360750577e+01 6.809581851583327294e-01 4.186240331575035584e-03
0.000000000000000000e+00 2.269206682844730760e-02 1.747924627417280496e-01 1.408608387264728368e+00 1.286224365615328491e+00 5.216726724653497627e+00 1.823304186753433953e+01 2.904528120772777555e+00 4.150689579829547164e-03
0.000000000000000000e+00 1.173181201448080142e-03 2.138735199440230605e+00 2.745141452856144859e+00 3.763385042226960575e+00 1.746827034410262769e+01 5.379151343153655063e+00 2.595671468180970276e+00 6.491738165793811124e-04
0.000000000000000000e+00 1.173181201448080142e-03 3.269557901524119958e-01 1.320626551508517377e+00 2.224874847690323953e+00 1.863984522115387454e+00 1.811626933579614018e+00 2.365024876992298797e+00 7.444953449375089904e-03
0.000000000000000000e+00 2.269206682844730760e-02 3.921703945798142299e-01 8.514410767957056869e-01 4.510860410743745552e-01 9.578928117572184098e-01 1.522739512300391063e+00 5.164636389727760291e-01 3.631493319244351401e-03
0.000000000000000000e+00 1.173181201448080142e-03 1.747912378657528187e-01 1.285461551171002359e+00 7.767811904714593263e-01 1.359013494762212337e+00 7.750581704738214173e-01 5.158345486417063031e-01 3.631493319244351401e-03
0.000000000000000000e+00 1.173181201448080142e-03 2.182668242333688502e-01 1.373413984489671558e+00 2.224875951902266280e+00 4.489955430676360493e+00 9.112309754110064830e+00 8.573659802602835722e-02 7.952548987654827969e-03
0.000000000000000000e+00 2.269206682844730760e-02 3.269570150283891974e-01 9.235389702822686120e-01 4.065859751829414837e-01 4.063084240082607268e-01 4.533662458795525430e-01 6.898673831867373207e-02 2.173376764172434833e-03
0.000000000000000000e+00 1.173181201448080142e-03 4.436447876290276066e-02 2.094267352391220971e+00 1.840091118836630457e+00 4.489955430676360493e+00 1.551079757278296434e+01 9.333251339690501469e-01 6.004850008960871920e-03
0.000000000000000000e+00 2.269206682844730760e-02 1.965302559255370785e-01 2.119586152951973834e-01 2.198987809976409857e-01 3.380019961755342250e-01 1.262406364900687805e-01 4.133429366543051736e-02 1.800563398003372090e-02
0.000000000000000000e+00 1.173181201448080142e-03 1.313156514981368428e-01 1.591602999508215377e-01 5.722042511513922985e-02 5.720020761227809225e-02 3.415511205913243642e-02 1.975574890653772342e-02 6.078427641989703114e-04
0.000000000000000000e+00 2.269206682844730760e-02 1.479060053770236971e+00 2.743852609515029517e+00 4.490225037723391210e+00 2.055432648335389345e+01 8.037510489463162600e+00 8.455651066702223329e-01 2.110139522177564885e-04
0.000000000000000000e+00 1.173181201448080142e-03 1.747912378657528187e-01 1.415649465811374130e-01 2.920333093252699963e-01 1.982348811353857876e-01 1.416524832540489234e-02 4.463140889124229266e-02 4.446202279767091339e-04
0.000000000000000000e+00 1.173181201448080142e-03 1.313156514981368428e-01 2.471493430716156514e-01 1.806040388264810656e-02 3.618390416365236100e-03 5.314802341176556172e-03 4.853072106724241885e-02 6.078427641989703114e-04
0.000000000000000000e+00 1.173181201448080142e-03 2.262668557909372838e-02 2.269362509864800148e-02 2.032024346712307139e+00 3.253466815594807571e+01 1.577025247977977251e+01 1.330047663116363903e-02 2.110139522177564885e-04
0.000000000000000000e+00 1.173181201448080142e-03 6.610227194671179640e-02 2.071999929526498807e+00 1.888188280760981774e+00 4.386134695798749483e+00 1.333281991638717834e+01 8.005894666021931561e-02 7.172543546132010249e-03
0.000000000000000000e+00 2.444824911117176591e-01 1.179839298814580273e+00 2.695569638592548056e+00 4.282342051292034490e+00 1.459082502023885475e+01 8.855789461093316106e+00 2.416553683058119795e+00 7.773087567990470959e-01
0.000000000000000000e+00 2.879944093600157462e-01 1.285428553045948830e+00 3.866593121402520872e+00 6.126955025125998766e+00 1.622602630663845602e+01 7.193468287007048545e+00 1.043095367516808869e+00 2.816260569452076062e-02
0.000000000000000000e+00 1.173181201448080142e-03 1.530534446819437899e-01 1.591809231242553857e-01 1.189672051250087736e-01 3.625408746155647788e-03 5.345958693516644766e-03 3.414141367692183349e-02 6.092314568283717976e-04
0.000000000000000000e+00 1.173181201448080142e-03 4.436447876290276066e-02 2.071998346298331128e+00 1.984304258136474708e+00 4.282313668934214057e+00 1.333281991638717834e+01 8.005894666021931561e-02 7.172543546132010249e-03
0.000000000000000000e+00 1.173181201448080142e-03 1.313156514981368428e-01 1.767581085749806435e-01 1.622519155944725788e-01 1.807655752562010651e-02 1.980736242199618302e-02 5.352099060204184439e-03 6.112774144664223598e-04
0.000000000000000000e+00 1.173181201448080142e-03 1.530534446819437899e-01 4.935588706834502792e-01 3.379993948459280029e-01 3.319938382777821162e-01 9.811222298842652012e-02 2.095899812459396661e-01 1.276731226855258019e-03
0.000000000000000000e+00 1.173181201448080142e-03 1.747912378657528187e-01 5.111189276884697819e-01 3.380191436501769342e-01 3.147541618639601024e-01 7.593557481218468630e-02 5.378653098197314769e-02 9.942753296435223077e-04
0.000000000000000000e+00 2.269206682844730760e-02 3.269570150283891974e-01 9.091188154232906493e-01 8.622727447780109689e-01 5.565278901391522703e-01 6.880446728831601799e-02 2.610367236724445150e-01 2.175584573786164353e-03
0.000000000000000000e+00 1.173181201448080142e-03 1.313156514981368428e-01 1.479015306122080098e+00 6.342935319949338790e-01 1.022320400212543223e+00 1.959083978128568271e+00 4.640226720256165893e-02 4.701667518679243304e-03
0.000000000000000000e+00 2.269206682844730760e-02 1.530546695579210748e-01 1.960662716175930687e+00 9.943756508251232473e-01 1.573843432001139409e+00 2.848742414637000842e+00 6.052597589458683092e-02 6.117048878813876635e-03
0.000000000000000000e+00 2.269206682844730760e-02 3.269570150283891974e-01 9.091188154232906493e-01 4.065856627664299339e-01 4.347596464805851268e-01 1.126269547526461912e+00 8.950962251563858441e-02 2.821465933982872376e-03
0.000000000000000000e+00 2.269206682844730760e-02 6.610349682268699956e-02 2.094270512265065332e+00 1.840087930636849833e+00 4.282479554905386010e+00 1.551005136274591223e+01 6.897208003430646550e-02 6.059384716108813865e-03
0.000000000000000000e+00 2.269206682844730760e-02 2.262791045507099585e-02 4.443297015517439635e-02 4.167866750691342048e+00 3.416819666581280757e+01 6.788189811905913196e+00 1.330047663116363903e-02 2.110139522177564885e-04
0.000000000000000000e+00 1.173181201448080142e-03 1.313156514981368428e-01 1.591602999508215377e-01 9.235685043069001565e-02 3.615978201741189019e-03 3.410024240856827926e-02 1.970071454060956517e-02 6.071410289809976756e-04
0.000000000000000000e+00 2.269206682844730760e-02 3.486948082121962278e-01 8.946996252341121725e-01 4.065856627664299339e-01 4.347596464805851268e-01 5.194618462718503943e-02 5.183126873562238918e-02 1.643413638838747996e-03
0.000000000000000000e+00 1.173181201448080142e-03 1.313156514981368428e-01 1.479015306122080098e+00 9.579001095299676249e-01 9.742081672668803094e-01 2.039370742611715581e+00 2.542047897144597557e-01 4.698403677543094847e-03
0.000000000000000000e+00 2.269206682844730760e-02 3.269570150283891974e-01 9.091349496944873820e-01 4.733926810450995726e-01 3.492642830922552677e-01 8.856203684972206724e-02 2.707339125145047376e-01 2.171244135182015447e-03
0.000000000000000000e+00 2.269206682844730760e-02 1.530546695579210748e-01 4.759233104401530134e-01 3.481810182307205626e-01 3.319945939364333243e-01 6.672238005229161883e-01 1.544526302372551362e-02 1.641722983012941853e-03
0.000000000000000000e+00 1.173181201448080142e-03 6.610227194671179640e-02 4.443451561644673475e-02 1.331431640774000558e+00 3.670935825822510168e+01 1.894141855176700773e+01 1.330047663116363903e-02 2.110139522177564885e-04
0.000000000000000000e+00 1.173181201448080142e-03 2.262668557909372838e-02 2.269362509864800148e-02 2.711395295632000255e-02 2.689962784091084330e-02 2.947827467950463187e-02 2.930087817416855353e-02 8.961345737250833200e-04
0.000000000000000000e+00 2.269206682844730760e-02 1.530546695579210748e-01 2.005200728361711260e+00 3.132046258508256908e+00 6.402255630368892447e+00 1.605656182182095293e+01 2.047087491268038573e+00 3.451259373660781060e-03
0.000000000000000000e+00 1.173181201448080142e-03 1.313156514981368428e-01 1.767581085749806435e-01 1.766720704534491537e-01 3.634256034002936522e-03 1.962683109658493880e-02 5.352099060204184439e-03 6.112774144664223598e-04
0.000000000000000000e+00 1.173181201448080142e-03 1.747912378657528187e-01 1.415649465811374130e-01 2.920333093252699963e-01 3.481651860765352935e-01 8.599162633772605702e-02 2.418084349816135986e-02 7.625134935123105894e-04
0.000000000000000000e+00 2.269206682844730760e-02 2.400058422931551361e-01 1.285427354455824123e+00 2.465362446080924919e+00 1.863984522115387454e+00 1.811626933579614018e+00 2.636005670198513506e+00 7.437720022525148508e-03
0.000000000000000000e+00 1.173181201448080142e-03 1.747912378657528187e-01 1.591627552052949368e-01 1.333899173775051628e-01 1.439684051918450614e-01 1.621148591167446695e-01 2.424852485227412674e-02 4.427928967656716611e-04
0.000000000000000000e+00 1.173181201448080142e-03 1.530534446819437899e-01 1.591615302018831446e-01 2.776131544662934214e-01 3.481638724378859906e-01 9.936863823741313995e-02 5.866312835963843203e-02 7.635156472103176578e-04
0.000000000000000000e+00 2.271572880413281342e-02 3.269570150283891974e-01 3.755730856411209628e-01 2.770383273298231419e-01 2.975123090749570154e-01 3.208675248378613509e-01 4.017653757349876065e-02 1.277309842472032150e-03
0.000000000000000000e+00 1.173181201448080142e-03 1.747912378657528187e-01 1.415649465811374130e-01 2.776131544662934214e-01 1.889063498534254149e-01 3.441300244423255855e-02 4.463140889124229266e-02 4.446202279767091339e-04
0.000000000000000000e+00 1.173181201448080142e-03 1.747912378657528187e-01 5.111189276884697819e-01 3.380191436501769342e-01 3.147541618639601024e-01 7.593557481218468630e-02 5.378653098197314769e-02 9.942753296435223077e-04
0.000000000000000000e+00 1.173181201448080142e-03 1.313156514981368428e-01 5.287142810581537677e-01 3.278533776250579512e-01 3.319938382777821162e-01 7.584321689553592816e-02 5.377296655361938488e-02 9.937527149684781749e-04
0.000000000000000000e+00 1.173181201448080142e-03 1.530534446819437899e-01 1.591809231242553857e-01 1.189672051250087736e-01 3.625408746155647788e-03 5.345958693516644766e-03 1.972125881794389510e-02 1.502869443548587522e-02
0.000000000000000000e+00 1.173181201448080142e-03 1.530534446819437899e-01 1.767593388260406684e-01 1.334141699221975674e-01 1.204666678011878100e-01 2.788309155653745028e-02 1.614831411679637507e-02 5.034181764079257533e-04
0.000000000000000000e+00 2.269206682844730760e-02 2.400058422931551361e-01 1.338220780328299719e+00 1.286224735172266209e+00 5.631964338702630357e+00 1.369581619245314030e+01 2.478963541527167413e-01 7.145189320245941451e-03
0.000000000000000000e+00 1.173181201448080142e-03 1.313156514981368428e-01 5.287142810581537677e-01 3.278533776250579512e-01 3.319938382777821162e-01 7.584321689553592816e-02 5.377296655361938488e-02 9.937527149684781749e-04
0.000000000000000000e+00 2.269206682844730760e-02 2.182680491093461350e-01 1.355817385056166557e+00 2.272973113826616931e+00 4.386134695798749483e+00 9.112309754110064830e+00 2.672347360590060505e-01 7.945302244318526788e-03
0.000000000000000000e+00 1.173181201448080142e-03 2.182668242333688502e-01 1.338218367241354789e+00 2.224876537674002730e+00 4.593789336129270318e+00 8.931649232099159619e+00 8.116366513046312514e-01 7.937951186603606213e-03
0.000000000000000000e+00 1.173181201448080142e-03 3.486935833362209691e-01 9.091188154232906493e-01 3.842794112546716878e-01 4.632579469880167555e-01 4.532308145599994176e-01 2.130959530613735220e-01 2.174762864656609555e-03
0.000000000000000000e+00 1.173181201448080142e-03 1.530534446819437899e-01 1.461399368389626696e+00 2.224874847690323953e+00 4.282313668934214057e+00 1.750727709114576314e+01 2.131620307579954743e-01 5.946809676594026414e-03
0.000000000000000000e+00 2.269206682844730760e-02 2.400058422931551361e-01 1.285427354455824123e+00 2.465362446080924919e+00 1.863984522115387454e+00 1.811626933579614018e+00 2.636005670198513506e+00 7.437720022525148508e-03
0.000000000000000000e+00 2.269206682844730760e-02 3.269570150283891974e-01 3.755730856411209628e-01 2.872028049217820178e-01 2.975130194332219480e-01 2.986120975094853636e-01 1.258752011261018988e-01 1.278977269559459758e-03
0.000000000000000000e+00 1.202271164499381763e-03 1.095778583143278001e-01 1.096509667999115561e-01 2.200827280185172624e-02 4.384316958956159353e-03 2.395542300517865611e-02 6.370562423104305684e-03 7.311183541817235570e-04
0.000000000000000000e+00 2.269206682844730760e-02 1.095790831903050572e-01 1.461398138138565672e+00 6.342938975502855348e-01 1.214791291747243207e+00 1.798885279509839563e+00 3.578700103423022583e-01 4.699684127739262723e-03
0.000000000000000000e+00 1.173181201448080142e-03 1.313156514981368428e-01 1.768167587352522108e-01 2.199839271284153089e-02 4.195783962493350450e-03 6.434933580733478986e-03 2.387146984727873955e-02 1.833436886136918104e-02
0.000000000000000000e+00 1.173181201448080142e-03 1.747912378657528187e-01 1.415649465811374130e-01 2.920333093252699963e-01 1.982348811353857876e-01 1.157421410430704289e-01 3.220150694399221553e-02 5.911434021381237192e-04
0.000000000000000000e+00 1.173181201448080142e-03 1.747912378657528187e-01 1.415649465811374130e-01 2.920333093252699963e-01 1.982348811353857876e-01 1.158100242449916079e-01 1.876980352958599121e-02 5.907100569745134732e-04
0.000000000000000000e+00 1.202271164499381763e-03 1.530534446819437899e-01 1.591615302018831446e-01 1.478317607354946439e-01 1.322175364965164357e-01 3.971721248207658872e-02 1.612660231102639938e-02 4.003925235283245987e-04
0.000000000000000000e+00 2.269206682844730760e-02 1.530546695579210748e-01 1.415649465811374130e-01 1.334116058765167090e-01 1.204648505165690636e-01 1.247265559851636479e-01 3.553509856062115561e-03 9.730418605294326173e-03
0.000000000000000000e+00 1.173181201448080142e-03 1.313156514981368428e-01 1.767581085749806435e-01 2.776131544662934214e-01 3.481295227302845241e-01 1.877841775097770921e-02 8.594552624685136699e-02 7.620026071540575126e-04
0.000000000000000000e+00 2.269206682844730760e-02 6.610349682268699956e-02 2.269826146843928819e-02 2.999343336689637596e+00 3.108254652378486327e+01 1.478067044442252076e+01 3.566820820504548045e-03 2.110139522177564885e-04
0.000000000000000000e+00 4.442986001225633641e-02 1.530558873120081431e-01 1.391010578640569317e+00 2.321070275750968026e+00 1.783950801896247773e+00 2.018777045416899174e+00 1.972340634266399884e-01 6.111739523458334551e-03
0.000000000000000000e+00 2.271572880413281342e-02 3.269570150283891974e-01 3.755730856411209628e-01 2.770383273298231419e-01 2.975123090749570154e-01 3.208675248378613509e-01 9.717138936910721392e-02 1.278432889859076969e-03
0.000000000000000000e+00 2.269206682844730760e-02 3.269570150283891974e-01 9.091349496944873820e-01 4.733926810450995726e-01 3.492642830922552677e-01 8.856203684972206724e-02 2.707339125145047376e-01 2.171244135182015447e-03
0.000000000000000000e+00 2.269206682844730760e-02 1.530546695579210748e-01 1.960662716175930687e+00 9.943756508251232473e-01 1.573843432001139409e+00 2.849151365437719186e+00 6.052597589458683092e-02 6.117048878813876635e-03
0.000000000000000000e+00 2.269206682844730760e-02 1.747924627417280496e-01 2.005202271877203568e+00 3.069724238776830205e+00 6.266551931499736661e+00 1.605649578673398992e+01 2.047086742620014110e+00 3.459183162545532812e-03
0.000000000000000000e+00 1.173181201448080142e-03 1.530534446819437899e-01 1.943571474501997742e-01 1.045763877181228735e-01 1.439665879072252186e-01 1.621547509142044763e-02 1.618595883752280834e-02 5.034181764079257533e-04
0.000000000000000000e+00 1.173181201448080142e-03 1.313156514981368428e-01 1.408604712266089853e+00 2.417265185371408887e+00 1.543337237979554022e+00 2.122853304031773192e+00 1.971226307586351756e-01 6.115344841715077834e-03
0.000000000000000000e+00 1.173181201448080142e-03 3.921691697038370283e-01 8.081796563529997091e-01 5.624662520439556168e-01 9.213507096921143003e-01 1.460419812376760218e+00 5.962722199166886616e-01 3.631493319244351401e-03
0.000000000000000000e+00 2.269206682844730760e-02 1.747924627417280496e-01 1.408608387264728368e+00 1.286224365615328491e+00 5.216726724653497627e+00 1.823304186753433953e+01 2.904528120772777555e+00 4.150689579829547164e-03
0.000000000000000000e+00 1.173181201448080142e-03 1.530534446819437899e-01 1.461399368389626696e+00 2.224714753402193157e+00 4.282313668934214057e+00 1.424031060655209302e+01 6.983671064126470540e+00 3.443264822745008107e-03
0.000000000000000000e+00 1.173181201448080142e-03 1.313156514981368428e-01 1.943559171991381673e-01 1.334141699221975674e-01 1.439882069196351255e-01 2.797454598622185762e-02 2.218787938067936019e-02 4.007881871089635892e-04
0.000000000000000000e+00 1.173181201448080142e-03 1.313156514981368428e-01 1.408604712266089853e+00 2.417265185371408887e+00 1.543337237979554022e+00 2.122853304031773192e+00 1.971226307586351756e-01 6.115344841715077834e-03
0.000000000000000000e+00 2.879580774793337183e-01 1.285428553045948830e+00 3.866593121402520872e+00 6.126955025125998766e+00 1.622602630663845602e+01 7.193468287007048545e+00 1.043095367516808869e+00 2.816260569452076062e-02
0.000000000000000000e+00 2.269206682844730760e-02 2.400058422931551361e-01 1.320622971704141557e+00 2.369167795303202873e+00 1.703788980862290359e+00 2.122950669502755350e+00 2.500015330290016546e+00 1.734502906405285538e-01
0.000000000000000000e+00 1.173181201448080142e-03 2.617424106009869078e-01 1.338220780328299719e+00 2.272973113826616931e+00 1.703671951528983763e+00 2.122075255714960473e+00 1.417148377794301473e+00 6.094659502133684993e-03
0.000000000000000000e+00 2.269206682844730760e-02 3.269570150283891974e-01 9.091349496944873820e-01 4.733926810450995726e-01 2.638190952892595087e-01 2.709017077957835418e-01 3.090807586981515476e-01 2.171807625248972379e-03
0.000000000000000000e+00 2.269206682844730760e-02 1.095790831903050572e-01 1.338213477769454984e+00 2.513459129453862850e+00 4.490121698965403141e+00 2.636618256448336695e+00 2.428691263134624412e-01 7.430145473689043698e-03
