0.000000000000000000e+00 6.610227194671179640e-02 2.071999929526498807e+00 4.653340549817783334e+00 8.351561714347274235e-01 2.472662536594108396e+00 2.109804368299265676e+01 8.879180416054778036e+00 4.124364082030222006e-02
0.000000000000000000e+00 1.092801686515678522e-03 2.276374813826762336e-02 2.269362509864800148e-02 1.005109274002831832e-03 9.112629607553282985e-04 3.960431464606985197e-03 6.269264475346938113e-03 7.261298182205395968e-03
0.000000000000000000e+00 1.092801686515678522e-03 1.202271164499381763e-03 4.442986001225633641e-02 1.053771062747938143e-03 9.112629607553282985e-04 4.681916718763578546e-03 6.329831487892901599e-03 7.261298182205395968e-03
0.000000000000000000e+00 1.092801686515678522e-03 2.273962205937232403e-02 2.269362509864800148e-02 2.262912820916009732e-02 1.030995816319066425e-03 3.928863249834690582e-03 6.161309979739111251e-03 7.659913451918533810e-03
0.000000000000000000e+00 1.092801686515678522e-03 1.202271164499381763e-03 4.442986001225633641e-02 9.156012787149707399e-02 8.961345737250833200e-04 4.589127313640319582e-03 7.385853501458829705e-03 7.772858250835532577e-03
0.000000000000000000e+00 1.092801686515678522e-03 2.269206682844730760e-02 1.313825910176890654e-01 9.173586554010304929e-04 9.173586554010304929e-04 4.593167528527033333e-03 6.150555610246082223e-03 7.336875141114787037e-03
0.000000000000000000e+00 1.173181201448080142e-03 1.173181201448080142e-03 1.313156514981368428e-01 8.796276230994395928e-02 9.209276747772433998e-04 5.301914375449425475e-03 7.837255021788253062e-03 7.837255021788253062e-03
0.000000000000000000e+00 1.092801686515678522e-03 1.173181201448080142e-03 2.183322054827224468e-01 1.844177731157568834e-02 7.464871821928952076e-04 3.671928402218605728e-03 5.018740020287815531e-03 6.145810781941783707e-03
0.000000000000000000e+00 1.092801686515678522e-03 2.269206682844730760e-02 9.558319148389736496e-04 2.268796416703188629e-02 9.112629607553282985e-04 3.995920461449071689e-03 2.794670643677702598e-02 7.276470917525388292e-03
0.000000000000000000e+00 1.092801686515678522e-03 1.173181201448080142e-03 2.269206682844730760e-02 2.269362509864800148e-02 9.112629607553282985e-04 4.572516785464735348e-03 6.269264475346938113e-03 7.261298182205395968e-03
0.000000000000000000e+00 1.092801686515678522e-03 2.271572880413281342e-02 4.443141828245704417e-02 1.030995816319066425e-03 9.124967725498966129e-04 4.576736788610521155e-03 6.041444151461107526e-03 7.276470917525388292e-03
0.000000000000000000e+00 1.092801686515678522e-03 2.269206682844730760e-02 2.266783235354086906e-02 4.440689003671963175e-02 9.137232606967528878e-04 4.690428228576949861e-03 6.294857717004245963e-03 7.291615073073726312e-03
0.000000000000000000e+00 1.092801686515678522e-03 2.271572880413281342e-02 4.443141828245704417e-02 4.448232580113213597e-02 9.149424124372242074e-04 4.621538499499249809e-03 2.804540776552030476e-02 7.194188082726387171e-03
0.000000000000000000e+00 6.610227194671179640e-02 1.982923905154938549e+00 3.492967640585927569e+00 2.807483974711024288e+00 2.336757519066933408e+00 2.055319451313804890e+01 6.134673287144285503e+00 1.064373660399041965e-01
0.000000000000000000e+00 1.092801686515678522e-03 1.173181201448080142e-03 4.442986001225633641e-02 2.276711554919453456e-02 9.124967725498966129e-04 5.234918861106231322e-03 6.221581829078203126e-03 7.659913451918533810e-03
0.000000000000000000e+00 1.092801686515678522e-03 2.269206682844730760e-02 2.269362509864800148e-02 2.262912820916009732e-02 2.265028995635688311e-02 4.003649976015721118e-03 6.294857717004245963e-03 7.164595418143818346e-03
0.000000000000000000e+00 2.617424106009869078e-01 1.355818588952458770e+00 3.306000642164661052e+00 8.854113104723475569e-01 2.102246754100203230e+00 2.200613534384112313e+01 8.437371504768968578e+00 1.064373660399041965e-01
0.000000000000000000e+00 1.092801686515678522e-03 2.269206682844730760e-02 2.269362509864800148e-02 9.514588698914173319e-04 9.112629607553282985e-04 3.995920461449071689e-03 2.794670643677702598e-02 7.276470917525388292e-03
0.000000000000000000e+00 1.092801686515678522e-03 2.273962205937232403e-02 4.443141828245704417e-02 1.006739433516122507e-03 9.124967725498966129e-04 3.964293330913363361e-03 2.795937501288518409e-02 7.291615073073726312e-03
0.000000000000000000e+00 1.092801686515678522e-03 1.313810327474904116e-01 2.119537258232973009e-01 1.845209819922275299e-02 7.538786916344401845e-04 4.231560163168206039e-03 5.248612268416425093e-03 6.244685899092884164e-03
0.000000000000000000e+00 1.092801686515678522e-03 1.173181201448080142e-03 4.442986001225633641e-02 4.436692139296707915e-02 9.137232606967528878e-04 4.544466479988241471e-03 6.294857717004245963e-03 7.291615073073726312e-03
0.000000000000000000e+00 2.182668242333688502e-01 1.960665796536892103e+00 3.056744919816850814e+00 3.015097306986469494e+00 2.472213212994216480e+00 2.000858796718145882e+01 6.207295941715492482e+00 1.064373660399041965e-01
0.000000000000000000e+00 4.436447876290276066e-02 1.696505252124618446e+00 3.804533328041293405e+00 9.655728814487828382e-01 2.102246754100203230e+00 2.218735835189859174e+01 8.260638585291552261e+00 1.157500133546800619e-01
0.000000000000000000e+00 1.092801686515678522e-03 2.269206682844730760e-02 1.313825910176890654e-01 1.037620899185851811e-03 9.173586554010304929e-04 4.702849189681558052e-03 6.150555610246082223e-03 7.208941546868753367e-03
0.000000000000000000e+00 1.092801686515678522e-03 2.269206682844730760e-02 1.313825910176890654e-01 9.173586554010304929e-04 9.173586554010304929e-04 4.593167528527033333e-03 6.150555610246082223e-03 7.336875141114787037e-03
0.000000000000000000e+00 4.436447876290276066e-02 1.653029665757001609e+00 1.679870620575814488e+00 2.648961545550872376e+00 2.102165423246900477e+00 2.182417910969947883e+01 8.083898997173042389e+00 1.157500133546800619e-01
0.000000000000000000e+00 1.166544665800747262e-03 1.173181201448080142e-03 4.436447876290276066e-02 8.795628200923689965e-02 9.161542149603251178e-04 5.284810475140020239e-03 7.772858250835532577e-03 7.772858250835532577e-03
0.000000000000000000e+00 1.173181201448080142e-03 1.202271164499381763e-03 2.262668557909372838e-02 9.155584284759903102e-02 9.149424124372242074e-04 4.621538499499249809e-03 7.627499669997493507e-03 7.756684656197230035e-03
0.000000000000000000e+00 1.092801686515678522e-03 2.269206682844730760e-02 1.313825910176890654e-01 1.037620899185851811e-03 9.173586554010304929e-04 5.289165937006719796e-03 6.090183035356505799e-03 7.336875141114787037e-03
0.000000000000000000e+00 1.092801686515678522e-03 2.269206682844730760e-02 1.313825910176890654e-01 1.037620899185851811e-03 9.173586554010304929e-04 4.593167528527033333e-03 6.090183035356505799e-03 2.907466832492381151e-02
0.000000000000000000e+00 1.092801686515678522e-03 1.173181201448080142e-03 6.616765319606536522e-02 2.276878900012604956e-02 9.137232606967528878e-04 5.166299446656009986e-03 6.234224101072704041e-03 7.483217871349483359e-03
0.000000000000000000e+00 1.530534446819437899e-01 2.823655834933661568e-01 1.121458254433092216e+00 1.205478258772415545e+00 1.573957139173183695e+00 7.417223843168536668e-01 2.330466683416099194e+00 1.977911175924023379e-01
0.000000000000000000e+00 1.092801686515678522e-03 1.173181201448080142e-03 4.442986001225633641e-02 6.614468322052866056e-02 9.149424124372242074e-04 4.585042092220857797e-03 2.786375471408299165e-02 7.514344374743487168e-03
0.000000000000000000e+00 1.092801686515678522e-03 1.202271164499381763e-03 1.173181201448080142e-03 8.784006513051878517e-02 9.137232606967528878e-04 5.093111112355576224e-03 6.173811925191292037e-03 2.890238860195284976e-02
0.000000000000000000e+00 1.092801686515678522e-03 2.269206682844730760e-02 9.558319148389736496e-04 1.747924627417280496e-01 9.197453983090118825e-04 4.165590609027576899e-03 2.809616826445175686e-02 7.446522998636621003e-03
0.000000000000000000e+00 1.092801686515678522e-03 1.202271164499381763e-03 2.269206682844730760e-02 1.531203842014980665e-01 9.185557208415380884e-04 4.670292591741236239e-03 2.796134970576302434e-02 7.366903925516440563e-03
0.000000000000000000e+00 3.269557901524119958e-01 1.197441891139406689e+00 2.455301579370816611e+00 3.430319272798721286e+00 3.285453439754603799e+00 1.165957484980277670e+01 9.145202513990005500e+00 2.675371565335840640e-01
0.000000000000000000e+00 1.092801686515678522e-03 1.314046947231758966e-01 2.295515344474564623e-01 1.833525510646102571e-02 7.020971218487228943e-04 3.567359763253230131e-03 4.225798859627256758e-03 5.127114090210213755e-03
0.000000000000000000e+00 1.092801686515678522e-03 1.202271164499381763e-03 4.442986001225633641e-02 4.436692139296707915e-02 9.137232606967528878e-04 4.617389369301367653e-03 2.803265090081327390e-02 7.627499669997493507e-03
0.000000000000000000e+00 1.092801686515678522e-03 1.173181201448080142e-03 2.269206682844730760e-02 8.788121190496590851e-02 9.149424124372242074e-04 5.280402090725940661e-03 6.125961530273961973e-03 7.306730557103381651e-03
0.000000000000000000e+00 1.092801686515678522e-03 2.271572880413281342e-02 4.443141828245704417e-02 2.276878900012604956e-02 9.137232606967528878e-04 4.617389369301367653e-03 2.791160510900032171e-02 7.179406009319846266e-03
0.000000000000000000e+00 1.092801686515678522e-03 2.271572880413281342e-02 2.269362509864800148e-02 4.438684932837134306e-02 9.137232606967528878e-04 4.617389369301367653e-03 6.294857717004245963e-03 2.890238860195284976e-02
0.000000000000000000e+00 1.747912378657528187e-01 1.443802784768880576e+00 2.166733320531939455e+00 2.087836137667721914e+00 1.583045813632555365e+00 2.472213212994216480e+00 1.641949206279995011e+01 1.836512935463232576e-01
0.000000000000000000e+00 3.269557901524119958e-01 1.250235317011883174e+00 2.407210827115120910e+00 3.430320510306223092e+00 3.285390058946760838e+00 1.129673368466168171e+01 9.001143671667547252e+00 2.675496617454785064e-01
0.000000000000000000e+00 1.965290310495598214e-01 1.391010578640569317e+00 1.926243394285379829e+00 2.248155588502534830e+00 1.686959449084892926e+00 3.285291985102469781e+00 1.605662730775616964e+01 1.836512935463232576e-01
0.000000000000000000e+00 6.610227194671179640e-02 2.094268935619389094e+00 4.733505580493086562e+00 7.313488716692003733e-01 3.014594622850760519e+00 2.000880590876106524e+01 8.967549943796313983e+00 4.124364082030222006e-02
0.000000000000000000e+00 3.269557901524119958e-01 1.893916358448831438e+00 2.994430094342919180e+00 3.015097354095349846e+00 2.607668502974803015e+00 8.029596504802443135e+00 9.140871424741867202e+00 4.712454417664244111e-01
0.000000000000000000e+00 1.092801686515678522e-03 2.269206682844730760e-02 2.269362509864800148e-02 2.262912820916009732e-02 2.265028995635688311e-02 4.003649976015721118e-03 6.294857717004245963e-03 7.164595418143818346e-03
0.000000000000000000e+00 3.052179969686029670e-01 1.893889692370309907e+00 2.869788268914102769e+00 3.326517142704803920e+00 2.607260146516138466e+00 8.574090918901383418e+00 8.972440781156359790e+00 3.661460693192157279e-01
0.000000000000000000e+00 1.747912378657528187e-01 2.647496069502481841e-01 7.649239268349176113e-01 1.027166826169374048e+00 1.118514724061247634e+00 1.863867120452120218e+00 2.019192276054876611e+00 7.397527040048320623e-01
0.000000000000000000e+00 4.436447876290276066e-02 1.696505252124618446e+00 3.804533328041293405e+00 9.655728814487828382e-01 2.102246754100203230e+00 2.218735835189859174e+01 8.260638585291552261e+00 1.157500133546800619e-01
0.000000000000000000e+00 2.182668242333688502e-01 2.005228475861813298e+00 2.932110394419289001e+00 2.911290617294309602e+00 2.878719105479362828e+00 1.873798664874835040e+01 4.549328307051911047e+00 6.352380841427696101e-01
0.000000000000000000e+00 1.092801686515678522e-03 1.173181201448080142e-03 1.313810327474904116e-01 1.973501627490665544e-01 7.520671921692758614e-04 4.314734796059989386e-03 6.327316589213596680e-03 2.381792222227483574e-02
0.000000000000000000e+00 1.965290310495598214e-01 1.320619344143935114e+00 1.424517671227742976e+00 1.560807222545155915e+00 2.517568420384311167e+00 3.285291985102469781e+00 9.704192476601804174e+00 5.841369717660928051e-01
0.000000000000000000e+00 1.092801686515678522e-03 1.313810327474904116e-01 1.767581085749806435e-01 1.617401164131828106e-01 6.234869981575388550e-04 3.534633448986752857e-03 5.152003985867199994e-03 5.196803212746525964e-03
0.000000000000000000e+00 2.182668242333688502e-01 1.320679615499319670e+00 1.424519291760452111e+00 2.328314261415034725e+00 2.413341898092415061e+00 1.728677220606964937e+01 6.987289629886486608e+00 6.244644398727060564e-01
0.000000000000000000e+00 5.660913961960132301e-01 1.052516620017545090e+00 1.242120388890671334e+00 3.210091576369372923e+00 1.685885567034158150e+00 1.692345559245299569e+01 7.605798627350014662e+00 7.316414144076887061e-01
0.000000000000000000e+00 5.008581356228800630e-01 1.121458254433092216e+00 1.205641549030491255e+00 1.498486088547549278e+00 2.102230954807773333e+00 4.233739901267864703e+00 1.024868689070074801e+01 8.086521842822848305e-02
0.000000000000000000e+00 2.617424106009869078e-01 3.703413059995711576e-01 1.448537719303586879e+00 1.829844973920464080e+00 1.783950801896247773e+00 1.894369809183380937e+00 1.688129171000516404e+00 7.411138923516158439e-01
0.000000000000000000e+00 1.313156514981368428e-01 1.426202520890248238e+00 2.214824281325067812e+00 2.248158754690069205e+00 9.602056754795779137e-01 1.686653859703634850e-01 3.449217261683193758e+00 7.755671067248784412e-02
0.000000000000000000e+00 1.965290310495598214e-01 1.355814961392252549e+00 1.351604918965493285e+00 1.560807222545155915e+00 2.621375110076476389e+00 3.014277697783707577e+00 5.682449245813870675e+00 8.648424032579664356e-02
0.000000000000000000e+00 1.092801686515678522e-03 1.173181201448080142e-03 1.531188259312973865e-01 1.239110820650003442e-01 7.897167544578481777e-04 4.305318260514908076e-03 5.198291206161032539e-03 6.183071442512270803e-03
0.000000000000000000e+00 1.092801686515678522e-03 1.313810327474904116e-01 1.767581085749806435e-01 2.916190433274293281e-01 5.018732136499049618e-04 2.914913096902648545e-03 4.232224270198388545e-03 4.195153360821173363e-03
0.000000000000000000e+00 1.092801686515678522e-03 1.173181201448080142e-03 6.616765319606536522e-02 2.265028995635688311e-02 9.137232606967528878e-04 5.166299446656009986e-03 6.234224101072704041e-03 7.483217871349483359e-03
0.000000000000000000e+00 1.092801686515678522e-03 1.202271164499381763e-03 2.183322054827224468e-01 1.844177731157568834e-02 7.464871821928952076e-04 3.760742824869186488e-03 6.093121317135037802e-03 6.145810781941783707e-03
0.000000000000000000e+00 1.092801686515678522e-03 1.231645461951578514e-03 2.400699986665314756e-01 1.838392962010596682e-02 7.474322780768706889e-04 3.793510009637862061e-03 6.317336349844174248e-03 6.158255147048151065e-03
0.000000000000000000e+00 6.610227194671179640e-02 2.071999929526498807e+00 4.653340549817783334e+00 8.351561714347274235e-01 2.608152933197219525e+00 2.091649683994633691e+01 8.879180416054778036e+00 4.124364082030222006e-02
0.000000000000000000e+00 1.092801686515678522e-03 1.202271164499381763e-03 4.442986001225633641e-02 1.530558873120081431e-01 9.197453983090118825e-04 4.564575951390580436e-03 2.809616826445175686e-02 7.576246052994631275e-03
0.000000000000000000e+00 1.092801686515678522e-03 2.269206682844730760e-02 1.313825910176890654e-01 2.280008095889398886e-02 9.185557208415380884e-04 5.293468435214992475e-03 6.162813195194615304e-03 7.351904055087564969e-03
0.000000000000000000e+00 5.443337219904961222e-01 1.035254769606767766e+00 1.315078029051502506e+00 1.498486088547549278e+00 1.222706815408161063e+00 4.640566693432030654e+00 1.170054047394242147e+01 2.487949140344710430e-01
0.000000000000000000e+00 1.747912378657528187e-01 1.426204976144722192e+00 2.070536947117672888e+00 2.248158190259287093e+00 1.686874497787100413e+00 4.357233853314198768e+00 1.315303831054380801e+01 6.977041285790577807e-02
0.000000000000000000e+00 1.092801686515678522e-03 1.231645461951578514e-03 2.262668557909372838e-02 8.788121190496590851e-02 9.149424124372242074e-04 4.694614762634046791e-03 6.246839988011104045e-03 7.692034608283559310e-03
0.000000000000000000e+00 1.092801686515678522e-03 1.173181201448080142e-03 2.266656037798784121e-02 1.966677807273027045e-01 9.209276747772433998e-04 4.641602695130703747e-03 6.248269768573112143e-03 7.576246052994631275e-03
0.000000000000000000e+00 5.443337219904961222e-01 1.069737054468244963e+00 1.278600809793655202e+00 1.560806518587687153e+00 1.142517754603488145e+00 4.640537985856052039e+00 1.151910837099640439e+01 8.101022777254539287e-02
0.000000000000000000e+00 1.965290310495598214e-01 1.338217152768093499e+00 1.388038870857468465e+00 1.560807222545155915e+00 2.206148351307825273e+00 3.014409265740545685e+00 6.946281485443564385e+00 8.662266144987088023e-02
0.000000000000000000e+00 1.965290310495598214e-01 1.250247569342250564e+00 1.424511058500011140e+00 1.685443649861381177e+00 2.621247127254985987e+00 3.149834680839517898e+00 5.862969014251180333e+00 8.648424032579664356e-02
0.000000000000000000e+00 2.400046174171778790e-01 3.703596280972207833e-01 1.470779754894868896e+00 1.829844973920464080e+00 1.703404015548657169e+00 1.790583969473355630e+00 2.094486632887661681e+00 2.431395382200278454e-01
0.000000000000000000e+00 1.092801686515678522e-03 2.271572880413281342e-02 2.183337637529230990e-01 3.592580798586098023e-02 8.884334884129009395e-04 4.302093143321512533e-03 6.383485971015869648e-03 6.117736794646909393e-03
0.000000000000000000e+00 3.052179969686029670e-01 1.827082674091639047e+00 3.181379352321569876e+00 3.015097306986469494e+00 2.743194006200431634e+00 7.848098366769455936e+00 8.469697678916443095e+00 4.712664120141969448e-01
0.000000000000000000e+00 1.313156514981368428e-01 1.461398138138565672e+00 2.022439785193319572e+00 2.248157591339088324e+00 1.271669430442160742e+00 3.420815474045732163e+00 1.460464220349231468e+01 5.547386113027433785e-01
0.000000000000000000e+00 1.092801686515678522e-03 1.231645461951578514e-03 1.531188259312973865e-01 2.323424620475598446e-01 6.593730632362885917e-04 3.543016319556632852e-03 1.954726894918679472e-02 4.917170745693121188e-03
0.000000000000000000e+00 1.092801686515678522e-03 2.269206682844730760e-02 2.269362509864800148e-02 9.514588698914173319e-04 9.112629607553282985e-04 3.995920461449071689e-03 2.794670643677702598e-02 7.276470917525388292e-03
0.000000000000000000e+00 6.610227194671179640e-02 2.094268935619389094e+00 4.653343759459129814e+00 1.146575959187679628e+00 2.608032548197882772e+00 2.019057330661783212e+01 8.879180416054778036e+00 4.124364082030222006e-02
0.000000000000000000e+00 1.092801686515678522e-03 1.202271164499381763e-03 4.442986001225633641e-02 1.530558873120081431e-01 9.197453983090118825e-04 4.710898494412197636e-03 6.358375080642724581e-03 7.366903925516440563e-03
0.000000000000000000e+00 1.092801686515678522e-03 1.202271164499381763e-03 2.183322054827224468e-01 5.358835186062479994e-02 8.884334884129009395e-04 4.302093143321512533e-03 6.276877835216057924e-03 6.117736794646909393e-03
0.000000000000000000e+00 1.092801686515678522e-03 1.173181201448080142e-03 2.183322054827224468e-01 1.844177731157568834e-02 7.464871821928952076e-04 3.760742824869186488e-03 2.369092994129419136e-02 6.158255147048151065e-03
0.000000000000000000e+00 1.092801686515678522e-03 2.271572880413281342e-02 1.531203842014980665e-01 1.063969989263354073e-03 9.185557208415380884e-04 4.706897002478636904e-03 7.545354023008630368e-03 7.351904055087564969e-03
0.000000000000000000e+00 1.965290310495598214e-01 3.351420611910467806e-01 1.069740355275298871e+00 1.829836171374283227e+00 1.703872397391467119e+00 1.687096519913418913e+00 4.126312869266251404e+00 7.415470945220379306e-01
0.000000000000000000e+00 1.092801686515678522e-03 1.173181201448080142e-03 1.313810327474904116e-01 1.770469021480792216e-01 7.511523207723672666e-04 4.341314677503843589e-03 5.117778778125041741e-03 2.364601539739098410e-02
0.000000000000000000e+00 1.092801686515678522e-03 1.313810327474904116e-01 1.767581085749806435e-01 1.833257855519766777e-02 8.530194271040679324e-04 3.808519750328139258e-03 6.327316589213596680e-03 6.220113598115683921e-03
0.000000000000000000e+00 1.092801686515678522e-03 1.173181201448080142e-03 4.442986001225633641e-02 4.440689003671963175e-02 9.137232606967528878e-04 5.166299446656009986e-03 6.113625196673039101e-03 2.902940825688275425e-02
0.000000000000000000e+00 1.092801686515678522e-03 1.313810327474904116e-01 1.943559171991381673e-01 1.186284570183676612e-01 1.504223786872710064e-02 3.654205232925252650e-03 5.142211043996473829e-03 5.366625214962312575e-03
0.000000000000000000e+00 1.747912378657528187e-01 1.338235359391614310e+00 1.424517671227742976e+00 1.560807222545155915e+00 2.413761730692150831e+00 3.149834680839517898e+00 1.424151440640416766e+01 6.975319135168209228e-02
0.000000000000000000e+00 1.092801686515678522e-03 1.314285879784154176e-01 1.943559171991381673e-01 1.909489270700945596e-01 1.227177611402451365e-02 3.823904172172942761e-02 4.179807392218821450e-03 2.790424405845168959e-02
0.000000000000000000e+00 5.443337219904961222e-01 1.121460481760460093e+00 1.242125092284137811e+00 1.436168500432605466e+00 1.142517754603488145e+00 4.775818990783676554e+00 1.169990652989054070e+01 4.166219781671388067e-01
0.000000000000000000e+00 2.182668242333688502e-01 1.408629094641807855e+00 2.022441834758883950e+00 2.248158190259287093e+00 1.064034359634122850e+00 3.420848165149496634e+00 1.514830665397992959e+01 5.541803035919671272e-01
0.000000000000000000e+00 1.092801686515678522e-03 1.314046947231758966e-01 2.119537258232973009e-01 5.828417826021496662e-02 7.041456732607664611e-04 3.572125501956387693e-03 4.325384956775478115e-03 1.956728263534648210e-02
0.000000000000000000e+00 1.092801686515678522e-03 1.173181201448080142e-03 1.313810327474904116e-01 1.798115815363479364e-01 7.511523207723672666e-04 4.311639121232458023e-03 2.391255239516067166e-02 6.060159022391077566e-03
0.000000000000000000e+00 1.313156514981368428e-01 1.303017860521137328e+00 1.606913163014927148e+00 2.568799724516911187e+00 1.998055973686107656e+00 2.878719105479362828e+00 2.567745269942476760e+00 6.270308605970035254e-01
0.000000000000000000e+00 5.443337219904961222e-01 1.104219339329721938e+00 1.169162695937083107e+00 1.560805788471180122e+00 1.142531489486648733e+00 4.504866588561787566e+00 1.278946272091268810e+01 6.964089644989203409e-02
0.000000000000000000e+00 1.092801686515678522e-03 2.271572880413281342e-02 1.313825910176890654e-01 2.280008095889398886e-02 9.185557208415380884e-04 4.706897002478636904e-03 6.223556521956042503e-03 7.351904055087564969e-03
0.000000000000000000e+00 1.173181201448080142e-03 1.173181201448080142e-03 4.436447876290276066e-02 1.570658113806766565e-01 9.197453983090118825e-04 5.443801461304042556e-03 7.690762225354179187e-03 7.431399420498766006e-03
0.000000000000000000e+00 1.965290310495598214e-01 1.320619344143935114e+00 1.388037250324760663e+00 1.623126218511317553e+00 2.101850507021824743e+00 3.149724450623983873e+00 7.126866956909243100e+00 8.666746655498477891e-02
0.000000000000000000e+00 1.747912378657528187e-01 1.215050699022502734e+00 1.716349330003985152e+00 2.408476082448992361e+00 2.413484859824697182e+00 2.607668502974803015e+00 2.567745269942476760e+00 2.658599176656438745e-01
0.000000000000000000e+00 1.092801686515678522e-03 2.269206682844730760e-02 1.313825910176890654e-01 1.037620899185851811e-03 9.173586554010304929e-04 4.702849189681558052e-03 2.788834879405511363e-02 7.223666309751606424e-03
0.000000000000000000e+00 1.092801686515678522e-03 1.314046947231758966e-01 2.119537258232973009e-01 7.270433311919291541e-02 7.051628296126828677e-04 3.574454632338928094e-03 5.290842194633416616e-03 5.157104005332845305e-03
0.000000000000000000e+00 2.182668242333688502e-01 1.408629094641807855e+00 1.926247510910179983e+00 2.488642421117653214e+00 1.583045813632555365e+00 2.201232419788002215e+00 2.567502672658606766e+00 8.504456349593787767e-02
0.000000000000000000e+00 2.400046174171778790e-01 3.703596280972207833e-01 1.493048760987759627e+00 1.781748826870706459e+00 1.783950801896247773e+00 1.998176498875546603e+00 1.688185480226587432e+00 7.712696760203227586e-02
0.000000000000000000e+00 1.747912378657528187e-01 3.527386500710406603e-01 1.069740355275298871e+00 1.781739009449930133e+00 1.324638108561802863e+00 1.790921592539173268e+00 4.126312869266251404e+00 7.415470945220379306e-01
0.000000000000000000e+00 1.092801686515678522e-03 2.271572880413281342e-02 2.266783235354086906e-02 4.438684932837134306e-02 9.137232606967528878e-04 4.617389369301367653e-03 6.173811925191292037e-03 2.890238860195284976e-02
0.000000000000000000e+00 1.092801686515678522e-03 1.313810327474904116e-01 1.943559171991381673e-01 8.978814730041312364e-02 6.071410289809976756e-04 3.623105717515602217e-03 1.875367591463323116e-02 5.167059733031427113e-03
0.000000000000000000e+00 1.313156514981368428e-01 1.232626626024502459e+00 1.570425922060234125e+00 1.810083049708645087e+00 6.615328632436482392e-01 1.998217898963108086e+00 6.716699703038936597e+00 2.660802273125426054e-01
0.000000000000000000e+00 3.269557901524119958e-01 1.893916358448831438e+00 2.869790694495655270e+00 3.118903903148882772e+00 2.607703609597320948e+00 8.029653958856455276e+00 8.301912992654520096e+00 4.712687947771423413e-01
0.000000000000000000e+00 2.182668242333688502e-01 1.408629094641807855e+00 1.878150348985826890e+00 2.488641753477036644e+00 1.583067808094939855e+00 2.472247915670037433e+00 2.567564069936284277e+00 8.510291950756181112e-02
0.000000000000000000e+00 2.400046174171778790e-01 1.338219576432008617e+00 3.742233162428573845e+00 8.854120281942281512e-01 1.998176498875546603e+00 2.182417910969947883e+01 8.083898997173042389e+00 1.157500133546800619e-01
0.000000000000000000e+00 5.878093083581141798e-01 1.069739260380565327e+00 1.278603958646033156e+00 1.373848800508972179e+00 1.142531489486648733e+00 4.505076296828920412e+00 1.369695341107759745e+01 2.137690498475928458e-01
0.000000000000000000e+00 5.225959288066891473e-01 1.104218228336781848e+00 1.242121969933475123e+00 1.560806518587687153e+00 1.142517754603488145e+00 4.776028382459162280e+00 1.170067199496460653e+01 5.844066644290605295e-01
0.000000000000000000e+00 1.747912378657528187e-01 3.528581026861352110e-01 1.018016927983083741e+00 1.351399015145834603e+00 1.262339308563007245e+00 1.302755054027298742e+00 4.261496634371513714e+00 7.725222200198855749e-02
0.000000000000000000e+00 1.747912378657528187e-01 1.373430976639931744e+00 1.388040478261657107e+00 1.498488200356236089e+00 2.413761730692150831e+00 3.149628599613824242e+00 8.433573989348754907e+00 8.707769450096543296e-02
0.000000000000000000e+00 1.092801686515678522e-03 1.173181201448080142e-03 2.400699986665314756e-01 8.452786702463482025e-04 7.464871821928952076e-04 3.731112166255254759e-03 2.291635686970251717e-02 6.158255147048151065e-03
0.000000000000000000e+00 1.747912378657528187e-01 1.391009358896404979e+00 2.166727119400716717e+00 2.328320011293245173e+00 3.150143623221872691e+00 2.019035492172399415e+01 7.111907627721312686e+00 2.897503679615336392e-01
0.000000000000000000e+00 1.747912378657528187e-01 1.285422507151452232e+00 1.424512731203089189e+00 1.747764132029884232e+00 2.621375110076476389e+00 3.014277697783707577e+00 4.598936417019766409e+00 8.575633269287670502e-02
0.000000000000000000e+00 2.262668557909372838e-02 3.487605228557731363e-01 8.947157860303974752e-01 8.561847716462288593e-01 1.310992226393214999e+00 1.403920552182192083e-01 2.768055158415651529e-01 2.692538650318468049e-02
0.000000000000000000e+00 1.173181201448080142e-03 1.231645461951578514e-03 1.313156514981368428e-01 2.324275937599885322e-01 1.835168731579359461e-02 3.494271440195972737e-03 5.083022712781964068e-03 4.995132837569401206e-03
0.000000000000000000e+00 1.530534446819437899e-01 2.999439991951530771e-01 1.138700513198258824e+00 1.241960491644628739e+00 1.511618108257535065e+00 1.001474870700478498e-01 2.433975181482918249e+00 6.201548923977628913e-02
0.000000000000000000e+00 2.182668242333688502e-01 1.162259773903586257e+00 1.570425922060234125e+00 1.810083049708645087e+00 2.725018377100331346e+00 2.472282214947368217e+00 2.733515243276610107e+00 8.510291950756181112e-02
0.000000000000000000e+00 2.182668242333688502e-01 2.005203808722672232e+00 2.932110394419289001e+00 3.015097306986469494e+00 2.472213212994216480e+00 1.855660286291761096e+01 4.549348345213104494e+00 8.570893394500422868e-01
0.000000000000000000e+00 6.610227194671179640e-02 3.053118223360507533e-01 8.946996252341121725e-01 9.416770493396408037e-01 1.166690625495943712e+00 7.767233906687194545e-02 8.981445895044054550e-02 4.637646156124624608e-01
0.000000000000000000e+00 8.792910835555783899e-02 4.445988505869768320e-02 1.943013597092339007e-01 1.303976594038183667e-01 9.696493041053165507e-02 2.637377219008663412e-02 9.681054303318974152e-02 3.541022918805714244e-03
0.000000000000000000e+00 1.747912378657528187e-01 1.355833168015772694e+00 2.262976306362512791e+00 2.328320011293245173e+00 1.686852503324721031e+00 2.607668502974803015e+00 5.140757988054861727e+00 8.595425573036939715e-02
0.000000000000000000e+00 1.092801686515678522e-03 1.202271164499381763e-03 1.531188259312973865e-01 1.241295274419065425e-01 7.493043891915214657e-04 4.305318260514908076e-03 6.183071442512270803e-03 2.367486851254418240e-02
0.000000000000000000e+00 1.965290310495598214e-01 1.373412770016410933e+00 2.166727119400716717e+00 2.328320011293245173e+00 3.014653226618769111e+00 2.019040525302520095e+01 7.111912707572535020e+00 3.200411225624942846e-01
0.000000000000000000e+00 2.182668242333688502e-01 1.391031286017649471e+00 2.118634109042023983e+00 2.248158754690069205e+00 1.479239123940395029e+00 2.878719105479362828e+00 1.369715151332741065e+01 6.974350493298878129e-02
0.000000000000000000e+00 1.965290310495598214e-01 1.303040995214726383e+00 1.497521596834721080e+00 2.568799724516911187e+00 1.583152759392732367e+00 3.285325077442621922e+00 7.707647472303787772e+00 8.696197073809630584e-02
0.000000000000000000e+00 1.747912378657528187e-01 1.373411550272246595e+00 1.388085339868477153e+00 2.007666977279197518e+00 2.621356727142883258e+00 3.014243801359798081e+00 5.682514402451918301e+00 8.653104418052565139e-02
0.000000000000000000e+00 2.182668242333688502e-01 1.285444434272696945e+00 1.351555195795097752e+00 1.685444432106253609e+00 2.517586504761708976e+00 3.420815474045732163e+00 8.615203648403912950e+00 8.718694385377301348e-02
0.000000000000000000e+00 2.400046174171778790e-01 1.144682926357168062e+00 1.752828026575149911e+00 2.328314261415034725e+00 2.102084443486847309e+00 2.607601120360476088e+00 2.733515243276610107e+00 8.510291950756181112e-02
0.000000000000000000e+00 2.182668242333688502e-01 1.391011793113830608e+00 1.878148299420264289e+00 2.328317409536496019e+00 1.790745354170409032e+00 6.349469246881858098e+00 1.333512576037762720e+01 5.994765790416921314e-02
0.000000000000000000e+00 2.400046174171778790e-01 1.338219576432008617e+00 2.070532795552012750e+00 2.328318779049734832e+00 3.285691039445299388e+00 2.019040525302520095e+01 6.405001349067772409e+00 4.256054725165607788e-01
0.000000000000000000e+00 3.486935833362209691e-01 1.224916436720766111e+00 2.311018605173771778e+00 3.637933293437688675e+00 3.420848165149496634e+00 1.184085087585542873e+01 9.289357149627880617e+00 2.241747036197860865e-01
0.000000000000000000e+00 5.225959288066891473e-01 1.086977085906043916e+00 1.278600809793655202e+00 1.560806518587687153e+00 1.142517754603488145e+00 4.640537985856052039e+00 1.315259161329325011e+01 2.137565555277476936e-01
0.000000000000000000e+00 5.225959288066891473e-01 1.121459370767520669e+00 1.242123537743049289e+00 1.498487522621525292e+00 1.142517754603488145e+00 4.776028382459162280e+00 1.170067199496460653e+01 5.844066644290605295e-01
0.000000000000000000e+00 1.530534446819437899e-01 2.823655834933661568e-01 1.121458254433092216e+00 1.241958679675399191e+00 1.511631169590903490e+00 7.417223843168536668e-01 2.330466683416099194e+00 6.230072098929807789e-02
0.000000000000000000e+00 1.092801686515678522e-03 1.173181201448080142e-03 1.531188259312973865e-01 1.269326298276383658e-01 7.493043891915214657e-04 3.799626029126746112e-03 5.198291206161032539e-03 2.367486851254418240e-02
0.000000000000000000e+00 1.313156514981368428e-01 1.443819688873762663e+00 2.070594151946361539e+00 2.248157591339088324e+00 1.271669430442160742e+00 3.285325077442621922e+00 1.737622518230034885e+00 7.807272780604512796e-02
0.000000000000000000e+00 1.092801686515678522e-03 2.273962205937232403e-02 1.096447978338820767e-01 2.500549091934483048e-01 6.184847732852395349e-04 3.103439237772418445e-03 5.127114090210213755e-03 1.941528769654598391e-02
0.000000000000000000e+00 1.747912378657528187e-01 2.471712246937741442e-01 7.505028338383075148e-01 1.084159956790467838e+00 1.166454036758638901e+00 1.863727657616571998e+00 1.915433623271779462e+00 8.752431006079427478e-01
0.000000000000000000e+00 1.530733257036518691e-01 1.767787317484128540e-01 8.081786960802465059e-01 1.112656505989575217e+00 4.106584057207205429e-01 1.562119222645527994e-01 1.335847761770656783e+00 3.576926774529162051e-02
0.000000000000000000e+00 2.182668242333688502e-01 1.303022749993037355e+00 1.351556829421777017e+00 1.623125488394813187e+00 2.309973125377383418e+00 3.691654484423140037e+00 6.766027231246021678e+00 8.679781698747564278e-02
0.000000000000000000e+00 3.269557901524119958e-01 1.162285783038370379e+00 2.647685867788509118e+00 3.430320510306223092e+00 3.420466515265021101e+00 1.147817547963133755e+01 7.128418966210269048e+00 3.978213682151006125e-01
0.000000000000000000e+00 2.400046174171778790e-01 3.527618194730633427e-01 1.426240356469686166e+00 1.829841814947158696e+00 2.184664344520560686e+00 1.686874497787100413e+00 2.501071550619161421e+00 2.434489817479138507e-01
0.000000000000000000e+00 5.008581356228800630e-01 1.121458254433092216e+00 1.278602390836457214e+00 1.436167822697891783e+00 1.142531489486648733e+00 4.775847381768001831e+00 1.278959533722728459e+01 6.967066267611936314e-02
0.000000000000000000e+00 2.400046174171778790e-01 1.285445676553474303e+00 1.351556829421777017e+00 1.685445188318443588e+00 2.517404997716004900e+00 3.285291985102469781e+00 8.252207372337949209e+00 2.686129746656532591e-01
0.000000000000000000e+00 1.965290310495598214e-01 1.408608387264728368e+00 2.166731270966377298e+00 2.007673821442746753e+00 1.583089499518646859e+00 2.472282214947368217e+00 1.605636208112212415e+01 4.310519732628095846e-01
0.000000000000000000e+00 2.617424106009869078e-01 1.320622971704141557e+00 2.166727119400716717e+00 2.328320011293245173e+00 3.149514252932980263e+00 2.000831556303285197e+01 6.405001349067772409e+00 4.423215898698215076e-01
0.000000000000000000e+00 2.400046174171778790e-01 1.338219576432008617e+00 1.351606560638006771e+00 1.498488200356236089e+00 2.621375110076476389e+00 3.014277697783707577e+00 5.682449245813870675e+00 8.648424032579664356e-02
0.000000000000000000e+00 3.052179969686029670e-01 1.916158698463199306e+00 2.745151294648391360e+00 3.326516956699227201e+00 2.743194006200431634e+00 8.029596504802443135e+00 1.048314891483724232e+01 2.194712772356869068e-01
0.000000000000000000e+00 2.182668242333688502e-01 1.338218367241354789e+00 1.388040478261657107e+00 2.167990619347115899e+00 2.517186549137094609e+00 2.878719105479362828e+00 1.406014778939336729e+01 2.138210048025801224e-01
0.000000000000000000e+00 1.965290310495598214e-01 1.408647498445135815e+00 2.118634109042023983e+00 2.248158754690069205e+00 1.686852503324721031e+00 4.522953491438854279e+00 1.315316084673288444e+01 5.992427146340379568e-02
0.000000000000000000e+00 2.834802037847938827e-01 1.320643762110811359e+00 2.022437718134083795e+00 2.488642421117653214e+00 3.692105209634302554e+00 1.728644565717910453e+01 5.200171713510598259e+00 1.151475968333830480e+00
0.000000000000000000e+00 1.747912378657528187e-01 1.767996078490039202e-01 8.658602757889101165e-01 4.686346571349481183e-01 9.214110328957586526e-01 1.085006116243258656e-01 2.094155526074116536e-02 2.039427917426605077e-02
0.000000000000000000e+00 2.182668242333688502e-01 1.373433477393490199e+00 2.311020689680194806e+00 3.015093751537571976e+00 3.827268711458538863e+00 1.129673368466168171e+01 8.424908302377717817e+00 1.076272140865330712e-01
0.000000000000000000e+00 1.965290310495598214e-01 1.303060646700183511e+00 1.460996458504046025e+00 2.488637031712888970e+00 1.894613493520449277e+00 3.285291985102469781e+00 8.978199924469878468e+00 2.484479935094367486e-01
0.000000000000000000e+00 2.262668557909372838e-02 3.270464339700732692e-01 9.091188154232906493e-01 3.795592757349521285e-01 3.574927003657656088e-02 7.251000440977384449e-03 1.142575497589700360e-02 4.033270298446915009e-02
0.000000000000000000e+00 1.530534446819437899e-01 1.197451631949618012e+00 1.789306710322487115e+00 2.488637903482953107e+00 1.998400001255199676e+00 1.689454726945442409e-01 2.364968976408354795e+00 7.731411338861807203e-02
0.000000000000000000e+00 1.965290310495598214e-01 1.250247569342250564e+00 1.497471900305977321e+00 1.685445188318443588e+00 2.621375110076476389e+00 3.149562706772905951e+00 4.237830630726445058e+00 8.570526450068849389e-02
0.000000000000000000e+00 1.313156514981368428e-01 1.215048176759699672e+00 1.570424184904588571e+00 1.810082241493737421e+00 1.142517754603488145e+00 1.583045813632555365e+00 6.550756580443084509e+00 8.549475584686275220e-02
0.000000000000000000e+00 6.747604810933481856e-01 2.167147378327081597e+00 2.495888816596955717e+00 3.118903996678634716e+00 2.336687709768587862e+00 2.000832344188611600e+01 4.609788704418247285e+00 4.423100727283766909e-01
0.000000000000000000e+00 1.747912378657528187e-01 1.767996078490039202e-01 8.514401209299321538e-01 4.686340057046537444e-01 9.578928117572184098e-01 6.032558233514490748e-02 2.091561738415886190e-02 1.650245257873322324e-01
0.000000000000000000e+00 1.092801686515678522e-03 3.704967577693815128e-01 9.091197800930901352e-01 9.131804353985402134e-01 1.022241535080798958e+00 1.587788246980471885e-02 4.012837264451855068e-01 8.987823153995451453e-02
0.000000000000000000e+00 2.400046174171778790e-01 3.351640108489041259e-01 9.663153979398598770e-01 1.351398073779307873e+00 1.449102869973428298e+00 1.222693310520606369e+00 1.500302155231742596e+00 6.218773207910242851e-02
0.000000000000000000e+00 5.660715151743052065e-01 1.069738160107414515e+00 1.278602390836457214e+00 1.498487522621525292e+00 1.142517754603488145e+00 4.640537985856052039e+00 1.151910837099640439e+01 8.101022777254539287e-02
0.000000000000000000e+00 1.313156514981368428e-01 1.768167587352522108e-01 8.081777314104477972e-01 1.112683293309147725e+00 1.166694129822892334e+00 2.028200663506483648e-01 3.391252157651986066e-01 4.364194984307763758e-01
0.000000000000000000e+00 2.617424106009869078e-01 3.351652477162231913e-01 9.663165066424980187e-01 1.351399015145834603e+00 1.386776753490129410e+00 1.222693310520606369e+00 1.604108844923902932e+00 6.224441176322691172e-02
0.000000000000000000e+00 1.965290310495598214e-01 1.391010578640569317e+00 1.974340556209730702e+00 2.007670827273280167e+00 1.998420183212614942e+00 3.014277697783707577e+00 5.863034717279560049e+00 8.653104418052565139e-02
0.000000000000000000e+00 1.092801686515678522e-03 1.173181201448080142e-03 2.835455850341474515e-01 1.844569029182645606e-02 7.493043891915214657e-04 3.769935195266723663e-03 6.130008423634023852e-03 6.183071442512270803e-03
0.000000000000000000e+00 2.182668242333688502e-01 1.893883445397363419e+00 2.869778334354956328e+00 3.222709433131095480e+00 2.743330398690039473e+00 1.855671499477525543e+01 4.726086872618960655e+00 8.570893394500422868e-01
0.000000000000000000e+00 1.092801686515678522e-03 1.202271164499381763e-03 2.183322054827224468e-01 1.239139176221874805e-01 7.932645432083070165e-04 4.344418928407551422e-03 5.228550883558879918e-03 6.220113598115683921e-03
0.000000000000000000e+00 1.530534446819437899e-01 1.232686608647173276e+00 1.716349330003985152e+00 2.648961545550872376e+00 2.102165423246900477e+00 1.688413641188686865e-01 1.146279830661858679e+00 1.982809076623253952e-01
0.000000000000000000e+00 1.530534446819437899e-01 1.767787317484128540e-01 8.081786960802465059e-01 1.112656505989575217e+00 3.741779848177383960e-01 1.566078540379401141e-01 1.398133853875853871e+00 3.576926774529162051e-02
0.000000000000000000e+00 1.965290310495598214e-01 3.703376784393651033e-01 1.470776975404586073e+00 1.926037210802422850e+00 1.863856196754001715e+00 1.790380751329024855e+00 4.681593245488007704e-01 7.398642033851540178e-01
0.000000000000000000e+00 2.400046174171778790e-01 1.320621767807850233e+00 1.388040478261657107e+00 1.498488200356236089e+00 2.517568420384311167e+00 3.149801588499358651e+00 1.406008230345815413e+01 6.459885606415113335e-01
0.000000000000000000e+00 1.092801686515678522e-03 3.487589645855745935e-01 9.235389702822686120e-01 8.846830095007367500e-01 1.166536392369619479e+00 1.556134076014061007e-02 8.975012234016775670e-02 2.674184927473791107e-02
0.000000000000000000e+00 1.092801686515678522e-03 1.313810327474904116e-01 1.943559171991381673e-01 1.041594643403206955e-01 6.078427641989703114e-04 3.625408746155647788e-03 5.078165285567332737e-03 5.167059733031427113e-03
0.000000000000000000e+00 1.530534446819437899e-01 1.179853823325459627e+00 1.752868807659313743e+00 2.488636126212499189e+00 2.309860133484529232e+00 3.044015700203245856e-01 2.636618256448336695e+00 7.755671067248784412e-02
0.000000000000000000e+00 1.092801686515678522e-03 1.173181201448080142e-03 2.400699986665314756e-01 1.860952553536516715e-02 7.474322780768706889e-04 4.269163879080024350e-03 5.178007176671389419e-03 6.158255147048151065e-03
0.000000000000000000e+00 5.225959288066891473e-01 1.086977085906043916e+00 1.315081230696637515e+00 1.560807222545155915e+00 1.062341968413443194e+00 4.640537985856052039e+00 1.297109347526026646e+01 3.578022145441388524e-01
0.000000000000000000e+00 5.225959288066891473e-01 1.104218228336781848e+00 1.315082811739441082e+00 1.436168500432605466e+00 1.142517754603488145e+00 4.640537985856052039e+00 1.278959533722728459e+01 3.577883473210339838e-01
0.000000000000000000e+00 1.965290310495598214e-01 2.823877464989782982e-01 5.176145002332031009e-01 2.112776088838795585e-01 3.526358684829269258e-02 4.389868713503308414e-03 4.155778549759800433e-02 7.096914537274387480e-03
0.000000000000000000e+00 2.617424106009869078e-01 3.351456887512545557e-01 9.662967529800731148e-01 1.351399015145834603e+00 1.262137353642865722e+00 1.142558269542062410e+00 1.500158827594059607e+00 6.201548923977628913e-02
0.000000000000000000e+00 1.530534446819437899e-01 4.231480524866360615e-01 8.973321832571190537e-01 1.424356007024281778e+00 1.573647094118682199e+00 8.216175079570106066e-01 2.019143979810589684e+00 6.224441176322691172e-02
0.000000000000000000e+00 4.436447876290276066e-02 3.052864883608766289e-01 8.658744851175549373e-01 2.421379966374927750e-01 6.056061344954764003e-01 9.316661382738344876e-03 1.558045735965274230e-02 1.544526302372551362e-02
0.000000000000000000e+00 1.095778583143278001e-01 3.053390841721465576e-01 8.658612316546830945e-01 1.570273616610118772e+00 1.511530076055962235e+00 1.805896370791362504e-01 1.077596386210489809e+00 1.508151892336366540e-01
0.000000000000000000e+00 5.660913961960132301e-01 1.052516620017545090e+00 1.242120388890671334e+00 3.210091576369372923e+00 1.686531340510504462e+00 1.710522752084196796e+01 7.605807554685660499e+00 6.905078503671890910e-01
0.000000000000000000e+00 2.617424106009869078e-01 1.320622971704141557e+00 2.070532795552012750e+00 2.408480600083696022e+00 3.421153124004067347e+00 1.982703794101644590e+01 6.670093108507058055e+00 3.913582346767072728e-01
0.000000000000000000e+00 1.747912378657528187e-01 1.373411550272246595e+00 1.388040478261657107e+00 1.498488200356236089e+00 2.517568420384311167e+00 3.014105456163521435e+00 8.615072127381731448e+00 8.711483663266704480e-02
0.000000000000000000e+00 1.096432395636813828e-01 2.272366621954891377e-02 1.943013597092339007e-01 1.303976594038183667e-01 9.696493041053165507e-02 2.637377219008663412e-02 9.681054303318974152e-02 5.017765209523526726e-02
0.000000000000000000e+00 1.092801686515678522e-03 2.269206682844730760e-02 1.313825910176890654e-01 6.611069608251865515e-02 9.209276747772433998e-04 4.678215681619925757e-03 6.187249048205442810e-03 7.511315145031780167e-03
0.000000000000000000e+00 2.400244984388859582e-01 1.355817385056166557e+00 2.311020689680194806e+00 3.430320510306223092e+00 3.149899662343655926e+00 2.037169637510507059e+01 3.738421120437932288e+00 5.469850065783260495e-01
0.000000000000000000e+00 1.747912378657528187e-01 2.119561810777723654e-01 7.793412539496339386e-01 1.084159956790467838e+00 1.166690625495943712e+00 1.864112622930205188e+00 1.915433623271779462e+00 1.417204687020372500e+00
0.000000000000000000e+00 5.660913961960132301e-01 1.052516620017545090e+00 1.169159547084705375e+00 3.290251418486235924e+00 1.686552850577320406e+00 1.710527406803666395e+01 7.729502212309848908e+00 6.905078503671890910e-01
0.000000000000000000e+00 1.095778583143278001e-01 4.443758724848649588e-02 1.426203751141309262e+00 2.682196483674657017e-01 7.248010808328950692e-03 3.574543670613385127e-02 4.029605102657194543e-02 1.541987036284786505e-01
0.000000000000000000e+00 1.747912378657528187e-01 2.471517983260890505e-01 7.505028338383075148e-01 1.084159956790467838e+00 1.166454036758638901e+00 1.863727657616571998e+00 1.915433623271779462e+00 1.010733497211046883e+00
0.000000000000000000e+00 2.182668242333688502e-01 1.408629094641807855e+00 2.070538996683235045e+00 2.248158754690069205e+00 1.375432434248229585e+00 3.014243801359798081e+00 1.351565337529442701e+01 6.973310861635209634e-02
0.000000000000000000e+00 1.965290310495598214e-01 1.408627846959678465e+00 1.878148299420264289e+00 2.248155588502534830e+00 1.583152759392732367e+00 3.420815474045732163e+00 1.623812544578915151e+01 5.994765790416921314e-02
0.000000000000000000e+00 2.834802037847938827e-01 1.893863348626066978e+00 2.932105519969586460e+00 3.326517142704803920e+00 2.200993344279719821e+00 8.392763476133971778e+00 8.805267051440285542e+00 3.661731883392183584e-01
0.000000000000000000e+00 1.965290310495598214e-01 2.999659036376802201e-01 7.124936495412949045e-01 1.595304369648018472e-01 6.782036217971332270e-02 5.483237998514941050e-03 5.370693859570963707e-02 3.106803469886426985e-02
0.000000000000000000e+00 2.182668242333688502e-01 1.373453162594097332e+00 2.311020689680194806e+00 3.637933889690548650e+00 3.420815474045732163e+00 1.238555181759400625e+01 8.713186655891236754e+00 4.243398891162870057e-01
0.000000000000000000e+00 3.269557901524119958e-01 1.215059356923494871e+00 2.503400895130154957e+00 3.534127199998383873e+00 3.285357768546393054e+00 1.111491467827002921e+01 9.001143671667547252e+00 2.675496617454785064e-01
0.000000000000000000e+00 5.225959288066891473e-01 1.086977085906043916e+00 1.278600809793655202e+00 1.560806518587687153e+00 1.142517754603488145e+00 4.776028382459162280e+00 1.260816268512951588e+01 2.137295049985766526e-01
0.000000000000000000e+00 1.313156514981368428e-01 1.338213477769454984e+00 1.388033970011796514e+00 1.747764132029884232e+00 2.517241274952525920e+00 3.284673552104077743e+00 7.525449355131955897e+00 8.696197073809630584e-02
0.000000000000000000e+00 1.092801686515678522e-03 1.313810327474904116e-01 1.767581085749806435e-01 1.907756147274628222e-01 6.248707002228969442e-04 3.563288684597975490e-03 5.306817611526410371e-03 1.941272021078933180e-02
0.000000000000000000e+00 1.092801686515678522e-03 1.314285879784154176e-01 1.943559171991381673e-01 1.906559848406140234e-01 1.226062838955063045e-02 1.473730433107217457e-02 4.237973625060079998e-03 1.602575874770502742e-02
0.000000000000000000e+00 1.965290310495598214e-01 1.426245307069294421e+00 1.205644671381154165e+00 2.408475210678931777e+00 1.894633374715877450e+00 3.285325077442621922e+00 9.522628852633607366e+00 2.485091897774428793e-01
0.000000000000000000e+00 1.747912378657528187e-01 1.338235359391614310e+00 1.388037250324760663e+00 1.560806518587687153e+00 2.517586504761708976e+00 3.285325077442621922e+00 1.424158044149113600e+01 6.976216248012283294e-02
0.000000000000000000e+00 1.092801686515678522e-03 2.269206682844730760e-02 2.269362509864800148e-02 8.800518484155722687e-02 9.161542149603251178e-04 5.394298529152895608e-03 7.708051048734405886e-03 7.514344374743487168e-03
0.000000000000000000e+00 1.965290310495598214e-01 1.267825918271458630e+00 1.460993152106071280e+00 1.685445188318443588e+00 2.517568420384311167e+00 3.149595852766625903e+00 4.779521888485454895e+00 8.580676976344735196e-02
0.000000000000000000e+00 1.092801686515678522e-03 1.314046947231758966e-01 2.119537258232973009e-01 5.828417826021496662e-02 7.041456732607664611e-04 3.572125501956387693e-03 4.325384956775478115e-03 1.956728263534648210e-02
0.000000000000000000e+00 1.747912378657528187e-01 1.391028785264090128e+00 1.926241309778955024e+00 2.248154852482731059e+00 2.309820070331690900e+00 2.607668502974803015e+00 2.401732699324480524e+00 8.521786428629278543e-02
0.000000000000000000e+00 8.790544637987234011e-02 4.445988505869768320e-02 1.767197579655174211e-01 2.745984583214327590e-01 1.702201775353587299e-01 2.298996015950015379e-03 9.545380486213404791e-02 3.452791060594799510e-02
0.000000000000000000e+00 1.747912378657528187e-01 4.231298845676755849e-01 1.448536301641007551e+00 1.829843939959047816e+00 1.783962021773704443e+00 1.790583969473355630e+00 1.010563460062801733e+00 7.399741976752163275e-01
0.000000000000000000e+00 1.092801686515678522e-03 1.313810327474904116e-01 1.767581085749806435e-01 1.186504223851364143e-01 6.213734314723219979e-04 3.479171503226605438e-03 1.954271821665471212e-02 5.311344903884529685e-03
0.000000000000000000e+00 1.092801686515678522e-03 1.313810327474904116e-01 1.767035510850763769e-01 1.329241712959016997e-01 6.220830097491583492e-04 3.530244234517270277e-03 5.266472108250687401e-03 1.946365722702332948e-02
0.000000000000000000e+00 3.052179969686029670e-01 1.056658234203980307e+00 1.789304960376017606e+00 2.488637031712888970e+00 2.413484859824697182e+00 1.728672565887494628e+01 6.245076437872499220e+00 3.271846945520591743e-01
0.000000000000000000e+00 1.965290310495598214e-01 1.408608387264728368e+00 1.974342623268968699e+00 2.167995136981819559e+00 1.790745354170409032e+00 3.014243801359798081e+00 4.237830630726445058e+00 8.570526450068849389e-02
0.000000000000000000e+00 8.790544637987234011e-02 4.445988505869768320e-02 1.767197579655174211e-01 2.745984583214327590e-01 1.515181318231504648e-01 1.171930334076073249e-02 3.439290350365427351e-02 5.470826331371336781e-02
0.000000000000000000e+00 1.313156514981368428e-01 1.461417497497921714e+00 2.070536947117672888e+00 2.328320011293245173e+00 9.602056754795779137e-01 3.149867371943282368e+00 1.903513787464286011e+00 7.801747803384315172e-02
0.000000000000000000e+00 1.530534446819437899e-01 2.295721576208903658e-01 1.155937158364056971e+00 1.351399015145834603e+00 1.386978708410271155e+00 7.417223843168536668e-01 1.603819855570955744e+00 6.189884287557430309e-02
0.000000000000000000e+00 5.443337219904961222e-01 1.018013627176029612e+00 1.388037250324760663e+00 1.560806518587687153e+00 1.142517754603488145e+00 4.640537985856052039e+00 1.170060650902939337e+01 2.488164815502788563e-01
0.000000000000000000e+00 1.965290310495598214e-01 3.000053996763125119e-01 5.058373260944205585e-01 1.108689022024628157e-01 1.802043813487809107e-02 2.157200956078630244e-02 2.427344393852021859e-02 6.802569764853944566e-03
0.000000000000000000e+00 1.092801686515678522e-03 1.313810327474904116e-01 1.767581085749806435e-01 1.907756147274628222e-01 1.505869342460046736e-02 2.566249295249801651e-03 4.406695618686467912e-03 1.615756431401509097e-02
0.000000000000000000e+00 1.313156514981368428e-01 1.355811286393613146e+00 1.351555195795097752e+00 1.747764132029884232e+00 2.517241274952525920e+00 3.149183155500967057e+00 8.070643748369752402e+00 8.703983302426318569e-02
0.000000000000000000e+00 1.092801686515678522e-03 1.202271164499381763e-03 1.313810327474904116e-01 1.620658660726541633e-01 7.502313828257378735e-04 4.308500264579965405e-03 6.195443213219836015e-03 2.363403901349725098e-02
0.000000000000000000e+00 1.965290310495598214e-01 1.250228109647300245e+00 1.497471900305977321e+00 1.685445188318443588e+00 2.621375110076476389e+00 3.149768094386818262e+00 4.057245159260756573e+00 8.565356898128749508e-02
0.000000000000000000e+00 5.443337219904961222e-01 1.086978196898983118e+00 1.278602390836457214e+00 1.498487522621525292e+00 1.142517754603488145e+00 4.640537985856052039e+00 1.133761023296342785e+01 8.098790846092618345e-02
0.000000000000000000e+00 1.313156514981368428e-01 1.767581085749806435e-01 8.081777314104477972e-01 1.112683293309147725e+00 1.214791291747243207e+00 2.028113437519469819e-01 4.014767311581157183e-01 3.563374910640921822e-01
0.000000000000000000e+00 1.092801686515678522e-03 3.487589645855745935e-01 9.235389702822686120e-01 9.131804353985402134e-01 9.741443731564480846e-01 7.790513811492819074e-02 8.968522682702730064e-02 2.739804420593912673e-02
0.000000000000000000e+00 1.313156514981368428e-01 1.426221880249604279e+00 2.070532795552012750e+00 2.488642421117653214e+00 1.583045813632555365e+00 2.164300122875253152e+01 5.962766105639338399e+00 4.256493860066547508e-01
0.000000000000000000e+00 2.617424106009869078e-01 1.320622971704141557e+00 2.166727119400716717e+00 2.328320011293245173e+00 3.150143623221872691e+00 2.000831556303285197e+01 6.405001349067772409e+00 4.423215898698215076e-01
0.000000000000000000e+00 1.965290310495598214e-01 3.000053996763125119e-01 5.175881947897492674e-01 8.396082176999110358e-02 7.787773688817227220e-04 2.157119897613531817e-02 6.950521150124329070e-03 2.401247379362545648e-02
0.000000000000000000e+00 3.052179969686029670e-01 1.916133864735580339e+00 2.682831594724761182e+00 3.534130104021549368e+00 2.607055357199393519e+00 7.848098366769455936e+00 1.014680062972765562e+01 4.276839658404617273e-02
0.000000000000000000e+00 1.092801686515678522e-03 1.173181201448080142e-03 2.183322054827224468e-01 1.844177731157568834e-02 7.464871821928952076e-04 3.760742824869186488e-03 2.369092994129419136e-02 6.158255147048151065e-03
0.000000000000000000e+00 2.617424106009869078e-01 1.320622971704141557e+00 2.070532795552012750e+00 2.488642421117653214e+00 3.421124416428087844e+00 1.764900937620993204e+01 7.826853902418474007e+00 5.469626839914377703e-01
0.000000000000000000e+00 1.965290310495598214e-01 1.250228109647300245e+00 1.497471900305977321e+00 1.685445188318443588e+00 2.517077265790476304e+00 3.149595852766625903e+00 8.978134438534665307e+00 8.722189930969502514e-02
0.000000000000000000e+00 2.400046174171778790e-01 1.320641293801791960e+00 1.388040478261657107e+00 1.498488200356236089e+00 2.413761730692150831e+00 3.420815474045732163e+00 1.406014778939336729e+01 6.459975317699521158e-01
0.000000000000000000e+00 2.617424106009869078e-01 1.373416397576617154e+00 2.118636158607588360e+00 3.326512583106555621e+00 3.556465324419631813e+00 1.855618321342114996e+01 6.934774558442383885e+00 3.913264505177265762e-01
0.000000000000000000e+00 1.965290310495598214e-01 1.320638803838885433e+00 1.388037250324760663e+00 1.623126218511317553e+00 2.517241274952525920e+00 2.878820795293143942e+00 6.585244653691162853e+00 8.662266144987088023e-02
0.000000000000000000e+00 6.610227194671179640e-02 3.053118223360507533e-01 8.946996252341121725e-01 9.416770493396408037e-01 1.166690625495943712e+00 7.767233906687194545e-02 2.749475902681005821e-02 4.637326584922322192e-01
0.000000000000000000e+00 2.400046174171778790e-01 2.295576331100108169e-01 1.104237769291849691e+00 1.278439100578381504e+00 1.449204032153875499e+00 1.222566779316798025e+00 5.652089031274173392e-01 1.510487876340852464e-01
0.000000000000000000e+00 1.092801686515678522e-03 1.313810327474904116e-01 1.767035510850763769e-01 1.905074357978147892e-01 6.248707002228969442e-04 3.563288684597975490e-03 5.306817611526410371e-03 1.941272021078933180e-02
0.000000000000000000e+00 1.965290310495598214e-01 2.999855551231374595e-01 7.259253529557012641e-01 1.250484329817011797e-01 4.555078268853719747e-02 2.775258220973862364e-02 9.155510750682341325e-03 3.103010296413687141e-02
0.000000000000000000e+00 2.182668242333688502e-01 1.355835668769332036e+00 1.351561651599621383e+00 1.498488200356236089e+00 2.102341661615659607e+00 2.607969966158265152e+00 8.029519700026717999e+00 8.671159702911052092e-02
0.000000000000000000e+00 2.400046174171778790e-01 1.916129314511748616e+00 2.994422747801940066e+00 3.326517142704803920e+00 2.472178106371691886e+00 7.666393701096842150e+00 1.048304193481278723e+01 3.962240758364261595e-01
0.000000000000000000e+00 2.182668242333688502e-01 1.391031286017649471e+00 2.118634109042023983e+00 2.248158754690069205e+00 1.583045813632555365e+00 2.743194006200431634e+00 1.369715151332741065e+01 6.974350493298878129e-02
0.000000000000000000e+00 8.790544637987234011e-02 4.445988505869768320e-02 1.943175665896749449e-01 2.745857700606938456e-01 1.609413123127183820e-01 4.324920231755240846e-02 1.416524832540489234e-02 4.007545526375216362e-03
0.000000000000000000e+00 1.092801686515678522e-03 2.269206682844730760e-02 2.835471433043481038e-01 8.491746564560631854e-04 7.493043891915214657e-04 4.305318260514908076e-03 6.342905773917472019e-03 6.183071442512270803e-03
0.000000000000000000e+00 2.182668242333688502e-01 1.391011793113830608e+00 1.878148299420264289e+00 2.408479230570453211e+00 1.790724267672531234e+00 6.183414650324439599e+00 1.315362762234464533e+01 1.836512935463232576e-01
0.000000000000000000e+00 1.530534446819437899e-01 2.295721576208903658e-01 8.370218733855444571e-01 4.686346571349481183e-01 9.212902951090780057e-01 1.207230151017508329e-02 2.132782240917312500e-01 2.130152379619910663e-01
0.000000000000000000e+00 2.182668242333688502e-01 1.355816175865513173e+00 2.311018605173771778e+00 3.430319914053363117e+00 3.149931552570688797e+00 2.055298361341885993e+01 3.811035085769625574e+00 5.270600892225418832e-01
0.000000000000000000e+00 6.747604810933481856e-01 2.224109579819299132e+00 2.308934166878326977e+00 2.807483834072396434e+00 2.878787301180603553e+00 1.855660286291761096e+01 5.521351463157151862e+00 4.872095715725121567e-01
0.000000000000000000e+00 1.965290310495598214e-01 1.426206195888886752e+00 2.166733320531939455e+00 1.927512495599803088e+00 1.583089499518646859e+00 2.472282214947368217e+00 1.605636208112212415e+01 3.073483883029746178e-01
0.000000000000000000e+00 3.052179969686029670e-01 1.893864858642690940e+00 2.869788268914102769e+00 3.326517142704803920e+00 2.472178106371691886e+00 8.573884391261756832e+00 9.140939426936105505e+00 3.661460693192157279e-01
0.000000000000000000e+00 1.092801686515678522e-03 1.313810327474904116e-01 1.943559171991381673e-01 1.833347667403153677e-02 8.542895750636008432e-04 3.811409441112206635e-03 6.339864690177962267e-03 6.232412049963847837e-03
0.000000000000000000e+00 1.965290310495598214e-01 2.999855551231374595e-01 5.058644487440788762e-01 1.511640124456808676e-01 1.803884286194538597e-02 2.163070243768179871e-02 7.064747087270764961e-03 7.064747087270764961e-03
0.000000000000000000e+00 1.096669015393668678e-01 2.272366621954891377e-02 1.767197579655174211e-01 2.745984583214327590e-01 3.481295227302845241e-01 3.018808555437409516e-02 9.943199010181087705e-02 5.850520138121566988e-02
0.000000000000000000e+00 1.747912378657528187e-01 1.391009358896404979e+00 2.070532795552012750e+00 2.328318779049734832e+00 1.894509568595138305e+00 4.357190838157427137e+00 1.333459800379859672e+01 5.992427146340379568e-02
0.000000000000000000e+00 1.313156514981368428e-01 1.232626626024502459e+00 1.606906342963217771e+00 1.747764132029884232e+00 6.615328632436482392e-01 1.894572828469218484e+00 6.882642374056036516e+00 8.549475584686275220e-02
0.000000000000000000e+00 2.182668242333688502e-01 1.338218367241354789e+00 2.166725017493361438e+00 2.328319412373049069e+00 3.692133917210281613e+00 1.746799682472990867e+01 5.305258375531515469e+00 1.319086971796709751e+00
0.000000000000000000e+00 1.747912378657528187e-01 1.197452890398344350e+00 1.752828026575149911e+00 2.408476082448992361e+00 2.413484859824697182e+00 2.472178106371691886e+00 2.733697941938031839e+00 8.527444619995555586e-02
0.000000000000000000e+00 1.747912378657528187e-01 1.767799901971392196e-01 8.947005855068651536e-01 1.533794235117586835e+00 5.894823113571103779e-01 2.651483123695591027e-01 1.879129494795484634e+00 1.508151892336366540e-01
0.000000000000000000e+00 5.008581356228800630e-01 1.138699396863831259e+00 1.205643116840066975e+00 1.560806518587687153e+00 1.142517754603488145e+00 4.369347800974350271e+00 1.297096085894566819e+01 6.965611654382371232e-02
0.000000000000000000e+00 1.092801686515678522e-03 2.271572880413281342e-02 4.443141828245704417e-02 2.276878900012604956e-02 9.137232606967528878e-04 4.617389369301367653e-03 2.791160510900032171e-02 7.179406009319846266e-03
0.000000000000000000e+00 1.965290310495598214e-01 2.824075910521533506e-01 5.176145002332031009e-01 1.511640124456808676e-01 1.803884286194538597e-02 3.887184486841992886e-02 2.431664306685987417e-02 7.086223160346085369e-03
0.000000000000000000e+00 1.313156514981368428e-01 1.443819688873762663e+00 2.022496990022010888e+00 2.408480600083696022e+00 1.271647739018448631e+00 3.149801588499358651e+00 1.903635088848038226e+00 7.812744630925247402e-02
0.000000000000000000e+00 1.965290310495598214e-01 1.320619344143935114e+00 1.460998092130727066e+00 2.328314261415034725e+00 1.790826685023712450e+00 3.556338561752608207e+00 8.796701786436898374e+00 8.722189930969502514e-02
0.000000000000000000e+00 1.747912378657528187e-01 1.338215933023929161e+00 1.388037250324760663e+00 1.560806518587687153e+00 2.621393194453869757e+00 3.149801588499358651e+00 9.885625128699572883e+00 4.163522855041749682e-01
0.000000000000000000e+00 1.096432395636813828e-01 2.272366621954891377e-02 1.943013597092339007e-01 1.159640666119405722e-01 1.204648505165690636e-01 3.824542247123051408e-02 1.154782299403146750e-01 3.565938441799450589e-03
0.000000000000000000e+00 1.092801686515678522e-03 3.487589645855745935e-01 9.235389702822686120e-01 8.561855836029318434e-01 1.166539633090977635e+00 1.556954583329729289e-02 2.766768439004640423e-01 2.680358825899528674e-02
0.000000000000000000e+00 2.617424106009869078e-01 1.320642530669110082e+00 2.070532795552012750e+00 2.408480600083696022e+00 1.790681187479265635e+00 6.349091768236844402e+00 1.333450729537047508e+01 5.043609121611782042e-02
0.000000000000000000e+00 3.052179969686029670e-01 1.338262615608562411e+00 2.022441834758883950e+00 2.328320011293245173e+00 3.963086002840517263e+00 1.220439008164171035e+01 8.713066231757300883e+00 2.075671119538789744e-01
0.000000000000000000e+00 2.182668242333688502e-01 1.250268502224986422e+00 1.424512731203089189e+00 1.747764132029884232e+00 2.828988489460802391e+00 1.728681821566760135e+01 7.110984287510674129e+00 1.238155194914978274e-01
0.000000000000000000e+00 3.052179969686029670e-01 1.197480146615293117e+00 2.599590894090606508e+00 3.015093751537571976e+00 3.691986413880877560e+00 1.147828761148898558e+01 7.848024118061214693e+00 1.802885894074890138e-01
0.000000000000000000e+00 1.313156514981368428e-01 1.391045812632035972e+00 2.311014384004150823e+00 2.248158754690069205e+00 1.167658628315408231e+00 3.285086249369736144e+00 2.401032544347459829e+00 8.521786428629278543e-02
0.000000000000000000e+00 1.092801686515678522e-03 1.173181201448080142e-03 2.400699986665314756e-01 1.844308729440550382e-02 7.474322780768706889e-04 3.734200256330433027e-03 6.105441066120276435e-03 6.158255147048151065e-03
0.000000000000000000e+00 1.092801686515678522e-03 1.314285879784154176e-01 1.943559171991381673e-01 1.906803934941856404e-01 4.986727259203574880e-04 2.905385554109467423e-03 1.600978732094359910e-02 4.266912922884934581e-03
0.000000000000000000e+00 1.092801686515678522e-03 1.313810327474904116e-01 1.767581085749806435e-01 1.186504223851364143e-01 6.213734314723219979e-04 3.161170068736678714e-03 1.954271821665471212e-02 5.311344903884529685e-03
0.000000000000000000e+00 1.092801686515678522e-03 2.269206682844730760e-02 2.835471433043481038e-01 1.833076456582471980e-02 8.504619546658378658e-04 3.802628010704574551e-03 6.248741423561850021e-03 6.089183558724767589e-03
0.000000000000000000e+00 3.269557901524119958e-01 1.162285783038370379e+00 2.647685867788509118e+00 3.430320510306223092e+00 3.420880455549871080e+00 1.165967361766431587e+01 7.128438129426328373e+00 3.981512211688209568e-01
0.000000000000000000e+00 8.792910835555783899e-02 4.445988505869768320e-02 1.767035510850763769e-01 2.745984583214327590e-01 1.515655258647868320e-01 1.164049294019325713e-02 2.229460584499152326e-02 4.457079661598879750e-02
0.000000000000000000e+00 8.792910835555783899e-02 4.445988505869768320e-02 1.767197579655174211e-01 2.745984583214327590e-01 1.515655258647868320e-01 1.162468305177366025e-02 1.296728000970578769e-02 3.439961935747273131e-02
0.000000000000000000e+00 1.313156514981368428e-01 6.622496912613491660e-02 1.408608387264728368e+00 2.459511996523323363e-01 3.574543670613385127e-02 2.352262683391323217e-01 5.175006295061020806e-02 5.204006696921237990e-02
0.000000000000000000e+00 5.008581356228800630e-01 1.138699396863831259e+00 1.205643116840066975e+00 1.560806518587687153e+00 1.142517754603488145e+00 4.369557192649836885e+00 1.042998692648391668e+01 8.081106080101788103e-02
0.000000000000000000e+00 1.965290310495598214e-01 1.250267220827707693e+00 1.460991479402995008e+00 1.747764132029884232e+00 2.517568420384311167e+00 3.014311191896254183e+00 9.159566541480682389e+00 8.722189930969502514e-02
0.000000000000000000e+00 1.096432395636813828e-01 2.272366621954891377e-02 1.943013597092339007e-01 1.448178142627963016e-01 1.086381627446364601e-01 1.468566875093265701e-02 1.434536968988215089e-01 4.462455989793661509e-02
0.000000000000000000e+00 1.173181201448080142e-03 1.314046947231758966e-01 1.943013597092339007e-01 1.303976594038183667e-01 1.204666678011878100e-01 1.464587687320612584e-02 2.796634378674796306e-02 5.013349427496461425e-02
0.000000000000000000e+00 5.443337219904961222e-01 1.104219339329721938e+00 1.205643116840066975e+00 1.560806518587687153e+00 1.142517754603488145e+00 4.505047589252947127e+00 1.133754419787645595e+01 8.096484265611940401e-02
0.000000000000000000e+00 8.784006513051878517e-02 3.922886401886518937e-01 8.370237629921730704e-01 1.570274656020569148e+00 1.449305026067062352e+00 1.804631058753282669e-01 1.077596386210489809e+00 4.622352583101130841e-01
0.000000000000000000e+00 2.400046174171778790e-01 1.320641293801791960e+00 1.388040478261657107e+00 1.498488200356236089e+00 2.413761730692150831e+00 3.420815474045732163e+00 1.406014778939336729e+01 6.459975317699521158e-01
0.000000000000000000e+00 1.747912378657528187e-01 1.592017992248447866e-01 8.946996252341121725e-01 4.686353001065123869e-01 3.207196956841760760e-01 1.552383449946687921e-01 1.615846469049721790e-01 3.572572419070391692e-01
0.000000000000000000e+00 1.965290310495598214e-01 1.250228109647300245e+00 1.497516470751057982e+00 1.685445188318443588e+00 2.621375110076476389e+00 3.149562706772905951e+00 4.057245159260756573e+00 8.565356898128749508e-02
0.000000000000000000e+00 2.400046174171778790e-01 1.162261016184362949e+00 1.716349330003985152e+00 2.488637903482953107e+00 2.206013380639525234e+00 1.928352543432378852e+01 5.620517262982069440e+00 1.319058349635341632e+00
0.000000000000000000e+00 3.052179969686029670e-01 1.338262615608562411e+00 1.974344672834530856e+00 2.408481233407007149e+00 3.963086002840517263e+00 1.184139380557574484e+01 8.713025987022632535e+00 2.524874635126453937e-01
0.000000000000000000e+00 3.052179969686029670e-01 1.320664806984404027e+00 2.022439785193319572e+00 2.328319412373049069e+00 3.827624313813386525e+00 1.220449779225561571e+01 8.713025987022632535e+00 2.524874635126453937e-01
0.000000000000000000e+00 1.747912378657528187e-01 1.355813741648087545e+00 1.351558449954486374e+00 1.560806518587687153e+00 2.517586504761708976e+00 3.284705610672620679e+00 7.526149334270810343e+00 8.692197915530444630e-02
0.000000000000000000e+00 5.225959288066891473e-01 1.121478911722588512e+00 1.278603958646033156e+00 1.436168500432605466e+00 1.142517754603488145e+00 4.504838197577461401e+00 1.133678071061213544e+01 8.096484265611940401e-02
0.000000000000000000e+00 2.182668242333688502e-01 1.285444434272696945e+00 1.351555195795097752e+00 1.685444432106253609e+00 2.413452237670384637e+00 3.556338561752608207e+00 8.433705510370936409e+00 8.715125468044841728e-02
0.000000000000000000e+00 1.096432395636813828e-01 2.272366621954891377e-02 1.943175665896749449e-01 2.745992079935937191e-01 1.515824991311639225e-01 1.165711637249707520e-02 1.413798412646469216e-02 1.056251231366890503e-01
0.000000000000000000e+00 1.965290310495598214e-01 2.999659036376802201e-01 7.124936495412949045e-01 1.938967357271344227e-01 4.555247631656056395e-02 1.613660258926949975e-01 1.176568226062639673e-02 1.197217978614019233e-02
0.000000000000000000e+00 1.965290310495598214e-01 2.999659036376802201e-01 5.176153174394074741e-01 2.110745977009386432e-01 3.526407158311682666e-02 2.160225048201433809e-02 5.370452964285528374e-02 1.205390449857760421e-01
0.000000000000000000e+00 3.052179969686029670e-01 1.871645765907507641e+00 2.994425219893217083e+00 3.015097213456722436e+00 2.743228708876252586e+00 7.848155820823477846e+00 8.637446703741018084e+00 5.763530740351140436e-01
0.000000000000000000e+00 2.182668242333688502e-01 1.320640051521014380e+00 2.214820060155446413e+00 2.248157591339088324e+00 3.827442603627728257e+00 1.728623045442024164e+01 5.305257276919318699e+00 1.193382160876252707e+00
0.000000000000000000e+00 1.092801686515678522e-03 1.314046947231758966e-01 1.767581085749806435e-01 3.063076436840099226e-01 5.023923142540447128e-04 1.466726726513795792e-02 2.778672046322737052e-02 4.225637930146316709e-03
0.000000000000000000e+00 1.747912378657528187e-01 2.295734160696150106e-01 1.173179433080721479e+00 1.278440013657981877e+00 1.324659008486640754e+00 1.004413209327301160e-01 5.167007580881786133e-01 1.161254002155078513e-01
0.000000000000000000e+00 8.795300161079736001e-02 6.617384783605531617e-02 3.175195184033745566e-01 1.885208295872801976e-01 1.609154926422838305e-01 2.290706010755493016e-02 1.411721857240264867e-02 8.524103394849419368e-02
0.000000000000000000e+00 1.092801686515678522e-03 2.273962205937232403e-02 1.096447978338820767e-01 1.622137729121888028e-01 7.502313828257378735e-04 2.187661856750495321e-02 6.207790625402105460e-03 6.048206773233490673e-03
0.000000000000000000e+00 8.792910835555783899e-02 4.445988505869768320e-02 1.767197579655174211e-01 2.745984583214327590e-01 1.515655258647868320e-01 1.164049294019325713e-02 1.296728000970578769e-02 4.456409694943164884e-02
0.000000000000000000e+00 1.095778583143278001e-01 2.835771844252490959e-01 8.081796563529997091e-01 1.055662530892664153e+00 4.471414845626943690e-01 1.564468607522796206e-01 3.095245268068538835e-01 8.941324436007806742e-02
0.000000000000000000e+00 2.182668242333688502e-01 1.320679615499319670e+00 1.424519291760452111e+00 2.328314261415034725e+00 2.413504512563333648e+00 1.746827034410262769e+01 6.987297947631505579e+00 7.399583072721670207e-02
0.000000000000000000e+00 1.965290310495598214e-01 1.250247569342250564e+00 1.315069795791062868e+00 1.997100906874262227e+00 2.517568420384311167e+00 3.284673552104077743e+00 7.127198174177390655e+00 8.688128668233671692e-02
0.000000000000000000e+00 1.747912378657528187e-01 1.303020315775611282e+00 1.388033970011796514e+00 1.623124732182620322e+00 2.309990911559576254e+00 3.827176433639524866e+00 6.766027231246021678e+00 8.679781698747564278e-02
0.000000000000000000e+00 1.965290310495598214e-01 1.391069534374151706e+00 1.315082811739441082e+00 2.167990619347115899e+00 2.206092305385153107e+00 3.149801588499358651e+00 7.127133017539343030e+00 8.683989781138744257e-02
0.000000000000000000e+00 2.834802037847938827e-01 1.893863348626066978e+00 2.869785820045953617e+00 3.326516956699227201e+00 2.336518488885966693e+00 8.211265338100993461e+00 8.973016076264862306e+00 4.712598503601355127e-01
0.000000000000000000e+00 1.092801686515678522e-03 1.313810327474904116e-01 1.943752765584943754e-01 2.054421109173211746e-01 5.214706187889940094e-04 2.887151383631136100e-03 1.616588992727137353e-02 4.164392934053432957e-03
0.000000000000000000e+00 1.965290310495598214e-01 1.303040995214726383e+00 1.460996458504046025e+00 2.488637031712888970e+00 1.894613493520449277e+00 3.285291985102469781e+00 8.978199924469878468e+00 8.066330724751111236e-02
0.000000000000000000e+00 1.747912378657528187e-01 1.373411550272246595e+00 1.388040478261657107e+00 1.498488200356236089e+00 2.517568420384311167e+00 3.014105456163521435e+00 8.615072127381731448e+00 8.711483663266704480e-02
0.000000000000000000e+00 1.313156514981368428e-01 1.461398138138565672e+00 1.974342623268968699e+00 1.124573512930754360e+00 9.821801473794855575e-01 4.640566693432030654e+00 1.570851200776310241e+00 7.796170001184345166e-02
0.000000000000000000e+00 1.092801686515678522e-03 1.314285879784154176e-01 1.767035510850763769e-01 1.905074357978147892e-01 6.248707002228969442e-04 3.563288684597975490e-03 1.954678247909221941e-02 4.076006841683967388e-03
0.000000000000000000e+00 8.790544637987234011e-02 4.448394924771760517e-02 1.767197579655174211e-01 2.745850341160703811e-01 1.795632721340410520e-01 1.550592990393303561e-01 5.300804091103623016e-03 7.236780860277318428e-02
0.000000000000000000e+00 1.095778583143278001e-01 2.618393912414400670e-01 1.190416014657513788e+00 1.387878494682291963e+00 5.893163658924456261e-01 1.402922920402997764e-01 4.635229487817326688e-01 3.560231639391098768e-01
0.000000000000000000e+00 1.092801686515678522e-03 1.202271164499381763e-03 2.269206682844730760e-02 8.786119457325258786e-02 9.149424124372242074e-04 4.585042092220857797e-03 6.307614581711277688e-03 2.923658886637591284e-02
0.000000000000000000e+00 2.182668242333688502e-01 1.982934802629782611e+00 2.932185616865255362e+00 3.015097213456722436e+00 2.472247915670037433e+00 1.855665920598093521e+01 4.460990033328450899e+00 7.407881790359579499e-01
0.000000000000000000e+00 1.096432395636813828e-01 2.272366621954891377e-02 1.943013597092339007e-01 1.303842214709185210e-01 1.086562684792405781e-01 1.464436358505945973e-02 1.061378688684750521e-01 5.018390283161429377e-02
0.000000000000000000e+00 1.313156514981368428e-01 1.303017860521137328e+00 1.570432742111943281e+00 2.648960673780808239e+00 1.894572828469218484e+00 3.014038764490283739e+00 2.567745269942476760e+00 6.270308605970035254e-01
0.000000000000000000e+00 1.313156514981368428e-01 1.461417497497921714e+00 2.070596280706601622e+00 2.328320011293245173e+00 9.602056754795779137e-01 3.149660947850761783e+00 1.903513787464286011e+00 7.801747803384315172e-02
0.000000000000000000e+00 2.182668242333688502e-01 1.373433477393490199e+00 2.311020689680194806e+00 3.118900441229731868e+00 3.962728744935748892e+00 1.093362416738416698e+01 8.424908302377717817e+00 1.076272140865330712e-01
0.000000000000000000e+00 1.092801686515678522e-03 2.271572880413281342e-02 2.269362509864800148e-02 9.573837875583785569e-04 9.112629607553282985e-04 4.645422799061996004e-03 6.208913252967992839e-03 7.261298182205395968e-03
0.000000000000000000e+00 1.965290310495598214e-01 2.823877464989782982e-01 7.124927881936510277e-01 1.940702118499387507e-01 4.564014745367600545e-02 2.061274009891750081e-01 1.198905377692215633e-02 4.048647967472705084e-02
0.000000000000000000e+00 5.225959288066891473e-01 1.582113500028266895e+00 1.878160332764305274e+00 2.007673821442746753e+00 1.583089499518646859e+00 5.851431535027855624e+00 1.369795143631292866e+01 5.994770858648838102e-02
0.000000000000000000e+00 2.400046174171778790e-01 1.144643681566262838e+00 1.716347605672166265e+00 2.729122494814768984e+00 2.102165423246900477e+00 1.982769959133669602e+01 5.620518227774703668e+00 9.650762765867320070e-01
0.000000000000000000e+00 1.092801686515678522e-03 1.313810327474904116e-01 1.767581085749806435e-01 1.305467908065742200e-01 6.220830097491583492e-04 3.530244234517270277e-03 5.266472108250687401e-03 5.356302439853030152e-03
0.000000000000000000e+00 1.747912378657528187e-01 1.391009358896404979e+00 2.262921443249421127e+00 2.087835642476707942e+00 1.686874497787100413e+00 2.607703609597320948e+00 5.139932197930098923e+00 8.590573517230477851e-02
0.000000000000000000e+00 1.092801686515678522e-03 1.314046947231758966e-01 1.943559171991381673e-01 2.918900110829374950e-01 5.023923142540447128e-04 2.896492381245831856e-03 2.777892898756557233e-02 4.330244245901594680e-03
0.000000000000000000e+00 1.095778583143278001e-01 2.836012909883375843e-01 8.514401209299321538e-01 4.909030117975444751e-01 3.777156205253318633e-01 8.221507865540761406e-02 2.710053946482554599e-01 1.649209759430417532e-01
0.000000000000000000e+00 1.313156514981368428e-01 2.295515344474564623e-01 8.802813865136609461e-01 4.018289163226506089e-01 2.923187204170438203e-01 4.562400235165364748e-02 1.979408659898174438e-01 5.198696497443566072e-02
0.000000000000000000e+00 1.965290310495598214e-01 1.320658455324342784e+00 1.460998092130727066e+00 2.488637903482953107e+00 1.790786621870873674e+00 3.285291985102469781e+00 8.978199924469878468e+00 8.066330724751111236e-02
0.000000000000000000e+00 1.965290310495598214e-01 3.703376784393651033e-01 1.470776975404586073e+00 1.926037210802422850e+00 1.863856196754001715e+00 1.790541969251774113e+00 4.687156015725524871e-01 7.398642033851540178e-01
0.000000000000000000e+00 2.617424106009869078e-01 1.373416397576617154e+00 2.118636158607588360e+00 3.326512583106555621e+00 3.556465324419631813e+00 1.855618321342114996e+01 6.934774558442383885e+00 3.913264505177265762e-01
0.000000000000000000e+00 2.617424106009869078e-01 3.527630563403807429e-01 1.448536301641007551e+00 1.829843939959047816e+00 1.783962021773704443e+00 1.894390659165521074e+00 2.094543681125710766e+00 7.412401216593897946e-01
0.000000000000000000e+00 1.092801686515678522e-03 1.314285879784154176e-01 1.943559171991381673e-01 1.765287722111166246e-01 1.503143227344436519e-02 2.925260723495095271e-03 4.222165941039243003e-03 4.406695618686467912e-03
0.000000000000000000e+00 1.313156514981368428e-01 1.285420051896978277e+00 1.606911477354315387e+00 1.560807222545155915e+00 7.416946842776094284e-01 1.998358733554735034e+00 6.550074989858037711e+00 8.549475584686275220e-02
0.000000000000000000e+00 6.610227194671179640e-02 3.052880338221469203e-01 9.091197800930901352e-01 1.606755076923553016e+00 1.511618108257535065e+00 2.603444776366507507e-01 3.592510230591773601e-02 3.592510230591773601e-02
0.000000000000000000e+00 1.313156514981368428e-01 1.461437047128671063e+00 1.974342623268968699e+00 2.488642421117653214e+00 1.167819054863903583e+00 3.285086249369736144e+00 1.571669846234479584e+00 2.440852984240485524e-01
0.000000000000000000e+00 2.617424106009869078e-01 3.351456887512545557e-01 9.835378954108112692e-01 1.205478258772415545e+00 5.412336630876017907e-01 9.506815750204544724e-01 1.158034762220718994e+00 4.700849954147128668e-02
0.000000000000000000e+00 1.092801686515678522e-03 1.314046947231758966e-01 3.703340034407263670e-01 1.671532010627229670e-01 4.092741631346695627e-04 2.034012393031803690e-03 1.286695574315645067e-02 3.455779837949479304e-03
0.000000000000000000e+00 2.182668242333688502e-01 2.005228475861813298e+00 2.745151294648391360e+00 3.015096887622740862e+00 2.743296904577493311e+00 1.837516106794795334e+01 4.549359032992770224e+00 8.280338406556883024e-01
0.000000000000000000e+00 1.092801686515678522e-03 1.314046947231758966e-01 1.767581085749806435e-01 3.495681082609423673e-01 5.039249222499689882e-04 2.920678861909688923e-03 2.206821120990554858e-02 3.366142243325778282e-03
0.000000000000000000e+00 1.313156514981368428e-01 2.295708938068126981e-01 8.802813865136609461e-01 4.018289163226506089e-01 3.208161463148487269e-01 1.187628393033556273e-01 4.167503936570154943e-01 6.896059466918484648e-02
0.000000000000000000e+00 1.092801686515678522e-03 2.271572880413281342e-02 2.183337637529230990e-01 5.352361661002013465e-02 8.897955098469467533e-04 3.799626029126746112e-03 6.396384943088232258e-03 6.130008423634023852e-03
0.000000000000000000e+00 1.313156514981368428e-01 2.295904434375618530e-01 8.514410767957056869e-01 4.240966449491678780e-01 3.493145554519744289e-01 1.187028736677046281e-01 2.709641413646364239e-01 2.057710843657311120e-02
0.000000000000000000e+00 1.965290310495598214e-01 1.426245307069294421e+00 1.878150348985826890e+00 2.007670827273280167e+00 1.998420183212614942e+00 3.149768094386818262e+00 9.522694338568827632e+00 8.075405895717738258e-02
0.000000000000000000e+00 2.182668242333688502e-01 2.005228475861813298e+00 2.745151294648391360e+00 3.015096887622740862e+00 2.743296904577493311e+00 1.855665920598093521e+01 4.460990033328450899e+00 8.571157278622651976e-01
0.000000000000000000e+00 8.790544637987234011e-02 4.445988505869768320e-02 3.351000355829448218e-01 2.120115305426651664e-01 1.514795722346058415e-01 4.327097972495624195e-02 2.433572607916697356e-02 1.878946452853082552e-02
0.000000000000000000e+00 1.747912378657528187e-01 2.471712246937741442e-01 7.793431435562626630e-01 1.027166826169374048e+00 1.166454036758638901e+00 1.863856196754001715e+00 1.915433623271779462e+00 1.281714290417261815e+00
0.000000000000000000e+00 1.313156514981368428e-01 2.295904434375618530e-01 8.802813865136609461e-01 4.018289163226506089e-01 2.923187204170438203e-01 4.574429177185770218e-02 2.344212868927996185e-01 5.200724399174686680e-02
0.000000000000000000e+00 2.182668242333688502e-01 1.355855353969938948e+00 2.262921443249421127e+00 3.637932652183046400e+00 3.014409265740545685e+00 1.220433539895723918e+01 8.569026552650900186e+00 5.063577037176457685e-01
0.000000000000000000e+00 4.436447876290276066e-02 3.052864883608766289e-01 8.658744851175549373e-01 2.421379966374927750e-01 5.486112826998680303e-01 9.321576594407361693e-03 1.249800241838513459e-01 1.546576372420285610e-02
0.000000000000000000e+00 1.096432395636813828e-01 2.269979406467951752e-02 1.943013597092339007e-01 2.890059249196718083e-01 3.378642186389063662e-01 1.108468591054177915e-01 2.426256750206228288e-02 7.581657852690759647e-02
0.000000000000000000e+00 1.095778583143278001e-01 4.443758724848649588e-02 1.426203751141309262e+00 2.682196483674657017e-01 7.248010808328950692e-03 7.200781670023601554e-03 4.027960680044414404e-02 1.541824995884285843e-01
0.000000000000000000e+00 2.182668242333688502e-01 1.391031286017649471e+00 2.262925594815079489e+00 3.118900441229731868e+00 4.098219141538860022e+00 1.093356671333014418e+01 8.280869900639673986e+00 1.076272140865330712e-01
0.000000000000000000e+00 1.095778583143278001e-01 3.052911054541887492e-01 8.081806122187726871e-01 1.055663396857939640e+00 1.070496301647241744e+00 1.403091026438634537e-01 2.039370742611715581e+00 4.659141033014371075e-02
0.000000000000000000e+00 1.965290310495598214e-01 1.250247569342250564e+00 1.497471900305977321e+00 1.685445188318443588e+00 2.621375110076476389e+00 3.014277697783707577e+00 4.418350945554086806e+00 8.570526450068849389e-02
0.000000000000000000e+00 1.313156514981368428e-01 3.175794865583559945e-01 1.138700513198258824e+00 5.712188424144742926e-01 5.201048836844639478e-01 2.046949354730301096e-01 3.387993754441711025e-01 8.944550841295657861e-02
0.000000000000000000e+00 5.443337219904961222e-01 1.086997768607788739e+00 1.278602390836457214e+00 1.498487522621525292e+00 1.142517754603488145e+00 4.504838197577461401e+00 1.115528257257915712e+01 8.094103559931625780e-02
0.000000000000000000e+00 1.092801686515678522e-03 1.202271164499381763e-03 4.442986001225633641e-02 4.450490873300150946e-02 9.137232606967528878e-04 4.690428228576949861e-03 6.173811925191292037e-03 7.291615073073726312e-03
0.000000000000000000e+00 1.313156514981368428e-01 1.285420051896978277e+00 1.606911477354315387e+00 2.568798852746850159e+00 1.894593311563039340e+00 3.014072310169795266e+00 2.733697941938031839e+00 6.270308605970035254e-01
0.000000000000000000e+00 1.530534446819437899e-01 2.119743489967311767e-01 8.514410767957056869e-01 4.686346571349481183e-01 9.212902951090780057e-01 6.040344969997260560e-02 1.652071031572164006e-01 6.890678834031194189e-02
0.000000000000000000e+00 2.834802037847938827e-01 1.338241570734970409e+00 2.022439785193319572e+00 2.408481233407007149e+00 3.691895817958816828e+00 1.728644565717910453e+01 5.095085051489680161e+00 1.193197764719831744e+00
0.000000000000000000e+00 8.784006513051878517e-02 2.618378168967818165e-01 9.091349496944873820e-01 6.972808537016447761e-02 3.619741401484782850e-01 1.211442011195634078e-01 1.203934534449562464e-02 1.830239007313209654e-01
0.000000000000000000e+00 1.313156514981368428e-01 1.232626626024502459e+00 1.570425922060234125e+00 1.810083049708645087e+00 6.615328632436482392e-01 1.998379518161383706e+00 6.716699703038936597e+00 8.549475584686275220e-02
0.000000000000000000e+00 2.400046174171778790e-01 1.938398320604638236e+00 2.807466120122322550e+00 3.326516724637223366e+00 2.336757519066933408e+00 8.211321126895308353e+00 1.048304193481278723e+01 3.078601560233327206e-01
0.000000000000000000e+00 1.965290310495598214e-01 1.426206195888886752e+00 1.926247510910179983e+00 1.927509673879939767e+00 1.687000114136123496e+00 3.285357768546393054e+00 1.587499764870100627e+01 1.836474191620304508e-01
0.000000000000000000e+00 8.790544637987234011e-02 4.445988505869768320e-02 1.767197579655174211e-01 2.745850341160703811e-01 1.889063498534254149e-01 1.267149901262203289e-02 3.960073249787264375e-03 5.468117127685766937e-02
0.000000000000000000e+00 1.096432395636813828e-01 2.272366621954891377e-02 2.118991683333930343e-01 1.015446428371474114e-01 1.204846488764163004e-01 1.464436358505945973e-02 1.154651947037616672e-01 3.614636454815473108e-03
0.000000000000000000e+00 1.965290310495598214e-01 1.408647498445135815e+00 1.205643116840066975e+00 1.623126218511317553e+00 2.621375110076476389e+00 3.149768094386818262e+00 8.978199924469878468e+00 7.518020522951978091e-01
0.000000000000000000e+00 1.747912378657528187e-01 2.119561810777723654e-01 7.793412539496339386e-01 1.084159956790467838e+00 1.166690625495943712e+00 1.783950801896247773e+00 1.915385586362711168e+00 1.417148377794301473e+00
0.000000000000000000e+00 1.095778583143278001e-01 2.836012909883375843e-01 8.658764630109332394e-01 4.686346571349481183e-01 3.492181946275283444e-01 1.187579240916866175e-01 3.074858155512393831e-01 2.065552999624885658e-02
0.000000000000000000e+00 1.965290310495598214e-01 3.703376784393651033e-01 1.470776975404586073e+00 1.926037210802422850e+00 1.863856196754001715e+00 1.790541969251774113e+00 4.687156015725524871e-01 8.753545999882647033e-01
0.000000000000000000e+00 3.269557901524119958e-01 1.179844082515248527e+00 2.551493732166255857e+00 3.222706534669037115e+00 3.556465324419631813e+00 1.147828761148898558e+01 7.703965275738757335e+00 3.255271315574146396e-01
0.000000000000000000e+00 2.262668557909372838e-02 3.270464339700732692e-01 8.946986605643132417e-01 3.795586327633877488e-01 2.793648115604364587e-02 6.419934078628489194e-02 9.744752879847759508e-02 4.039955454540169327e-02
0.000000000000000000e+00 1.965290310495598214e-01 1.355834421087202868e+00 2.262919341342065849e+00 2.167996933656112013e+00 1.583067808094939855e+00 2.743024025376426867e+00 5.140692831416822095e+00 8.590573517230477851e-02
0.000000000000000000e+00 3.269557901524119958e-01 1.893866361914585905e+00 2.682831594724761182e+00 3.430323414329384146e+00 2.471804140162926267e+00 8.029710857004687341e+00 9.140800762526783529e+00 4.712556614339407646e-01
0.000000000000000000e+00 6.747604810933481856e-01 2.224142230122689856e+00 2.371253866801960264e+00 2.807483927602143492e+00 2.878753404756686951e+00 1.837504782673640236e+01 5.609715382970247077e+00 4.672839651312109543e-01
0.000000000000000000e+00 6.747604810933481856e-01 2.252607005717102595e+00 2.371256055951137309e+00 2.703677285018859067e+00 3.013627459579749868e+00 1.837499037268238311e+01 5.698073162219467136e+00 4.871736492501820281e-01
0.000000000000000000e+00 1.747912378657528187e-01 1.355813741648087545e+00 1.315078029051502506e+00 1.623125488394813187e+00 2.413779815069544199e+00 3.555718069103612766e+00 7.526214820206021727e+00 8.696197073809630584e-02
0.000000000000000000e+00 2.182668242333688502e-01 1.320620558617195739e+00 1.351558449954486374e+00 1.623126218511317553e+00 2.309955040999985609e+00 3.149660947850761783e+00 6.765830125156843344e+00 4.496637426209487143e-01
0.000000000000000000e+00 1.747912378657528187e-01 1.416039906006872906e-01 9.091188154232906493e-01 4.686353001065123869e-01 3.207196956841760760e-01 4.585685462988173949e-02 2.709641413646364239e-01 4.055351359032343117e-01
0.000000000000000000e+00 1.313156514981368428e-01 1.426221880249604279e+00 2.070532795552012750e+00 2.488642421117653214e+00 1.583045813632555365e+00 2.164300122875253152e+01 5.963176670151071335e+00 4.256493860066547508e-01
0.000000000000000000e+00 1.965290310495598214e-01 3.703376784393651033e-01 1.470776975404586073e+00 1.926037210802422850e+00 1.863856196754001715e+00 1.790541969251774113e+00 4.687156015725524871e-01 8.753545999882647033e-01
0.000000000000000000e+00 1.313156514981368428e-01 1.479015306122080098e+00 2.214830482456290106e+00 1.526703850869650214e+00 2.102044839262535270e+00 8.463631564327543932e-01 3.335030078658970387e-01 4.691018778398840516e-01
0.000000000000000000e+00 1.530534446819437899e-01 2.823461905709938602e-01 8.081843914118499450e-01 8.846821975440323227e-01 1.214794663408788278e+00 3.274594661979122190e-01 1.638725697116663493e+00 4.696098511829181060e-02
0.000000000000000000e+00 1.092801686515678522e-03 1.202271164499381763e-03 1.313810327474904116e-01 1.591602999508215377e-01 7.502313828257378735e-04 2.199522756116521760e-02 6.314743771003178234e-03 6.048206773233490673e-03
0.000000000000000000e+00 2.182668242333688502e-01 1.373433477393490199e+00 2.262923527755843267e+00 3.118899844976876778e+00 3.962759108061649105e+00 1.129667734159835391e+01 8.280869900639673986e+00 1.802411794182260940e-01
0.000000000000000000e+00 1.747912378657528187e-01 2.295734160696150106e-01 1.173179433080721479e+00 1.278440013657981877e+00 1.324659008486640754e+00 2.607649630006488306e-01 5.167794398233386266e-01 1.162017693879134755e-01
0.000000000000000000e+00 2.182668242333688502e-01 1.320640051521014380e+00 2.214820060155446413e+00 2.248157591339088324e+00 3.827652625857730140e+00 1.728623045442024164e+01 5.305257276919318699e+00 1.193382160876252707e+00
0.000000000000000000e+00 2.834802037847938827e-01 1.320624170294265376e+00 2.022437718134083795e+00 2.488642421117653214e+00 3.556195625431619156e+00 1.746799682472990867e+01 5.095085051489680161e+00 1.151489377388081436e+00
0.000000000000000000e+00 1.313156514981368428e-01 2.295708938068126981e-01 8.514410767957056869e-01 4.018276388562772583e-01 4.063103130071808455e-01 4.573967295880401046e-02 2.344629827775492614e-01 1.556715722038253848e-02
0.000000000000000000e+00 2.617424106009869078e-01 1.267849104796634485e+00 1.351556829421777017e+00 1.685445188318443588e+00 2.413434585260365584e+00 3.420815474045732163e+00 8.433705510370936409e+00 8.715125468044841728e-02
0.000000000000000000e+00 8.792910835555783899e-02 4.445988505869768320e-02 1.767035510850763769e-01 2.745850341160703811e-01 3.481295227302845241e-01 3.025607030024641056e-02 3.227347302978103571e-02 9.299410603273805531e-02
0.000000000000000000e+00 1.092801686515678522e-03 1.314046947231758966e-01 1.943559171991381673e-01 1.765287722111166246e-01 1.503143227344436519e-02 2.925260723495095271e-03 2.772390333169538409e-02 4.274890052376399165e-03
0.000000000000000000e+00 1.095778583143278001e-01 3.270768773559556419e-01 8.514420282445217536e-01 1.570273616610118772e+00 1.511631169590903490e+00 1.804631058753282669e-01 9.974345651765321730e-01 4.621877438869336774e-01
0.000000000000000000e+00 1.747912378657528187e-01 3.527386500710406603e-01 1.069740355275298871e+00 1.829836171374283227e+00 1.262311092440876026e+00 1.790758169870867000e+00 4.126312869266251404e+00 7.415470945220379306e-01
0.000000000000000000e+00 5.008581356228800630e-01 1.138718906943832820e+00 1.205688119792657220e+00 1.560806518587687153e+00 1.142517754603488145e+00 4.369557192649836885e+00 1.115597947861584593e+01 8.091649247127910560e-02
0.000000000000000000e+00 5.443337219904961222e-01 1.086997768607788739e+00 1.278602390836457214e+00 1.498487522621525292e+00 1.142517754603488145e+00 4.504838197577461401e+00 1.115604605984347764e+01 8.094103559931625780e-02
0.000000000000000000e+00 1.747912378657528187e-01 3.527386500710406603e-01 1.069740355275298871e+00 1.781739009449930133e+00 1.324638108561802863e+00 1.686951480178706442e+00 4.261742633387097356e+00 5.755345239040424721e-01
0.000000000000000000e+00 8.790544637987234011e-02 4.445988505869768320e-02 1.767035510850763769e-01 3.034387680393872411e-01 1.515994335950044403e-01 1.275576954167615198e-02 1.414482480906124884e-02 1.157964250295589193e-01
0.000000000000000000e+00 1.313156514981368428e-01 2.295904434375618530e-01 8.658612316546830945e-01 4.240972879207322577e-01 2.923187204170438203e-01 1.187051335778237932e-01 2.344629827775492614e-01 5.204757812336643918e-02
0.000000000000000000e+00 1.965290310495598214e-01 1.408667342998310756e+00 1.205643116840066975e+00 1.623126218511317553e+00 1.998534971923499270e+00 3.285246002821062383e+00 7.307452428374931586e+00 8.671159702911052092e-02
0.000000000000000000e+00 5.443337219904961222e-01 1.086978196898983118e+00 1.278602390836457214e+00 1.498487522621525292e+00 1.142517754603488145e+00 4.640537985856052039e+00 1.133761023296342785e+01 8.098790846092618345e-02
0.000000000000000000e+00 1.965290310495598214e-01 2.823680950135210588e-01 7.259244916080567211e-01 1.938967357271344227e-01 4.555247631656056395e-02 2.790082638238800677e-02 9.115926058132212476e-03 1.206205538427905788e-01
0.000000000000000000e+00 1.191408516840293356e-03 1.314046947231758966e-01 1.943559171991381673e-01 1.833347667403153677e-02 8.542895750636008432e-04 4.347479621690010683e-03 5.137435881155042253e-03 6.232412049963847837e-03
0.000000000000000000e+00 6.610227194671179640e-02 3.053358440068322799e-01 8.658754763124424381e-01 9.986702447020481266e-01 1.166533020853854241e+00 1.565289219303588053e-02 6.501784942076194174e-01 5.167007580881786133e-01
0.000000000000000000e+00 1.965290310495598214e-01 1.320619344143935114e+00 2.214817923584044390e+00 2.408480600083696022e+00 3.285662727400956662e+00 1.783087912729525115e+01 5.305257276919318699e+00 1.193382160876252707e+00
0.000000000000000000e+00 1.096432395636813828e-01 2.272366621954891377e-02 1.943013597092339007e-01 1.159640666119405722e-01 1.204648505165690636e-01 1.464436358505945973e-02 1.154651947037616672e-01 3.553509856062115561e-03
0.000000000000000000e+00 1.092801686515678522e-03 1.313810327474904116e-01 1.943559171991381673e-01 1.473223601496780610e-01 1.504364185713412405e-02 3.096298686741683851e-03 1.958193109251525621e-02 5.397466990686337722e-03
0.000000000000000000e+00 2.834802037847938827e-01 1.916132354718957487e+00 2.869788268914102769e+00 3.326517142704803920e+00 2.336483740882830507e+00 8.210944469742315732e+00 8.805267051440285542e+00 3.661731883392183584e-01
0.000000000000000000e+00 2.400046174171778790e-01 1.893909970425443623e+00 2.932100552627042056e+00 3.326516724637223366e+00 2.472247915670037433e+00 8.029767200068008037e+00 1.031525724855086423e+01 2.195034559842158894e-01
0.000000000000000000e+00 1.530534446819437899e-01 2.823655834933661568e-01 1.086975969571616130e+00 1.387878494682291963e+00 1.511618108257535065e+00 8.218565053115670649e-01 3.041958007777477491e+00 6.246740663387254089e-02
0.000000000000000000e+00 1.096432395636813828e-01 2.272366621954891377e-02 1.943013597092339007e-01 1.303976594038183667e-01 1.201480028452479448e-01 2.914913096902648545e-03 1.341198463743331348e-01 5.026395412058085738e-02
0.000000000000000000e+00 1.092801686515678522e-03 1.313810327474904116e-01 1.767581085749806435e-01 2.916190433274293281e-01 5.130175437082384231e-04 2.535597436636160065e-03 1.598309296552701333e-02 4.314516099609182025e-03
0.000000000000000000e+00 1.096432395636813828e-01 2.272366621954891377e-02 1.943013597092339007e-01 1.303976594038183667e-01 9.696493041053165507e-02 2.639368993224997656e-02 1.061378688684750521e-01 5.951122866690047170e-02
0.000000000000000000e+00 2.182668242333688502e-01 2.647520411676732022e-01 1.104219339329721938e+00 1.278475686155517321e+00 1.386675531398043226e+00 1.222566779316798025e+00 6.698486376944390308e-01 4.625147724023238593e-01
0.000000000000000000e+00 1.092801686515678522e-03 3.487826265612600785e-01 9.091188154232906493e-01 3.350212635491718882e-01 5.009472940400314100e-02 7.204488990676449073e-03 9.741350825996090979e-02 1.186881175475071500e-02
0.000000000000000000e+00 8.790544637987234011e-02 4.448394924771760517e-02 1.767197579655174211e-01 2.890186131804093339e-01 1.889075553000996444e-01 1.274107431347801765e-02 1.416524832540489234e-02 5.469417799733955476e-02
0.000000000000000000e+00 2.262668557909372838e-02 3.270464339700732692e-01 9.091188154232906493e-01 3.572902696420624524e-01 2.782525191153654640e-02 6.424669593438010751e-02 9.734434922459819783e-02 1.190212864759814144e-02
0.000000000000000000e+00 1.092801686515678522e-03 1.314046947231758966e-01 1.767581085749806435e-01 1.477346307565425843e-01 1.062653228320269844e-01 2.554061470309897629e-03 1.601242504170301978e-02 3.651444239418104917e-03
0.000000000000000000e+00 1.530534446819437899e-01 1.767983154485921748e-01 8.946996252341121725e-01 4.686353001065123869e-01 8.848688734503800113e-01 1.084227442594981605e-01 3.576216887312049786e-01 2.664820519156062620e-02
0.000000000000000000e+00 1.747912378657528187e-01 1.215050699022502734e+00 1.716349330003985152e+00 2.408476082448992361e+00 2.413484859824697182e+00 2.607668502974803015e+00 2.567745269942476760e+00 2.658599176656438745e-01
0.000000000000000000e+00 1.965290310495598214e-01 3.175833637472966209e-01 4.941143933479092420e-01 1.511640124456808676e-01 3.526309536480805307e-02 5.602643522656589742e-02 7.096914537274387480e-03 1.870830057869273533e-01
0.000000000000000000e+00 4.436447876290276066e-02 3.270480280223346803e-01 8.802794703751349870e-01 4.018276388562772583e-01 6.424669593438010751e-02 1.210977188217000622e-01 4.041613076517959480e-02 1.193522596715908442e-02
0.000000000000000000e+00 1.092801686515678522e-03 1.313810327474904116e-01 1.767581085749806435e-01 2.916190433274293281e-01 5.018732136499049618e-04 2.934800055604031357e-03 1.598309296552701333e-02 4.314516099609182025e-03
0.000000000000000000e+00 5.660913961960132301e-01 1.052516620017545090e+00 1.205639967987689243e+00 3.290252424687698962e+00 1.686047407650036023e+00 1.692345559245299569e+01 7.605798627350014662e+00 7.316414144076887061e-01
0.000000000000000000e+00 1.092801686515678522e-03 1.313810327474904116e-01 1.943559171991381673e-01 1.474931917457048824e-01 1.505728508061030327e-02 3.634256034002936522e-03 1.862528861544775552e-02 5.216528410315273735e-03
0.000000000000000000e+00 1.092801686515678522e-03 2.271572880413281342e-02 1.531203842014980665e-01 1.063969989263354073e-03 9.185557208415380884e-04 4.743523622497405542e-03 7.545354023008630368e-03 7.351904055087564969e-03
0.000000000000000000e+00 1.092801686515678522e-03 1.313810327474904116e-01 1.943559171991381673e-01 1.474687667363235311e-01 1.504364185713412405e-02 3.658563279008220700e-03 5.161776233537312616e-03 5.206676237606997805e-03
0.000000000000000000e+00 2.400046174171778790e-01 1.938423029617410531e+00 2.745146420198689263e+00 3.326516446638803970e+00 2.607772611550471797e+00 8.029767200068008037e+00 1.065082662107470846e+01 2.194884697258764339e-01
0.000000000000000000e+00 6.610227194671179640e-02 4.140007882550938434e-01 7.505191257637748858e-01 1.055662530892664153e+00 1.118518161787083187e+00 8.883453116058787069e-01 1.077912187061052629e+00 5.660419480022735872e-01
0.000000000000000000e+00 1.092801686515678522e-03 1.173181201448080142e-03 4.442986001225633641e-02 6.614468322052866056e-02 9.149424124372242074e-04 4.621538499499249809e-03 2.786375471408299165e-02 7.514344374743487168e-03
0.000000000000000000e+00 1.096432395636813828e-01 2.272366621954891377e-02 2.118991683333930343e-01 1.015446428371474114e-01 1.204251896817674916e-01 1.464436358505945973e-02 1.247925205390473802e-01 3.559731469138712693e-03
0.000000000000000000e+00 4.791203424390711452e-01 1.138698275200111132e+00 1.169161128127508942e+00 1.373845932488092503e+00 1.543393236985074468e+00 4.505047589252947127e+00 1.079304978377751212e+01 8.089121839331425701e-02
0.000000000000000000e+00 1.530534446819437899e-01 1.179834430403087664e+00 1.752824539473035514e+00 2.889445231382294033e+00 1.894208353458254779e+00 3.043668673444975270e-01 2.365693400089821985e+00 5.755345239040424721e-01
0.000000000000000000e+00 2.182668242333688502e-01 1.391050971218256382e+00 2.214828432890727949e+00 3.741739983129854341e+00 3.014138203010713557e+00 1.202272623679360919e+01 9.001221597347322856e+00 5.063050208135996266e-01
0.000000000000000000e+00 2.400046174171778790e-01 1.162261016184362949e+00 1.716349330003985152e+00 2.488637903482953107e+00 2.102206690947364898e+00 1.946507005883259467e+01 5.620517262982069440e+00 1.319058349635341632e+00
0.000000000000000000e+00 1.965290310495598214e-01 1.355814961392252549e+00 2.311016503266419164e+00 2.087835642476707942e+00 1.686874497787100413e+00 2.472213212994216480e+00 5.139867480333208505e+00 8.585657188013924579e-02
0.000000000000000000e+00 6.747604810933481856e-01 2.167147378327081597e+00 2.495888816596955717e+00 3.118903996678634716e+00 2.336687709768587862e+00 2.000832344188611600e+01 4.609788704418247285e+00 4.423100727283766909e-01
0.000000000000000000e+00 8.790544637987234011e-02 4.448394924771760517e-02 1.767197579655174211e-01 1.448036403852716314e-01 1.909916817009485179e-01 3.031822123961552817e-02 2.221974699774430934e-02 5.945048644071824345e-02
0.000000000000000000e+00 1.313156514981368428e-01 1.355811286393613146e+00 1.351555195795097752e+00 1.747764132029884232e+00 2.517241274952525920e+00 3.149183155500967057e+00 8.070643748369752402e+00 8.703983302426318569e-02
0.000000000000000000e+00 2.400244984388859582e-01 1.355817385056166557e+00 2.311020689680194806e+00 3.326513820614058314e+00 3.149931552570688797e+00 2.055324974847438568e+01 3.811035085769625574e+00 5.270600892225418832e-01
0.000000000000000000e+00 1.092801686515678522e-03 1.313810327474904116e-01 1.943559171991381673e-01 1.473223601496780610e-01 1.504364185713412405e-02 3.536774937856692388e-03 1.976209696754798947e-02 5.397466990686337722e-03
0.000000000000000000e+00 4.436447876290276066e-02 3.270480280223346803e-01 8.946996252341121725e-01 3.795592757349521285e-01 3.560702068474414644e-02 1.212879616047393971e-01 9.749815054529147040e-02 4.055342420115172486e-02
0.000000000000000000e+00 1.092801686515678522e-03 1.313810327474904116e-01 1.767581085749806435e-01 1.329241712959016997e-01 6.220830097491583492e-04 3.554635079642309674e-03 1.968662696722862926e-02 5.321564958232482927e-03
0.000000000000000000e+00 1.092801686515678522e-03 1.313810327474904116e-01 1.767035510850763769e-01 1.329241712959016997e-01 6.220830097491583492e-04 3.530244234517270277e-03 5.266472108250687401e-03 1.973149976286247415e-02
0.000000000000000000e+00 1.747912378657528187e-01 1.408646211540113269e+00 1.205641549030491255e+00 1.623125488394813187e+00 2.621393194453869757e+00 3.285086249369736144e+00 9.159698062502863891e+00 5.840483101719051717e-01
0.000000000000000000e+00 1.095778583143278001e-01 2.835533122703797204e-01 8.081796563529997091e-01 1.055662530892664153e+00 1.070499805974188146e+00 1.403172470283907125e-01 2.119491095285690463e+00 4.700849954147128668e-02
0.000000000000000000e+00 1.313156514981368428e-01 2.471882520617210421e-01 1.155937158364056971e+00 6.567089803198101761e-01 4.835047237945988563e-01 1.083496988279263606e-01 3.094985889302716564e-01 8.961977745301193121e-02
0.000000000000000000e+00 1.747912378657528187e-01 2.295734160696150106e-01 1.173179433080721479e+00 1.278440013657981877e+00 1.386978708410271155e+00 1.004278160451787943e-01 5.167401939490477991e-01 1.161636825428311037e-01
0.000000000000000000e+00 2.262668557909372838e-02 3.487605228557731363e-01 9.091359408893754379e-01 8.846830095007367500e-01 1.166615323711434282e+00 1.576126260313667760e-02 2.143895221874316526e-01 8.912328818262869878e-02
0.000000000000000000e+00 1.965290310495598214e-01 1.408647498445135815e+00 2.118634109042023983e+00 2.167996933656112013e+00 1.790681187479265635e+00 4.522953491438854279e+00 1.315316084673288444e+01 5.992427146340379568e-02
0.000000000000000000e+00 1.092801686515678522e-03 4.139723441369996260e-01 8.802813865136609461e-01 1.214520039018775616e-01 5.483686101687259944e-03 2.797629048652264250e-02 7.601472034480463713e-02 3.127929311530092821e-02
0.000000000000000000e+00 1.092801686515678522e-03 1.314046947231758966e-01 1.943559171991381673e-01 1.905584668287631789e-01 5.097596942220061983e-04 2.648650252188444049e-02 4.237973625060079998e-03 2.777662744303364961e-02
0.000000000000000000e+00 1.965290310495598214e-01 1.267825918271458630e+00 1.460993152106071280e+00 1.685445188318443588e+00 2.621375110076476389e+00 3.149562706772905951e+00 4.599001573657813147e+00 2.663922412291271913e-01
0.000000000000000000e+00 1.747912378657528187e-01 1.355813741648087545e+00 1.388038870857468465e+00 1.560807222545155915e+00 2.517568420384311167e+00 3.014311191896254183e+00 9.885559093612608095e+00 4.163234314810128622e-01
0.000000000000000000e+00 3.052179969686029670e-01 1.849376759814618021e+00 3.056742447725570688e+00 3.015097213456722436e+00 2.743228708876252586e+00 7.848155820823477846e+00 8.637446703741018084e+00 5.763530740351140436e-01
0.000000000000000000e+00 8.784006513051878517e-02 2.618618810858017176e-01 9.235389702822686120e-01 6.972857660966236271e-02 3.619742512611376362e-01 6.414834070361667695e-02 4.052006268174891679e-02 1.545264748335160587e-01
0.000000000000000000e+00 2.182668242333688502e-01 1.320620558617195739e+00 1.388038870857468465e+00 1.560807222545155915e+00 2.206148351307825273e+00 3.149692898010710174e+00 6.765763338308753205e+00 4.496189375158348156e-01
0.000000000000000000e+00 1.965290310495598214e-01 1.391069534374151706e+00 1.315082811739441082e+00 2.167990619347115899e+00 2.206092305385153107e+00 3.149801588499358651e+00 7.127133017539343030e+00 8.683989781138744257e-02
0.000000000000000000e+00 1.313156514981368428e-01 1.285420051896978277e+00 1.606911477354315387e+00 1.560807222545155915e+00 7.416946842776094284e-01 1.998358733554735034e+00 6.550756580443084509e+00 8.549475584686275220e-02
0.000000000000000000e+00 3.052179969686029670e-01 1.338262615608562411e+00 1.974344672834530856e+00 2.408481233407007149e+00 3.963086002840517263e+00 1.184139380557574484e+01 8.713025987022632535e+00 2.524874635126453937e-01
0.000000000000000000e+00 2.400046174171778790e-01 1.338219576432008617e+00 2.070532795552012750e+00 2.328318779049734832e+00 3.285691039445299388e+00 2.019040525302520095e+01 6.493365268880867625e+00 4.088778380218550668e-01
0.000000000000000000e+00 2.617424106009869078e-01 3.879391146237303190e-01 1.404001117575043756e+00 1.781746778034696943e+00 1.783973014614828712e+00 1.583152759392732367e+00 3.042746071873868363e+00 7.414257931382859379e-01
0.000000000000000000e+00 3.052179969686029670e-01 1.338262615608562411e+00 2.022441834758883950e+00 2.328320011293245173e+00 3.963086002840517263e+00 1.220439008164171035e+01 8.713066231757300883e+00 2.075671119538789744e-01
0.000000000000000000e+00 3.052179969686029670e-01 1.320664806984404027e+00 2.022439785193319572e+00 2.328319412373049069e+00 3.827624313813386525e+00 1.220449779225561571e+01 8.713025987022632535e+00 2.524874635126453937e-01
0.000000000000000000e+00 1.530534446819437899e-01 2.823655834933661568e-01 1.104217112002354062e+00 1.314918594242850736e+00 1.573944425914326484e+00 7.416946842776094284e-01 3.041894970633034934e+00 6.241222036962003339e-02
0.000000000000000000e+00 2.182668242333688502e-01 2.647912192720989211e-01 1.104219339329721938e+00 1.278440013657981877e+00 1.386978708410271155e+00 1.142404958282840610e+00 6.698011232712546281e-01 3.586621670184111377e-01
0.000000000000000000e+00 2.182668242333688502e-01 1.391050971218256382e+00 2.262925594815079489e+00 3.637933889690548650e+00 3.014344284236406768e+00 1.238572251285957471e+01 8.713138993219368800e+00 5.063050208135996266e-01
0.000000000000000000e+00 1.092801686515678522e-03 3.487826265612600785e-01 9.091188154232906493e-01 3.572902696420624524e-01 2.793648115604364587e-02 7.204488990676449073e-03 9.731070633558668026e-02 4.026310815842994162e-02
0.000000000000000000e+00 2.182668242333688502e-01 1.373453162594097332e+00 2.311020689680194806e+00 3.637933889690548650e+00 3.420815474045732163e+00 1.238555181759400625e+01 8.713186655891236754e+00 4.243398891162870057e-01
0.000000000000000000e+00 2.182867052550769016e-01 1.320640051521014380e+00 1.424519291760452111e+00 2.328393073872367047e+00 2.517473512868854790e+00 1.728617754000113749e+01 6.863594362671671334e+00 6.244644398727060564e-01
0.000000000000000000e+00 1.092801686515678522e-03 1.313810327474904116e-01 1.767581085749806435e-01 1.909464048121890523e-01 1.505869342460046736e-02 2.984765131228302431e-03 4.222165941039243003e-03 2.776065601627111801e-02
0.000000000000000000e+00 4.436447876290276066e-02 3.270242815446835483e-01 9.091197800930901352e-01 3.795599102297610439e-01 3.574842633878093368e-02 1.495951447195049411e-01 4.043265186496263625e-02 1.195169171834112483e-02
0.000000000000000000e+00 6.610227194671179640e-02 3.053118223360507533e-01 9.091197800930901352e-01 1.533794235117586835e+00 1.573950869514536777e+00 1.801961222953368247e-01 3.584756860909351500e-02 1.160093896430509919e-01
0.000000000000000000e+00 8.792910835555783899e-02 4.445988505869768320e-02 1.767035510850763769e-01 2.890051889750469560e-01 3.481308342232323771e-01 3.023400811236747962e-02 5.418703480878806801e-03 1.852863076887390631e-02
0.000000000000000000e+00 1.747912378657528187e-01 1.303020315775611282e+00 1.388033970011796514e+00 1.623124732182620322e+00 2.309990911559576254e+00 3.827176433639524866e+00 6.766027231246021678e+00 8.679781698747564278e-02
0.000000000000000000e+00 1.530534446819437899e-01 4.231286595642637649e-01 8.973321832571190537e-01 1.424356007024281778e+00 1.573950869514536777e+00 8.216175079570106066e-01 1.915337290118429570e+00 1.976781286822066885e-01
0.000000000000000000e+00 1.092801686515678522e-03 3.487589645855745935e-01 9.235389702822686120e-01 8.846830095007367500e-01 1.166536392369619479e+00 7.788104068377108002e-02 2.746266090260326975e-02 8.906154919837132311e-02
0.000000000000000000e+00 1.747912378657528187e-01 1.408646211540113269e+00 1.205641549030491255e+00 1.623125488394813187e+00 2.621393194453869757e+00 3.285291985102469781e+00 9.159698062502863891e+00 5.840483101719051717e-01
0.000000000000000000e+00 1.530534446819437899e-01 1.215088800023015114e+00 1.752828026575149911e+00 2.648961545550872376e+00 1.998358733554735034e+00 4.394481911163176102e-01 1.146335393194479746e+00 6.284300731731927436e-02
0.000000000000000000e+00 1.965290310495598214e-01 2.823877464989782982e-01 5.058232123687588233e-01 1.645951199101045315e-01 3.526309536480805307e-02 4.418573592874370549e-03 7.064747087270764961e-03 2.430588951800889685e-02
0.000000000000000000e+00 2.262668557909372838e-02 2.835708476024552116e-01 1.232636320445567701e+00 1.387876569688022421e+00 1.449311469667273089e+00 1.302615016128757741e+00 4.700849954147128668e-02 1.503981000223090780e-01
0.000000000000000000e+00 2.182668242333688502e-01 1.982934802629782611e+00 2.869788268914102769e+00 3.015097073628312696e+00 2.607772611550471797e+00 1.837516106794795334e+01 4.637722952805866328e+00 7.407751305969484390e-01
0.000000000000000000e+00 1.530534446819437899e-01 1.391008133892992493e+00 2.166725017493361438e+00 2.328319412373049069e+00 3.827624313813386525e+00 1.746767608197559696e+01 5.305258905606817343e+00 1.319072843508090287e+00
0.000000000000000000e+00 8.790544637987234011e-02 4.445988505869768320e-02 2.119153752138340785e-01 2.457461914269241099e-01 3.276107514163387746e-01 9.748113662759502751e-02 2.655947527320615120e-01 9.821807844220425965e-02
0.000000000000000000e+00 1.747912378657528187e-01 1.215050699022502734e+00 1.716349330003985152e+00 2.408476082448992361e+00 2.413484859824697182e+00 2.607668502974803015e+00 2.401732699324480524e+00 2.658033357519726247e-01
0.000000000000000000e+00 1.965290310495598214e-01 1.916126247505643532e+00 1.926257494688656147e+00 2.007674316633764722e+00 1.686874497787100413e+00 2.607703609597320948e+00 1.696405251198584452e+01 1.560088087143908231e-01
0.000000000000000000e+00 1.092801686515678522e-03 1.314046947231758966e-01 1.767581085749806435e-01 2.916190433274293281e-01 5.242225038731717799e-04 3.816751918288741746e-02 4.218042858688344360e-03 4.480992915762371798e-03
0.000000000000000000e+00 1.313156514981368428e-01 2.295708938068126981e-01 8.370209219367277242e-01 4.909030117975444751e-01 3.777628146108331642e-01 4.573465775242371162e-02 3.074652260287981664e-01 2.062949016998424229e-02
0.000000000000000000e+00 1.092801686515678522e-03 1.314046947231758966e-01 1.943559171991381673e-01 2.916214775070284926e-01 5.023923142540447128e-04 2.916398569809332698e-03 4.239952116620495336e-03 4.314516099609182025e-03
0.000000000000000000e+00 1.092801686515678522e-03 1.314046947231758966e-01 1.767581085749806435e-01 2.918874888250319044e-01 5.018732136499049618e-04 1.462595570165396708e-02 2.777892898756557233e-02 4.330244245901594680e-03
0.000000000000000000e+00 1.530534446819437899e-01 2.119549560743589633e-01 7.793403025008174279e-01 1.112656505989575217e+00 1.118435858929503368e+00 2.651397662742817629e-01 1.798697243388172495e+00 4.700849954147128668e-02
0.000000000000000000e+00 1.747912378657528187e-01 3.527580764387257539e-01 1.069740355275298871e+00 1.781739009449930133e+00 1.324335856407433232e+00 1.686951480178706442e+00 4.261742633387097356e+00 5.755345239040424721e-01
0.000000000000000000e+00 8.790544637987234011e-02 4.448394924771760517e-02 1.767197579655174211e-01 2.745850341160703811e-01 1.702359462987552974e-01 1.550584558290975801e-01 1.872398482767603789e-02 5.893610518836694956e-02
0.000000000000000000e+00 1.747912378657528187e-01 1.373411550272246595e+00 2.262919341342065849e+00 2.248158754690069205e+00 1.686852503324721031e+00 2.607668502974803015e+00 4.959410900669653621e+00 2.664912066379845901e-01
0.000000000000000000e+00 3.269557901524119958e-01 1.162285783038370379e+00 2.647685867788509118e+00 3.430320510306223092e+00 3.420673691216925327e+00 1.147817547963133755e+01 7.128418966210269048e+00 3.978213682151006125e-01
0.000000000000000000e+00 1.096432395636813828e-01 2.272366621954891377e-02 2.295131838379932399e-01 2.457469176418589640e-01 3.481308342232323771e-01 1.108468591054177915e-01 2.426256750206228288e-02 6.792186928174143851e-03
0.000000000000000000e+00 2.182668242333688502e-01 2.647520411676732022e-01 1.104238911038527560e+00 1.278440013657981877e+00 1.386675531398043226e+00 1.222566779316798025e+00 3.580114794066251438e-01 5.661829070363690875e-01
0.000000000000000000e+00 8.784006513051878517e-02 4.445988505869768320e-02 1.767581085749806435e-01 2.745984583214327590e-01 1.516127801685395182e-01 3.968555513519737149e-02 1.056319474376004736e-01 8.594798160055941438e-02
0.000000000000000000e+00 6.610227194671179640e-02 3.270258270059559491e-01 8.947005855068651536e-01 1.570274656020569148e+00 1.511624725990695861e+00 1.803229396853357203e-01 1.961712106770122366e-01 3.565723864417552069e-01
0.000000000000000000e+00 1.965290310495598214e-01 1.916126247505643532e+00 1.926257494688656147e+00 2.007674316633764722e+00 1.686874497787100413e+00 2.607703609597320948e+00 1.696405251198584452e+01 1.560088087143908231e-01
0.000000000000000000e+00 1.965290310495598214e-01 1.408647498445135815e+00 2.070536947117672888e+00 2.248158190259287093e+00 1.686713828680226568e+00 4.522996067189380298e+00 1.351609614183157682e+01 5.992947061415186683e-02
0.000000000000000000e+00 1.313156514981368428e-01 1.443800329514406400e+00 2.311020689680194806e+00 6.883381650939357499e-01 2.206166435685218197e+00 3.826761014859713761e+00 2.435692812904834414e-01 9.076789573080891182e-01
0.000000000000000000e+00 1.092801686515678522e-03 1.313810327474904116e-01 1.767581085749806435e-01 1.473199615542048757e-01 1.504294239405278184e-02 1.788148433124427811e-02 5.161776233537312616e-03 5.206676237606997805e-03
0.000000000000000000e+00 1.965290310495598214e-01 1.373451881196818603e+00 2.311018605173771778e+00 3.534126603745528783e+00 3.556164087820029795e+00 1.220411113361504007e+01 8.280979019662645157e+00 5.063322525539071250e-01
0.000000000000000000e+00 1.747912378657528187e-01 2.999646505662499352e-01 7.259244916080567211e-01 1.595304369648018472e-01 4.555135608682272380e-02 5.483435603668694938e-03 3.142451684357294717e-02 3.104278716144616770e-02
0.000000000000000000e+00 5.225959288066891473e-01 1.104218228336781848e+00 1.315082811739441082e+00 1.436168500432605466e+00 1.142517754603488145e+00 4.640537985856052039e+00 1.278959533722728459e+01 3.577883473210339838e-01
0.000000000000000000e+00 2.400046174171778790e-01 1.144663207560204565e+00 1.752828026575149911e+00 2.568799724516911187e+00 1.998379518161383706e+00 1.982779214812934043e+01 5.725605553690486182e+00 1.000215324657712568e+00
0.000000000000000000e+00 1.096432395636813828e-01 2.272366621954891377e-02 1.943013597092339007e-01 1.303976594038183667e-01 1.087356008336503588e-01 1.462444401421220987e-02 1.341198463743331348e-01 5.026395412058085738e-02
0.000000000000000000e+00 1.313156514981368428e-01 1.461398138138565672e+00 1.974342623268968699e+00 1.124573512930754360e+00 9.821801473794855575e-01 4.640566693432030654e+00 1.570851200776310241e+00 7.725530192040090671e-02
0.000000000000000000e+00 8.795300161079736001e-02 6.617384783605531617e-02 3.175195184033745566e-01 1.767699608919515442e-01 1.609144064853250122e-01 2.290631911719376301e-02 1.411061728306614582e-02 8.513285800292459682e-02
0.000000000000000000e+00 1.092801686515678522e-03 3.487589645855745935e-01 9.235389702822686120e-01 9.132082096496634271e-01 1.022162550985583840e+00 1.547715301870966446e-02 8.968522682702730064e-02 2.667955713669090123e-02
0.000000000000000000e+00 1.313156514981368428e-01 1.461398138138565672e+00 1.926245461344615606e+00 2.167994469341199437e+00 1.686959449084892926e+00 3.285291985102469781e+00 1.532986929055017633e+01 4.310519732628095846e-01
0.000000000000000000e+00 1.747912378657528187e-01 1.338235359391614310e+00 1.424517671227742976e+00 1.560807222545155915e+00 2.413761730692150831e+00 3.285325077442621922e+00 1.406008230345815413e+01 2.138120336741393956e-01
0.000000000000000000e+00 1.965290310495598214e-01 2.999659036376802201e-01 4.941135800487513330e-01 1.511634164956982829e-01 3.526259714702126291e-02 3.878507556709057807e-02 2.431664306685987417e-02 1.870696437187231720e-01
0.000000000000000000e+00 1.530534446819437899e-01 2.295721576208903658e-01 8.081978034418388912e-01 5.131713580193453250e-01 9.213507096921143003e-01 2.046170681082024323e-01 1.168209141132868084e-01 2.104426644612247127e-02
0.000000000000000000e+00 6.610227194671179640e-02 3.270258270059559491e-01 8.947005855068651536e-01 1.570274656020569148e+00 1.511624725990695861e+00 1.805759021959794930e-01 1.955394632588256520e-01 4.367342074757126769e-01
0.000000000000000000e+00 8.790544637987234011e-02 4.445988505869768320e-02 1.943175665896749449e-01 2.745992079935937191e-01 1.795487068483386239e-01 1.268871960359882305e-02 8.530980011266799112e-02 5.907577783047352621e-02
0.000000000000000000e+00 8.792910835555783899e-02 4.445988505869768320e-02 1.767197579655174211e-01 2.745984583214327590e-01 3.582423525420852517e-01 1.682493520457612260e-02 4.570517644418725656e-02 1.102459252447499510e-01
0.000000000000000000e+00 1.313156514981368428e-01 1.426202520890248238e+00 2.070532795552012750e+00 1.124573512930754360e+00 9.821801473794855575e-01 4.640566693432030654e+00 1.404838630158314450e+00 7.790539673117634345e-02
0.000000000000000000e+00 8.790544637987234011e-02 4.445988505869768320e-02 1.767035510850763769e-01 2.745984583214327590e-01 3.074371949706807827e-01 4.368515307460123231e-02 4.567912653695014452e-02 5.899860429379634452e-02
0.000000000000000000e+00 3.269557901524119958e-01 1.162246273891089476e+00 2.599588705864158023e+00 3.534126603745528783e+00 3.285183294613814642e+00 1.165972996072764722e+01 7.128418966210269048e+00 3.981608627169364589e-01
0.000000000000000000e+00 1.313156514981368428e-01 2.295904434375618530e-01 8.514572903438172302e-01 4.686346571349481183e-01 3.492181946275283444e-01 1.187579240916866175e-01 3.074858155512393831e-01 2.065552999624885658e-02
0.000000000000000000e+00 1.092801686515678522e-03 1.313810327474904116e-01 1.767581085749806435e-01 1.476859402352566075e-01 1.062653228320269844e-01 2.913398311137245077e-03 1.601242504170301978e-02 3.686879406077168964e-03
0.000000000000000000e+00 1.747912378657528187e-01 1.426224402512407563e+00 1.205643116840066975e+00 1.623126218511317553e+00 2.621047964644691586e+00 3.014277697783707577e+00 9.885625128699572883e+00 4.163522855041749682e-01
0.000000000000000000e+00 1.092801686515678522e-03 2.271572880413281342e-02 1.531203842014980665e-01 1.014789237652745672e-03 9.185557208415380884e-04 2.644469018628561527e-02 7.560814788311476763e-03 7.366903925516440563e-03
0.000000000000000000e+00 1.096432395636813828e-01 2.272366621954891377e-02 2.118991683333930343e-01 1.015446428371474114e-01 1.204251896817674916e-01 1.464436358505945973e-02 1.247925205390473802e-01 3.559731469138712693e-03
0.000000000000000000e+00 1.173181201448080142e-03 1.173181201448080142e-03 1.530534446819437899e-01 1.269326298276383658e-01 7.493043891915214657e-04 4.305318260514908076e-03 6.289524312231804110e-03 2.399419356724738495e-02
0.000000000000000000e+00 1.965290310495598214e-01 1.373412770016410933e+00 2.262921443249421127e+00 2.167997463510665579e+00 1.583045813632555365e+00 2.743194006200431634e+00 4.959410900669653621e+00 8.590573517230477851e-02
0.000000000000000000e+00 1.530534446819437899e-01 1.179834430403087664e+00 1.752824539473035514e+00 2.889445231382294033e+00 1.894530957364691792e+00 3.043668673444975270e-01 2.365693400089821985e+00 5.755345239040424721e-01
0.000000000000000000e+00 2.182668242333688502e-01 1.144642472375608344e+00 1.752870608743076986e+00 2.648960673780808239e+00 1.998379518161383706e+00 1.964629401009636211e+01 5.725605023615183420e+00 1.035354052232420718e+00
0.000000000000000000e+00 2.400046174171778790e-01 2.471749677281100399e-01 1.104219339329721938e+00 1.278475686155517321e+00 1.386776753490129410e+00 1.222566779316798025e+00 6.698486376944390308e-01 3.587080827101585268e-01
0.000000000000000000e+00 1.747912378657528187e-01 1.768194180591820264e-01 8.081796563529997091e-01 1.084159956790467838e+00 1.118593463571592839e+00 1.405003664270178809e-01 5.883720583394961290e-01 4.365389370542211989e-01
0.000000000000000000e+00 1.092801686515678522e-03 2.271572880413281342e-02 2.266783235354086906e-02 4.438684932837134306e-02 9.137232606967528878e-04 4.617389369301367653e-03 6.173811925191292037e-03 2.890238860195284976e-02
0.000000000000000000e+00 2.400046174171778790e-01 2.471946865250737035e-01 1.104219339329721938e+00 1.278440013657981877e+00 1.386978708410271155e+00 1.222566779316798025e+00 6.698486376944390308e-01 4.625147724023238593e-01
0.000000000000000000e+00 1.965290310495598214e-01 1.391010578640569317e+00 2.166729203907139301e+00 2.248158754690069205e+00 3.556614813031198530e+00 1.982720438688196296e+01 7.111902019792868401e+00 2.773863487961149565e-01
0.000000000000000000e+00 2.182668242333688502e-01 1.338218367241354789e+00 2.166725017493361438e+00 2.328319412373049069e+00 3.827624313813386525e+00 1.728644565717910453e+01 5.304774013916466302e+00 1.319086971796709751e+00
0.000000000000000000e+00 2.617424106009869078e-01 2.119805873471125035e-01 1.104237769291849691e+00 1.278439100578381504e+00 1.449001548044167142e+00 1.222566779316798025e+00 2.542047897144597557e-01 5.661361860356025621e-01
0.000000000000000000e+00 1.530534446819437899e-01 2.823851671935454499e-01 8.226045462708277967e-01 8.846830095007367500e-01 1.214791291747243207e+00 2.025120625914497152e-01 1.638684955927164788e+00 1.507198985050219320e-01
0.000000000000000000e+00 1.092801686515678522e-03 1.314285879784154176e-01 1.943559171991381673e-01 1.476396956787788817e-01 1.505728508061030327e-02 3.536774937856692388e-03 5.161776233537312616e-03 4.545218335683057914e-03
0.000000000000000000e+00 8.792910835555783899e-02 4.445988505869768320e-02 1.767035510850763769e-01 2.745984583214327590e-01 3.481295227302845241e-01 3.370025683763322889e-03 1.882442593416428986e-02 8.585362480701656807e-02
0.000000000000000000e+00 6.610227194671179640e-02 3.052880338221469203e-01 8.947157860303974752e-01 1.643234458416084953e+00 1.511416153337393320e+00 1.801826566026894783e-01 1.160482528425890170e-01 1.160869233398751921e-01
0.000000000000000000e+00 4.436447876290276066e-02 3.052864883608766289e-01 9.235389702822686120e-01 1.570274656020569148e+00 1.449305026067062352e+00 2.607514581130975229e-01 3.564948527449309235e-01 2.764873246107497629e-01
0.000000000000000000e+00 1.965290310495598214e-01 1.267825918271458630e+00 1.460993152106071280e+00 1.685445188318443588e+00 2.517568420384311167e+00 3.149595852766625903e+00 4.779521888485454895e+00 8.580676976344735196e-02
0.000000000000000000e+00 8.792910835555783899e-02 4.445988505869768320e-02 1.767197579655174211e-01 2.745984583214327590e-01 1.515655258647868320e-01 1.140262012994402822e-02 1.296728000970578769e-02 4.456409694943164884e-02
0.000000000000000000e+00 3.052179969686029670e-01 1.916133864735580339e+00 2.682831594724761182e+00 3.534130104021549368e+00 2.607055357199393519e+00 8.029596504802443135e+00 9.979050178161202211e+00 1.311323163971416794e-01
0.000000000000000000e+00 1.096432395636813828e-01 2.272366621954891377e-02 1.943013597092339007e-01 1.303976594038183667e-01 1.204666678011878100e-01 1.464587687320612584e-02 1.061443935576781572e-01 5.951746486777740458e-02
0.000000000000000000e+00 8.790544637987234011e-02 4.445988505869768320e-02 1.767035510850763769e-01 2.745984583214327590e-01 3.074371949706807827e-01 1.677639368252328497e-02 4.566164574813392357e-02 1.868669873428190770e-02
0.000000000000000000e+00 5.008581356228800630e-01 1.104217112002354062e+00 1.205639967987689243e+00 1.560805032258989922e+00 2.102395020521369506e+00 4.233948000293307423e+00 1.024868689070074801e+01 8.086521842822848305e-02
0.000000000000000000e+00 1.092801686515678522e-03 1.313810327474904116e-01 1.767581085749806435e-01 1.476859402352566075e-01 1.062653228320269844e-01 2.913398311137245077e-03 1.601242504170301978e-02 4.195153360821173363e-03
0.000000000000000000e+00 2.262668557909372838e-02 1.096685021319891290e-01 1.943559171991381673e-01 1.764311934885951505e-01 1.504502555920083674e-02 2.638723043210965125e-02 5.124144840637347847e-02 4.306625703689202084e-03
0.000000000000000000e+00 1.965290310495598214e-01 1.408647498445135815e+00 2.070536947117672888e+00 2.248158190259287093e+00 1.686874497787100413e+00 4.523246423932194560e+00 1.333459800379859672e+01 5.992427146340379568e-02
0.000000000000000000e+00 1.747912378657528187e-01 1.338235359391614310e+00 1.388037250324760663e+00 1.560806518587687153e+00 2.517586504761708976e+00 3.285325077442621922e+00 1.424158044149113600e+01 6.976216248012283294e-02
0.000000000000000000e+00 1.965290310495598214e-01 3.879354870635242647e-01 1.448509362562575786e+00 1.926037210802422850e+00 1.783565836582614583e+00 1.686917577980365790e+00 8.750730634596911584e-01 8.754097862525173079e-01
0.000000000000000000e+00 8.790544637987234011e-02 4.448394924771760517e-02 1.767197579655174211e-01 2.890186131804093339e-01 1.889075553000996444e-01 2.593742509683209709e-03 1.409071437471131130e-02 5.468768277911641856e-02
0.000000000000000000e+00 1.530534446819437899e-01 2.647483819468346988e-01 1.086974847907896002e+00 1.424357960121481970e+00 1.324659008486640754e+00 2.606382678289787536e-01 9.974345651765321730e-01 6.698011232712546281e-01
0.000000000000000000e+00 8.790544637987234011e-02 4.445988505869768320e-02 1.943175665896749449e-01 2.745992079935937191e-01 1.702213810130524529e-01 1.268789238361981916e-02 2.431612670193110393e-02 3.449420350932223128e-02
0.000000000000000000e+00 1.313156514981368428e-01 1.355830645752969632e+00 1.388035616698080066e+00 1.685445188318443588e+00 2.517241274952525920e+00 3.284673552104077743e+00 7.343951217098977580e+00 8.692197915530444630e-02
0.000000000000000000e+00 3.052179969686029670e-01 1.916133864735580339e+00 2.682831594724761182e+00 3.534130104021549368e+00 2.471769749913028225e+00 8.029653958856455276e+00 9.979015943465734395e+00 2.195034559842158894e-01
0.000000000000000000e+00 8.790544637987234011e-02 4.445988505869768320e-02 1.767035510850763769e-01 2.745984583214327590e-01 3.074371949706807827e-01 3.032127943494502056e-02 3.223869408884052351e-02 1.868669873428190770e-02
0.000000000000000000e+00 2.400046174171778790e-01 1.893909970425443623e+00 2.994420252550672679e+00 3.222710267007066864e+00 2.607738312273148562e+00 7.848212718971700141e+00 1.031525724855086423e+01 2.195034559842158894e-01
0.000000000000000000e+00 1.313156514981368428e-01 1.373409095017772419e+00 1.388037250324760663e+00 1.623126218511317553e+00 2.517241274952525920e+00 3.148976228284961376e+00 7.888381132660660988e+00 8.700125689063947787e-02
0.000000000000000000e+00 2.400046174171778790e-01 1.938398320604638236e+00 2.807466120122322550e+00 3.326516724637223366e+00 2.336757519066933408e+00 8.211321126895308353e+00 1.048304193481278723e+01 3.078601560233327206e-01
0.000000000000000000e+00 8.792910835555783899e-02 4.445988505869768320e-02 1.767035510850763769e-01 2.745850341160703811e-01 3.481467067812148986e-01 3.025607030024641056e-02 5.410066200969223735e-03 8.600028668740467008e-02
0.000000000000000000e+00 2.617424106009869078e-01 3.527434973754120517e-01 9.318155413748923088e-01 1.387878494682291963e+00 1.386776753490129410e+00 1.222693310520606369e+00 5.660419480022735872e-01 4.724209794191988609e-02
0.000000000000000000e+00 8.784006513051878517e-02 4.445988505869768320e-02 1.767581085749806435e-01 2.745984583214327590e-01 1.516127801685395182e-01 3.968555513519737149e-02 1.056319474376004736e-01 8.594798160055941438e-02
0.000000000000000000e+00 2.400046174171778790e-01 1.285445676553474303e+00 1.351556829421777017e+00 1.685445188318443588e+00 2.413761730692150831e+00 3.420815474045732163e+00 8.433705510370936409e+00 2.686493927134261384e-01
0.000000000000000000e+00 1.092801686515678522e-03 1.231645461951578514e-03 1.313810327474904116e-01 1.591057424609172433e-01 1.834804000698489132e-02 4.400584088684033994e-03 6.314743771003178234e-03 6.422108830762392195e-03
0.000000000000000000e+00 1.313156514981368428e-01 1.285420051896978277e+00 1.606911477354315387e+00 2.568798852746850159e+00 1.894593311563039340e+00 3.014072310169795266e+00 2.733697941938031839e+00 6.270308605970035254e-01
0.000000000000000000e+00 1.965290310495598214e-01 1.408627846959678465e+00 2.070536947117672888e+00 2.167996369225325903e+00 1.479282809826486522e+00 3.014277697783707577e+00 1.406008230345815413e+01 6.975319135168209228e-02
0.000000000000000000e+00 1.965290310495598214e-01 1.232630301023140973e+00 1.533950635548349206e+00 1.685445188318443588e+00 2.725181799768637614e+00 3.014243801359798081e+00 4.779587045123492750e+00 8.585657188013924579e-02
0.000000000000000000e+00 8.790544637987234011e-02 4.448394924771760517e-02 1.767197579655174211e-01 2.890186131804093339e-01 1.889075553000996444e-01 2.593742509683209709e-03 1.409071437471131130e-02 5.468768277911641856e-02
0.000000000000000000e+00 2.617424106009869078e-01 3.351456887512545557e-01 9.662967529800731148e-01 1.351399015145834603e+00 1.200019608639376623e+00 1.222606117861915864e+00 1.500158827594059607e+00 6.201548923977628913e-02
0.000000000000000000e+00 2.182668242333688502e-01 1.373433477393490199e+00 2.262923527755843267e+00 3.118899844976876778e+00 3.962759108061649105e+00 1.129667734159835391e+01 8.280869900639673986e+00 1.802411794182260940e-01
0.000000000000000000e+00 1.092801686515678522e-03 1.314046947231758966e-01 1.943559171991381673e-01 1.905584668287631789e-01 5.097596942220061983e-04 2.648650252188444049e-02 4.237973625060079998e-03 2.777662744303364961e-02
0.000000000000000000e+00 8.790544637987234011e-02 4.445988505869768320e-02 1.767197579655174211e-01 2.745984583214327590e-01 3.175844421742510804e-01 1.689026380857977863e-02 3.219287001129311765e-02 7.241351239190553513e-02
0.000000000000000000e+00 2.400046174171778790e-01 4.055749641425027141e-01 1.426270123667933154e+00 1.829844973920464080e+00 1.703788980862290359e+00 1.998197348857681632e+00 1.959109964206731336e+00 7.412401216593897946e-01
0.000000000000000000e+00 1.313156514981368428e-01 1.478995946762724056e+00 1.974344672834530856e+00 9.999346054440485521e-01 9.821941125355693192e-01 4.640595005476368051e+00 1.570791208957953211e+00 7.790539673117634345e-02
0.000000000000000000e+00 2.262668557909372838e-02 3.270464339700732692e-01 9.235389702822686120e-01 1.214520039018775616e-01 5.017094423288028654e-02 2.790166980108889361e-02 7.604197264650999766e-02 3.130541167207610137e-02
0.000000000000000000e+00 1.530534446819437899e-01 2.295721576208903658e-01 8.226179583008160767e-01 4.686340057046537444e-01 9.578324472589637706e-01 1.564419085732776937e-01 3.095503611132766619e-01 8.968522682702730064e-02
0.000000000000000000e+00 1.530534446819437899e-01 2.823461905709938602e-01 8.081843914118499450e-01 9.131796234418371183e-01 1.214791291747243207e+00 2.028113437519469819e-01 1.638684955927164788e+00 4.691320881285655775e-02
0.000000000000000000e+00 1.747912378657528187e-01 2.119561810777723654e-01 7.793412539496339386e-01 1.084159956790467838e+00 1.166690625495943712e+00 1.864112622930205188e+00 1.915433623271779462e+00 1.417204687020372500e+00
0.000000000000000000e+00 1.965290310495598214e-01 3.000053996763125119e-01 5.175881947897492674e-01 1.107788958457547046e-01 7.798073477417058561e-04 2.157200956078630244e-02 2.403332935891308933e-02 6.802569764853944566e-03
0.000000000000000000e+00 1.530534446819437899e-01 1.179853823325459627e+00 1.752868807659313743e+00 2.488636126212499189e+00 2.309860133484529232e+00 3.044015700203245856e-01 2.636618256448336695e+00 7.755671067248784412e-02
0.000000000000000000e+00 2.617424106009869078e-01 3.879391146237303190e-01 1.404001117575043756e+00 1.781746778034696943e+00 1.783973014614828712e+00 1.583152759392732367e+00 3.042746071873868363e+00 7.414257931382859379e-01
0.000000000000000000e+00 1.530534446819437899e-01 1.391008133892992493e+00 2.166725017493361438e+00 2.328319412373049069e+00 3.827624313813386525e+00 1.746767608197559696e+01 5.305258905606817343e+00 1.319072843508090287e+00
0.000000000000000000e+00 1.313156514981368428e-01 1.285420051896978277e+00 1.460989793742383247e+00 1.747763349785014242e+00 2.309973125377383418e+00 3.691654484423140037e+00 1.532986929055017633e+01 4.310519732628095846e-01
0.000000000000000000e+00 2.262668557909372838e-02 3.270703701735473423e-01 8.802946399765321228e-01 9.131779670086360712e-01 5.564679245035011323e-01 4.449467588293430920e-01 8.996016074201703683e-01 5.969020149830051025e-01
0.000000000000000000e+00 1.096432395636813828e-01 2.272366621954891377e-02 1.943013597092339007e-01 1.303842214709185210e-01 1.204071371745680935e-01 2.895008177877498885e-03 1.061378688684750521e-01 5.024489929830459889e-02
0.000000000000000000e+00 2.400046174171778790e-01 4.055357193515974346e-01 1.404001117575043756e+00 1.829843939959047816e+00 1.703800200739743254e+00 2.102024588655268644e+00 1.823619567603626868e+00 7.411772500740224645e-01
0.000000000000000000e+00 1.530534446819437899e-01 1.232627856275563261e+00 1.643388488198018971e+00 2.889445231382294033e+00 1.790724267672531234e+00 3.044015700203245856e-01 2.365637463242121541e+00 7.743641112991826725e-02
0.000000000000000000e+00 8.790544637987234011e-02 4.445988505869768320e-02 1.767197579655174211e-01 2.745984583214327590e-01 1.421908059878642938e-01 2.058781562932643083e-01 3.226481268010242959e-02 7.243867125252356765e-02
0.000000000000000000e+00 1.965290310495598214e-01 2.823486353185710174e-01 5.175740810640862000e-01 2.112776088838795585e-01 1.802244441755455548e-02 5.611316441354754353e-02 3.143552354996573261e-02 9.180286264444345937e-03
0.000000000000000000e+00 6.610227194671179640e-02 3.052880338221469203e-01 8.947157860303974752e-01 1.643234458416084953e+00 1.511416153337393320e+00 1.801826566026894783e-01 1.160482528425890170e-01 1.160869233398751921e-01
0.000000000000000000e+00 1.747912378657528187e-01 2.471517983260890505e-01 7.793431435562626630e-01 1.027166826169374048e+00 1.166533020853854241e+00 1.863856196754001715e+00 1.915433623271779462e+00 1.146223893814157568e+00
0.000000000000000000e+00 8.792910835555783899e-02 4.445988505869768320e-02 1.767035510850763769e-01 2.745984583214327590e-01 3.582940003222434555e-01 1.680230469796125878e-02 1.884176961537544631e-02 7.243867125252356765e-02
0.000000000000000000e+00 1.965290310495598214e-01 1.408608387264728368e+00 1.242123537743049289e+00 1.498487522621525292e+00 2.517586504761708976e+00 3.149834680839517898e+00 9.159566541480682389e+00 7.517704207742261779e-01
0.000000000000000000e+00 2.400046174171778790e-01 1.938398320604638236e+00 2.932105519969586460e+00 3.326517142704803920e+00 2.472178106371691886e+00 7.666393701096842150e+00 1.048304193481278723e+01 3.962240758364261595e-01
0.000000000000000000e+00 1.092801686515678522e-03 1.314046947231758966e-01 1.943559171991381673e-01 3.063101659419154021e-01 5.140699554444474366e-04 2.917854704959200064e-03 2.793682753285143053e-02 4.338081873347545032e-03
0.000000000000000000e+00 1.965290310495598214e-01 2.999855551231374595e-01 5.058644487440788762e-01 1.511640124456808676e-01 1.803884286194538597e-02 2.163070243768179871e-02 7.064747087270764961e-03 7.064747087270764961e-03
0.000000000000000000e+00 1.747912378657528187e-01 2.295539897019298614e-01 7.793422009714717769e-01 1.055663396857939640e+00 1.166533020853854241e+00 1.863856196754001715e+00 1.811626933579614018e+00 1.417148377794301473e+00
0.000000000000000000e+00 2.182668242333688502e-01 2.594536822120049102e+00 2.869793096726800830e+00 3.015097306986469494e+00 2.743194006200431634e+00 1.819349223464940124e+01 4.637712265026198821e+00 8.279938171572635008e-01
0.000000000000000000e+00 1.530534446819437899e-01 2.823461905709938602e-01 8.081843914118499450e-01 9.131796234418371183e-01 1.214791291747243207e+00 2.028113437519469819e-01 1.638684955927164788e+00 4.649735731602574335e-02
0.000000000000000000e+00 1.173181201448080142e-03 1.202271164499381763e-03 4.436447876290276066e-02 1.567735074229200665e-01 9.197453983090118825e-04 5.297717928501134883e-03 7.690762225354179187e-03 7.431399420498766006e-03
0.000000000000000000e+00 1.965290310495598214e-01 1.338236612463043818e+00 1.388038870857468465e+00 1.560807222545155915e+00 2.517241274952525920e+00 2.878820795293143942e+00 6.585244653691162853e+00 8.662266144987088023e-02
0.000000000000000000e+00 5.008581356228800630e-01 1.086975969571616130e+00 1.242118794649724967e+00 3.290252424687698962e+00 1.685885567034158150e+00 1.692400261230650216e+01 7.605798627350014662e+00 7.324274519638618308e-01
0.000000000000000000e+00 8.792910835555783899e-02 4.445988505869768320e-02 1.767035510850763769e-01 2.745984583214327590e-01 3.481467067812148986e-01 3.370025683763322889e-03 1.882442593416428986e-02 8.599162633772605702e-02
0.000000000000000000e+00 2.400046174171778790e-01 1.144643681566262838e+00 1.716391975830108496e+00 2.648960673780808239e+00 2.102186207853544264e+00 1.964624800049841014e+01 5.725605553690486182e+00 1.000215324657712568e+00
0.000000000000000000e+00 1.530534446819437899e-01 2.295721576208903658e-01 1.155937158364056971e+00 1.351399015145834603e+00 1.386978708410271155e+00 7.417223843168536668e-01 1.603819855570955744e+00 6.189884287557430309e-02
0.000000000000000000e+00 5.443337219904961222e-01 1.121460481760460093e+00 1.169164250478171851e+00 1.560806518587687153e+00 1.142517754603488145e+00 4.369347800974350271e+00 1.297096085894566819e+01 6.965611654382371232e-02
0.000000000000000000e+00 6.612215296841986167e-02 3.052880338221469203e-01 9.091197800930901352e-01 1.606755076923553016e+00 1.511416153337393320e+00 1.805619370398920120e-01 1.160482528425890170e-01 2.764105654077939067e-01
0.000000000000000000e+00 2.834802037847938827e-01 1.916132354718957487e+00 2.869788268914102769e+00 3.326517142704803920e+00 2.200993344279719821e+00 8.392763476133971778e+00 8.805267051440285542e+00 3.661731883392183584e-01
0.000000000000000000e+00 2.400244984388859582e-01 1.355817385056166557e+00 2.311020689680194806e+00 3.326513820614058314e+00 3.149931552570688797e+00 2.055324974847438568e+01 3.811035085769625574e+00 5.270600892225418832e-01
0.000000000000000000e+00 8.790544637987234011e-02 4.445988505869768320e-02 1.767197579655174211e-01 2.745850341160703811e-01 1.889063498534254149e-01 1.242958274724031802e-02 3.960073249787264375e-03 5.468117127685766937e-02
0.000000000000000000e+00 5.008581356228800630e-01 1.086975969571616130e+00 1.242118794649724967e+00 3.290252424687698962e+00 1.685885567034158150e+00 1.692400261230650216e+01 7.605798627350014662e+00 7.324274519638618308e-01
0.000000000000000000e+00 1.092801686515678522e-03 1.314046947231758966e-01 1.767581085749806435e-01 3.059660296036329497e-01 5.135458549284665792e-04 2.916398569809332698e-03 4.389408630916577687e-03 1.595366920913732570e-02
0.000000000000000000e+00 1.965290310495598214e-01 1.391030038335519414e+00 2.070534880058434890e+00 2.328319412373049069e+00 1.479261118402774411e+00 3.014243801359798081e+00 1.333415523726144514e+01 6.972200772717855599e-02
0.000000000000000000e+00 1.092801686515678522e-03 1.173181201448080142e-03 1.531188259312973865e-01 1.269326298276383658e-01 7.493043891915214657e-04 4.305318260514908076e-03 6.289524312231804110e-03 2.367486851254418240e-02
0.000000000000000000e+00 2.834802037847938827e-01 1.893863348626066978e+00 2.869785820045953617e+00 3.326516956699227201e+00 2.336518488885966693e+00 8.211265338100993461e+00 8.973016076264862306e+00 4.712598503601355127e-01
0.000000000000000000e+00 3.269557901524119958e-01 1.162285783038370379e+00 2.647685867788509118e+00 3.430320510306223092e+00 3.285183294613814642e+00 1.184122809876062554e+01 6.984379287103871015e+00 4.707748280486294679e-01
0.000000000000000000e+00 1.530534446819437899e-01 1.767983154485921748e-01 8.946996252341121725e-01 4.686569949821797754e-01 8.847480411126842359e-01 1.084227442594981605e-01 3.576216887312049786e-01 2.664820519156062620e-02
0.000000000000000000e+00 2.400046174171778790e-01 1.893909970425443623e+00 2.994420252550672679e+00 3.326516956699227201e+00 2.472213212994216480e+00 8.029710857004687341e+00 9.979724193836391422e+00 3.078740536206460154e-01
0.000000000000000000e+00 1.965290310495598214e-01 2.999855551231374595e-01 5.176153174394074741e-01 2.112493140232767908e-01 3.526407158311682666e-02 4.389954739309601117e-03 4.144701696029056553e-02 9.180286264444345937e-03
0.000000000000000000e+00 1.965290310495598214e-01 1.250247569342250564e+00 1.424511058500011140e+00 1.685443649861381177e+00 2.621247127254985987e+00 3.149834680839517898e+00 5.862969014251180333e+00 8.648424032579664356e-02
0.000000000000000000e+00 8.790544637987234011e-02 4.448394924771760517e-02 1.767197579655174211e-01 2.745850341160703811e-01 1.702674318391114161e-01 1.550241279152975160e-01 1.876980352958599121e-02 5.907352799419511580e-02
0.000000000000000000e+00 1.092801686515678522e-03 3.487589645855745935e-01 9.235389702822686120e-01 8.846830095007367500e-01 1.166298913721431463e+00 1.556134076014061007e-02 8.975012234016775670e-02 8.906154919837132311e-02
0.000000000000000000e+00 1.965290310495598214e-01 1.408647498445135815e+00 2.070536947117672888e+00 2.248158190259287093e+00 1.686874497787100413e+00 4.523246423932194560e+00 1.333459800379859672e+01 5.992427146340379568e-02
0.000000000000000000e+00 1.092801686515678522e-03 1.314046947231758966e-01 1.767581085749806435e-01 2.745850341160703811e-01 1.702043932439550045e-01 2.330594622973118472e-03 3.461723838429167123e-03 1.400362928996241874e-02
0.000000000000000000e+00 1.092801686515678522e-03 1.202271164499381763e-03 6.616765319606536522e-02 2.263033882894293844e-02 9.137232606967528878e-04 4.617389369301367653e-03 6.234224101072704041e-03 7.611610424932045704e-03
0.000000000000000000e+00 1.965290310495598214e-01 1.303040995214726383e+00 1.460996458504046025e+00 2.488637031712888970e+00 1.894613493520449277e+00 3.285291985102469781e+00 8.978199924469878468e+00 8.066330724751111236e-02
0.000000000000000000e+00 1.092801686515678522e-03 1.173181201448080142e-03 4.442986001225633641e-02 2.276711554919453456e-02 9.124967725498966129e-04 4.467567739763711639e-03 6.221581829078203126e-03 7.659913451918533810e-03
0.000000000000000000e+00 1.530534446819437899e-01 2.295721576208903658e-01 8.081978034418388912e-01 5.131713580193453250e-01 9.213507096921143003e-01 2.046170681082024323e-01 1.168209141132868084e-01 2.104426644612247127e-02
0.000000000000000000e+00 5.225959288066891473e-01 1.086977085906043916e+00 1.278600809793655202e+00 1.560806518587687153e+00 1.142517754603488145e+00 4.640537985856052039e+00 1.315259161329325011e+01 2.137565555277476936e-01
0.000000000000000000e+00 5.225959288066891473e-01 1.086977085906043916e+00 1.315081230696637515e+00 1.560807222545155915e+00 1.062341968413443194e+00 4.640537985856052039e+00 1.297109347526026646e+01 3.578022145441388524e-01
0.000000000000000000e+00 1.092801686515678522e-03 1.313810327474904116e-01 1.767581085749806435e-01 2.916190433274293281e-01 5.018732136499049618e-04 2.914913096902648545e-03 1.598309296552701333e-02 1.606538479493780508e-02
0.000000000000000000e+00 1.313156514981368428e-01 4.055489800483991769e-01 9.663142836977884897e-01 1.351397118315516011e+00 1.511428814747730165e+00 1.222693310520606369e+00 1.500302155231742596e+00 6.218773207910242851e-02
0.000000000000000000e+00 2.400046174171778790e-01 3.703401021032790563e-01 1.493048760987759627e+00 1.781748826870706459e+00 1.783565836582614583e+00 1.998176498875546603e+00 1.688185480226587432e+00 7.712696760203227586e-02
0.000000000000000000e+00 1.530534446819437899e-01 1.426203751141309262e+00 2.311020689680194806e+00 6.883381650939357499e-01 2.309973125377383418e+00 3.691239738121371960e+00 2.435692812904834414e-01 9.076789573080891182e-01
0.000000000000000000e+00 2.262668557909372838e-02 3.922361092233912494e-01 8.802813865136609461e-01 1.214520039018775616e-01 5.028239402391870144e-02 2.790166980108889361e-02 7.604197264650999766e-02 9.036405579186546771e-03
0.000000000000000000e+00 1.965290310495598214e-01 2.823877464989782982e-01 7.124927881936510277e-01 1.940123958924443448e-01 4.564014745367600545e-02 2.061274009891750081e-01 1.198905377692215633e-02 4.048647967472705084e-02
0.000000000000000000e+00 2.400046174171778790e-01 2.471749677281100399e-01 1.104219339329721938e+00 1.278475686155517321e+00 1.386776753490129410e+00 1.222566779316798025e+00 6.698486376944390308e-01 3.587080827101585268e-01
0.000000000000000000e+00 1.747912378657528187e-01 2.999646505662499352e-01 7.259244916080567211e-01 1.595304369648018472e-01 4.555135608682272380e-02 5.483435603668694938e-03 3.142451684357294717e-02 3.104278716144616770e-02
0.000000000000000000e+00 1.092801686515678522e-03 1.202271164499381763e-03 2.183322054827224468e-01 1.239139176221874805e-01 7.932645432083070165e-04 4.344418928407551422e-03 5.279295402492435035e-03 6.220113598115683921e-03
0.000000000000000000e+00 2.400046174171778790e-01 1.285445676553474303e+00 1.351556829421777017e+00 1.685445188318443588e+00 2.413434585260365584e+00 3.420815474045732163e+00 8.432940045296870579e+00 2.686493927134261384e-01
0.000000000000000000e+00 8.790544637987234011e-02 4.443605465224832046e-02 2.119153752138340785e-01 2.457461914269241099e-01 3.377752290082972619e-01 9.743660283807466238e-02 2.483646077250952489e-01 1.202502934788211714e-01
0.000000000000000000e+00 2.400046174171778790e-01 1.893909970425443623e+00 2.932100552627042056e+00 3.534130104021549368e+00 2.607668502974803015e+00 7.848098366769455936e+00 9.811975169011816433e+00 3.962379734337415083e-01
0.000000000000000000e+00 8.790544637987234011e-02 4.445988505869768320e-02 2.119153752138340785e-01 2.457461914269241099e-01 3.278005675463681601e-01 9.741334646067882630e-02 2.655947527320615120e-01 1.201717473199200997e-01
0.000000000000000000e+00 1.092801686515678522e-03 1.314285879784154176e-01 1.943559171991381673e-01 1.909489270700945596e-01 1.227177611402451365e-02 3.823904172172942761e-02 4.179807392218821450e-03 2.790424405845168959e-02
0.000000000000000000e+00 2.182668242333688502e-01 1.408629094641807855e+00 2.022441834758883950e+00 2.248158190259287093e+00 1.064034359634122850e+00 3.420848165149496634e+00 1.514830665397992959e+01 5.541803035919671272e-01
0.000000000000000000e+00 1.965290310495598214e-01 1.426206195888886752e+00 2.166733320531939455e+00 1.927512495599803088e+00 1.583089499518646859e+00 2.472282214947368217e+00 1.605636208112212415e+01 3.073483883029746178e-01
0.000000000000000000e+00 8.790544637987234011e-02 4.448394924771760517e-02 1.767197579655174211e-01 2.745850341160703811e-01 1.515812946281833995e-01 7.370653306276189753e-02 2.430245370732494331e-02 6.487159693431941709e-02
0.000000000000000000e+00 2.400046174171778790e-01 1.916178976518334132e+00 2.994422747801940066e+00 2.911290383936151915e+00 2.607806507974388399e+00 8.029822988862331812e+00 1.031522027861142021e+01 3.078740536206460154e-01
0.000000000000000000e+00 1.095778583143278001e-01 3.270288986379977780e-01 8.658621831034996053e-01 1.570274656020569148e+00 1.511624725990695861e+00 1.805759021959794930e-01 7.569876677210793936e-01 5.658986203645958168e-01
0.000000000000000000e+00 1.313156514981368428e-01 1.479015306122080098e+00 2.214830482456290106e+00 1.526703850869650214e+00 2.102044839262535270e+00 8.463631564327543932e-01 3.335030078658970387e-01 4.691018778398840516e-01
0.000000000000000000e+00 6.610227194671179640e-02 3.053358440068322799e-01 8.658754763124424381e-01 9.986702447020481266e-01 1.166533020853854241e+00 1.565289219303588053e-02 6.501784942076194174e-01 5.968625791221399135e-01
0.000000000000000000e+00 1.096432395636813828e-01 2.272366621954891377e-02 1.943013597092339007e-01 1.303976594038183667e-01 1.204269999230263150e-01 1.464587687320612584e-02 1.061443935576781572e-01 5.951746486777740458e-02
0.000000000000000000e+00 1.747912378657528187e-01 1.267824698527294069e+00 1.606913163014927148e+00 1.498488200356236089e+00 2.309955040999985609e+00 2.878886578737067659e+00 8.029037640247198127e+00 8.688128668233671692e-02
0.000000000000000000e+00 2.262668557909372838e-02 3.270464339700732692e-01 9.235389702822686120e-01 1.214688075185003241e-01 2.790193813998969111e-02 2.790183332546837883e-02 7.602836701488424609e-02 3.129237288108919351e-02
0.000000000000000000e+00 1.965290310495598214e-01 1.250247569342250564e+00 1.497471900305977321e+00 1.685445188318443588e+00 2.517568420384311167e+00 3.149595852766625903e+00 8.978134438534665307e+00 8.722189930969502514e-02
0.000000000000000000e+00 5.008581356228800630e-01 1.138718906943832820e+00 1.205688119792657220e+00 1.560806518587687153e+00 1.142517754603488145e+00 4.369557192649836885e+00 1.115597947861584593e+01 8.091649247127910560e-02
0.000000000000000000e+00 4.436447876290276066e-02 1.653029665757001609e+00 1.679870620575814488e+00 2.648961545550872376e+00 2.102165423246900477e+00 2.182417910969947883e+01 8.083898997173042389e+00 1.157500133546800619e-01
0.000000000000000000e+00 2.617424106009869078e-01 2.119805873471125035e-01 1.104237769291849691e+00 1.278439100578381504e+00 1.449001548044167142e+00 1.222566779316798025e+00 2.542047897144597557e-01 5.661361860356025621e-01
0.000000000000000000e+00 1.092801686515678522e-03 1.173181201448080142e-03 4.442986001225633641e-02 4.436692139296707915e-02 9.137232606967528878e-04 4.544466479988241471e-03 6.294857717004245963e-03 7.483217871349483359e-03
0.000000000000000000e+00 1.313156514981368428e-01 1.373409095017772419e+00 1.388037250324760663e+00 1.623126218511317553e+00 2.517241274952525920e+00 3.148976228284961376e+00 7.888381132660660988e+00 8.700125689063947787e-02
