0.000000000000000000e+00 1.530534446819437899e-01 1.320616899396357402e+00 3.617307648838729239e+00 1.703741825723268377e+00 2.454733182775947142e+01 9.144272175494062793e+00 3.313257082961330521e-04
0.000000000000000000e+00 1.117243355909501492e-03 1.173181201448080142e-03 2.307196441691278591e-02 5.371489922742340127e-03 5.225766062103122736e-03 1.011270421264032649e-03 9.558319148389736496e-04
0.000000000000000000e+00 1.141823646555060285e-03 1.231645461951578514e-03 1.202271164499381763e-03 4.822178229251773002e-02 2.700465299486460788e-02 8.925456451359593162e-04 9.827177627345802784e-04
0.000000000000000000e+00 1.117243355909501492e-03 1.173181201448080142e-03 1.640226175148584058e-03 4.884235245744256160e-02 5.230368630967569855e-03 9.573837875583785569e-04 9.573837875583785569e-04
0.000000000000000000e+00 1.117243355909501492e-03 1.173181201448080142e-03 2.288792339992569772e-02 5.371489922742340127e-03 5.225766062103122736e-03 2.279040021991835321e-02 9.811302652094316522e-04
0.000000000000000000e+00 1.117243355909501492e-03 1.261305992118845302e-03 8.504383152327568002e-03 2.644749137135214354e-02 5.262240144559829878e-03 4.251395835328921312e-03 9.558319148389736496e-04
0.000000000000000000e+00 1.166544665800747262e-03 2.273962205937232403e-02 9.100218380185244810e-04 2.637891094339633175e-02 4.718433827833139020e-03 2.615060043720710339e-02 9.827177627345802784e-04
0.000000000000000000e+00 1.117243355909501492e-03 1.231645461951578514e-03 2.307196441691278591e-02 2.710928310655137327e-02 5.230368630967569855e-03 1.033258830150865374e-03 9.573837875583785569e-04
0.000000000000000000e+00 1.117243355909501492e-03 1.202271164499381763e-03 2.822373275636467019e-02 7.014677058500072560e-02 5.275940824725368523e-03 5.017761447631872464e-03 9.604682846302586190e-04
0.000000000000000000e+00 1.117243355909501492e-03 1.231645461951578514e-03 2.262668557909372838e-02 2.641538500612086032e-02 4.645422799061996004e-03 4.943302920940265133e-03 9.811302652094316522e-04
0.000000000000000000e+00 1.141823646555060285e-03 1.173181201448080142e-03 2.293927538096793631e-02 9.214044120257930404e-02 4.731188485192622944e-03 9.960754679391378708e-04 9.858730357398864854e-04
0.000000000000000000e+00 1.117243355909501492e-03 1.173181201448080142e-03 2.299160622712975027e-02 5.371489922742340127e-03 5.262240144559829878e-03 1.052607036109320720e-03 2.271732939675506768e-02
0.000000000000000000e+00 1.117243355909501492e-03 2.273962205937232403e-02 9.300391697318397119e-04 4.811670412720536055e-02 4.759288267289578898e-03 2.636820416010856455e-02 9.842986910796175642e-04
0.000000000000000000e+00 1.141823646555060285e-03 2.273962205937232403e-02 9.300391697318397119e-04 4.811670412720536055e-02 2.678987750806341439e-02 4.429974008595193719e-03 1.008362880099538880e-03
0.000000000000000000e+00 1.141823646555060285e-03 1.231645461951578514e-03 1.445383170872178774e-03 1.134351618439427695e-01 5.280402090725940661e-03 2.263273861567764722e-02 9.635270234042374706e-04
0.000000000000000000e+00 1.095977393360358793e-01 3.050485717888203663e+00 2.246314749763512975e+00 2.932631756484656904e+00 1.946392546568711168e+01 6.671384981803436531e+00 1.175976223231197382e-01
0.000000000000000000e+00 1.261680897056176809e+00 1.540216035249829085e+00 2.246314749763512975e+00 2.932631756484656904e+00 1.456402586598534121e+01 6.984340319737558644e+00 4.310046711965799353e-03
0.000000000000000000e+00 1.530733257036518691e-01 2.993494859043853040e+00 2.183995049839882796e+00 4.369495725349999304e+00 1.873806986979742462e+01 7.196333181644948951e+00 1.256540380903994327e-03
0.000000000000000000e+00 1.092801686515678522e-03 1.173181201448080142e-03 2.853110834966669437e-02 7.058486947416738044e-02 2.701373400853440340e-02 6.246839988011104045e-03 9.620008808704849168e-04
0.000000000000000000e+00 3.487134643579290483e-01 9.235389702822686120e-01 2.647475235772339008e+00 3.970907937030097923e+00 2.236885648993157716e+01 8.967544335867872363e+00 3.350111823022334438e-04
0.000000000000000000e+00 1.457321035710454016e+00 2.081179624400166350e+00 2.729123366584829569e+00 3.963170939475420429e+00 1.256754709783939639e+01 4.823457684900702702e+00 1.266141195042738143e+00
0.000000000000000000e+00 1.530733257036518691e-01 1.355812516644675059e+00 2.406994723873665087e+00 1.703554178163028787e+00 2.527354468785236463e+01 9.232646783086826403e+00 9.636187231520071395e-03
0.000000000000000000e+00 1.141823646555060285e-03 1.202271164499381763e-03 7.236856608703070431e-03 4.818528455516116887e-02 4.681916718763578546e-03 4.568756247053979043e-03 9.811302652094316522e-04
0.000000000000000000e+00 8.784006513051878517e-02 2.116539518357955618e+00 1.685554503022004491e+00 2.184525104366781267e+00 1.686692076776225235e+00 2.636618256448336695e+00 5.065562316642804319e-01
0.000000000000000000e+00 1.313156514981368428e-01 3.021990292705623471e+00 2.121675349916249509e+00 1.222440017550754821e+00 3.149303701038566494e+00 5.057182488027184064e+00 9.241498274442986466e-03
0.000000000000000000e+00 1.530733257036518691e-01 1.461399368389626696e+00 3.617320609252882679e+00 2.413598308023844563e+00 3.285118996216928711e+00 1.006712326673254942e+01 8.449551837411388086e-03
0.000000000000000000e+00 1.117243355909501492e-03 1.173181201448080142e-03 2.268666862478350976e-02 4.714089234832649286e-03 5.225766062103122736e-03 4.101450265456879109e-03 9.795362129460328041e-04
0.000000000000000000e+00 1.141823646555060285e-03 1.231645461951578514e-03 2.269206682844730760e-02 2.630604511768623241e-02 2.638321598287102915e-02 4.630410976301586184e-03 9.827177627345802784e-04
0.000000000000000000e+00 1.313355325198448942e-01 1.373409095017772419e+00 2.503189047722366833e+00 1.944146343149348866e+00 3.691714097368723468e+00 1.206305937772080128e+01 8.432236112198336631e-03
0.000000000000000000e+00 1.166544665800747262e-03 2.271572880413281342e-02 1.052046702888410293e-03 2.637891094339633175e-02 4.681916718763578546e-03 2.620227278484404260e-02 9.827177627345802784e-04
0.000000000000000000e+00 1.413845449342836957e+00 1.340744515903417700e+00 3.931538012457004072e+00 1.582885387084060014e+00 1.946474986246542471e+01 8.247684912117192013e+00 2.397993317269649372e-01
0.000000000000000000e+00 1.141823646555060285e-03 2.271572880413281342e-02 1.052046702888410293e-03 4.818967560245070864e-02 2.675327357659315272e-02 4.481873585516067855e-03 9.842986910796175642e-04
0.000000000000000000e+00 1.313156514981368428e-01 3.021990292705623471e+00 2.121675349916249509e+00 1.222440017550754821e+00 1.686370307922548717e+00 4.724687297755397530e+00 8.510648139627785894e-03
0.000000000000000000e+00 1.413865330364545203e+00 1.312247090005614014e+00 3.851374920198562979e+00 4.504684162051575846e+00 1.891944566886436263e+01 6.846810260353581867e+00 5.867730191278864096e-04
0.000000000000000000e+00 2.182867052550769016e-01 2.879511081098091729e+00 1.997034961788939800e+00 3.451916071130827213e+00 1.746827034410262769e+01 7.976926627310185758e+00 8.568792600838076590e-02
0.000000000000000000e+00 1.095977393360358793e-01 3.050485717888203663e+00 2.183995049839882796e+00 2.932485686131201863e+00 1.946397005184251228e+01 6.671383883191240649e+00 1.176009202207744936e-01
0.000000000000000000e+00 1.117243355909501492e-03 2.269206682844730760e-02 2.304713678153380227e-02 9.214502649077943586e-02 2.702260365894700381e-02 9.986723627180746875e-04 9.650466980226360056e-04
0.000000000000000000e+00 8.784006513051878517e-02 2.138808524450845017e+00 1.589361174917942376e+00 2.184535580487425577e+00 1.582746160885159847e+00 3.728473431914945735e+00 1.745305565826981153e-01
0.000000000000000000e+00 1.117243355909501492e-03 1.173181201448080142e-03 2.278810855768046914e-02 4.818967560245070864e-02 4.649682169162339118e-03 2.642122761441580842e-02 9.842986910796175642e-04
0.000000000000000000e+00 1.261700778077885055e+00 1.540249945564099887e+00 2.969596160049496891e+00 2.828643397097120982e+00 1.783126662016859143e+01 6.863609150809796056e+00 5.231568086742784812e-02
0.000000000000000000e+00 1.117243355909501492e-03 1.173181201448080142e-03 1.154822810849007592e-01 7.056677621980320114e-02 9.176987379451077842e-02 5.441362057192902259e-03 7.885234823621367368e-04
0.000000000000000000e+00 3.487134643579290483e-01 9.091349496944873820e-01 2.695571027298774958e+00 4.282328006106584262e+00 2.218722193296013145e+01 8.348984078788992846e+00 2.825287985467281673e-02
0.000000000000000000e+00 1.965290310495598214e-01 2.005202271877203568e+00 1.685554503022004491e+00 2.024201462298862442e+00 3.691952207024618016e+00 6.945936902720028172e+00 9.214142009700540537e-03
0.000000000000000000e+00 1.261680897056176809e+00 1.483221183454220604e+00 2.370952147569481472e+00 2.724854654336852366e+00 1.783080713300726572e+01 7.111001532591341601e+00 5.237460771191276843e-02
0.000000000000000000e+00 1.313156514981368428e-01 1.478995946762724056e+00 1.145761483370803191e+00 7.335439611479011024e-01 7.632892747424859792e-01 2.441960438891332130e-01 4.084930716508388716e-03
0.000000000000000000e+00 1.152991931137134385e+00 1.511710848883052405e+00 2.557906938670560404e+00 2.932485686131201863e+00 1.492651660101797084e+01 7.127768956288718094e+00 9.255221650526569699e-02
0.000000000000000000e+00 3.704512575417360787e-01 1.155953052098278144e+00 2.503235997800608015e+00 4.282147492183271176e+00 2.127968469560053322e+01 8.702463264208253335e+00 3.438563017090229138e-04
0.000000000000000000e+00 1.095778583143278001e-01 1.938389039663583446e+00 1.132520984019986798e+00 1.511422569897061807e+00 3.140263003882072912e+00 6.218800433317388965e+00 1.898269697401313294e-01
0.000000000000000000e+00 1.261680897056176809e+00 1.483255093768491628e+00 2.370952147569481472e+00 2.724854654336852366e+00 1.746781085694130908e+01 6.863012626277251726e+00 6.250871282655565131e-02
0.000000000000000000e+00 1.174749605342650938e+00 1.540209845878585337e+00 2.433269743765090531e+00 2.828678996439036641e+00 1.492711267648661533e+01 8.568338170848521784e+00 3.390621909856050224e-03
0.000000000000000000e+00 1.530534446819437899e-01 1.215030047651405098e+00 1.716192098790455089e+00 2.906214611227912581e+00 5.047066195285693446e+00 1.206366827103057027e+01 7.190234108107875291e-03
0.000000000000000000e+00 1.313355325198448942e-01 1.478995946762724056e+00 1.109151516534957915e+00 7.336268658412793409e-01 1.142282044853425216e+00 3.242793177713552133e-01 4.191667107768553245e-03
0.000000000000000000e+00 1.117243355909501492e-03 2.269206682844730760e-02 1.154344601722896851e-01 1.621249616539776894e-01 4.308500264579965405e-03 2.395346230278266528e-02 8.117769478896340275e-04
0.000000000000000000e+00 1.117243355909501492e-03 1.231645461951578514e-03 1.445383170872178774e-03 1.133986641065862222e-01 5.280402090725940661e-03 4.445120335542155493e-02 9.890019156728062279e-04
0.000000000000000000e+00 1.117243355909501492e-03 4.442986001225633641e-02 9.446697076276062977e-02 2.149479713732257158e-01 3.841164872883762876e-03 7.529759861082494388e-04 8.141906937527806009e-04
0.000000000000000000e+00 1.530534446819437899e-01 1.338214708020515786e+00 2.503187750950927271e+00 3.970907937030097923e+00 3.149150703051975864e+00 1.242666454709653401e+01 7.363419080976341471e-03
0.000000000000000000e+00 2.400244984388859582e-01 2.851015613331654208e+00 2.308633461407097798e+00 2.724854654336852366e+00 3.014038764490283739e+00 4.418416102192124661e+00 9.226285308542423250e-03
0.000000000000000000e+00 8.785994615222685045e-02 3.050483708712415698e+00 2.308633461407097798e+00 3.036438446176822570e+00 1.793907803544342539e+00 3.065416110311382614e+00 9.253183776439978178e-03
0.000000000000000000e+00 3.269557901524119958e-01 1.285430934260199942e+00 2.310805401649274060e+00 3.867252796136734005e+00 2.878787301180603553e+00 1.424151440640416766e+01 7.125928907595144128e-03
0.000000000000000000e+00 1.117243355909501492e-03 2.269206682844730760e-02 1.097656537245410013e-01 1.621249616539776894e-01 4.308500264579965405e-03 2.395346230278266528e-02 8.117769478896340275e-04
0.000000000000000000e+00 1.117243355909501492e-03 1.173181201448080142e-03 9.374448790109173035e-02 9.171473127561342864e-02 1.450973857098687425e-01 2.391255239516067166e-02 8.129865644366208403e-04
0.000000000000000000e+00 3.052179969686029670e-01 1.285449370866361685e+00 3.554996229925878382e+00 1.302627967068954007e+00 4.639936376223858794e+00 1.442301254443714953e+01 1.737963244744050506e+00
0.000000000000000000e+00 1.117243355909501492e-03 1.173181201448080142e-03 2.278810855768046914e-02 1.134030551538757481e-01 4.625642252609225326e-03 2.874171879584894521e-02 1.013192792694093741e-03
0.000000000000000000e+00 1.141823646555060285e-03 1.202271164499381763e-03 2.859312725974174491e-02 4.822619328749561812e-02 5.234918861106231322e-03 4.630410976301586184e-03 9.827177627345802784e-04
0.000000000000000000e+00 2.264656660080180059e-02 2.094265762594927693e+00 1.974133300720213757e+00 2.024179838821920097e+00 1.686692076776225235e+00 2.365637463242121541e+00 8.519335341829997743e-03
0.000000000000000000e+00 3.269557901524119958e-01 1.215059356923494871e+00 2.455091885798016182e+00 3.970907937030097923e+00 5.684956676692237032e+00 1.424232913945021295e+01 1.297377847624213154e-01
0.000000000000000000e+00 1.748111188874609256e-01 1.426204976144722192e+00 3.679638773598508106e+00 2.205984928639518561e+00 3.149692898010710174e+00 9.159432835868816625e+00 9.185098626139785033e-03
0.000000000000000000e+00 1.117243355909501492e-03 1.173181201448080142e-03 2.304492803978022350e-02 5.371489922742340127e-03 5.225766062103122736e-03 4.302013165007808129e-03 9.558319148389736496e-04
0.000000000000000000e+00 6.612215296841986167e-02 2.138806947805169667e+00 1.685554503022004491e+00 1.783587167309515609e+00 4.775957021684299697e+00 6.404525071046507811e+00 9.253994129781716385e-03
0.000000000000000000e+00 2.400244984388859582e-01 2.851015613331654208e+00 1.997034961788939800e+00 3.348109381438666876e+00 1.764981449173356154e+01 7.605815872430680358e+00 2.313261753818810808e-03
0.000000000000000000e+00 3.269557901524119958e-01 1.303028742884359437e+00 3.243400874133085754e+00 1.462989105073685847e+00 4.911365776452581322e+00 1.623805995985393835e+01 1.297448563036747160e-01
0.000000000000000000e+00 1.117243355909501492e-03 2.227878202802155982e+00 1.589361174917942376e+00 2.184664344520560686e+00 1.790520518372391789e+00 1.281714290417261815e+00 1.424433674312845510e-01
0.000000000000000000e+00 1.095977393360358793e-01 2.094272082313814565e+00 1.733651664946355586e+00 2.104352583553996681e+00 1.686692076776225235e+00 2.636618256448336695e+00 1.745310904282814934e-01
0.000000000000000000e+00 1.283438571261694028e+00 1.483256660864759047e+00 3.129918530892930484e+00 2.828625155280302117e+00 1.764917381606710123e+01 6.987312735769630301e+00 5.231087053969769862e-02
0.000000000000000000e+00 1.530733257036518691e-01 2.072006196469615702e+00 1.733652660690997660e+00 2.725213323551782363e+00 3.285395843757480172e+00 4.891299994364678660e+00 1.898246814443165231e-01
0.000000000000000000e+00 1.095977393360358793e-01 3.021988291990400199e+00 2.308633461407097798e+00 2.828825066792496123e+00 2.743228708876252586e+00 5.140692831416822095e+00 1.898028012079396032e-01
0.000000000000000000e+00 1.305176364445501891e+00 2.263524607928542043e+00 4.987408453732635749e+00 5.353304071872519110e+00 1.855613206576409269e+01 4.900244565745019543e+00 1.858603042297518049e-01
0.000000000000000000e+00 1.530534446819437899e-01 1.355812516644675059e+00 2.503189047722366833e+00 3.555666841089070829e+00 3.149867371943282368e+00 1.496744037730846699e+01 7.104687404678781092e-03
0.000000000000000000e+00 3.269557901524119958e-01 1.303028742884359437e+00 2.262709443563481582e+00 3.451860151396910936e+00 3.691654484423140037e+00 1.406014778939336729e+01 1.511777926000386907e-01
0.000000000000000000e+00 1.095778583143278001e-01 2.116541088406703963e+00 1.637458336842295692e+00 2.104363283332823631e+00 1.686713828680226568e+00 2.772052343825375686e+00 1.745310904282814934e-01
0.000000000000000000e+00 3.052179969686029670e-01 1.285429746318043520e+00 3.492676530002247315e+00 1.302640691679926022e+00 5.047066195285693446e+00 1.424164592742634916e+01 1.614253579896476554e+00
0.000000000000000000e+00 1.117243355909501492e-03 1.173181201448080142e-03 1.154822810849007592e-01 7.060322456924687795e-02 9.230395983739127230e-02 3.314787449592209844e-03 8.081152989078466999e-04
0.000000000000000000e+00 1.174729724320942914e+00 1.625702123571998614e+00 2.183994061559834332e+00 2.932503044380546875e+00 1.510805879893246484e+01 8.857125074079759131e+00 2.772733325406348450e-03
0.000000000000000000e+00 1.117243355909501492e-03 1.231645461951578514e-03 2.810213398076670185e-02 1.792738353932084583e-01 5.708218809696945922e-02 6.370562423104305684e-03 8.068838572076148874e-04
0.000000000000000000e+00 1.117243355909501492e-03 1.313810327474904116e-01 3.228959562281075168e-01 6.089068510207998330e-02 3.561178850759550395e-03 5.251672895861131569e-03 6.767888813606309610e-04
0.000000000000000000e+00 1.095977393360358793e-01 2.049734070128034435e+00 1.781746778034696943e+00 2.104491902701534745e+00 1.686874497787100413e+00 4.558605733027088824e+00 8.512998208734023908e-03
0.000000000000000000e+00 1.748111188874609256e-01 2.049738740547491389e+00 1.685555498766646565e+00 2.104352583553996681e+00 3.827176418637834310e+00 7.849072593301313461e+00 9.468734430272964311e-03
0.000000000000000000e+00 1.530534446819437899e-01 1.373429718191205406e+00 2.455093164063538058e+00 1.703532554686086442e+00 5.317680742995618992e+00 1.587512916972318777e+01 6.048250280346746492e-03
0.000000000000000000e+00 1.095977393360358793e-01 2.094272082313814565e+00 1.799452782107095805e+00 4.517908622859775347e-01 1.382547374627004722e+00 4.801566297402820420e-03 1.091116440980809121e-01
0.000000000000000000e+00 1.141823646555060285e-03 1.173181201448080142e-03 2.321096484664821394e-02 4.714089234832649286e-03 5.225766062103122736e-03 4.559796896065500087e-03 9.795362129460328041e-04
0.000000000000000000e+00 3.487134643579290483e-01 9.091188154232906493e-01 2.695571027298774958e+00 3.867101247337932257e+00 2.218740275309819410e+01 8.967555023647539869e+00 1.894462653823380735e-02
0.000000000000000000e+00 1.530534446819437899e-01 1.408605942517150877e+00 3.804275029620406201e+00 1.998371549255193003e+00 3.691717192630389111e+00 1.297102744017329634e+01 2.952896596537002427e-01
0.000000000000000000e+00 1.117243355909501492e-03 1.173181201448080142e-03 4.447741524318134937e-02 1.139558257300966188e-01 6.998946682944937048e-02 2.388947793884206583e-02 7.861209959468121785e-04
0.000000000000000000e+00 3.486935833362209691e-01 1.259379430994143512e+00 2.262709443563481582e+00 3.659307354030294501e+00 2.878853887633303188e+00 1.405912106527071792e+01 1.512051021423289898e-01
0.000000000000000000e+00 1.283438571261694028e+00 2.044640144553774963e+00 3.530732523528823830e+00 4.775242969251910274e+00 1.710355626807982787e+01 8.247681784325003207e+00 2.012811723279687992e-01
0.000000000000000000e+00 1.131254137953325412e+00 1.568704120125452572e+00 2.557908053763815914e+00 2.932468033721177925e+00 1.438197760076362286e+01 8.568967144700176064e+00 3.396563075379768846e-03
0.000000000000000000e+00 1.530534446819437899e-01 1.355812516644675059e+00 2.455091885798016182e+00 1.623510130495026349e+00 2.527354468785236463e+01 9.321010702899922507e+00 3.313257082961330521e-04
0.000000000000000000e+00 1.313355325198448942e-01 3.021990292705623471e+00 2.121675349916249509e+00 1.222440017550754821e+00 1.686208992466136092e+00 4.392662156519398842e+00 8.512998208734023908e-03
0.000000000000000000e+00 1.095778583143278001e-01 2.116541088406703963e+00 1.589361174917942376e+00 2.104502523486599497e+00 4.776085402079478293e+00 6.765896371579605884e+00 9.472843278237084302e-03
0.000000000000000000e+00 3.704512575417360787e-01 8.514391606571797277e-01 2.695566806410694571e+00 4.386175956744944315e+00 2.182459179935882432e+01 7.995551905703489837e+00 3.212422496145702494e-02
0.000000000000000000e+00 1.413845449342836957e+00 1.283749664107809219e+00 3.931535437231574726e+00 4.504684162051575846e+00 1.891944566886436263e+01 6.846810260353581867e+00 5.867730191278864096e-04
0.000000000000000000e+00 1.152991931137134385e+00 1.511710848883052405e+00 2.620226638594190582e+00 2.932468033721177925e+00 1.474497387682958838e+01 6.984360123887814353e+00 9.255874937600498675e-02
0.000000000000000000e+00 1.196467517504751887e+00 1.511713981599867473e+00 2.495589443688721598e+00 2.828988489460802391e+00 1.565333497337076274e+01 6.840374043027423134e+00 4.175004230792832283e-03
0.000000000000000000e+00 1.141823646555060285e-03 4.442986001225633641e-02 9.328100422312696205e-02 2.709562850797035335e-02 1.274368938437819287e-01 5.814177204035625435e-03 8.093413027757922736e-04
0.000000000000000000e+00 1.530733257036518691e-01 1.391008133892992493e+00 3.866593121402520872e+00 1.998371549255193003e+00 3.962281899846372024e+00 1.242666454709653401e+01 4.393546853766874261e-01
0.000000000000000000e+00 3.486935833362209691e-01 1.259379430994143512e+00 2.262709443563481582e+00 3.867086910165562053e+00 3.014277697783707577e+00 1.387858416542517581e+01 7.132806364646197134e-03
0.000000000000000000e+00 1.117243355909501492e-03 1.231645461951578514e-03 2.262668557909372838e-02 1.568421441089709600e-01 4.706897002478636904e-03 2.673937962537343421e-02 9.921042852274637724e-04
0.000000000000000000e+00 1.141823646555060285e-03 1.173181201448080142e-03 2.278810855768046914e-02 7.054848476245238753e-02 4.653895830398215375e-03 6.849834207787081769e-03 9.604682846302586190e-04
0.000000000000000000e+00 8.785994615222685045e-02 2.964991431019002643e+00 2.246310643994193335e+00 3.244121521972450850e+00 2.743024025376426867e+00 4.598936417019766409e+00 9.226285308542423250e-03
0.000000000000000000e+00 1.117243355909501492e-03 2.183340190616375853e+00 1.781747811996113207e+00 2.104352583553996681e+00 1.686208992466136092e+00 3.332815141955129956e-01 6.949447663958261724e-03
0.000000000000000000e+00 1.117243355909501492e-03 1.313810327474904116e-01 1.820092512443742261e-01 1.765992574861262043e-01 4.988556435012325013e-02 4.386109319743471298e-03 5.545399602630155314e-04
0.000000000000000000e+00 1.117243355909501492e-03 1.173181201448080142e-03 2.853110834966669437e-02 6.992746878625767659e-02 6.990380778000199191e-02 4.560358879438478237e-03 9.650466980226360056e-04
0.000000000000000000e+00 2.264656660080180059e-02 2.161072780873597665e+00 9.136433800154556417e-01 1.449204032153875499e+00 1.142278196516797406e+00 4.621877438869336774e-01 1.091171594570494868e-01
0.000000000000000000e+00 3.486935833362209691e-01 9.235389702822686120e-01 2.695572397696690103e+00 1.703532554686086442e+00 4.911631238181209724e+00 1.496744037730846699e+01 7.104687404678781092e-03
0.000000000000000000e+00 3.269557901524119958e-01 1.303028742884359437e+00 3.243400874133085754e+00 1.462989105073685847e+00 4.911365776452581322e+00 1.623805995985393835e+01 1.297448563036747160e-01
0.000000000000000000e+00 1.153011812158842631e+00 1.540208274780857201e+00 2.557908053763815914e+00 2.932468033721177925e+00 1.438197760076362286e+01 8.568967144700176064e+00 3.396563075379768846e-03
0.000000000000000000e+00 1.196467517504751887e+00 1.540211407497672269e+00 2.308631408462995971e+00 2.932667196331472326e+00 1.474561453845363879e+01 7.128378721475602475e+00 4.310046711965799353e-03
0.000000000000000000e+00 3.486935833362209691e-01 1.138691433978973988e+00 2.406992111864781680e+00 4.282535909591405066e+00 2.400261486220391660e+01 5.771603460485820847e+00 3.212422496145702494e-02
0.000000000000000000e+00 1.141823646555060285e-03 1.173181201448080142e-03 8.805091794206650058e-02 9.230007702361935074e-02 5.293468435214992475e-03 5.121558153957141840e-02 9.695667713737459587e-04
0.000000000000000000e+00 1.117243355909501492e-03 1.173181201448080142e-03 2.291347777938943300e-02 9.214044120257930404e-02 2.701819527453496947e-02 9.973779590819146102e-04 9.874407821479733605e-04
0.000000000000000000e+00 1.117243355909501492e-03 1.231645461951578514e-03 7.163841887167257672e-02 1.568507478207018524e-01 2.138505342732559614e-02 3.982767376617846189e-03 7.861209959468121785e-04
0.000000000000000000e+00 1.313355325198448942e-01 1.373409095017772419e+00 2.503189047722366833e+00 1.783822701081430040e+00 3.827259474332715516e+00 1.206298905559215839e+01 3.440074873010918188e-01
0.000000000000000000e+00 1.313355325198448942e-01 1.373409095017772419e+00 2.503189047722366833e+00 1.944146343149348866e+00 3.691714097368723468e+00 1.206305937772080128e+01 8.432236112198336631e-03
0.000000000000000000e+00 1.117243355909501492e-03 1.173181201448080142e-03 2.299160622712975027e-02 6.992746878625767659e-02 6.990380778000199191e-02 5.011712771876037503e-02 9.921042852274637724e-04
0.000000000000000000e+00 1.117243355909501492e-03 2.161095424733900039e+00 9.136425957831612044e-01 1.636169475903226367e+00 1.061835825931756849e+00 8.770449278674372628e-01 5.451766495178500885e-03
0.000000000000000000e+00 1.174749605342650938e+00 1.597204697674193596e+00 2.370952147569481472e+00 2.932139742751210587e+00 1.492647201486256670e+01 7.848732341038613392e+00 3.408249777131578187e-03
0.000000000000000000e+00 1.117243355909501492e-03 1.231645461951578514e-03 2.283753839064145072e-02 4.969965198177037947e-03 4.677591822311834985e-03 2.619354386198493798e-02 9.811302652094316522e-04
0.000000000000000000e+00 1.530733257036518691e-01 1.461399368389626696e+00 3.492681209405619214e+00 2.517440437562820765e+00 3.556132137660087178e+00 9.521928873494761802e+00 8.460565119266811457e-03
0.000000000000000000e+00 1.095977393360358793e-01 2.116565543932513282e+00 1.637458336842295692e+00 2.104363283332823631e+00 1.167680380219414449e+00 2.365294088858334032e+00 8.519786423295084427e-03
0.000000000000000000e+00 1.530733257036518691e-01 2.993494859043853040e+00 2.183995049839882796e+00 4.369495725349999304e+00 1.873806986979742462e+01 7.196817193295824033e+00 1.256540380903994327e-03
0.000000000000000000e+00 1.117243355909501492e-03 2.205609196709266584e+00 1.637457341097650954e+00 2.184664344520560686e+00 1.686713828680226568e+00 1.281657981191197004e+00 6.952664461976097894e-03
0.000000000000000000e+00 1.313355325198448942e-01 1.408604712266089853e+00 2.231957051943954440e+00 8.256410017165979331e-01 1.302741941270448400e+00 4.200277166139868568e-01 1.091184209081403900e-01
0.000000000000000000e+00 1.348651950813118949e+00 2.044645921449345316e+00 3.450574020947431819e+00 3.691686022034724068e+00 1.837436028222936457e+01 8.142592739541141711e+00 2.012811723279687992e-01
0.000000000000000000e+00 1.095977393360358793e-01 2.049734070128034435e+00 1.781746778034696943e+00 2.104363283332823631e+00 1.375293759603740229e+00 4.392383465919826868e+00 8.516664572416869292e-03
0.000000000000000000e+00 1.117243355909501492e-03 1.313810327474904116e-01 1.812437071902809060e-01 1.910194123451041115e-01 1.795903583418065677e-02 4.369642215846791800e-03 5.530324503762597916e-04
0.000000000000000000e+00 1.117243355909501492e-03 1.173181201448080142e-03 2.268666862478350976e-02 5.262240144559829878e-03 4.714089234832649286e-03 4.101450265456879109e-03 9.795362129460328041e-04
0.000000000000000000e+00 1.141823646555060285e-03 1.231645461951578514e-03 2.810213398076670185e-02 1.786164347052987822e-01 2.699891203510465174e-02 4.639648056777887636e-03 9.936454916740667265e-04
0.000000000000000000e+00 1.117243355909501492e-03 2.227878202802155982e+00 1.637458336842295692e+00 2.184653723735491937e+00 1.375432434248229585e+00 1.281544253269016664e+00 1.424422504728978245e-01
0.000000000000000000e+00 1.530534446819437899e-01 1.373410325268833221e+00 3.928911189102198165e+00 2.413434585260365584e+00 3.285118996216928711e+00 9.704126990666594565e+00 8.460565119266811457e-03
0.000000000000000000e+00 1.117243355909501492e-03 1.202271164499381763e-03 2.281270481421261015e-02 4.811670412720536055e-02 5.234918861106231322e-03 4.369929047977937422e-03 9.589292488307242209e-04
0.000000000000000000e+00 1.530733257036518691e-01 1.443801559765468312e+00 1.255440448882312543e+00 8.883267328411895702e-01 1.382745732249841097e+00 4.200309475997693887e-01 5.436779250597018054e-03
0.000000000000000000e+00 1.117243355909501492e-03 1.173181201448080142e-03 2.283753839064145072e-02 9.159229049482137119e-02 6.998116137800890202e-02 4.569073027652137409e-03 9.665598904558357759e-04
0.000000000000000000e+00 1.313156514981368428e-01 1.355811286393613146e+00 2.503187750950927271e+00 3.970907937030097923e+00 3.013866507363491820e+00 1.297109347526026646e+01 7.165693936571593606e-03
0.000000000000000000e+00 8.784006513051878517e-02 2.116539518357955618e+00 2.830116321794263534e+00 9.019459488575037875e-01 2.309007894157625085e+00 1.417351092969523219e-01 6.948683885232616146e-03
0.000000000000000000e+00 1.095778583143278001e-01 2.072027531746733153e+00 1.637456326223057701e+00 2.184545833209684762e+00 1.375315210483122330e+00 3.313785007714354691e+00 1.170606514136278697e+00
0.000000000000000000e+00 1.313555262970309556e-01 1.461398138138565672e+00 1.182479607076346584e+00 6.855251488606571852e-01 2.651397662742817629e-01 3.145435321834867959e-01 8.433910793244386861e-02
0.000000000000000000e+00 1.117243355909501492e-03 4.442986001225633641e-02 9.352534696572503692e-02 1.622137729121888028e-01 3.902796748971494589e-02 4.349725062002114846e-03 8.129865644366208403e-04
0.000000000000000000e+00 1.530733257036518691e-01 1.461399368389626696e+00 3.617320609252882679e+00 2.517404997716004900e+00 3.014105456163521435e+00 9.159566541480682389e+00 9.174535866041829552e-03
0.000000000000000000e+00 2.264656660080180059e-02 2.274126560022908181e-02 9.402308454918413549e-02 2.155406524425834969e-01 6.104798756786801450e-02 4.579857643241377375e-03 6.710730969409653499e-04
0.000000000000000000e+00 8.784006513051878517e-02 2.138808524450845017e+00 1.541264012993591059e+00 2.184545833209684762e+00 4.911575798682582317e+00 7.889145610336774084e+00 9.204901171089973494e-03
0.000000000000000000e+00 1.117243355909501492e-03 1.231645461951578514e-03 2.299160622712975027e-02 2.670775838198606936e-02 4.645422799061996004e-03 4.464479601035014657e-03 9.811302652094316522e-04
0.000000000000000000e+00 1.117243355909501492e-03 6.616765319606536522e-02 4.994042109374841054e-02 9.160923647836469175e-02 5.705255935080202206e-02 6.158255147048151065e-03 7.873248922389301449e-04
0.000000000000000000e+00 1.313355325198448942e-01 1.338213477769454984e+00 2.551283597637836742e+00 3.763294557645771921e+00 3.285118996216928711e+00 1.278883085955116883e+01 7.171975008785623842e-03
0.000000000000000000e+00 1.117243355909501492e-03 1.202271164499381763e-03 2.281270481421261015e-02 1.785434632300534064e-01 5.261118851295619459e-03 6.730897802547587856e-03 9.680665863708229476e-04
0.000000000000000000e+00 1.117243355909501492e-03 1.173181201448080142e-03 1.155442999949758132e-01 7.060322456924687795e-02 9.224474788189505892e-02 3.314787449592209844e-03 8.081152989078466999e-04
0.000000000000000000e+00 1.117243355909501492e-03 1.173181201448080142e-03 2.810213398076670185e-02 6.992746878625767659e-02 4.875152719234342874e-02 7.772858250835532577e-03 9.635270234042374706e-04
0.000000000000000000e+00 1.530534446819437899e-01 1.355812516644675059e+00 2.407041673951906269e+00 3.555695223446891262e+00 3.691893138983118661e+00 1.478607485559007984e+01 6.094551848058890609e-03
0.000000000000000000e+00 8.785994615222685045e-02 2.138808524450845017e+00 1.637458336842295692e+00 2.184653723735491937e+00 3.556405421355711916e+00 8.571276114423765691e+00 9.222965102307922186e-03
0.000000000000000000e+00 1.117243355909501492e-03 1.231645461951578514e-03 2.903177495500919303e-02 4.818967560245070864e-02 6.989957508546984499e-02 4.982250586678268166e-03 9.874407821479733605e-04
0.000000000000000000e+00 1.141823646555060285e-03 2.269206682844730760e-02 4.997496248356950166e-02 9.214955986083991912e-02 2.702695912081575294e-02 9.999586649662712927e-04 9.665598904558357759e-04
0.000000000000000000e+00 3.486935833362209691e-01 1.173193009428550981e+00 2.503189047722366833e+00 3.970727423106780840e+00 5.685418964409858944e+00 1.442388592842208617e+01 1.297233618025905866e-01
0.000000000000000000e+00 1.117243355909501492e-03 1.173181201448080142e-03 1.597123141658990664e-01 1.973534627105843209e-01 1.189965425771008223e-01 6.227875350748411773e-04 6.749019523598456024e-04
0.000000000000000000e+00 1.748111188874609256e-01 1.408607167520563141e+00 3.679637213779701099e+00 2.413616176036930128e+00 3.420020062489890211e+00 1.115611209493044420e+01 1.761986398793195241e-01
0.000000000000000000e+00 1.748111188874609256e-01 2.049738740547491389e+00 1.637458336842295692e+00 2.104491902701534745e+00 3.691714097368723468e+00 9.885081721325017057e+00 9.190213910074152351e-03
0.000000000000000000e+00 1.141823646555060285e-03 1.231645461951578514e-03 2.884286287218612924e-02 1.349950110367272860e-01 2.699038876635066753e-02 4.837099451914110386e-03 9.905564216189379715e-04
0.000000000000000000e+00 1.117243355909501492e-03 6.616765319606536522e-02 5.094319740280365411e-02 9.164578749786606027e-02 5.705255935080202206e-02 6.158255147048151065e-03 7.873248922389301449e-04
0.000000000000000000e+00 1.095977393360358793e-01 2.094272082313814565e+00 1.685554503022004491e+00 2.184653723735491937e+00 3.962666815240939222e+00 8.977039335477337900e+00 9.200114705128662612e-03
0.000000000000000000e+00 1.530733257036518691e-01 1.461399368389626696e+00 3.555000909329252501e+00 2.517422865729095349e+00 3.014138203010713557e+00 9.340998098286036111e+00 9.174535866041829552e-03
0.000000000000000000e+00 1.117243355909501492e-03 2.138802178430595724e+00 1.829842886953721104e+00 2.184525104366781267e+00 1.582885387084060014e+00 6.224441176322691172e-02 6.946963213729455584e-03
0.000000000000000000e+00 2.264656660080180059e-02 2.138828058347788996e+00 8.898964492379398683e-01 1.635972769965741813e+00 1.061976153668887868e+00 8.351537695016275631e-01 1.091219210513606624e-01
0.000000000000000000e+00 1.153011812158842631e+00 1.568705700678660220e+00 2.370950043841456800e+00 2.932503044380546875e+00 1.474561453845363879e+01 8.856436014318415317e+00 3.384614932964378261e-03
0.000000000000000000e+00 1.095977393360358793e-01 3.021988291990400199e+00 2.308633461407097798e+00 2.828825066792496123e+00 2.743228708876252586e+00 5.140692831416822095e+00 9.217329742259755196e-03
0.000000000000000000e+00 1.117243355909501492e-03 1.231645461951578514e-03 2.293927538096793631e-02 9.166526197006671928e-02 5.280402090725940661e-03 4.447166183555514157e-02 9.890019156728062279e-04
0.000000000000000000e+00 1.313156514981368428e-01 3.351383861924080443e-01 2.158072424547415602e-01 1.422786964391634934e-01 9.402406468865354139e-02 2.750569071944449981e-02 6.625213151743394348e-04
0.000000000000000000e+00 1.117243355909501492e-03 4.442986001225633641e-02 9.274400245589170533e-02 1.626585906260236691e-01 3.911722628034547400e-02 4.099172559792060161e-02 8.153893233505828770e-04
0.000000000000000000e+00 2.266656037798784121e-02 1.096447978338820767e-01 1.998159398451906932e-01 1.766746344991300677e-01 2.638554315243192214e-02 4.377884457051181046e-03 5.403247962776934260e-04
0.000000000000000000e+00 1.261680897056176809e+00 1.483255093768491628e+00 2.370952147569481472e+00 2.828661344029017144e+00 1.783076260342610198e+01 6.987305651155505615e+00 5.231568086742784812e-02
0.000000000000000000e+00 2.400244984388859582e-01 2.851015613331654208e+00 2.059354661712569978e+00 3.451899177386822615e+00 1.764972193494091357e+01 7.605830660568804191e+00 8.574092330094398862e-02
0.000000000000000000e+00 1.313555262970309556e-01 3.351577455517642523e-01 2.158072424547415602e-01 1.422471701842651370e-01 1.245518360271411634e-01 2.749384797781974712e-02 6.483071155724723670e-04
0.000000000000000000e+00 1.117243355909501492e-03 2.271572880413281342e-02 1.160617374612541997e-01 2.155406524425834969e-01 6.121873956143714796e-02 1.505367349355794110e-02 6.720371590436690799e-04
0.000000000000000000e+00 1.141823646555060285e-03 1.202271164499381763e-03 1.202271164499381763e-03 4.884235245744256160e-02 5.266859811055578204e-03 7.261298182205395968e-03 9.811302652094316522e-04
0.000000000000000000e+00 1.196467517504751887e+00 1.511713981599867473e+00 2.433269743765090531e+00 3.036619953222520873e+00 1.565328896377281076e+01 6.696331754115615098e+00 7.604481825351565305e-02
0.000000000000000000e+00 1.313355325198448942e-01 1.478995946762724056e+00 1.145761483370803191e+00 7.335439611479011024e-01 7.633893619041358658e-01 1.640342228551719683e-01 4.083457854442378368e-03
0.000000000000000000e+00 1.609505469018820190e+00 2.551534114090256100e+00 1.124571876039451634e+00 3.348075296827323744e+00 1.982797282083420853e+01 7.091731496067541052e+00 3.130058780449538891e-01
0.000000000000000000e+00 1.095977393360358793e-01 2.072003076220923834e+00 1.781747811996113207e+00 2.104481056698778385e+00 4.098157211844043246e+00 8.977867033252419304e+00 9.195219109887105627e-03
0.000000000000000000e+00 1.348651950813118949e+00 1.369237516073673389e+00 3.931535437231574726e+00 4.368982956041678634e+00 1.873826836814456698e+01 6.051545669815391548e+00 2.180064472031301992e-01
0.000000000000000000e+00 1.117243355909501492e-03 1.173181201448080142e-03 2.278810855768046914e-02 9.166526197006671928e-02 2.639585692694169233e-02 7.003925612041965107e-03 9.874407821479733605e-04
0.000000000000000000e+00 1.313156514981368428e-01 3.527361948165672056e-01 4.507233570153255653e-01 5.713875914033143821e-02 4.368717062707489635e-02 6.046092617583604138e-04 6.638906737422375524e-04
0.000000000000000000e+00 3.704512575417360787e-01 9.091197800930901352e-01 2.695572397696690103e+00 3.763114043722454394e+00 2.236890089113117241e+01 9.055913863609411862e+00 3.350111823022334438e-04
0.000000000000000000e+00 1.095778583143278001e-01 2.027465064035143705e+00 1.685551401180663378e+00 2.024361269407520147e+00 1.479184450502290860e+00 3.584649154556367456e+00 6.725688022822839951e-01
0.000000000000000000e+00 8.785994615222685045e-02 2.138808524450845017e+00 1.589361174917942376e+00 2.104502523486599497e+00 4.775242969251910274e+00 6.224139957182548422e+00 9.246865358514197442e-03
0.000000000000000000e+00 1.117243355909501492e-03 2.227878202802155982e+00 1.589361174917942376e+00 2.184664344520560686e+00 1.686713828680226568e+00 1.417148377794301473e+00 6.952970828173908949e-03
0.000000000000000000e+00 1.530733257036518691e-01 1.355812516644675059e+00 8.092398581207003172e-01 4.104189669381889116e-01 2.525629862584994334e-01 1.946106909682178421e-01 3.149422926197679128e-03
0.000000000000000000e+00 3.486935833362209691e-01 1.138691433978973988e+00 2.503186435713485203e+00 4.490121698965403141e+00 2.363943371952680295e+01 5.698970690382403781e+00 2.154959891160015614e-02
0.000000000000000000e+00 1.095977393360358793e-01 2.993490866092595404e+00 2.246312747722217562e+00 3.244087265407963105e+00 1.659031757867296397e+00 3.563390950580017869e+00 9.249675488706319074e-03
0.000000000000000000e+00 1.313156514981368428e-01 1.478995946762724056e+00 1.145891332351168579e+00 3.967853621422271493e-01 2.650880316161999817e-01 1.275209468340008923e-01 3.234138205161268299e-03
0.000000000000000000e+00 1.141823646555060285e-03 1.173181201448080142e-03 2.283753839064145072e-02 1.133300836786304000e-01 4.824754445347806397e-02 3.861076448689915262e-03 9.905564216189379715e-04
0.000000000000000000e+00 1.095778583143278001e-01 1.960658045756474177e+00 1.096041419248760196e+00 1.449204032153875499e+00 3.139787279170155987e+00 6.052718868589088252e+00 1.898312527835221697e-01
0.000000000000000000e+00 1.609505469018820190e+00 2.551475749244926927e+00 1.124571876039451634e+00 3.347911231113728903e+00 1.982797282083420853e+01 7.091731496067541052e+00 3.130058780449538891e-01
0.000000000000000000e+00 1.117243355909501492e-03 4.139723441369996260e-01 7.982696765439563080e-01 2.630331221626517335e-01 2.504799753494262315e-01 5.832762189036912875e-02 1.448266533074426534e-03
0.000000000000000000e+00 1.117243355909501492e-03 1.313810327474904116e-01 1.821134872348376121e-01 1.765992574861262043e-01 8.513817043610912016e-02 4.410679031377344114e-03 5.567727538388974207e-04
0.000000000000000000e+00 3.269557901524119958e-01 1.320646208668446286e+00 3.305722109634724237e+00 1.462964333747844847e+00 4.640537985856052039e+00 1.551206740772201087e+01 1.297722214727997647e-01
0.000000000000000000e+00 1.117243355909501492e-03 1.173181201448080142e-03 2.286261076180453808e-02 1.134030551538757481e-01 4.226218199358199555e-03 2.655627738010673047e-02 9.890019156728062279e-04
0.000000000000000000e+00 1.117243355909501492e-03 2.273962205937232403e-02 2.278983988669744387e-02 1.575770770700889722e-01 5.666647365471611658e-02 6.317336349844174248e-03 7.873248922389301449e-04
0.000000000000000000e+00 3.487134643579290483e-01 8.946986605643132417e-01 2.695569638592548056e+00 4.074728671907709376e+00 2.200586021386560986e+01 8.790827184021347662e+00 9.645135701252546476e-03
0.000000000000000000e+00 1.117243355909501492e-03 1.202271164499381763e-03 2.283753839064145072e-02 9.159229049482137119e-02 6.998116137800890202e-02 4.569073027652137409e-03 9.665598904558357759e-04
0.000000000000000000e+00 1.141823646555060285e-03 1.173181201448080142e-03 1.375318287912292436e-01 2.502621064299254683e-01 3.238332603751115785e-02 4.665803970592462789e-03 6.710730969409653499e-04
0.000000000000000000e+00 1.313555262970309556e-01 1.426202520890248238e+00 1.182305419733549412e+00 7.818068261971319322e-01 7.632975387795362110e-01 3.789495284881978614e-03 8.424065206292709329e-02
0.000000000000000000e+00 1.117243355909501492e-03 2.269206682844730760e-02 1.378630697647084402e-01 2.155442139113270261e-01 4.680105053431109219e-02 1.504009401200932794e-02 6.720371590436690799e-04
0.000000000000000000e+00 1.141823646555060285e-03 1.202271164499381763e-03 2.283753839064145072e-02 1.133300836786304000e-01 4.824754445347806397e-02 6.969116840291984458e-03 9.905564216189379715e-04
0.000000000000000000e+00 1.261700778077885055e+00 1.511752519666296646e+00 2.183994061559834332e+00 2.828696354688385650e+00 1.783167816908256498e+01 6.987289629886486608e+00 2.283854663996026223e-03
0.000000000000000000e+00 1.748111188874609256e-01 2.049738740547491389e+00 1.637458336842295692e+00 2.104491902701534745e+00 3.691714097368723468e+00 9.885081721325017057e+00 9.190213910074152351e-03
0.000000000000000000e+00 1.747912378657528187e-01 2.049738740547491389e+00 1.685555498766646565e+00 2.104481056698778385e+00 3.420915024752601674e+00 9.885011399196383053e+00 9.195219109887105627e-03
0.000000000000000000e+00 2.264656660080180059e-02 1.096447978338820767e-01 3.404937648522650129e-01 1.439665879072252186e-01 1.464736107657445621e-02 1.622367729089323196e-02 5.460723790034743147e-04
0.000000000000000000e+00 1.313355325198448942e-01 2.027491125618845480e+00 1.877941101883398911e+00 1.943889478650533409e+00 1.686713828680226568e+00 4.391911571824048011e+00 8.514043539148303044e-03
0.000000000000000000e+00 3.486935833362209691e-01 1.242157579151504265e+00 3.368038714161540437e+00 3.659381356875168745e+00 5.518778484804691686e+00 1.406100517805786865e+01 2.152871471757508703e-01
0.000000000000000000e+00 1.117243355909501492e-03 2.205609196709266584e+00 1.685554503022004491e+00 2.184267238914900933e+00 1.295917313937937076e-01 1.085122647715053734e+00 6.942755535091010670e-03
0.000000000000000000e+00 1.313355325198448942e-01 3.527361948165672056e-01 4.389724883199975780e-01 2.049093488076381420e-01 1.422600065759564714e-01 2.328119436740046580e-02 1.090288573823022539e-03
0.000000000000000000e+00 1.117243355909501492e-03 2.269206682844730760e-02 1.154344601722896851e-01 1.623620730406215296e-01 5.710192613705577375e-02 2.314420226015806784e-02 8.153893233505828770e-04
0.000000000000000000e+00 1.141823646555060285e-03 2.269206682844730760e-02 9.351179198370659917e-02 4.820677485280863706e-02 1.272886184870331838e-01 2.378088006667142262e-02 8.105618565438209040e-04
0.000000000000000000e+00 2.264656660080180059e-02 1.096447978338820767e-01 3.404937648522650129e-01 1.557174566025538442e-01 2.897947474955306531e-03 2.797454598622185762e-02 5.467739552001512531e-04
0.000000000000000000e+00 1.117243355909501492e-03 1.231645461951578514e-03 2.810213398076670185e-02 1.792738353932084583e-01 5.708218809696945922e-02 6.370562423104305684e-03 8.068838572076148874e-04
0.000000000000000000e+00 8.784006513051878517e-02 2.138832937208015039e+00 1.685602671517657747e+00 2.104481056698778385e+00 3.691895817958816828e+00 8.390760088313948373e+00 9.222965102307922186e-03
0.000000000000000000e+00 1.117243355909501492e-03 4.442986001225633641e-02 9.346395854292936789e-02 2.155406524425834969e-01 1.045521288011369010e-01 1.968662696722862926e-02 6.749019523598456024e-04
0.000000000000000000e+00 3.486935833362209691e-01 1.715715809683494797e+00 3.368046270312852641e+00 1.062229567890348836e+00 4.776057090035135566e+00 1.496757299362306348e+01 6.088207243534765264e-03
0.000000000000000000e+00 1.457321035710454016e+00 2.081179624400166350e+00 2.809285187618787205e+00 3.963143022460833720e+00 1.238599593028859225e+01 4.823457684900702702e+00 1.161054533021820712e+00
0.000000000000000000e+00 1.313355325198448942e-01 3.351383861924080443e-01 4.156452122930440751e-01 2.049068443370564985e-01 3.881186920750052255e-02 1.803730690914953291e-02 8.581386384360234921e-04
0.000000000000000000e+00 1.117243355909501492e-03 1.313810327474904116e-01 3.404937648522650129e-01 1.439665879072252186e-01 2.896492381245831856e-03 1.621547509142044763e-02 5.589711665076010135e-04
0.000000000000000000e+00 1.117243355909501492e-03 2.183340190616375853e+00 1.637456326223057701e+00 2.184287396041214357e+00 1.375315210483122330e+00 1.281429058667746590e+00 6.950780997796560806e-03
0.000000000000000000e+00 1.117243355909501492e-03 2.269206682844730760e-02 1.149453941801832912e-01 1.623620730406215296e-01 5.701279434199037210e-02 2.399155780140311764e-02 8.153893233505828770e-04
0.000000000000000000e+00 1.117243355909501492e-03 1.231645461951578514e-03 2.727578988140243882e-02 1.575360422094014556e-01 5.256883508847697006e-03 4.360305224045187000e-03 9.665598904558357759e-04
0.000000000000000000e+00 1.141823646555060285e-03 1.313810327474904116e-01 1.988915185495065685e-01 1.045253291983665178e-01 3.210065666170936784e-03 1.945402380550054558e-02 6.739515972883603715e-04
0.000000000000000000e+00 1.413845449342836957e+00 1.340744515903417700e+00 3.931538012457004072e+00 1.686692076776225235e+00 1.928320517723774685e+01 8.247684912117192013e+00 2.397993317269649372e-01
0.000000000000000000e+00 1.530733257036518691e-01 1.443801559765468312e+00 1.218700523520076739e+00 6.853637963649988896e-01 1.462918552446777154e+00 4.200309475997693887e-01 5.436779250597018054e-03
0.000000000000000000e+00 1.095778583143278001e-01 3.021988291990400199e+00 2.246313761483467619e+00 3.140263003882072912e+00 1.523541361264185712e+00 3.563327592857603587e+00 9.251477682917287962e-03
0.000000000000000000e+00 1.530534446819437899e-01 1.373429718191205406e+00 2.455093164063538058e+00 1.703532554686086442e+00 5.317469317420321140e+00 1.587512916972318777e+01 6.048250280346746492e-03
0.000000000000000000e+00 1.117243355909501492e-03 1.202271164499381763e-03 2.299160622712975027e-02 1.791281115325692452e-01 4.747541920733299586e-03 2.273903003569570022e-02 9.936454916740667265e-04
0.000000000000000000e+00 1.313355325198448942e-01 1.355811286393613146e+00 7.811254061111674307e-01 2.279615095311324224e-01 4.928424544944265961e-01 3.388539926723355689e-01 3.230870847015326203e-03
0.000000000000000000e+00 2.182867052550769016e-01 2.822516229302483470e+00 1.997032908844837973e+00 3.451948968661689321e+00 1.746836182643654212e+01 7.729502212309848908e+00 1.023423937762082403e-01
0.000000000000000000e+00 1.117243355909501492e-03 2.269206682844730760e-02 1.814023231512375267e-01 1.973599512031390946e-01 3.640249023671522990e-03 6.184847732852395349e-04 6.691313390952278095e-04
0.000000000000000000e+00 1.117243355909501492e-03 1.231645461951578514e-03 2.304492803978022350e-02 7.043914561352816739e-02 5.275940824725368523e-03 5.296772691540023101e-03 9.842986910796175642e-04
0.000000000000000000e+00 1.530534446819437899e-01 1.426203751141309262e+00 3.741956913703332166e+00 1.686951480178706442e+00 4.369260265542353139e+00 1.133767571889863923e+01 8.401221474249619126e-03
0.000000000000000000e+00 1.313355325198448942e-01 1.943559171991381673e-01 1.345739436440670789e-01 1.321778686183549267e-01 7.690190205841535009e-02 9.738190028289260558e-03 9.775531145126260466e-03
0.000000000000000000e+00 1.117243355909501492e-03 4.442986001225633641e-02 9.346395854292936789e-02 2.331384610667426582e-01 3.242954819055975796e-02 1.969041134928653167e-02 6.547811714735796975e-04
0.000000000000000000e+00 1.313355325198448942e-01 3.351577455517642523e-01 1.334782473190332386e-01 1.609255777942419641e-01 1.447389963775053690e-01 2.745323518639075297e-02 6.625213151743394348e-04
0.000000000000000000e+00 2.182867052550769016e-01 2.005203808722672232e+00 1.685555498766646565e+00 1.783705299418162804e+00 2.102004038549846854e+00 1.055699352583553896e+01 9.218610483606044445e-03
0.000000000000000000e+00 1.087778551585708575e+00 1.092230385670536652e+00 2.495578731101907088e+00 3.763069863116515368e+00 1.474611846997506248e+01 7.848693373672302798e+00 7.295593318971158592e-01
0.000000000000000000e+00 1.313355325198448942e-01 3.703340034407263670e-01 4.860570347460612117e-01 3.319648409284265966e-01 2.949433596031443283e-01 2.983019599256557866e-02 1.447145497378200200e-03
0.000000000000000000e+00 1.313555262970309556e-01 3.351383861924080443e-01 7.436909584824289432e-01 3.619361242209206964e-01 3.776236078684462871e-01 7.463719870853935401e-02 1.820297471184291038e-03
0.000000000000000000e+00 1.313555262970309556e-01 1.355830645752969632e+00 3.651304313427466974e-01 3.777156205253318633e-01 4.103588943527247124e-01 9.836667477497033907e-02 5.051852963703669375e-02
0.000000000000000000e+00 8.784006513051878517e-02 2.138808524450845017e+00 1.541264012993591059e+00 2.184545833209684762e+00 4.776085402079478293e+00 7.889079575249803966e+00 9.209578978865259197e-03
0.000000000000000000e+00 1.117243355909501492e-03 4.442986001225633641e-02 9.352534696572503692e-02 1.626881616573566947e-01 3.902796748971494589e-02 3.631988031016995452e-03 8.329044249401633317e-04
0.000000000000000000e+00 1.747912378657528187e-01 1.391009358896404979e+00 3.804275029620406201e+00 1.998371549255193003e+00 3.826791503243261339e+00 1.115611209493044420e+01 3.439833261412372223e-01
0.000000000000000000e+00 1.313355325198448942e-01 1.943559171991381673e-01 1.345739436440670789e-01 1.319587291545208374e-01 7.690190205841535009e-02 9.738190028289260558e-03 4.482053098409655156e-04
0.000000000000000000e+00 1.141823646555060285e-03 1.231645461951578514e-03 2.810213398076670185e-02 1.792374506814934376e-01 4.674277111138506503e-03 4.901019607331954207e-03 9.921042852274637724e-04
0.000000000000000000e+00 3.486935833362209691e-01 1.715715809683494797e+00 3.368046270312852641e+00 1.062102971058886958e+00 4.776057090035135566e+00 1.514907113165604535e+01 6.081773469730368704e-03
0.000000000000000000e+00 1.313355325198448942e-01 3.021990292705623471e+00 2.121675349916249509e+00 1.222440017550754821e+00 1.686208992466136092e+00 4.558674727137402627e+00 8.511866517073007551e-03
0.000000000000000000e+00 1.152991931137134385e+00 1.511710848883052405e+00 2.557906938670560404e+00 2.932485686131201863e+00 1.474501846298498364e+01 6.984340319737558644e+00 9.256520731931802692e-02
0.000000000000000000e+00 1.530733257036518691e-01 3.175418078193105176e-01 7.436909584824289432e-01 3.397417284669204118e-01 3.207242964188213308e-01 2.989022352254184361e-02 1.860933408424954826e-03
0.000000000000000000e+00 1.313355325198448942e-01 1.391026263001287067e+00 7.806595761312957737e-01 6.374642396859823146e-01 6.039820771816995643e-02 9.841546797851101480e-02 2.425469409068449662e-03
0.000000000000000000e+00 1.117243355909501492e-03 2.269206682844730760e-02 1.162527334809645013e-01 7.057121487558637440e-02 9.221852762682157534e-02 7.493043891915214657e-04 8.093413027757922736e-04
0.000000000000000000e+00 1.530534446819437899e-01 1.391008133892992493e+00 3.804273421478890249e+00 1.686969348191791784e+00 3.827328251862688990e+00 1.133734282768118007e+01 8.432236112198336631e-03
0.000000000000000000e+00 1.117243355909501492e-03 1.313810327474904116e-01 1.819572965204642456e-01 1.910194123451041115e-01 4.988728054308806670e-02 4.282849954903928530e-03 5.552880298790033786e-04
0.000000000000000000e+00 1.117243355909501492e-03 2.227878202802155982e+00 3.017111501680714181e+00 9.821801473794855575e-01 5.443564345053770737e-01 1.089107594353018460e-01 5.448259632766727471e-03
0.000000000000000000e+00 1.348651950813118949e+00 1.397734941971478406e+00 4.011698562266482249e+00 4.640118798256472665e+00 1.801099222813402534e+01 8.172279745329680267e+00 3.213105084374851678e-02
0.000000000000000000e+00 1.530733257036518691e-01 1.461399368389626696e+00 3.555000909329252501e+00 2.517258927362550303e+00 3.284912501575923738e+00 9.341130714600630824e+00 8.471158456915902149e-03
0.000000000000000000e+00 1.965290310495598214e-01 1.849319229226972672e+00 1.132520984019986798e+00 1.449204032153875499e+00 3.140444429096879819e+00 6.052718868589088252e+00 9.245781317842318228e-03
0.000000000000000000e+00 1.117243355909501492e-03 1.231645461951578514e-03 2.273962205937232403e-02 1.351408483376827230e-01 2.699038876635066753e-02 2.673937962537343421e-02 9.921042852274637724e-04
0.000000000000000000e+00 1.313555262970309556e-01 3.351772951825134905e-01 7.436909584824289432e-01 3.619361242209206964e-01 3.776236078684462871e-01 1.676356902573262597e-03 1.863619120485625552e-03
0.000000000000000000e+00 1.092801686515678522e-03 4.442986001225633641e-02 9.427589309048976796e-02 2.325457799973848494e-01 2.191860508610161268e-02 1.945918268542253318e-02 6.701044868189802352e-04
0.000000000000000000e+00 1.313355325198448942e-01 1.767581085749806435e-01 1.349998265241339757e-01 1.789005967654108409e-01 6.760958803871520983e-02 4.116388713146402079e-04 4.487561839112463912e-04
0.000000000000000000e+00 1.313156514981368428e-01 1.443800329514406400e+00 1.109366755854384490e+00 7.336355798575031617e-01 2.023356797486121905e-01 1.275220788664794269e-01 6.547845131069772451e-02
0.000000000000000000e+00 1.261680897056176809e+00 1.511752519666296646e+00 2.308633461407097798e+00 2.828661344029017144e+00 1.746776632736014179e+01 6.863021092779624688e+00 1.024303973613838875e-01
0.000000000000000000e+00 1.141823646555060285e-03 2.269206682844730760e-02 1.379267367836215508e-01 2.149512713347434822e-01 4.439426264647566671e-03 7.538786916344401845e-04 1.841319794750973654e-02
0.000000000000000000e+00 1.117243355909501492e-03 2.183340190616375853e+00 1.829844973920464080e+00 2.024179838821920097e+00 1.686208992466136092e+00 1.977911175924023379e-01 6.948683885232616146e-03
0.000000000000000000e+00 3.269557901524119958e-01 1.285430934260199942e+00 2.310805401649274060e+00 3.451860151396910936e+00 3.556370852152975548e+00 1.424158044149113600e+01 7.118950277581386453e-03
0.000000000000000000e+00 1.530534446819437899e-01 1.461399368389626696e+00 3.555000909329252501e+00 2.413616176036930128e+00 3.285357768546393054e+00 9.522562817546646130e+00 8.471158456915902149e-03
0.000000000000000000e+00 1.117243355909501492e-03 2.205609196709266584e+00 1.685554503022004491e+00 2.104491902701534745e+00 1.271487069911575007e+00 1.009895116448719099e+00 6.949447663958261724e-03
0.000000000000000000e+00 1.313355325198448942e-01 2.094273645751145718e+00 1.685555498766646565e+00 1.382896194248363964e+00 2.413523866927547168e+00 2.230034077728815234e+00 8.519932798373677091e-03
0.000000000000000000e+00 1.117243355909501492e-03 1.313810327474904116e-01 2.173091044831542418e-01 1.766043092202246867e-01 9.691233511673624790e-02 4.435090142195289437e-03 5.589711665076010135e-04
0.000000000000000000e+00 3.704512575417360787e-01 1.715717299420452369e+00 3.368047708391565198e+00 1.062089339477556349e+00 4.504838197577461401e+00 1.514900509656907701e+01 6.088207243534765264e-03
0.000000000000000000e+00 1.313355325198448942e-01 3.351383861924080443e-01 4.743263537519656903e-01 5.713949488787291309e-02 4.366513592698136048e-02 5.919950313940011135e-04 1.408001052997806535e-02
0.000000000000000000e+00 1.313355325198448942e-01 1.767581085749806435e-01 1.346507929224623756e-01 1.439467676092486825e-01 1.515363223853443964e-01 4.138809260235668972e-04 4.519956279705294295e-04
0.000000000000000000e+00 1.117243355909501492e-03 1.231645461951578514e-03 2.756560182993832847e-02 1.793101840498269317e-01 2.641207029494753444e-02 7.317375125898470563e-03 9.936454916740667265e-04
0.000000000000000000e+00 1.313355325198448942e-01 1.373409095017772419e+00 2.503189047722366833e+00 1.783822701081430040e+00 3.827259474332715516e+00 1.206298905559215839e+01 3.440074873010918188e-01
0.000000000000000000e+00 3.486935833362209691e-01 1.715715809683494797e+00 3.368046270312852641e+00 1.062102971058886958e+00 4.776057090035135566e+00 1.496757299362306348e+01 1.297917922033696714e-01
0.000000000000000000e+00 1.747912378657528187e-01 2.049738740547491389e+00 1.685555498766646565e+00 2.104481056698778385e+00 3.420495046139195416e+00 9.885011399196383053e+00 9.195219109887105627e-03
0.000000000000000000e+00 2.182867052550769016e-01 2.879542647391029941e+00 2.308633461407097798e+00 2.725018377100331346e+00 3.014038764490283739e+00 4.960172516589182123e+00 9.217329742259755196e-03
0.000000000000000000e+00 1.117243355909501492e-03 1.202271164499381763e-03 2.281270481421261015e-02 1.785799372927779627e-01 2.644869167822122558e-02 4.965458625067782107e-03 9.695667713737459587e-04
0.000000000000000000e+00 1.313355325198448942e-01 3.351383861924080443e-01 5.096521618556708599e-01 3.147236984976884422e-01 7.232806401948056740e-02 2.330480078471205974e-02 1.120659550022699456e-03
0.000000000000000000e+00 1.313555262970309556e-01 1.461398138138565672e+00 1.255440448882312543e+00 6.374184799957985925e-01 2.650314550654831458e-01 1.274620260627236379e-01 8.433552451597010891e-02
0.000000000000000000e+00 1.095778583143278001e-01 1.938389039663583446e+00 1.132520984019986798e+00 1.511422569897061807e+00 3.140263003882072912e+00 6.218800433317388965e+00 9.241498274442986466e-03
0.000000000000000000e+00 8.785994615222685045e-02 2.094270512265065332e+00 1.733650650071762112e+00 2.184653723735491937e+00 3.691895817958816828e+00 8.796162689455055528e+00 9.214148595410736470e-03
0.000000000000000000e+00 1.313355325198448942e-01 3.703533628000825750e-01 4.978445639023612590e-01 2.802421786068337028e-01 3.172870621830551907e-01 1.332167805600502526e-03 1.444870556531818251e-03
0.000000000000000000e+00 1.313355325198448942e-01 1.767581085749806435e-01 1.349558779530897756e-01 1.788607254320619955e-01 1.422281947210032871e-01 4.518122697318265588e-04 4.937126243118333422e-04
0.000000000000000000e+00 1.117243355909501492e-03 1.202271164499381763e-03 2.286261076180453808e-02 1.134030551538757481e-01 4.662185867581415677e-03 2.655627738010673047e-02 9.650466980226360056e-04
0.000000000000000000e+00 1.313355325198448942e-01 3.021990292705623471e+00 2.121675349916249509e+00 1.222440017550754821e+00 1.582402302773971092e+00 4.558605733027088824e+00 8.512998208734023908e-03
0.000000000000000000e+00 1.141823646555060285e-03 1.173181201448080142e-03 7.200669471728475546e-02 9.167390466225884549e-02 5.289165937006719796e-03 7.018227670509927241e-03 9.650466980226360056e-04
0.000000000000000000e+00 1.313355325198448942e-01 1.426202520890248238e+00 1.255395670787591067e+00 6.853683336883397148e-01 1.703414792091138885e+00 4.199288025927239709e-01 5.439936767026344600e-03
0.000000000000000000e+00 1.117243355909501492e-03 2.183340190616375853e+00 1.781747811996113207e+00 2.104352583553996681e+00 1.686692076776225235e+00 1.977911175924023379e-01 6.948683885232616146e-03
0.000000000000000000e+00 1.095778583143278001e-01 2.116565543932513282e+00 1.541264012993591059e+00 2.344998382415625304e+00 4.639908615567159167e+00 6.404791131676606852e+00 1.909749817818759687e-01
0.000000000000000000e+00 1.095977393360358793e-01 2.116541088406703963e+00 1.685555498766646565e+00 2.024190762520039044e+00 1.582423331427005975e+00 2.499353114750514582e+00 8.519617637731947274e-03
0.000000000000000000e+00 1.117243355909501492e-03 1.202271164499381763e-03 2.281270481421261015e-02 1.785434632300534064e-01 5.261118851295619459e-03 6.730897802547587856e-03 9.680665863708229476e-04
0.000000000000000000e+00 1.313355325198448942e-01 1.767581085749806435e-01 1.348245524036384424e-01 1.906115941273905934e-01 1.422292805569857488e-01 4.521988432132602385e-04 4.942820329953496929e-04
0.000000000000000000e+00 8.785994615222685045e-02 3.050483708712415698e+00 2.308633461407097798e+00 3.036438446176822570e+00 1.793907803544342539e+00 3.065416110311382614e+00 9.253183776439978178e-03
0.000000000000000000e+00 8.785994615222685045e-02 2.138808524450845017e+00 1.685555498766646565e+00 2.024062076226976092e+00 4.504866588561787566e+00 2.898196398032302668e+00 1.898351469543861636e-01
0.000000000000000000e+00 1.313355325198448942e-01 1.443839238504511790e+00 1.425848400642681091e-01 4.347146911979049011e-01 4.556161936150537189e-02 7.467382779263255499e-02 1.821550798743664214e-03
0.000000000000000000e+00 1.313355325198448942e-01 3.527361948165672056e-01 4.977632561344024209e-01 1.377317130812927004e-01 5.599627462469002753e-02 3.528048351060373428e-02 8.622077752776186130e-04
0.000000000000000000e+00 1.141823646555060285e-03 1.173181201448080142e-03 2.853110834966669437e-02 2.010116285770174593e-01 4.714853625009495300e-03 7.317375125898470563e-03 9.936454916740667265e-04
0.000000000000000000e+00 1.095778583143278001e-01 2.116541088406703963e+00 1.589361174917942376e+00 1.703693418316804431e+00 4.776009494193856675e+00 9.703722647318215877e+00 1.906832366591174888e-01
0.000000000000000000e+00 1.117243355909501492e-03 1.173181201448080142e-03 2.792129069382699724e-02 9.162876455754591365e-02 5.280402090725940661e-03 9.960754679391378708e-04 9.620008808704849168e-04
0.000000000000000000e+00 1.348651950813118949e+00 1.369237516073673389e+00 4.011697258265535915e+00 4.775847381768001831e+00 1.801152300678051787e+01 8.172279745329680267e+00 3.212061187818054248e-02
0.000000000000000000e+00 1.117243355909501492e-03 1.202271164499381763e-03 2.278810855768046914e-02 9.235901131459492430e-02 4.694614762634046791e-03 5.082962645240277771e-03 9.620008808704849168e-04
0.000000000000000000e+00 1.117243355909501492e-03 2.269206682844730760e-02 1.162527334809645013e-01 2.155406524425834969e-01 6.121873956143714796e-02 2.947382835253587949e-02 6.729966626633273469e-04
0.000000000000000000e+00 1.748111188874609256e-01 1.408607167520563141e+00 3.679698133230776769e+00 2.413616176036930128e+00 3.555510459093001341e+00 1.115617758086566091e+01 1.761923285307735454e-01
0.000000000000000000e+00 1.117243355909501492e-03 1.173181201448080142e-03 7.257061296400499351e-02 1.792467036955120163e-01 4.325141263884754554e-03 6.040544721642377921e-03 8.056469898885567889e-04
0.000000000000000000e+00 1.117243355909501492e-03 2.269206682844730760e-02 1.154344601722896851e-01 1.620954010218351449e-01 2.190630888873911983e-02 2.312271767647626486e-02 8.129865644366208403e-04
0.000000000000000000e+00 1.117243355909501492e-03 2.269206682844730760e-02 1.160617374612541997e-01 2.149775759556152577e-01 1.188750084311727406e-01 1.505657311304002023e-02 6.758477172580253621e-04
0.000000000000000000e+00 1.117243355909501492e-03 2.227878202802155982e+00 3.017111501680714181e+00 9.821801473794855575e-01 5.443564345053770737e-01 2.125129595257693738e-01 1.092561671422847824e-01
0.000000000000000000e+00 1.530733257036518691e-01 3.351396164434696234e-01 7.302268823755719840e-01 4.287431424995915008e-01 3.560453921310434422e-02 2.988680258093431852e-02 1.447145497378200200e-03
0.000000000000000000e+00 1.095977393360358793e-01 2.116541088406703963e+00 1.733652660690997660e+00 6.389496546072747085e-01 9.820813162149218956e-01 1.810336593517392068e+00 1.424364033634253068e-01
0.000000000000000000e+00 1.313156514981368428e-01 3.351577455517642523e-01 7.436909584824289432e-01 3.173981120351405671e-01 3.491275217009983667e-01 1.111156900696623900e-01 1.817748576392126843e-03
0.000000000000000000e+00 1.530534446819437899e-01 1.215049440573777284e+00 1.752672519693439179e+00 2.906206228540308967e+00 4.775637270193576533e+00 1.224510092312833898e+01 7.190234108107875291e-03
0.000000000000000000e+00 1.313355325198448942e-01 1.320654578135401103e+00 3.651038050977059024e-01 3.206753608389824595e-01 1.915456859635840947e-01 1.476004003152688870e-01 1.873784425595417281e-03
0.000000000000000000e+00 2.400244984388859582e-01 2.851047233209863307e+00 2.059354661712569978e+00 3.451734901356776852e+00 1.764917381606710123e+01 7.729534245528640213e+00 4.378173346595869153e-02
0.000000000000000000e+00 1.141823646555060285e-03 1.231645461951578514e-03 2.269206682844730760e-02 4.804383830149526469e-02 4.686195534044795136e-03 4.790392464066386101e-03 9.827177627345802784e-04
0.000000000000000000e+00 1.313355325198448942e-01 3.527361948165672056e-01 2.156696396221647050e-01 1.422481855170685816e-01 4.320239823495904824e-02 3.094823139718415675e-02 6.604317046025186440e-04
0.000000000000000000e+00 1.141823646555060285e-03 2.227878202802155982e+00 1.589361174917942376e+00 2.184277427615220368e+00 1.296134832977950402e-01 1.085075396463090591e+00 6.941545220433661262e-03
0.000000000000000000e+00 3.704512575417360787e-01 1.155953052098278144e+00 2.503235997800608015e+00 4.282147492183271176e+00 2.127968469560053322e+01 8.702463264208253335e+00 3.438563017090229138e-04
0.000000000000000000e+00 1.087778551585708575e+00 1.069961379577646143e+00 1.733650650071762112e+00 4.074562114427802584e+00 1.492743283057933645e+01 7.128378721475602475e+00 7.296814787948245895e-01
0.000000000000000000e+00 1.141823646555060285e-03 1.231645461951578514e-03 2.278810855768046914e-02 1.575723908660199568e-01 4.706897002478636904e-03 2.685052865618214185e-02 9.680665863708229476e-04
0.000000000000000000e+00 1.313355325198448942e-01 2.823449603199322810e-01 8.414718155513685183e-01 1.768007617216759975e-01 5.013326593240164525e-02 4.553176490074864469e-02 1.124485455694669437e-03
0.000000000000000000e+00 3.486935833362209691e-01 1.242138288563404469e+00 3.305719014237909814e+00 3.763038953266350628e+00 5.684791055422687478e+00 1.387956390789965866e+01 2.152871471757508703e-01
0.000000000000000000e+00 1.965290310495598214e-01 2.027471277970093411e+00 1.685555498766646565e+00 2.024190762520039044e+00 3.826783131037991836e+00 8.210174616848268769e+00 9.227212906409791235e-03
0.000000000000000000e+00 1.141823646555060285e-03 1.173181201448080142e-03 2.278810855768046914e-02 1.134030551538757481e-01 5.284810475140020239e-03 9.321060214375206932e-02 9.695667713737459587e-04
0.000000000000000000e+00 1.313355325198448942e-01 1.767581085749806435e-01 1.345645482309101582e-01 1.319569649347918372e-01 1.328646800639800840e-01 9.740101155270918659e-03 4.509283977487957762e-04
0.000000000000000000e+00 8.785994615222685045e-02 2.138832937208015039e+00 1.589361174917942376e+00 2.104502523486599497e+00 1.167701831098796772e+00 2.771706774937723328e+00 8.519966260129531108e-03
0.000000000000000000e+00 1.117243355909501492e-03 1.231645461951578514e-03 2.262668557909372838e-02 2.641538500612086032e-02 4.645422799061996004e-03 4.943302920940265133e-03 9.811302652094316522e-04
0.000000000000000000e+00 1.313555262970309556e-01 1.391006903641930581e+00 7.806595761312957737e-01 4.470192876852380759e-01 5.891600062227274615e-01 6.520237894284897084e-02 3.237299700139026522e-03
0.000000000000000000e+00 1.530733257036518691e-01 1.426203751141309262e+00 3.679637213779701099e+00 2.413616176036930128e+00 3.420641741056976048e+00 9.885625128699572883e+00 8.455111209307461517e-03
0.000000000000000000e+00 1.313355325198448942e-01 1.767581085749806435e-01 1.350438559974722896e-01 1.788607254320619955e-01 6.760958803871520983e-02 9.738964706601252463e-03 9.776629772636833207e-03
0.000000000000000000e+00 1.313555262970309556e-01 1.373409095017772419e+00 7.806428530745803673e-01 4.833822664234233013e-01 5.891600062227274615e-01 1.275835799636971524e-01 3.238840547240445008e-03
0.000000000000000000e+00 1.313355325198448942e-01 1.303017860521137328e+00 3.872822125863317755e-01 4.061676385323957916e-01 2.644396191231829785e-01 1.717358657424370577e-03 1.828772562238151645e-03
0.000000000000000000e+00 1.530733257036518691e-01 1.461399368389626696e+00 3.617320609252882679e+00 2.517404997716004900e+00 3.284880099330719894e+00 9.522694338568827632e+00 8.460565119266811457e-03
0.000000000000000000e+00 1.313355325198448942e-01 2.295515344474564623e-01 2.502597093724480137e-01 1.049616227825258263e-01 8.627134914896875117e-02 3.093584908524613791e-02 4.959693645258473000e-04
0.000000000000000000e+00 1.117243355909501492e-03 4.447741524318134937e-02 9.402308454918413549e-02 2.155701412454648636e-01 1.331243315236061986e-01 1.904330642666729120e-02 6.767888813606309610e-04
0.000000000000000000e+00 1.141823646555060285e-03 1.314046947231758966e-01 1.812437071902809060e-01 1.766235528773147379e-01 1.086597943799249427e-01 1.617783952586819909e-02 5.453670329259022913e-04
0.000000000000000000e+00 2.264656660080180059e-02 1.096447978338820767e-01 1.998684044505165125e-01 1.766746344991300677e-01 2.638554315243192214e-02 3.618774516988459804e-03 5.403247962776934260e-04
0.000000000000000000e+00 1.313555262970309556e-01 1.373409095017772419e+00 7.806428530745803673e-01 4.833822664234233013e-01 6.040344969997260560e-02 9.841498708604985712e-02 2.485474443951221808e-03
0.000000000000000000e+00 1.117243355909501492e-03 4.445352198794184223e-02 9.414919218531142553e-02 1.978837789056733520e-01 1.045496076595506391e-01 3.391847500352185296e-02 6.749019523598456024e-04
0.000000000000000000e+00 3.269557901524119958e-01 1.303028742884359437e+00 2.262756475528786115e+00 3.555666841089070829e+00 3.556338561752608207e+00 1.406014778939336729e+01 7.118950277581386453e-03
0.000000000000000000e+00 1.313156514981368428e-01 1.355811286393613146e+00 2.503187750950927271e+00 3.763294557645771921e+00 3.014138203010713557e+00 1.278946272091268810e+01 1.512430869400459288e-01
0.000000000000000000e+00 1.313555262970309556e-01 1.479034855752829225e+00 1.072930490545202620e+00 6.854556297077837312e-01 7.633135521022930137e-01 8.387224403497720027e-02 4.180730322819351669e-03
0.000000000000000000e+00 1.530733257036518691e-01 3.351396164434696234e-01 2.041012684815929901e-01 1.515744960195513080e-01 1.780425326343074155e-01 1.404985407556310836e-02 6.652409464710820576e-04
0.000000000000000000e+00 1.141823646555060285e-03 1.231645461951578514e-03 5.108709882722789475e-02 1.793148702538980011e-01 2.188996807806046010e-02 5.988085086530936692e-03 8.056469898885567889e-04
0.000000000000000000e+00 1.313355325198448942e-01 1.943559171991381673e-01 2.934125603425437046e-01 1.982360627714340184e-01 2.509357775886284728e-03 4.112071770395255010e-02 4.854682611133106823e-04
0.000000000000000000e+00 1.530534446819437899e-01 1.215049440573777284e+00 1.752672519693439179e+00 2.906206228540308967e+00 4.775426772826962818e+00 1.206360278509535533e+01 8.381297186237195163e-03
0.000000000000000000e+00 1.313355325198448942e-01 2.094273645751145718e+00 1.685555498766646565e+00 6.389582618394561431e-01 9.015514133169972855e-01 2.122902115181562799e+00 6.946963213729455584e-03
0.000000000000000000e+00 1.095778583143278001e-01 2.116541088406703963e+00 1.589361174917942376e+00 2.184664344520560686e+00 4.775426772826962818e+00 6.404791131676606852e+00 9.476843748889711080e-03
0.000000000000000000e+00 1.313355325198448942e-01 2.999427689440914979e-01 8.126413808549944884e-01 1.767715793955408066e-01 3.775793131347321974e-01 5.827272886773705168e-02 1.450475582768612996e-03
0.000000000000000000e+00 1.117243355909501492e-03 2.269206682844730760e-02 1.149453941801832912e-01 1.623620730406215296e-01 7.461060296614951959e-02 2.400420661914149170e-02 6.691313390952278095e-04
0.000000000000000000e+00 1.117243355909501492e-03 1.231645461951578514e-03 4.452590174148950142e-02 9.225449688873538223e-02 9.234547126438491516e-02 2.305771365939282558e-02 7.861209959468121785e-04
0.000000000000000000e+00 1.313355325198448942e-01 3.351383861924080443e-01 7.436909584824289432e-01 3.397417284669204118e-01 3.490793833572766736e-01 2.935184529034919332e-01 1.871330391066983742e-03
0.000000000000000000e+00 1.748111188874609256e-01 1.443802784768880576e+00 3.492681209405619214e+00 2.413633747870660429e+00 3.420050997467167342e+00 1.133754419787645595e+01 8.413953617393870460e-03
0.000000000000000000e+00 1.117243355909501492e-03 1.313810327474904116e-01 1.996591248019482512e-01 1.764800053967334192e-01 4.962792434235876321e-02 1.614518543889091259e-02 5.560322973924163893e-04
0.000000000000000000e+00 1.313355325198448942e-01 2.072004639658256320e+00 1.685554503022004491e+00 2.184653723735491937e+00 1.582563618230383051e+00 4.558605733027088824e+00 8.512998208734023908e-03
0.000000000000000000e+00 1.313355325198448942e-01 3.351577455517642523e-01 1.452291160143618642e-01 1.515994335950044403e-01 9.391660841771176660e-02 2.077357541189405257e-02 4.987114118020724660e-04
0.000000000000000000e+00 1.095977393360358793e-01 2.116565543932513282e+00 1.733652660690997660e+00 6.389496546072747085e-01 9.019194951809643701e-01 1.914096839676834749e+00 6.946006760321015577e-03
0.000000000000000000e+00 1.313355325198448942e-01 1.767581085749806435e-01 1.349558779530897756e-01 2.023226264362891491e-01 1.422303430261109003e-01 4.525816377014475517e-04 4.948479650267277727e-04
0.000000000000000000e+00 1.313355325198448942e-01 1.767581085749806435e-01 1.345645482309101582e-01 1.321561993039104266e-01 1.515667293424805273e-01 4.135158288426505333e-04 4.514635923462022912e-04
0.000000000000000000e+00 1.748111188874609256e-01 2.049738740547491389e+00 1.685555498766646565e+00 2.104481056698778385e+00 3.962876611165031537e+00 7.849140983874648647e+00 9.464516747058665871e-03
0.000000000000000000e+00 1.748111188874609256e-01 2.049738740547491389e+00 1.685555498766646565e+00 2.104352583553996681e+00 3.962666815240939222e+00 7.849140983874648647e+00 9.464516747058665871e-03
0.000000000000000000e+00 1.109516344769517771e+00 1.047693623314831290e+00 1.781747811996113207e+00 3.970741568904945673e+00 1.492743283057933645e+01 8.136790617732803099e+00 7.296420559679401840e-01
0.000000000000000000e+00 1.117243355909501492e-03 1.231645461951578514e-03 1.352023510538728204e-03 4.836791571721257149e-02 5.157318329268230014e-03 4.361447893424793415e-03 9.811302652094316522e-04
0.000000000000000000e+00 8.785994615222685045e-02 2.094270512265065332e+00 1.733650650071762112e+00 7.011864019565523520e-01 1.062256478168572382e+00 2.019192276054876611e+00 6.947855661682529257e-03
0.000000000000000000e+00 1.313355325198448942e-01 1.767581085749806435e-01 2.934899408918704711e-01 1.795644766370219914e-01 2.507021420663599776e-03 3.095507321823347605e-02 4.954104117646626788e-04
0.000000000000000000e+00 1.530733257036518691e-01 1.461399368389626696e+00 3.617320609252882679e+00 2.517404997716004900e+00 3.284880099330719894e+00 9.522694338568827632e+00 8.460565119266811457e-03
0.000000000000000000e+00 3.486935833362209691e-01 1.276639864012981462e+00 3.305722109634724237e+00 1.462964333747844847e+00 4.640537985856052039e+00 1.551206740772201087e+01 1.297722214727997647e-01
0.000000000000000000e+00 1.313355325198448942e-01 1.943559171991381673e-01 2.935000386931746474e-01 1.982203091810910145e-01 2.509357775886284728e-03 3.095624011199411482e-02 4.849351625306537895e-04
0.000000000000000000e+00 1.092801686515678522e-03 2.183340190616375853e+00 1.685553488147408796e+00 2.104373759453464388e+00 1.686735279559613998e+00 8.751301116977471262e-01 7.128223081392958717e-03
0.000000000000000000e+00 1.095977393360358793e-01 3.050485717888203663e+00 2.183995049839882796e+00 3.140263003882072912e+00 1.659031757867296397e+00 4.061428662434011905e+00 9.243688593854996333e-03
0.000000000000000000e+00 1.313156514981368428e-01 1.426221880249604279e+00 2.904880884394710483e-01 1.497351402973507162e-01 3.559755285347360187e-02 8.843651280133887904e-02 1.862283422435558489e-03
0.000000000000000000e+00 1.261680897056176809e+00 1.483255093768491628e+00 2.370952147569481472e+00 2.724854654336852366e+00 1.746781085694130908e+01 6.987280702550842548e+00 1.024303973613838875e-01
0.000000000000000000e+00 1.117243355909501492e-03 1.231645461951578514e-03 8.800148810910550512e-02 6.990380778000199191e-02 7.042938016474495355e-02 2.300691734844215186e-02 7.861209959468121785e-04
0.000000000000000000e+00 3.487134643579290483e-01 1.190414861271189340e+00 2.455093164063538058e+00 3.970560969523512007e+00 5.685418964409858944e+00 1.424238779038910607e+01 2.534342050620256859e-01
0.000000000000000000e+00 1.117243355909501492e-03 2.269206682844730760e-02 1.052046702888410293e-03 1.791281115325692452e-01 4.784204299490556721e-03 5.178750441857637478e-03 9.921042852274637724e-04
0.000000000000000000e+00 1.313355325198448942e-01 1.461398138138565672e+00 1.109388867116717359e+00 7.336312888169028712e-01 2.023278697704579687e-01 2.883001025918037301e-03 3.237299700139026522e-03
0.000000000000000000e+00 1.117243355909501492e-03 2.227878202802155982e+00 1.637458336842295692e+00 2.184267238914900933e+00 1.271465318007573453e+00 1.416977234968248123e+00 6.951853869793588742e-03
0.000000000000000000e+00 1.117243355909501492e-03 1.202271164499381763e-03 2.278810855768046914e-02 7.021991739858061965e-02 7.048932037615041057e-02 2.700916311559599034e-02 9.905564216189379715e-04
0.000000000000000000e+00 1.530733257036518691e-01 1.461399368389626696e+00 3.555000909329252501e+00 2.413616176036930128e+00 3.284944507841831562e+00 9.341064679513660707e+00 8.476298825357331257e-03
0.000000000000000000e+00 1.530733257036518691e-01 1.461399368389626696e+00 1.218982316318839132e+00 8.883267328411895702e-01 1.222422090181922272e+00 4.045193810584754024e-01 5.435129339359956284e-03
0.000000000000000000e+00 1.141823646555060285e-03 1.531188259312973865e-01 1.645283680081515987e-01 1.766720704534491537e-01 3.658563279008220700e-03 1.517006322701589839e-02 6.777254339432608890e-04
0.000000000000000000e+00 2.182867052550769016e-01 2.879542647391029941e+00 2.308633461407097798e+00 2.621047964644691586e+00 3.014072310169795266e+00 4.960107359951134498e+00 9.220415930627898562e-03
0.000000000000000000e+00 1.117243355909501492e-03 6.616765319606536522e-02 6.960850442923566077e-03 9.218609159633826822e-02 1.270808028481835439e-01 2.289708724757446093e-02 8.105618565438209040e-04
0.000000000000000000e+00 1.348651950813118949e+00 1.397769025440035673e+00 4.011698562266482249e+00 4.640118798256472665e+00 1.800722913496250044e+01 8.172279745329680267e+00 3.213105084374851678e-02
0.000000000000000000e+00 1.313355325198448942e-01 2.094273645751145718e+00 1.685555498766646565e+00 6.389582618394561431e-01 9.817132343509583636e-01 2.122950669502755350e+00 6.947855661682529257e-03
0.000000000000000000e+00 1.313156514981368428e-01 2.964995440910015212e+00 2.370952147569481472e+00 1.582981067723062241e+00 3.013757253469063535e+00 5.057247764420673697e+00 9.239209978636666459e-03
0.000000000000000000e+00 2.262668557909372838e-02 2.271732939675506768e-02 9.328100422312696205e-02 1.978837789056733520e-01 1.044767028653636465e-01 3.409664325078709535e-02 6.749019523598456024e-04
0.000000000000000000e+00 1.095977393360358793e-01 2.094272082313814565e+00 1.637457341097650954e+00 2.184535580487425577e+00 4.098185287178042202e+00 8.977798831400873425e+00 9.200114705128662612e-03
0.000000000000000000e+00 1.313555262970309556e-01 1.391006903641930581e+00 3.430443896605790410e-01 2.922222697863711693e-01 4.103636140460467652e-01 9.841285588838323550e-02 2.479707902257997313e-03
0.000000000000000000e+00 1.530733257036518691e-01 1.461399368389626696e+00 1.255462737221823000e+00 8.883202159411304200e-01 9.816683228330793654e-01 4.045196074440455813e-01 5.297015084197204300e-03
0.000000000000000000e+00 1.313355325198448942e-01 1.391006903641930581e+00 7.522619169795147220e-01 4.105414239874878302e-01 2.044705678757175460e-01 9.841546797851101480e-02 2.486866373680792809e-03
0.000000000000000000e+00 1.092801686515678522e-03 1.173181201448080142e-03 7.200669471728475546e-02 1.140333241440870116e-01 2.703126161902197344e-02 6.983213392770882058e-03 9.680665863708229476e-04
0.000000000000000000e+00 1.117243355909501492e-03 1.313810327474904116e-01 1.997112958589950804e-01 1.766018011993652770e-01 8.523914541603359873e-02 4.418833772885808787e-03 5.575093902122166831e-04
0.000000000000000000e+00 1.313355325198448942e-01 3.527361948165672056e-01 5.095872047251435166e-01 1.511640124456808676e-01 2.950168544193717546e-01 1.016077767135589857e-03 1.123541532401005913e-03
0.000000000000000000e+00 1.530733257036518691e-01 1.391027526815364679e+00 5.242993696888879063e-01 4.469766867255985932e-01 1.550452099381101900e-01 2.427037572061770676e-01 2.421367712683436361e-03
0.000000000000000000e+00 2.264656660080180059e-02 1.096447978338820767e-01 3.404937648522650129e-01 1.439665879072252186e-01 3.814909846723060771e-02 1.624002798872719797e-02 4.345591423297504139e-04
0.000000000000000000e+00 1.747912378657528187e-01 2.049738740547491389e+00 1.589361174917942376e+00 2.184664344520560686e+00 4.639725510656636409e+00 6.404725428648237795e+00 9.243144938974285491e-03
0.000000000000000000e+00 1.313355325198448942e-01 3.703533628000825750e-01 4.977713185176924071e-01 2.974833210375726344e-01 2.727491188554907464e-01 1.331553642565569623e-03 1.443716711792695367e-03
0.000000000000000000e+00 1.117243355909501492e-03 1.314046947231758966e-01 1.822181312210332249e-01 1.766478245609178210e-01 4.990545090328291772e-02 1.227289825044397542e-02 5.552880298790033786e-04
0.000000000000000000e+00 8.785994615222685045e-02 3.021986282814610902e+00 2.370952147569481472e+00 2.413598308023844563e+00 2.878647806407608645e+00 4.598737680720543786e+00 9.234337918989888108e-03
0.000000000000000000e+00 1.141823646555060285e-03 2.269206682844730760e-02 1.379267367836215508e-01 2.149512713347434822e-01 4.439426264647566671e-03 7.538786916344401845e-04 1.841319794750973654e-02
0.000000000000000000e+00 1.313355325198448942e-01 1.426241429880353406e+00 5.357421080264637703e-02 2.505917307299896923e-01 1.496406183970300230e-01 1.475954375618570291e-01 1.863619120485625552e-03
0.000000000000000000e+00 1.313355325198448942e-01 1.767581085749806435e-01 1.345645482309101582e-01 1.439070679992390522e-01 1.422405835365303794e-01 9.740841664128826669e-03 4.519956279705294295e-04
0.000000000000000000e+00 1.092801686515678522e-03 4.445352198794184223e-02 9.328100422312696205e-02 1.979133250674728062e-01 1.045496076595506391e-01 1.976611355249322660e-02 6.739515972883603715e-04
0.000000000000000000e+00 1.141823646555060285e-03 4.442986001225633641e-02 9.383511965264218491e-02 2.155111336916319120e-01 3.963200364789877528e-02 5.259932690613750364e-03 6.691313390952278095e-04
0.000000000000000000e+00 1.965290310495598214e-01 2.027471277970093411e+00 1.685555498766646565e+00 2.024190762520039044e+00 3.827414605546253679e+00 8.210174616848268769e+00 9.227212906409791235e-03
0.000000000000000000e+00 1.117243355909501492e-03 2.116533172337706326e+00 9.501214049210194856e-01 1.573855947227864149e+00 1.142278196516797406e+00 5.659944335790941805e-01 5.311731215979912865e-03
0.000000000000000000e+00 3.269557901524119958e-01 1.215059356923494871e+00 2.455091885798016182e+00 3.970907937030097923e+00 5.685460496744321190e+00 1.424232913945021295e+01 1.297377847624213154e-01
0.000000000000000000e+00 1.313355325198448942e-01 4.055296206890430244e-01 6.897920892681639327e-01 4.065487467455901616e-01 7.060544649748945814e-03 2.982897954037046565e-02 1.409363824100154068e-03
0.000000000000000000e+00 1.313355325198448942e-01 1.478995946762724056e+00 1.145631937437940007e+00 7.336223107850081693e-01 1.142271268310939725e+00 4.044411032039006426e-01 5.431687977610382551e-03
0.000000000000000000e+00 1.313355325198448942e-01 3.351383861924080443e-01 2.274488548077844008e-01 1.235935338464967115e-01 1.272467850404710062e-02 1.061743823762016647e-02 4.959693645258473000e-04
0.000000000000000000e+00 1.313355325198448942e-01 1.461398138138565672e+00 1.109388867116717359e+00 7.335527916321369357e-01 2.024283318524534026e-01 2.883001025918037301e-03 3.237299700139026522e-03
0.000000000000000000e+00 3.269557901524119958e-01 1.250235317011883174e+00 3.492674921860729587e+00 3.659216370775115745e+00 5.851054056382850810e+00 1.387962017447655150e+01 1.101942392074715671e-01
0.000000000000000000e+00 3.269557901524119958e-01 1.250235317011883174e+00 3.492674921860729587e+00 3.659381356875168745e+00 5.851054056382850810e+00 1.387962017447655150e+01 1.101942392074715671e-01
0.000000000000000000e+00 1.747912378657528187e-01 2.049738740547491389e+00 1.589361174917942376e+00 2.184664344520560686e+00 4.639725510656636409e+00 6.404725428648237795e+00 9.243144938974285491e-03
0.000000000000000000e+00 1.313355325198448942e-01 1.461398138138565672e+00 1.145869288019701449e+00 7.335484419619757723e-01 2.024202394668472571e-01 6.520299517060494654e-02 3.240354685557363893e-03
0.000000000000000000e+00 3.486935833362209691e-01 1.737984815776384417e+00 9.501205774527694548e-01 3.066431565025219630e+00 5.182374175339502287e+00 1.514913661759125851e+01 1.297788350125088086e-01
0.000000000000000000e+00 8.785994615222685045e-02 2.964991431019002643e+00 2.308630343917826622e+00 3.140297851729402900e+00 2.878514421979537996e+00 4.599001573657813147e+00 9.223400984069556399e-03
0.000000000000000000e+00 3.486935833362209691e-01 9.235389702822686120e-01 2.695572397696690103e+00 1.703660880047472848e+00 4.911631238181209724e+00 1.496744037730846699e+01 7.104687404678781092e-03
0.000000000000000000e+00 1.348651950813118949e+00 1.369237516073673389e+00 4.011697258265535915e+00 4.640356985164897807e+00 1.819307695678434911e+01 8.172279745329680267e+00 3.212061187818054248e-02
0.000000000000000000e+00 1.313355325198448942e-01 3.351383861924080443e-01 4.861137889290439995e-01 1.914798339742874722e-01 4.331499008341731759e-03 7.977004312072554859e-04 1.810092754925007180e-02
0.000000000000000000e+00 1.313555262970309556e-01 3.351383861924080443e-01 4.743629202337160122e-01 1.914791395990238509e-01 2.157234785988810730e-02 7.977004312072554859e-04 8.597851185119392576e-04
0.000000000000000000e+00 1.095778583143278001e-01 2.116541088406703963e+00 1.589361174917942376e+00 2.184664344520560686e+00 4.775426772826962818e+00 6.404791131676606852e+00 9.476843748889711080e-03
0.000000000000000000e+00 1.748111188874609256e-01 3.175430328227240029e-01 4.859759631013109149e-01 1.780035669471142779e-01 7.329606873129589084e-02 1.804079422989414774e-02 8.426116714840047386e-04
0.000000000000000000e+00 1.313355325198448942e-01 1.426202520890248238e+00 1.203812290813160851e-01 5.202081229253244787e-01 9.139154581133200617e-03 7.463781154245584248e-02 3.830197170172584126e-02
0.000000000000000000e+00 1.748111188874609256e-01 1.426204976144722192e+00 3.492679673827613129e+00 2.517457713576425338e+00 3.420050997467167342e+00 1.133754419787645595e+01 1.761986398793195241e-01
0.000000000000000000e+00 1.530733257036518691e-01 1.461399368389626696e+00 1.568757239964438666e-01 3.776702126345908850e-01 2.281417774737184156e-01 5.216382428462248977e-02 1.873784425595417281e-03
0.000000000000000000e+00 1.313555262970309556e-01 1.391045812632035972e+00 3.206188879666974634e-01 3.777156205253318633e-01 4.103588943527247124e-01 2.314902030460676274e-03 2.479707902257997313e-03
0.000000000000000000e+00 1.313355325198448942e-01 1.767581085749806435e-01 4.667074177539574098e-01 9.544113682554532241e-02 1.244830888793898582e-01 1.403587781694793334e-02 6.638906737422375524e-04
0.000000000000000000e+00 1.313355325198448942e-01 3.703729124308317577e-01 5.095954325976898014e-01 5.714264946474601620e-02 3.021334098125152620e-02 7.956387760505678709e-04 8.564672110154137718e-04
0.000000000000000000e+00 1.457321035710454016e+00 2.081179624400166350e+00 2.809285187618787205e+00 3.963143022460833720e+00 1.238599593028859225e+01 4.823457684900702702e+00 1.161054533021820712e+00
0.000000000000000000e+00 1.141823646555060285e-03 2.273962205937232403e-02 2.266783235354086906e-02 4.819402019544914706e-02 5.056498165186343319e-03 4.429974008595193719e-03 9.842986910796175642e-04
0.000000000000000000e+00 1.313355325198448942e-01 1.478995946762724056e+00 1.072800641564837010e+00 7.335527916321369357e-01 1.543101704207639591e+00 1.640337490649596275e-01 5.297015084197204300e-03
0.000000000000000000e+00 1.117243355909501492e-03 1.231645461951578514e-03 2.293927538096793631e-02 9.166526197006671928e-02 2.701819527453496947e-02 4.845783695429427274e-02 9.905564216189379715e-04
0.000000000000000000e+00 1.117243355909501492e-03 2.269206682844730760e-02 1.366831873639902939e-01 1.623654710127771239e-01 4.222479666232939813e-03 6.368376935841157417e-03 8.316619322892863844e-04
0.000000000000000000e+00 1.530733257036518691e-01 3.351396164434696234e-01 4.860854673344879306e-01 7.057256506217439440e-02 3.023505565904736209e-02 1.405071034633329982e-02 6.665720347872324892e-04
0.000000000000000000e+00 1.117243355909501492e-03 1.231645461951578514e-03 2.278810855768046914e-02 6.989097137373687096e-02 9.215404127232054710e-02 6.717389045251970399e-03 9.665598904558357759e-04
0.000000000000000000e+00 1.313355325198448942e-01 1.426202520890248238e+00 2.232156295314431382e+00 8.880533771738667870e-01 9.816873053232915147e-01 1.086088152571882265e-01 1.091116440980809121e-01
0.000000000000000000e+00 1.117243355909501492e-03 2.227878202802155982e+00 3.017111501680714181e+00 9.820539487816059010e-01 6.471886266260582499e-01 2.127164475101339658e-01 5.450646458747024706e-03
0.000000000000000000e+00 1.313355325198448942e-01 1.943559171991381673e-01 1.349661804850415536e-01 1.788624647196667139e-01 3.033293094828045863e-02 4.104717598912891959e-04 4.470942300138404791e-04
0.000000000000000000e+00 1.348651950813118949e+00 1.369237516073673389e+00 3.931535437231574726e+00 4.368982956041678634e+00 1.873826836814456698e+01 6.051545669815391548e+00 2.180064472031301992e-01
0.000000000000000000e+00 8.784006513051878517e-02 2.138808524450845017e+00 1.541264012993591059e+00 2.184545833209684762e+00 4.911575798682582317e+00 7.889145610336774084e+00 9.204901171089973494e-03
0.000000000000000000e+00 1.117243355909501492e-03 4.445352198794184223e-02 9.396026528883962003e-02 2.331089423157911289e-01 6.124554264845549767e-02 1.944437007389185693e-02 6.729966626633273469e-04
0.000000000000000000e+00 1.313355325198448942e-01 3.351383861924080443e-01 4.272136226283665961e-01 1.912258539111559852e-01 2.456474897861846973e-01 1.013908450154288408e-03 1.092210750460560591e-03
0.000000000000000000e+00 1.261700778077885055e+00 1.511752519666296646e+00 2.183994061559834332e+00 2.828696354688385650e+00 1.783167816908256498e+01 6.987289629886486608e+00 2.283854663996026223e-03
0.000000000000000000e+00 1.261700778077885055e+00 1.511752519666296646e+00 2.308633461407097798e+00 2.828661344029017144e+00 1.764926446539312010e+01 6.863594362671671334e+00 5.232515103812126339e-02
0.000000000000000000e+00 1.141823646555060285e-03 4.442986001225633641e-02 9.421247091743947810e-02 2.709562850797035335e-02 1.274664993374837185e-01 5.814177204035625435e-03 8.093413027757922736e-04
0.000000000000000000e+00 1.095977393360358793e-01 2.907998588399183681e+00 1.300784634274005702e+00 2.184653723735491937e+00 4.504628401653368641e+00 4.237699771060028375e+00 9.234337918989888108e-03
0.000000000000000000e+00 1.313355325198448942e-01 1.373428454377128682e+00 6.950512492665138486e-01 8.228472639950173972e-02 1.187604316015539174e-01 1.678716703336709205e-03 1.868817940126668836e-03
0.000000000000000000e+00 8.785994615222685045e-02 2.116539518357955618e+00 1.637457341097650954e+00 2.184664344520560686e+00 3.691924208943148766e+00 8.751861585889454176e+00 9.218610483606044445e-03
0.000000000000000000e+00 3.486935833362209691e-01 1.737984815776384417e+00 9.501205774527694548e-01 3.066431565025219630e+00 5.182374175339502287e+00 1.514913661759125851e+01 1.297788350125088086e-01
0.000000000000000000e+00 1.174729724320942914e+00 1.625702123571998614e+00 2.183994061559834332e+00 2.932503044380546875e+00 1.510805879893246484e+01 8.857125074079759131e+00 2.772733325406348450e-03
0.000000000000000000e+00 1.313355325198448942e-01 3.351383861924080443e-01 2.156979861124557751e-01 1.422471701842651370e-01 4.318448045376466898e-02 2.078339384418538896e-02 4.987114118020724660e-04
0.000000000000000000e+00 1.313355325198448942e-01 1.391006903641930581e+00 2.095088752364802631e-01 4.346672763735973111e-01 3.739456258305184910e-01 2.264857318266313372e-03 2.473626040896404355e-03
0.000000000000000000e+00 1.313355325198448942e-01 1.767581085749806435e-01 1.343934588221095960e-01 1.439665879072252186e-01 1.608636482206301510e-01 1.061589951671572385e-02 4.937126243118333422e-04
0.000000000000000000e+00 1.095977393360358793e-01 2.116565543932513282e+00 1.733652660690997660e+00 6.389496546072747085e-01 9.019194951809643701e-01 1.915337290118429570e+00 6.946006760321015577e-03
0.000000000000000000e+00 1.141823646555060285e-03 4.442986001225633641e-02 9.346395854292936789e-02 2.331089423157911289e-01 1.189747685213144307e-01 1.975191890942778680e-02 6.603429327873410349e-04
0.000000000000000000e+00 1.313355325198448942e-01 2.999427689440914979e-01 8.126413808549944884e-01 1.940127218262789055e-01 3.491293014152377361e-01 5.827272886773705168e-02 2.994790148057350707e-02
0.000000000000000000e+00 1.092801686515678522e-03 2.183340190616375853e+00 1.685553488147408796e+00 2.104373759453464388e+00 1.686735279559613998e+00 8.751301116977471262e-01 7.128223081392958717e-03
0.000000000000000000e+00 1.117243355909501492e-03 1.313810327474904116e-01 1.996591248019482512e-01 1.764800053967334192e-01 4.962792434235876321e-02 1.614518543889091259e-02 5.560322973924163893e-04
0.000000000000000000e+00 1.141823646555060285e-03 1.173181201448080142e-03 2.853110834966669437e-02 9.228627794626143022e-02 5.316914646595876509e-03 4.335448412861678431e-03 9.858730357398864854e-04
0.000000000000000000e+00 1.117243355909501492e-03 2.205609196709266584e+00 1.685554503022004491e+00 2.104491902701534745e+00 1.271487069911575007e+00 1.009895116448719099e+00 6.949447663958261724e-03
0.000000000000000000e+00 1.141823646555060285e-03 2.269206682844730760e-02 9.351179198370659917e-02 4.871944851074760940e-02 1.448864271111923452e-01 6.195443213219836015e-03 8.304138438961182478e-04
0.000000000000000000e+00 2.182867052550769016e-01 2.005203808722672232e+00 1.685555498766646565e+00 1.703543478384201615e+00 2.205831278347433422e+00 1.055699352583553896e+01 9.218610483606044445e-03
0.000000000000000000e+00 1.747912378657528187e-01 2.027469734454601547e+00 1.637457341097650954e+00 2.104502523486599497e+00 4.639752572648800921e+00 6.765830125156843344e+00 9.239319921725625689e-03
0.000000000000000000e+00 1.117243355909501492e-03 1.313810327474904116e-01 1.988415158144383743e-01 1.766503819544376352e-01 1.798344354357591865e-02 4.369642215846791800e-03 5.395896081832519562e-04
0.000000000000000000e+00 2.400046174171778790e-01 1.355817385056166557e+00 3.741956913703332166e+00 2.205984928639518561e+00 3.285183294613814642e+00 1.278946272091268810e+01 7.184244617588609813e-03
0.000000000000000000e+00 1.196467517504751887e+00 1.540211407497672269e+00 2.308631408462995971e+00 2.932667196331472326e+00 1.474561453845363879e+01 7.128378721475602475e+00 4.310046711965799353e-03
0.000000000000000000e+00 2.400244984388859582e-01 2.851015613331654208e+00 2.246313761483467619e+00 2.724872306746875861e+00 3.149562706772905951e+00 4.237830630726445058e+00 9.229069306737600065e-03
0.000000000000000000e+00 1.747912378657528187e-01 1.338215933023929161e+00 2.310800400024960677e+00 3.970782267845426095e+00 3.420848165149496634e+00 1.460381223988098576e+01 2.535079776716195332e-01
0.000000000000000000e+00 1.530534446819437899e-01 1.355812516644675059e+00 2.407041673951906269e+00 3.555695223446891262e+00 3.691893138983118661e+00 1.478607485559007984e+01 6.094551848058890609e-03
0.000000000000000000e+00 1.095778583143278001e-01 3.021988291990400199e+00 2.246313761483467619e+00 3.140263003882072912e+00 1.523541361264185712e+00 3.563327592857603587e+00 9.251477682917287962e-03
0.000000000000000000e+00 8.785994615222685045e-02 2.138808524450845017e+00 1.685555498766646565e+00 2.024062076226976092e+00 4.504866588561787566e+00 2.898196398032302668e+00 1.898351469543861636e-01
0.000000000000000000e+00 2.182867052550769016e-01 2.851013655200286490e+00 1.997033948027689743e+00 3.451932668105171409e+00 1.746831635370058322e+01 7.729511139645496520e+00 4.384339240494753570e-02
0.000000000000000000e+00 1.313555262970309556e-01 1.443800329514406400e+00 1.182198234330570807e+00 6.856080056755083918e-01 7.633056311651393866e-01 8.395128404695274826e-02 4.078831028969610341e-03
0.000000000000000000e+00 1.141823646555060285e-03 1.202271164499381763e-03 2.283753839064145072e-02 1.134030551538757481e-01 4.662185867581415677e-03 5.037433899353169209e-03 9.635270234042374706e-04
0.000000000000000000e+00 1.117243355909501492e-03 2.138802178430595724e+00 1.799368696953353997e+00 4.518154777084417151e-01 1.382583255972167580e+00 4.803097086025586923e-03 5.300329114319803081e-03
0.000000000000000000e+00 1.117243355909501492e-03 2.227878202802155982e+00 3.017111501680714181e+00 9.821801473794855575e-01 5.443564345053770737e-01 1.089107594353018460e-01 5.448259632766727471e-03
0.000000000000000000e+00 1.117243355909501492e-03 2.227878202802155982e+00 3.017111501680714181e+00 9.820539487816059010e-01 6.481631241975375213e-01 1.089097578179734765e-01 5.449477450124300994e-03
0.000000000000000000e+00 1.313355325198448942e-01 3.021990292705623471e+00 2.121675349916249509e+00 1.222440017550754821e+00 1.686208992466136092e+00 4.558674727137402627e+00 8.511866517073007551e-03
0.000000000000000000e+00 1.313355325198448942e-01 1.408604712266089853e+00 2.328321291404509275e+00 7.634059449168777434e-01 9.817003817151732648e-01 1.086093254753492943e-01 1.091101486328020509e-01
0.000000000000000000e+00 1.313555262970309556e-01 1.767581085749806435e-01 3.079100957508483782e-01 1.702383316752333620e-01 2.524242011640389066e-03 2.079059562627504423e-02 4.948479650267277727e-04
0.000000000000000000e+00 1.313355325198448942e-01 4.407252379373613471e-01 5.557463822755824845e-01 2.802442035605518522e-01 7.240261679646248227e-02 4.557492282216935725e-02 1.123541532401005913e-03
0.000000000000000000e+00 1.117243355909501492e-03 2.227878202802155982e+00 1.637458336842295692e+00 2.184267238914900933e+00 1.375272007699734012e+00 1.281544253269016664e+00 6.951853869793588742e-03
0.000000000000000000e+00 1.313555262970309556e-01 1.391006903641930581e+00 7.516672746853005904e-01 4.470817122185331560e-01 6.373402816533141335e-01 2.882679019215557935e-03 3.155745279944628841e-03
0.000000000000000000e+00 1.313355325198448942e-01 1.767581085749806435e-01 1.350438559974722896e-01 1.791199071528574160e-01 6.760958803871520983e-02 4.206086585797017821e-04 9.776082019197860490e-03
0.000000000000000000e+00 1.530733257036518691e-01 1.461399368389626696e+00 1.218982316318839132e+00 8.883267328411895702e-01 1.543069374317759701e+00 4.200302683754600364e-01 5.439936767026344600e-03
0.000000000000000000e+00 1.313355325198448942e-01 1.461398138138565672e+00 2.280311849775067845e+00 7.633893619041358658e-01 9.816740048977995459e-01 5.211474870212869440e-03 1.091116440980809121e-01
0.000000000000000000e+00 1.141823646555060285e-03 1.173181201448080142e-03 1.148126134378152641e-01 6.990799431405909925e-02 2.703126161902197344e-02 6.668296303787947694e-03 9.680665863708229476e-04
0.000000000000000000e+00 1.095778583143278001e-01 1.848674421504589827e+00 1.109281062467820878e+00 6.855297039169283568e-01 8.257256448405111415e-01 4.044411019904720073e-01 4.190211816956475668e-03
0.000000000000000000e+00 1.313355325198448942e-01 3.351383861924080443e-01 4.977551768742122240e-01 1.377310821342036251e-01 5.599586804702532533e-02 1.803884286194538597e-02 8.395110629623448980e-04
0.000000000000000000e+00 1.313355325198448942e-01 1.461398138138565672e+00 1.255440448882312543e+00 6.374184799957985925e-01 3.270513752770636273e-01 1.275848580036252067e-01 4.175512634847344112e-03
0.000000000000000000e+00 1.087778551585708575e+00 1.069961379577646143e+00 1.733650650071762112e+00 4.074562114427802584e+00 1.492770796055485327e+01 7.128378721475602475e+00 7.296814787948245895e-01
0.000000000000000000e+00 1.530534446819437899e-01 2.072006196469615702e+00 1.637458336842295692e+00 2.104491902701534745e+00 1.270841438005803736e+00 2.365352231492606094e+00 1.745324879886724634e-01
0.000000000000000000e+00 1.141823646555060285e-03 1.231645461951578514e-03 2.859312725974174491e-02 2.002812564138624074e-01 5.265301568500432502e-03 4.533540239489915712e-03 1.017961747676218200e-03
0.000000000000000000e+00 2.264656660080180059e-02 1.096685021319891290e-01 1.821657602983677848e-01 1.765992574861262043e-01 1.087193443912330831e-01 1.610279144062353590e-02 5.453670329259022913e-04
0.000000000000000000e+00 1.313355325198448942e-01 1.408604712266089853e+00 1.203677990024785566e-01 4.631662339505370762e-01 4.562606953292386996e-02 7.467257804028012980e-02 1.819030050524289089e-03
0.000000000000000000e+00 1.313355325198448942e-01 2.027491125618845480e+00 1.877941101883398911e+00 1.944018017787962904e+00 1.686713828680226568e+00 4.391911571824048011e+00 8.514043539148303044e-03
0.000000000000000000e+00 1.313355325198448942e-01 1.943559171991381673e-01 1.201537887850891162e-01 1.319569649347918372e-01 1.328962922735274499e-01 4.127753199847453971e-04 4.394079083274492290e-04
0.000000000000000000e+00 1.095977393360358793e-01 2.116565543932513282e+00 1.637458336842295692e+00 2.104491902701534745e+00 1.167680380219414449e+00 2.365294088858334032e+00 8.519786423295084427e-03
0.000000000000000000e+00 1.174749605342650938e+00 1.597204697674193596e+00 2.370952147569481472e+00 2.932139742751210587e+00 1.492647201486256670e+01 7.848732341038613392e+00 3.408249777131578187e-03
0.000000000000000000e+00 1.117243355909501492e-03 4.445352198794184223e-02 9.446697076276062977e-02 2.154815875298324857e-01 2.191559587867956266e-02 3.386950269415284903e-02 6.701044868189802352e-04
0.000000000000000000e+00 1.313355325198448942e-01 3.351383861924080443e-01 4.861137889290439995e-01 5.714019573416843217e-02 4.366571152677307249e-02 1.405028485680530174e-02 6.659088948801091369e-04
0.000000000000000000e+00 1.117243355909501492e-03 1.231645461951578514e-03 2.271572880413281342e-02 2.003907455741526789e-01 5.265301568500432502e-03 1.840938708515034786e-02 8.056469898885567889e-04
0.000000000000000000e+00 1.117243355909501492e-03 6.616765319606536522e-02 6.960850442923566077e-03 9.218609159633826822e-02 1.270808028481835439e-01 2.289708724757446093e-02 8.105618565438209040e-04
0.000000000000000000e+00 1.117243355909501492e-03 1.202271164499381763e-03 2.846926469679691291e-02 2.010116285770174593e-01 7.462409385231213999e-02 5.503332365968154755e-03 8.093413027757922736e-04
0.000000000000000000e+00 1.095977393360358793e-01 2.116541088406703963e+00 1.750004579202976807e+00 4.515905386086636053e-01 1.382675047378771893e+00 1.085069416564993783e-01 5.306403372640967897e-03
0.000000000000000000e+00 1.313355325198448942e-01 1.461398138138565672e+00 1.291920869785296411e+00 8.882191541010738822e-01 1.142249047100761139e+00 3.242791024687289858e-01 5.433432197566538842e-03
0.000000000000000000e+00 1.313156514981368428e-01 1.355811286393613146e+00 2.503187750950927271e+00 3.970907937030097923e+00 3.013866507363491820e+00 1.297109347526026646e+01 7.165693936571593606e-03
0.000000000000000000e+00 1.530534446819437899e-01 2.072030737088035313e+00 1.637458336842295692e+00 2.104491902701534745e+00 1.270841438005803736e+00 2.365352231492606094e+00 8.519917370676857379e-03
0.000000000000000000e+00 3.269557901524119958e-01 1.303028742884359437e+00 2.262756475528786115e+00 3.555666841089070829e+00 3.556338561752608207e+00 1.406014778939336729e+01 7.118950277581386453e-03
0.000000000000000000e+00 1.313355325198448942e-01 2.049735633565365589e+00 1.781747811996113207e+00 2.104481056698778385e+00 1.686208992466136092e+00 4.392662156519398842e+00 8.512998208734023908e-03
0.000000000000000000e+00 1.313355325198448942e-01 1.461398138138565672e+00 1.291920869785296411e+00 8.882191541010738822e-01 1.142249047100761139e+00 3.242791024687289858e-01 5.433432197566538842e-03
0.000000000000000000e+00 1.095778583143278001e-01 2.027465064035143705e+00 1.637454239256312505e+00 2.024242027423995616e+00 1.479204701109557929e+00 3.720080688159785876e+00 5.065562316642804319e-01
0.000000000000000000e+00 1.748111188874609256e-01 3.175430328227240029e-01 4.859759631013109149e-01 1.780035669471142779e-01 7.329606873129589084e-02 1.804079422989414774e-02 8.426116714840047386e-04
0.000000000000000000e+00 8.785994615222685045e-02 2.964991431019002643e+00 2.246310643994193335e+00 3.244121521972450850e+00 2.743024025376426867e+00 4.598936417019766409e+00 9.226285308542423250e-03
0.000000000000000000e+00 1.313355325198448942e-01 1.391006903641930581e+00 2.091958958546572822e-01 4.916621281692057366e-01 4.833822664234233013e-01 2.267676172983069862e-03 2.419961717746023193e-03
0.000000000000000000e+00 1.313355325198448942e-01 1.943559171991381673e-01 1.201537887850891162e-01 1.319569649347918372e-01 1.328646800639800840e-01 4.127753199847453971e-04 4.503900519200593460e-04
0.000000000000000000e+00 1.530534446819437899e-01 1.461399368389626696e+00 1.255462737221823000e+00 5.893943635030171047e-01 2.647316753534302292e-01 1.275846595273946171e-01 3.244736025380725968e-03
0.000000000000000000e+00 1.092801686515678522e-03 1.173181201448080142e-03 7.200669471728475546e-02 1.140333241440870116e-01 2.703126161902197344e-02 6.983213392770882058e-03 9.680665863708229476e-04
0.000000000000000000e+00 1.313355325198448942e-01 3.351383861924080443e-01 2.156979861124557751e-01 1.422471701842651370e-01 4.320167672885994598e-02 3.094787143614429609e-02 4.992492159749652375e-04
0.000000000000000000e+00 1.747912378657528187e-01 3.351408414468831642e-01 4.508410891210489768e-01 1.914565290319320268e-01 2.157234785988810730e-02 1.802195293406910759e-02 1.810174139312796179e-02
0.000000000000000000e+00 1.313355325198448942e-01 1.767581085749806435e-01 1.349558779530897756e-01 2.023027255480088493e-01 1.422303430261109003e-01 1.061705922965987953e-02 4.954104117646626788e-04
0.000000000000000000e+00 1.092801686515678522e-03 1.313810327474904116e-01 1.821134872348376121e-01 1.622276697019412739e-01 8.513642535398030509e-02 2.790424405845168959e-02 5.575093902122166831e-04
0.000000000000000000e+00 1.313355325198448942e-01 1.443839238504511790e+00 1.203158339713785580e-01 5.202075839397519719e-01 9.136794684644539144e-03 1.111188300472596424e-01 1.824015014961361154e-03
0.000000000000000000e+00 1.117243355909501492e-03 2.227878202802155982e+00 3.017111501680714181e+00 9.820539487816059010e-01 6.481631241975375213e-01 1.089097578179734765e-01 5.449477450124300994e-03
0.000000000000000000e+00 1.117243355909501492e-03 1.231645461951578514e-03 2.278810855768046914e-02 1.134030551538757481e-01 5.284810475140020239e-03 4.862426360914372248e-02 9.905564216189379715e-04
0.000000000000000000e+00 1.747912378657528187e-01 1.338215933023929161e+00 2.310800400024960677e+00 3.970782267845426095e+00 3.420848165149496634e+00 1.460381223988098576e+01 2.535079776716195332e-01
0.000000000000000000e+00 1.313355325198448942e-01 1.303017860521137328e+00 3.872822125863317755e-01 4.061676385323957916e-01 3.374004609291490486e-01 2.265463265237716451e-03 2.414145427903672918e-03
0.000000000000000000e+00 1.530733257036518691e-01 1.391008133892992493e+00 3.804273421478890249e+00 2.206002796652604125e+00 3.827176433639524866e+00 1.260816268512951588e+01 2.952896596537002427e-01
0.000000000000000000e+00 2.264656660080180059e-02 2.094290046162008867e+00 1.974133300720213757e+00 2.024179838821920097e+00 1.686692076776225235e+00 2.365080409076359302e+00 8.519335341829997743e-03
0.000000000000000000e+00 1.313355325198448942e-01 1.320654578135401103e+00 8.948798509484835462e-01 4.104789594421363597e-01 2.046220977280117093e-01 1.946102518554473915e-01 3.227498264559354978e-03
0.000000000000000000e+00 1.530534446819437899e-01 1.215049440573777284e+00 1.752672519693439179e+00 2.986368049574267047e+00 4.775399012170269408e+00 1.206366827103057027e+01 7.190234108107875291e-03
0.000000000000000000e+00 8.785994615222685045e-02 2.116539518357955618e+00 1.637457341097650954e+00 2.184664344520560686e+00 3.691924208943148766e+00 8.751861585889454176e+00 9.218610483606044445e-03
0.000000000000000000e+00 1.530733257036518691e-01 1.391008133892992493e+00 5.242993696888879063e-01 4.470369735078076889e-01 1.550452099381101900e-01 2.427037572061770676e-01 2.421367712683436361e-03
0.000000000000000000e+00 2.264656660080180059e-02 2.161072780873597665e+00 9.136433800154556417e-01 1.449204032153875499e+00 1.142278196516797406e+00 4.621877438869336774e-01 1.091171594570494868e-01
0.000000000000000000e+00 1.965489120712678728e-01 1.408608387264728368e+00 3.679638773598508106e+00 2.413598308023844563e+00 3.419988737342487983e+00 1.115617758086566091e+01 8.624478248389081531e-03
0.000000000000000000e+00 1.117243355909501492e-03 4.445352198794184223e-02 9.446697076276062977e-02 2.154815875298324857e-01 2.200459036396144527e-02 3.413423760341913887e-02 6.701044868189802352e-04
0.000000000000000000e+00 1.530534446819437899e-01 1.461399368389626696e+00 3.555000909329252501e+00 2.413616176036930128e+00 3.285357768546393054e+00 9.341064679513660707e+00 1.762609850872829953e-01
0.000000000000000000e+00 1.141823646555060285e-03 1.173181201448080142e-03 1.368517984230976370e-01 2.502621064299254683e-01 3.245628791969571575e-02 4.665803970592462789e-03 6.710730969409653499e-04
0.000000000000000000e+00 1.313355325198448942e-01 3.879318120648839185e-01 4.977793639665736847e-01 1.940371864586162842e-01 2.727482027877598525e-01 2.330699620966641961e-02 1.124485455694669437e-03
0.000000000000000000e+00 1.141823646555060285e-03 1.231645461951578514e-03 2.269206682844730760e-02 2.630604511768623241e-02 2.641970990257260649e-02 4.736762303872356361e-03 9.827177627345802784e-04
0.000000000000000000e+00 1.313355325198448942e-01 1.767581085749806435e-01 1.343934588221095960e-01 1.439665879072252186e-01 1.608636482206301510e-01 1.061589951671572385e-02 4.937126243118333422e-04
0.000000000000000000e+00 2.264656660080180059e-02 1.096447978338820767e-01 1.997112958589950804e-01 1.189697625185272140e-01 1.203854547042507439e-01 1.619901730592193320e-02 5.439450666913707389e-04
0.000000000000000000e+00 1.117243355909501492e-03 1.202271164499381763e-03 9.418204007199502958e-02 9.219058944727161198e-02 1.099017684615504198e-01 2.388733293639095506e-02 8.105618565438209040e-04
0.000000000000000000e+00 2.266656037798784121e-02 1.096685021319891290e-01 1.818537338819900817e-01 1.765992574861262043e-01 1.204702130865617088e-01 4.359877386316471717e-03 5.453670329259022913e-04
0.000000000000000000e+00 1.313355325198448942e-01 1.408624071625446117e+00 7.236813968681288234e-01 4.105414239874878302e-01 2.043921771214797789e-01 9.841546797851101480e-02 2.486866373680792809e-03
0.000000000000000000e+00 1.141823646555060285e-03 1.202271164499381763e-03 2.283753839064145072e-02 9.159229049482137119e-02 5.280402090725940661e-03 4.917781632162891020e-03 9.620008808704849168e-04
0.000000000000000000e+00 1.313555262970309556e-01 1.443800329514406400e+00 1.145588750459193061e+00 6.374369649681984606e-01 8.256410017165979331e-01 8.387224403497720027e-02 4.077219701942432981e-03
0.000000000000000000e+00 1.748111188874609256e-01 2.049738740547491389e+00 1.637458336842295692e+00 2.024330081667573555e+00 1.271023996040091086e+00 2.636274882064549185e+00 8.519966260129531108e-03
0.000000000000000000e+00 1.530534446819437899e-01 1.443801559765468312e+00 1.109388867116717359e+00 8.298256126656047282e-01 1.142271268310939725e+00 3.242792821699394534e-01 4.193086392458950269e-03
0.000000000000000000e+00 1.530534446819437899e-01 1.461399368389626696e+00 1.255462737221823000e+00 5.893943635030171047e-01 2.647316753534302292e-01 1.275846595273946171e-01 3.244736025380725968e-03
0.000000000000000000e+00 1.313355325198448942e-01 1.338213477769454984e+00 3.651171378229346454e-01 3.207217652478418501e-01 4.468462492943180431e-01 2.313796793220935025e-03 2.476706155777818989e-03
0.000000000000000000e+00 1.313355325198448942e-01 2.094298143897515452e+00 1.733652660690997660e+00 1.944018017787962904e+00 1.686713828680226568e+00 2.499407476087280422e+00 8.519335341829997743e-03
0.000000000000000000e+00 2.264656660080180059e-02 2.161121585580267457e+00 9.501238009184396205e-01 1.511517215177449858e+00 1.061835825931756849e+00 5.660419480022735872e-01 1.091196350951090799e-01
0.000000000000000000e+00 1.095977393360358793e-01 2.907998588399183681e+00 1.300784634274005702e+00 2.184653723735491937e+00 4.504838197577461401e+00 4.237699771060028375e+00 9.234337918989888108e-03
0.000000000000000000e+00 1.313555262970309556e-01 1.391006903641930581e+00 7.521621502334920883e-01 4.459338127459193668e-01 6.371050129639665993e-01 2.882679019215557935e-03 3.155745279944628841e-03
0.000000000000000000e+00 1.117243355909501492e-03 4.442986001225633641e-02 9.328100422312696205e-02 1.801971927602707968e-01 3.903094347607717618e-02 2.195565409038841356e-02 8.153893233505828770e-04
0.000000000000000000e+00 1.313355325198448942e-01 3.703340034407263670e-01 2.157139632986517508e-01 1.329218514058470857e-01 4.320239823495904824e-02 2.078375380522572841e-02 4.992492159749652375e-04
0.000000000000000000e+00 3.486935833362209691e-01 1.190434151859289136e+00 2.455093164063538058e+00 3.970727423106780840e+00 5.519406393791856047e+00 1.442382727748319304e+01 2.534342050620256859e-01
0.000000000000000000e+00 2.400244984388859582e-01 2.851015613331654208e+00 2.246313761483467619e+00 2.724872306746875861e+00 3.149562706772905951e+00 4.237830630726445058e+00 9.229069306737600065e-03
0.000000000000000000e+00 1.530534446819437899e-01 1.215049440573777284e+00 1.752672519693439179e+00 2.986368049574267047e+00 4.775399012170269408e+00 1.206366827103057027e+01 7.190234108107875291e-03
0.000000000000000000e+00 1.530534446819437899e-01 1.215049440573777284e+00 1.752672519693439179e+00 2.906206228540308967e+00 4.775426772826962818e+00 1.206360278509535533e+01 8.381297186237195163e-03
0.000000000000000000e+00 1.117243355909501492e-03 2.205609196709266584e+00 1.733651664946355586e+00 5.143188619921922333e-01 1.382929759929834468e+00 3.853939746779837972e+00 8.519786423295084427e-03
0.000000000000000000e+00 1.095977393360358793e-01 1.960658045756474177e+00 1.096041419248760196e+00 1.511523732077509230e+00 3.139770345710604982e+00 6.218800433317388965e+00 9.241498274442986466e-03
0.000000000000000000e+00 1.313355325198448942e-01 3.703340034407263670e-01 5.095954325976898014e-01 7.057435287915160560e-02 2.284063473554457935e-01 2.328234999393316573e-02 1.119682226957328247e-03
0.000000000000000000e+00 1.313355325198448942e-01 3.879511714242400711e-01 4.978527747019894090e-01 2.974840410430474869e-01 1.168660877708353474e-01 1.037454944576900141e-03 2.336403930708909685e-02
0.000000000000000000e+00 1.095778583143278001e-01 2.027465064035143705e+00 1.685551401180663378e+00 2.024361269407520147e+00 1.479184450502290860e+00 3.584649154556367456e+00 6.725688022822839951e-01
0.000000000000000000e+00 1.313355325198448942e-01 1.373409095017772419e+00 8.089418871596805172e-01 1.549959480318442995e-01 5.409396164187775247e-01 1.464658070251932120e-01 2.489590172003145526e-03
0.000000000000000000e+00 8.784006513051878517e-02 3.050483708712415698e+00 3.129918530892930484e+00 2.413561682013282361e+00 2.743091516963580556e+00 3.729652064262276578e+00 1.898246814443165231e-01
0.000000000000000000e+00 1.117243355909501492e-03 1.231645461951578514e-03 2.271572880413281342e-02 2.003542278891077832e-01 5.265301568500432502e-03 1.840938708515034786e-02 8.056469898885567889e-04
0.000000000000000000e+00 1.313355325198448942e-01 3.703533628000825750e-01 4.860936952070336603e-01 1.243000096668864796e-01 2.284072923544099021e-01 1.036357212182316325e-03 1.093159700173284600e-03
0.000000000000000000e+00 1.313156514981368428e-01 3.527555541759234692e-01 4.038660363021751576e-01 2.182932424950246308e-01 2.284649081449977581e-01 4.555192063593445362e-02 1.094100528669144680e-03
0.000000000000000000e+00 1.313355325198448942e-01 3.351383861924080443e-01 7.436909584824289432e-01 3.619734539117366867e-01 3.491261819706414360e-01 2.935190960957672068e-01 1.872564731388887994e-03
0.000000000000000000e+00 1.117243355909501492e-03 2.205609196709266584e+00 1.733651664946355586e+00 5.143188619921922333e-01 1.382929759929834468e+00 3.853939746779837972e+00 8.519786423295084427e-03
0.000000000000000000e+00 1.530534446819437899e-01 2.072030737088035313e+00 1.637458336842295692e+00 2.104491902701534745e+00 1.270841438005803736e+00 2.365352231492606094e+00 8.519917370676857379e-03
0.000000000000000000e+00 1.117243355909501492e-03 4.445352198794184223e-02 9.446697076276062977e-02 1.978837789056733520e-01 1.045496076595506391e-01 1.976611355249322660e-02 6.739515972883603715e-04
0.000000000000000000e+00 1.095977393360358793e-01 2.907998588399183681e+00 1.300784634274005702e+00 2.184653723735491937e+00 4.369138005050258400e+00 4.237633524637264948e+00 9.236823322479187359e-03
0.000000000000000000e+00 2.264656660080180059e-02 2.094265762594927693e+00 1.974133300720213757e+00 1.944018017787962904e+00 1.686230021119166755e+00 2.365581154016050291e+00 8.519617637731947274e-03
0.000000000000000000e+00 1.117243355909501492e-03 2.273962205937232403e-02 2.278983988669744387e-02 1.575770770700889722e-01 5.666647365471611658e-02 6.317336349844174248e-03 7.873248922389301449e-04
0.000000000000000000e+00 1.095977393360358793e-01 2.094272082313814565e+00 1.685554503022004491e+00 2.184653723735491937e+00 3.962666815240939222e+00 8.977039335477337900e+00 9.200114705128662612e-03
0.000000000000000000e+00 1.348651950813118949e+00 2.044645921449345316e+00 3.450574020947431819e+00 3.691686022034724068e+00 1.837436028222936457e+01 8.142592739541141711e+00 2.012811723279687992e-01
0.000000000000000000e+00 1.261700778077885055e+00 1.511752519666296646e+00 2.308633461407097798e+00 2.828661344029017144e+00 1.764926446539312010e+01 6.863594362671671334e+00 5.232515103812126339e-02
0.000000000000000000e+00 1.313555262970309556e-01 1.355830645752969632e+00 3.428614252498561332e-01 4.062140429412538500e-01 4.104189669381889116e-01 9.841396291190988854e-02 2.421367712683436361e-03
0.000000000000000000e+00 1.313355325198448942e-01 1.461398138138565672e+00 1.145869288019701449e+00 7.335484419619757723e-01 2.024202394668472571e-01 6.520299517060494654e-02 3.240354685557363893e-03
0.000000000000000000e+00 1.313156514981368428e-01 1.355811286393613146e+00 2.503187750950927271e+00 3.763294557645771921e+00 3.014138203010713557e+00 1.278946272091268810e+01 1.512430869400459288e-01
0.000000000000000000e+00 1.530534446819437899e-01 1.391008133892992493e+00 3.804273421478890249e+00 1.686969348191791784e+00 3.827328251862688990e+00 1.133734282768118007e+01 8.432236112198336631e-03
0.000000000000000000e+00 1.313355325198448942e-01 3.351383861924080443e-01 2.274488548077844008e-01 1.419469834725121948e-01 2.561663300313374476e-03 1.061781345148065520e-02 4.965248145849210327e-04
0.000000000000000000e+00 1.117243355909501492e-03 1.231645461951578514e-03 2.301814249584126920e-02 4.870135242972118556e-02 2.700921990175519927e-02 5.296772691540023101e-03 9.842986910796175642e-04
