0.000000000000000000e+00 1.202271164499381763e-03 2.262668557909372838e-02 1.003472416420051047e-03 2.271732939675506768e-02 9.112629607553282985e-04 4.901259094019596620e-03 4.828093448438673663e-03 2.269517697136740758e-02 9.589292488307242209e-04
0.000000000000000000e+00 2.262668557909372838e-02 1.827002269512938870e+00 5.535083331756884384e+00 7.511515896578049301e+00 1.492635004417494926e+01 3.771051382997225421e+00 1.745510016407189724e+00 2.617952345538619330e+00 3.350111823022334438e-04
0.000000000000000000e+00 1.202271164499381763e-03 2.262668557909372838e-02 1.052046702888410293e-03 1.101566866205000092e-03 2.264781502182755188e-02 2.663905227782862456e-02 2.627810405730180571e-02 9.604682846302586190e-04 9.604682846302586190e-04
0.000000000000000000e+00 1.202271164499381763e-03 1.173181201448080142e-03 2.273962205937232403e-02 9.100218380185244810e-04 2.262791045507099585e-02 4.608955136262994461e-03 4.859635186549682295e-02 9.604682846302586190e-04 9.604682846302586190e-04
0.000000000000000000e+00 1.231645461951578514e-03 1.173181201448080142e-03 1.202271164499381763e-03 2.704857188498705281e-02 2.264781502182755188e-02 4.681916718763578546e-03 2.707755170288130356e-02 9.589292488307242209e-04 9.589292488307242209e-04
0.000000000000000000e+00 1.202271164499381763e-03 2.269206682844730760e-02 8.901172712619649869e-04 2.288983795136907695e-02 9.112629607553282985e-04 5.303324153501323517e-03 2.674882721420338352e-02 9.589292488307242209e-04 9.589292488307242209e-04
0.000000000000000000e+00 6.610227194671179640e-02 1.783530036888612447e+00 5.374759689688966446e+00 5.995686122755755854e+00 1.456352947398978515e+01 3.645632960791351795e+00 2.471691044809391613e+00 2.053971079267685074e+00 3.350111823022334438e-04
0.000000000000000000e+00 2.262668557909372838e-02 1.827002269512938870e+00 5.535083331756884384e+00 7.511515896578049301e+00 1.492635004417494926e+01 3.771051382997225421e+00 1.745510016407189724e+00 2.617952345538619330e+00 3.350111823022334438e-04
0.000000000000000000e+00 1.117243355909501492e-03 2.269206682844730760e-02 8.901172712619649869e-04 2.299371430765787330e-02 9.514588698914173319e-04 4.645422799061996004e-03 2.711395295632000255e-02 9.827177627345802784e-04 9.589292488307242209e-04
0.000000000000000000e+00 1.202271164499381763e-03 2.269206682844730760e-02 8.901172712619649869e-04 2.278983988669744387e-02 9.112629607553282985e-04 2.634674832007202067e-02 2.631452997241750039e-02 2.269826146843928819e-02 9.620008808704849168e-04
0.000000000000000000e+00 1.522534415261878049e+00 1.198264567479440101e+00 2.970091097363082966e+00 2.413252846007621244e+00 7.990166235264626771e+00 7.708117920064866624e+00 6.632800586022144174e+00 2.358755779135767838e+00 1.875540923536637115e-03
0.000000000000000000e+00 1.202271164499381763e-03 2.269206682844730760e-02 8.901172712619649869e-04 2.278983988669744387e-02 2.264905614456436123e-02 4.613194901707957582e-03 4.805232315622653266e-02 9.620008808704849168e-04 9.620008808704849168e-04
0.000000000000000000e+00 1.202271164499381763e-03 2.262668557909372838e-02 1.003472416420051047e-03 2.271732939675506768e-02 9.112629607553282985e-04 4.901259094019596620e-03 4.828093448438673663e-03 2.269517697136740758e-02 9.589292488307242209e-04
0.000000000000000000e+00 1.231645461951578514e-03 2.269206682844730760e-02 2.278983988669744387e-02 4.450884519776687753e-02 2.265151644450578289e-02 2.646898166900165522e-02 2.636343543641620629e-02 9.650466980226360056e-04 9.650466980226360056e-04
0.000000000000000000e+00 1.092801686515678522e-03 2.273962205937232403e-02 1.003472416420051047e-03 1.098156512811788305e-01 2.267407982998526084e-02 2.633096071233606561e-02 2.659129898037637663e-02 9.921042852274637724e-04 9.680665863708229476e-04
0.000000000000000000e+00 1.141823646555060285e-03 2.269206682844730760e-02 1.003472416420051047e-03 4.447905878403811408e-02 2.265028995635688311e-02 2.635518255311039559e-02 2.646898166900165522e-02 2.270132020721122093e-02 9.650466980226360056e-04
0.000000000000000000e+00 1.696436760732346061e+00 2.310999067046993094e+00 2.408994729341728203e+00 4.504553150931235983e+00 8.755712399163110504e+00 7.964789370564687054e+00 1.580561509244074569e+00 2.958777750416193619e+00 2.259801027957773333e-03
0.000000000000000000e+00 1.913814692570430243e+00 1.315219122636761551e+00 5.403302920164590795e+00 5.353058920279381461e+00 1.165882615038021974e+01 5.749696688915928888e+00 1.554491724626860583e+00 8.860728338390675418e-01 5.845644042305142779e-04
0.000000000000000000e+00 2.138776048671429564e+00 5.214673547660489739e+00 2.852400601325338236e+00 5.020024881535693595e+00 8.571818581077522481e+00 6.839038879466433407e+00 2.108729421695405559e+00 1.947453264859866362e+00 4.802504258204194436e-04
0.000000000000000000e+00 1.321493184992447766e-03 2.269206682844730760e-02 1.003472416420051047e-03 2.879496119215958772e-02 4.438684932837134306e-02 2.694066172089550071e-02 4.868288431700185798e-02 9.650466980226360056e-04 9.650466980226360056e-04
0.000000000000000000e+00 1.117243355909501492e-03 2.269206682844730760e-02 1.531203842014980665e-01 9.388880060416844586e-02 1.834617997484432050e-02 3.829336524066224903e-03 2.199201823807639053e-02 7.909046966150669973e-04 8.105618565438209040e-04
0.000000000000000000e+00 1.117243355909501492e-03 2.269206682844730760e-02 1.096685021319891290e-01 1.634969064247485115e-01 1.834804000698489132e-02 4.430172853913056166e-03 4.073591362636334694e-03 7.920872968706603456e-04 7.920872968706603456e-04
0.000000000000000000e+00 1.231645461951578514e-03 2.269206682844730760e-02 2.274126560022908181e-02 1.153951778094384779e-03 6.612464251218036493e-02 2.683528455992767459e-02 4.810122862022524204e-02 9.665598904558357759e-04 9.665598904558357759e-04
0.000000000000000000e+00 1.231645461951578514e-03 2.262668557909372838e-02 1.003472416420051047e-03 1.750543902380261585e-01 9.197453983090118825e-04 4.674277111138506503e-03 5.041110066742992765e-03 9.680665863708229476e-04 9.680665863708229476e-04
0.000000000000000000e+00 1.913814692570430243e+00 1.315219122636761551e+00 5.403302920164590795e+00 5.353058920279381461e+00 1.165882615038021974e+01 5.749696688915928888e+00 1.554491724626860583e+00 8.860728338390675418e-01 5.845644042305142779e-04
0.000000000000000000e+00 4.436447876290276066e-02 6.621848882542788473e-02 1.747972909023346733e-01 1.938401360811847107e+00 1.743730820099347545e+00 1.623370733652125475e+00 1.375215835533129871e+00 5.056147905869166514e+00 8.516664572416869292e-03
0.000000000000000000e+00 1.231645461951578514e-03 2.269206682844730760e-02 9.501709832228546603e-04 2.281125467351620764e-02 4.438684932837134306e-02 4.580911904012213189e-03 4.820256986036828423e-02 9.635270234042374706e-04 9.635270234042374706e-04
0.000000000000000000e+00 1.092801686515678522e-03 6.616765319606536522e-02 6.610592519656099952e-02 2.072004639658256320e+00 1.791988978328858284e+00 1.142528132809755181e+00 1.167718120205704757e+00 4.803520237481139432e+00 1.745310904282814934e-01
0.000000000000000000e+00 2.227811223811790864e+00 2.495950216839220026e+00 1.206807102260737841e+00 5.182454642957893043e+00 9.843684935861986673e+00 7.959226262008122887e+00 2.654574870480003401e+00 1.774750680323496699e+00 8.381347536858466249e-04
0.000000000000000000e+00 4.436447876290276066e-02 8.795628200923689965e-02 8.982137046755834797e-01 1.568780010808329628e+00 2.134883069174863923e+00 2.725053816947146323e+00 2.742918512918290030e+00 6.404592395377384229e+00 9.250481612573807286e-03
0.000000000000000000e+00 1.092801686515678522e-03 2.269206682844730760e-02 6.610349682268699956e-02 2.138832937208015039e+00 1.743810417983186367e+00 1.783565836582614583e+00 1.167884129519553671e+00 1.416743945906962399e+00 6.949447663958261724e-03
0.000000000000000000e+00 2.273962205937232403e-02 8.901172712619649869e-04 1.003472416420051047e-03 1.748818816834121215e-01 2.265753858211804264e-02 2.138505342732559614e-02 4.354743196380832064e-03 7.861209959468121785e-04 7.861209959468121785e-04
0.000000000000000000e+00 1.957290278938047523e+00 9.503723056769894928e-01 1.872711084914629120e+00 3.140116423764872433e+00 6.515146914605374207e+00 9.159268953511382705e+00 2.455158409369492478e+00 2.887780038787348680e+00 3.425297347806059017e-03
0.000000000000000000e+00 1.500796622078068854e+00 1.226794954536026605e+00 2.122060125916418460e+00 2.620918538523537400e+00 7.179402713285975679e+00 7.888729387652361424e+00 7.064985492611821627e+00 1.414416882858802404e+00 6.243783647044867657e-02
0.000000000000000000e+00 1.092801686515678522e-03 1.749041743460314491e-01 1.285367402285416460e+00 2.551550372298626357e+00 1.783844618565696871e+00 2.205669353070433214e+00 4.356439567891110087e+00 1.551257566019435963e+01 5.107577186554398962e-03
0.000000000000000000e+00 1.092801686515678522e-03 2.269206682844730760e-02 2.271732939675506768e-02 7.054552624856000320e-02 9.149424124372242074e-04 2.661544175328079548e-02 4.821093323201061653e-02 9.905564216189379715e-04 9.665598904558357759e-04
0.000000000000000000e+00 1.935552485754239216e+00 9.138447525687928286e-01 1.748067572556470717e+00 3.140347908414351075e+00 6.681324877641526605e+00 9.702054430801615226e+00 2.455158409369492478e+00 2.888264050438226427e+00 3.425297347806059017e-03
0.000000000000000000e+00 1.092801686515678522e-03 1.173181201448080142e-03 4.573825492552620053e-01 1.738042685558141009e+00 1.695715122094792804e+00 2.024458477716704508e+00 1.790702878902972639e+00 8.389892817702103045e+00 9.220415930627898562e-03
0.000000000000000000e+00 1.587747794813303193e+00 1.862264039477540933e+00 4.572717278641794003e+00 3.691893138983118661e+00 8.029653958856455276e+00 6.286272521791760326e+00 2.479160938878914422e+00 2.074338563320870410e+00 2.767629867692652720e-03
0.000000000000000000e+00 1.231645461951578514e-03 2.269206682844730760e-02 8.901172712619649869e-04 2.274126560022908181e-02 2.264905614456436123e-02 2.635098808551494115e-02 2.650135172418838225e-02 2.269979406467951752e-02 9.635270234042374706e-04
0.000000000000000000e+00 1.202271164499381763e-03 2.269206682844730760e-02 2.270821217565163405e-02 5.023507596849437207e-02 9.338101876900541240e-04 2.639168901420724939e-02 4.987579945906987083e-03 9.620008808704849168e-04 9.620008808704849168e-04
0.000000000000000000e+00 2.262668557909372838e-02 2.274126560022908181e-02 8.784250776058515064e-02 2.094273645751145718e+00 1.551421770285780433e+00 8.883618750968211852e-01 8.215039306632037075e-01 2.226708804873728020e+00 1.424382522647867910e-01
0.000000000000000000e+00 1.202271164499381763e-03 2.269206682844730760e-02 1.095790831903050572e-01 1.810454010281498105e-01 1.834896094492986449e-02 2.146583451766501810e-02 4.377145299401476522e-03 7.944364235590406324e-04 8.141906937527806009e-04
0.000000000000000000e+00 1.117243355909501492e-03 2.269206682844730760e-02 1.096924383354631466e-01 1.637963938974972833e-01 1.834804000698489132e-02 4.430172853913056166e-03 4.073591362636334694e-03 7.920872968706603456e-04 7.920872968706603456e-04
0.000000000000000000e+00 1.202271164499381763e-03 2.269206682844730760e-02 8.901172712619649869e-04 2.244350998464346991e-01 1.837716400379586779e-02 4.209782266735883835e-03 4.001590368201195409e-03 7.873248922389301449e-04 7.873248922389301449e-04
0.000000000000000000e+00 1.202271164499381763e-03 2.269206682844730760e-02 2.270821217565163405e-02 4.460413211591089666e-02 9.137232606967528878e-04 2.705023091443627473e-02 2.635933168330827775e-02 9.635270234042374706e-04 9.635270234042374706e-04
0.000000000000000000e+00 1.231645461951578514e-03 1.173181201448080142e-03 2.273962205937232403e-02 1.027642073027596392e-03 6.612340138944357293e-02 2.708669747219432516e-02 2.632283527602989268e-02 9.635270234042374706e-04 9.635270234042374706e-04
0.000000000000000000e+00 1.117243355909501492e-03 2.273962205937232403e-02 9.558319148389736496e-04 1.153726486571714643e-01 2.265394739876730457e-02 5.362220214729138124e-03 2.666052598967834364e-02 9.665598904558357759e-04 9.665598904558357759e-04
0.000000000000000000e+00 1.117243355909501492e-03 2.269206682844730760e-02 1.096685021319891290e-01 1.814446852536268084e-01 7.511523207723672666e-04 3.775878349140830703e-03 2.158200596480441477e-02 8.129865644366208403e-04 7.932645432083070165e-04
0.000000000000000000e+00 2.227811223811790864e+00 2.495950216839220026e+00 1.206807102260737841e+00 5.182454642957893043e+00 9.843684935861986673e+00 7.959226262008122887e+00 2.654574870480003401e+00 1.774750680323496699e+00 8.381347536858466249e-04
0.000000000000000000e+00 1.117243355909501492e-03 2.269206682844730760e-02 1.003472416420051047e-03 1.139541779108022151e-01 2.267407982998526084e-02 4.666262163811482622e-03 2.695379379712893250e-02 9.665598904558357759e-04 9.665598904558357759e-04
0.000000000000000000e+00 1.848601313019005099e+00 2.455305869777205885e+00 2.911977110296445126e+00 3.691390226514569939e+00 9.481597193406992474e+00 6.454926055943460028e+00 2.108005417731543041e+00 2.427780450519452238e+00 2.735825977406862800e-03
0.000000000000000000e+00 1.202271164499381763e-03 2.269206682844730760e-02 9.100218380185244810e-04 1.379905266647714623e-01 4.439294502301704970e-02 4.747541920733299586e-03 2.688897750594105088e-02 9.695667713737459587e-04 9.695667713737459587e-04
0.000000000000000000e+00 1.718174553916154146e+00 2.407195630373481166e+00 2.328839867847465328e+00 4.504500338538531601e+00 8.937102779308052192e+00 8.300461130646819896e+00 1.580520438545308881e+00 1.777504917695063469e+00 2.279144528612826563e-03
0.000000000000000000e+00 1.117243355909501492e-03 2.269206682844730760e-02 1.314302315192701354e-01 1.641646729326734500e-01 7.511523207723672666e-04 3.805592595627454479e-03 2.179053272955310677e-02 7.932645432083070165e-04 7.932645432083070165e-04
0.000000000000000000e+00 1.652961174364729224e+00 2.407188860998734636e+00 2.489156550375689392e+00 4.369036541198572543e+00 8.574214261130132186e+00 8.132538633364433167e+00 1.475474847223157582e+00 2.870421050377077510e+00 2.269574165572461454e-03
0.000000000000000000e+00 1.231645461951578514e-03 2.269206682844730760e-02 8.901172712619649869e-04 1.314793661389593860e-01 9.173586554010304929e-04 4.922732805869318301e-03 2.633096071233606561e-02 2.270435307426281468e-02 9.680665863708229476e-04
0.000000000000000000e+00 1.092801686515678522e-03 2.269206682844730760e-02 6.610349682268699956e-02 2.138832937208015039e+00 1.743810417983186367e+00 1.944146343149348866e+00 1.271487069911575007e+00 1.416919455270850836e+00 6.951350104566809442e-03
0.000000000000000000e+00 1.231645461951578514e-03 2.269206682844730760e-02 8.901172712619649869e-04 2.274126560022908181e-02 2.264905614456436123e-02 2.635098808551494115e-02 2.650135172418838225e-02 2.269979406467951752e-02 9.635270234042374706e-04
0.000000000000000000e+00 1.095778583143278001e-01 6.617538043229552469e-02 1.232573976412940642e+00 2.695834994570609933e+00 2.024330081667573555e+00 1.271669430442160742e+00 3.013931708369709028e+00 1.369695341107759745e+01 1.512116791566992247e-01
0.000000000000000000e+00 2.262668557909372838e-02 1.003472416420051047e-03 2.262791045507099585e-02 2.138805364577001100e+00 1.840008343807115976e+00 3.893710752006941389e-01 1.382942417183322892e+00 3.177511103035943307e+00 6.951350104566809442e-03
0.000000000000000000e+00 1.117243355909501492e-03 2.269206682844730760e-02 9.558319148389736496e-04 1.967168264597730365e-01 9.209276747772433998e-04 5.375051882726085417e-03 2.159295891348857882e-02 7.861209959468121785e-04 7.861209959468121785e-04
0.000000000000000000e+00 2.262668557909372838e-02 9.795362129460328041e-04 1.152993156013110809e+00 2.518918926236682676e+00 1.573843432001139409e+00 2.517241274952525920e+00 2.607428116315179345e+00 7.488037899840612077e+00 9.231354346894629984e-03
0.000000000000000000e+00 1.092801686515678522e-03 1.965944122989134180e-01 1.302966156098755102e+00 2.407263374588602733e+00 1.703821959646678375e+00 2.206033562596940722e+00 2.742818924926797131e+00 1.496757299362306348e+01 6.088207243534765264e-03
0.000000000000000000e+00 1.870339106202814294e+00 6.568347817336438466e-01 1.748056867565641159e+00 3.763265590974335773e+00 6.515271694170057692e+00 9.341385889268691400e+00 3.319529925135064730e+00 2.783178353209942113e+00 3.408249777131578187e-03
0.000000000000000000e+00 1.913814692570430243e+00 6.853346880692036125e-01 1.748063362922606112e+00 3.036573117248707376e+00 6.681443784448498846e+00 9.341218107143568261e+00 3.319556889393029397e+00 2.888265149050422309e+00 3.419678580185831016e-03
0.000000000000000000e+00 1.231645461951578514e-03 1.173181201448080142e-03 2.273962205937232403e-02 1.027642073027596392e-03 1.530745741246776204e-01 4.487710952919770659e-03 4.807274906460402841e-02 9.695667713737459587e-04 9.695667713737459587e-04
0.000000000000000000e+00 4.436447876290276066e-02 9.573837875583785569e-04 8.784250776058515064e-02 1.373409095017772419e+00 1.468627335810866796e+00 1.386675531398043226e+00 1.222440017550754821e+00 2.542047897144597557e-01 5.309161204743373906e-03
0.000000000000000000e+00 1.092801686515678522e-03 1.313810327474904116e-01 1.320561111655391473e+00 2.647685867788509118e+00 1.863984522115387454e+00 1.686896189210812524e+00 2.743024025376426867e+00 1.460457671755709974e+01 1.511635297271360923e-01
0.000000000000000000e+00 1.587747794813303193e+00 1.825783618574557288e+00 4.572714202497702551e+00 3.554554009064396780e+00 7.848003996645086744e+00 6.118385769078938274e+00 2.355491602972541898e+00 2.467419403086032581e+00 3.396563075379768846e-03
0.000000000000000000e+00 1.092801686515678522e-03 6.616765319606536522e-02 1.747948911156020357e-01 1.960667326697528745e+00 1.791909445943494772e+00 7.634892912766191309e-01 9.819275184435989345e-01 4.938948617387054263e+00 8.518519810285920396e-03
0.000000000000000000e+00 1.092801686515678522e-03 2.269206682844730760e-02 1.095790831903050572e-01 1.391026263001287067e+00 1.395605680316255981e+00 1.511321247967800430e+00 1.142517754603488145e+00 1.085075396463090591e+00 6.941545220433661262e-03
0.000000000000000000e+00 1.092801686515678522e-03 6.616765319606536522e-02 8.784371838036798830e-02 1.426203751141309262e+00 1.322705156075250299e+00 4.932000396543151921e-01 2.025286456041916761e-01 1.959250209390297481e+00 5.306403372640967897e-03
0.000000000000000000e+00 1.202271164499381763e-03 2.269206682844730760e-02 9.100218380185244810e-04 1.379905266647714623e-01 2.265515183921006093e-02 4.743523622497405542e-03 2.688478572204154246e-02 9.680665863708229476e-04 9.680665863708229476e-04
0.000000000000000000e+00 4.436447876290276066e-02 2.271892344901845981e-02 1.131257791203176044e+00 1.454752907904255821e+00 1.407116348789982929e+00 2.103965928575720401e+00 1.478917961126178682e+00 1.055684293098801163e+01 9.227212906409791235e-03
0.000000000000000000e+00 1.231645461951578514e-03 1.173181201448080142e-03 2.273962205937232403e-02 1.223070319839659678e-03 6.612340138944357293e-02 2.708669747219432516e-02 4.806062845983687798e-02 9.650466980226360056e-04 9.650466980226360056e-04
0.000000000000000000e+00 1.092801686515678522e-03 1.748566191151064431e-01 1.320563019533733895e+00 2.022486079193785979e+00 1.386971916351865453e+00 2.309645547978224300e+00 3.691654484423140037e+00 1.623812544578915151e+01 6.034199802586440523e-03
0.000000000000000000e+00 1.092801686515678522e-03 2.271572880413281342e-02 1.747924627417280496e-01 1.960664259691423439e+00 1.743815625933148317e+00 7.634139773266028772e-01 1.142291374060839138e+00 5.074376655479446718e+00 1.745310904282814934e-01
0.000000000000000000e+00 1.141823646555060285e-03 2.273962205937232403e-02 1.003472416420051047e-03 2.006282185440016741e-01 1.834334469768720416e-02 4.413860011307880332e-03 3.760742824869186488e-03 1.838392962010596682e-02 7.873248922389301449e-04
0.000000000000000000e+00 1.092801686515678522e-03 1.748566191151064431e-01 1.338160828157893167e+00 1.974391134880776555e+00 1.386971916351865453e+00 2.309645547978224300e+00 3.691654484423140037e+00 1.623812544578915151e+01 6.034199802586440523e-03
0.000000000000000000e+00 1.092801686515678522e-03 1.748566191151064431e-01 1.338160828157893167e+00 2.503459916048648815e+00 1.703788980862290359e+00 2.101842347039931891e+00 4.356690490478690947e+00 1.533107752216139730e+01 6.019776842770279898e-03
0.000000000000000000e+00 7.617116538285821914e-01 2.920120118027013323e+00 9.162525230837950119e-01 4.489120031874207051e+00 1.420043434956579986e+01 7.702674472257705851e+00 2.399056662666597006e+00 1.983692006818739584e+00 3.350111823022334438e-04
0.000000000000000000e+00 1.092801686515678522e-03 1.531188259312973865e-01 1.302964259883633735e+00 2.599647534222977452e+00 1.623638379705785617e+00 2.102206690947364898e+00 2.878514421979537996e+00 1.496763847955827842e+01 1.297853584295652618e-01
0.000000000000000000e+00 1.092801686515678522e-03 1.748566191151064431e-01 1.338160828157893167e+00 2.503459916048648815e+00 1.703788980862290359e+00 2.101842347039931891e+00 4.190677919860695155e+00 1.533024464205137249e+01 1.297306201022053740e-01
0.000000000000000000e+00 1.092801686515678522e-03 2.281270481421261015e-02 1.095790831903050572e-01 1.443819688873762663e+00 1.322644417641764214e+00 1.511416153337393320e+00 3.405062986706082206e-01 3.596357918154659966e-02 4.086368689758715367e-03
0.000000000000000000e+00 1.092801686515678522e-03 6.616765319606536522e-02 1.095815115641770032e-01 2.005200728361711260e+00 1.791990768712498960e+00 8.259173616103506754e-01 9.017656974096376343e-01 4.803395862273233341e+00 8.519335341829997743e-03
0.000000000000000000e+00 1.870339106202814294e+00 6.568347817336438466e-01 1.748056867565641159e+00 3.763265590974335773e+00 6.515271694170057692e+00 9.341385889268691400e+00 3.319529925135064730e+00 2.783178353209942113e+00 3.408249777131578187e-03
0.000000000000000000e+00 1.231645461951578514e-03 2.269206682844730760e-02 1.052607036109320720e-03 1.805244017243969878e-01 7.113581345943642553e-02 3.856000834278105419e-03 4.034517574286166849e-03 7.885234823621367368e-04 7.885234823621367368e-04
0.000000000000000000e+00 4.436447876290276066e-02 6.621848882542788473e-02 1.095839113509096824e-01 1.355835668769332036e+00 1.322644655400524671e+00 1.573944425914326484e+00 8.218565053115670649e-01 1.915385586362711168e+00 6.946963213729455584e-03
0.000000000000000000e+00 3.135882153118085380e+00 2.246854521804470650e+00 3.248280144586568330e-01 5.724115917832454770e+00 1.165978574952196212e+01 7.990810823972858579e+00 2.326534978117437813e+00 1.554831810684533355e+00 3.368215327497330069e-04
0.000000000000000000e+00 4.436447876290276066e-02 1.096700961842504846e-01 8.454212356555081964e-01 1.597240037393277579e+00 2.134887609746389359e+00 2.725235158674346625e+00 2.742950915163493875e+00 6.765696013977875900e+00 9.246865358514197442e-03
0.000000000000000000e+00 1.092801686515678522e-03 1.173181201448080142e-03 1.392107656159027762e+00 2.154090973591805902e+00 1.511523732077509230e+00 2.205838858286059079e+00 3.826761014859713761e+00 1.569363103169020590e+01 6.055137120237564195e-03
0.000000000000000000e+00 1.092801686515678522e-03 2.269206682844730760e-02 1.747924627417280496e-01 1.320638803838885433e+00 8.051839646023025709e-01 1.166374940380220382e+00 6.389496546072747085e-01 8.373480422240161536e-01 5.298695050908678282e-03
0.000000000000000000e+00 1.092801686515678522e-03 1.531188259312973865e-01 1.373355494380268826e+00 2.455364954059918947e+00 1.783822701081430040e+00 1.894530957364691792e+00 4.523246423932194560e+00 1.387832012735454512e+01 6.075250052673923304e-03
0.000000000000000000e+00 1.522534415261878049e+00 1.570503890394723712e+00 2.184382009100769739e+00 2.620883955482641969e+00 7.013309406024051285e+00 7.888781987280504282e+00 6.632800586022144174e+00 1.632276987031679116e+00 5.232981165930762624e-02
0.000000000000000000e+00 1.141823646555060285e-03 2.269206682844730760e-02 9.795362129460328041e-04 2.005193677728443480e-01 1.834334469768720416e-02 4.413860011307880332e-03 2.186367169516223105e-02 8.068838572076148874e-04 7.873248922389301449e-04
0.000000000000000000e+00 1.092801686515678522e-03 2.183322054827224468e-01 1.214978052320027535e+00 2.743934461788193779e+00 1.944146343149348866e+00 1.479261118402774411e+00 2.878342914944077791e+00 1.351558788935921029e+01 7.146259819871692530e-03
0.000000000000000000e+00 2.262668557909372838e-02 1.096447978338820767e-01 1.197376451286280785e+00 2.984350206564095664e+00 1.783822701081430040e+00 1.582464504227637292e+00 3.013660306448865178e+00 1.297109347526026646e+01 7.165693936571593606e-03
0.000000000000000000e+00 1.231645461951578514e-03 2.269206682844730760e-02 2.278983988669744387e-02 1.053771062747938143e-03 2.264905614456436123e-02 2.638747535296932095e-02 4.805649827163027688e-02 9.635270234042374706e-04 9.635270234042374706e-04
0.000000000000000000e+00 1.117243355909501492e-03 2.269206682844730760e-02 1.096685021319891290e-01 1.818021339733646990e-01 1.592372194496119442e-01 1.204287808671728743e-01 7.688607678846676174e-02 4.367445288204517074e-04 4.367445288204517074e-04
0.000000000000000000e+00 1.092801686515678522e-03 1.749041743460314491e-01 1.355758636782051330e+00 1.388083684717910105e+00 1.449305026067062352e+00 2.309662906227569312e+00 3.826761014859713761e+00 1.605662730775616964e+01 6.041271343839825503e-03
0.000000000000000000e+00 2.262668557909372838e-02 2.183337637529230990e-01 1.214978985804495260e+00 2.695898972732940546e+00 1.944274443964166599e+00 1.478778197513347825e+00 3.014038764490283739e+00 1.333415523726144514e+01 7.146259819871692530e-03
0.000000000000000000e+00 1.095778583143278001e-01 2.269979406467951752e-02 1.408550154776185614e+00 2.359232589429736571e+00 1.944157414630860004e+00 1.375476120134321301e+00 3.284673552104077743e+00 1.061168316676670997e+01 8.426250031499831969e-03
0.000000000000000000e+00 2.262668557909372838e-02 1.096447978338820767e-01 1.267767685782915654e+00 1.643434670586528368e+00 1.573944425914326484e+00 2.413106294290398690e+00 3.149628599613824242e+00 1.242653302607435073e+01 7.190234108107875291e-03
0.000000000000000000e+00 1.095778583143278001e-01 2.272366621954891377e-02 1.390952346152026564e+00 2.359111545928504139e+00 2.184653723735491937e+00 1.478917961126178682e+00 2.471838131720581977e+00 1.097448134058286762e+01 8.432236112198336631e-03
0.000000000000000000e+00 1.092801686515678522e-03 1.173181201448080142e-03 2.227811223811790864e+00 2.994586378443265140e+00 2.309791618331679341e+00 2.607492524826297675e+00 4.189888493398503222e+00 1.442344260775068321e+01 5.075131480503161652e-03
0.000000000000000000e+00 2.262668557909372838e-02 1.096447978338820767e-01 1.302963303031233089e+00 1.570522354518820940e+00 1.573742269820692652e+00 2.413106294290398690e+00 3.149628599613824242e+00 1.242653302607435073e+01 7.190234108107875291e-03
0.000000000000000000e+00 2.227811223811790864e+00 2.495950216839220026e+00 1.206807102260737841e+00 5.182454642957893043e+00 9.843684935861986673e+00 7.959226262008122887e+00 2.654574870480003401e+00 1.774750680323496699e+00 8.381347536858466249e-04
0.000000000000000000e+00 1.095778583143278001e-01 2.272366621954891377e-02 9.334093219239009143e-01 1.426296114404095317e+00 1.262816127960465273e+00 1.864123842807661857e+00 1.998015043150420444e+00 1.115409604995434911e+01 9.204901171089973494e-03
0.000000000000000000e+00 1.092801686515678522e-03 8.795300161079736001e-02 1.174734581043806125e+00 2.409442403342462846e+00 1.449197515253819457e+00 3.036619953222520873e+00 2.607499282092181847e+00 7.706882994627674677e+00 9.209578978865259197e-03
0.000000000000000000e+00 2.262668557909372838e-02 2.271732939675506768e-02 2.834826464148602621e-01 1.893891236910306919e+00 1.599518932210131306e+00 2.184535580487425577e+00 1.375132781500834067e+00 5.222446319009828919e+00 1.745244371350686274e-01
0.000000000000000000e+00 1.117243355909501492e-03 2.273962205937232403e-02 9.795362129460328041e-04 2.030129101964862071e-01 9.209276747772433998e-04 3.954698509772782561e-02 4.001590368201195409e-03 7.873248922389301449e-04 7.873248922389301449e-04
0.000000000000000000e+00 1.231645461951578514e-03 2.269206682844730760e-02 1.003472416420051047e-03 2.817612437965054048e-02 2.264905614456436123e-02 2.646052511083380257e-02 2.635518255311039559e-02 9.620008808704849168e-04 9.620008808704849168e-04
0.000000000000000000e+00 4.436447876290276066e-02 8.793230300044350967e-02 9.862027477963767330e-01 2.008209131830227534e+00 1.885578981806134591e+00 2.725199884146035423e+00 2.742058693858173690e+00 6.765071465509490345e+00 9.239319921725625689e-03
0.000000000000000000e+00 1.095778583143278001e-01 2.269979406467951752e-02 1.408550154776185614e+00 2.407210827115120910e+00 2.024308164183306502e+00 1.582724650818339240e+00 2.336313743559815137e+00 1.061148506451690388e+01 8.443886522081764379e-03
0.000000000000000000e+00 2.116466193347340763e+00 5.214670110303368133e+00 2.716908237372374746e+00 5.352136906352429335e+00 8.390320443044535281e+00 6.983080370815234694e+00 2.108729421695405559e+00 1.947453264859866362e+00 4.802504258204194436e-04
0.000000000000000000e+00 8.486628265638141988e-01 3.066092925786980672e+00 1.187287266761350768e+00 6.130332170728733487e+00 1.528894289571592324e+01 3.646727883823920546e+00 3.272932069664141519e+00 2.053831579817963604e+00 9.641618687245877631e-03
0.000000000000000000e+00 1.095778583143278001e-01 2.269979406467951752e-02 1.373354537527868180e+00 2.359228078267647799e+00 1.944178881418684446e+00 1.479002208886954328e+00 3.284912501575923738e+00 1.079311581886447868e+01 8.426250031499831969e-03
0.000000000000000000e+00 1.231645461951578514e-03 2.269206682844730760e-02 8.901172712619649869e-04 1.314793661389593860e-01 9.173586554010304929e-04 4.922732805869318301e-03 2.633096071233606561e-02 2.270435307426281468e-02 9.680665863708229476e-04
0.000000000000000000e+00 4.436447876290276066e-02 1.005109274002831832e-03 1.095803009443921255e-01 1.355831909567047022e+00 1.395605625856963572e+00 1.636270569438167399e+00 1.062341968413443194e+00 8.774620170787648110e-01 5.316302813302979831e-03
0.000000000000000000e+00 6.610227194671179640e-02 6.617230880025576356e-02 1.767774679343368793e-01 8.560075694730127083e-01 2.593953888171220967e-01 1.615897128455009712e-01 1.782828134003478504e-01 1.193522596715908442e-02 1.413736300888388496e-03
0.000000000000000000e+00 1.092801686515678522e-03 2.269206682844730760e-02 6.610349682268699956e-02 2.138832937208015039e+00 1.743810417983186367e+00 1.783822701081430040e+00 1.271529671030403597e+00 1.416802808906648892e+00 6.950146775950251030e-03
0.000000000000000000e+00 7.617116538285821914e-01 2.138624343908411607e+00 3.771703595687589505e+00 8.672989525070837757e+00 1.365498490749035909e+01 2.887780971228067983e+00 2.326421739060733795e+00 1.554968724608211783e+00 3.368215327497330069e-04
0.000000000000000000e+00 2.262668557909372838e-02 1.096447978338820767e-01 1.197376451286280785e+00 2.936253044639744125e+00 1.944285663841619272e+00 1.582444065116576981e+00 3.014038764490283739e+00 1.188217013299758840e+01 1.761659834481588971e-01
0.000000000000000000e+00 1.231645461951578514e-03 2.269206682844730760e-02 1.095790831903050572e-01 2.328944725448034991e-01 7.538786916344401845e-04 4.022879955586071248e-03 3.225895274241724620e-02 6.538385866826957075e-04 6.538385866826957075e-04
0.000000000000000000e+00 1.092801686515678522e-03 4.445352198794184223e-02 1.530558873120081431e-01 2.027520770900343550e+00 1.743730820099347545e+00 7.636886430646330215e-01 1.062089339477556349e+00 4.397049047671814037e+00 8.519617637731947274e-03
0.000000000000000000e+00 1.092801686515678522e-03 2.269206682844730760e-02 1.314302315192701354e-01 1.646858565059073354e-01 1.303969097316560466e-01 2.026614114758810981e-01 2.225463846635248460e-03 9.773296593172752997e-03 4.356578774759482320e-04
0.000000000000000000e+00 2.138735199440230605e+00 5.134311476021540699e+00 1.666346971841618396e+00 5.518065153007975177e+00 1.220222831337987834e+01 6.120832736863405010e+00 1.302913432144877426e+00 1.091193438897664736e+00 9.639829383737665708e-03
0.000000000000000000e+00 2.262668557909372838e-02 2.271732939675506768e-02 1.095803009443921255e-01 2.072006196469615702e+00 1.599518932210131306e+00 8.881536461119740045e-01 9.019059258224300102e-01 1.811578896670550609e+00 6.946006760321015577e-03
0.000000000000000000e+00 1.117243355909501492e-03 2.269206682844730760e-02 1.531203842014980665e-01 9.337653713510102316e-02 1.836260251985087633e-02 2.145687280537485545e-02 4.338166903541905428e-03 7.909046966150669973e-04 7.909046966150669973e-04
0.000000000000000000e+00 1.092801686515678522e-03 2.269206682844730760e-02 1.531680247030791642e-01 1.997891760698059516e-01 2.945805978618335624e-02 3.545411183435582744e-03 1.762351285384218189e-02 6.547811714735796975e-04 6.547811714735796975e-04
0.000000000000000000e+00 1.141823646555060285e-03 2.273962205937232403e-02 9.795362129460328041e-04 2.006282185440016741e-01 1.834334469768720416e-02 4.413860011307880332e-03 4.087617597421588748e-03 7.861209959468121785e-04 7.861209959468121785e-04
0.000000000000000000e+00 2.183273211626010735e+00 9.503849886799216051e-01 2.649373357838630927e+00 4.369247966773869507e+00 2.364240559608193681e+00 1.024605476657789183e+01 2.599271473277929179e+00 3.151951459879151152e+00 4.213980507611861381e-03
0.000000000000000000e+00 1.117243355909501492e-03 2.269206682844730760e-02 1.096685021319891290e-01 1.821657602983677848e-01 1.303834855262936687e-01 1.204251896817674916e-01 2.713842748027245344e-03 1.229409715954133363e-02 5.439450666913707389e-04
0.000000000000000000e+00 1.202271164499381763e-03 2.269206682844730760e-02 1.095790831903050572e-01 1.993484689082179184e-01 3.594768444048758449e-02 4.350496722657072775e-03 2.188888053544144410e-02 6.528915648454622399e-04 6.528915648454622399e-04
0.000000000000000000e+00 2.262668557909372838e-02 9.795362129460328041e-04 3.921703945798142299e-01 1.782552315325094616e+00 1.695715122094792804e+00 2.024330081667573555e+00 1.790541969251774113e+00 6.384744009825079836e+00 5.509979126714994457e-01
0.000000000000000000e+00 2.262668557909372838e-02 9.558319148389736496e-04 4.356459809474302336e-01 1.760286321882384097e+00 1.743651108074803391e+00 2.024308164183306502e+00 1.582885387084060014e+00 7.305638566998267081e+00 9.236823322479187359e-03
0.000000000000000000e+00 2.262668557909372838e-02 1.096447978338820767e-01 1.320561111655391473e+00 1.533998613660997545e+00 1.573843432001139409e+00 2.413434585260365584e+00 3.285118996216928711e+00 1.206360278509535533e+01 8.381297186237195163e-03
0.000000000000000000e+00 2.262668557909372838e-02 1.096447978338820767e-01 1.426147963400343999e+00 2.311137655831835502e+00 2.104609305909538097e+00 1.167497892049687680e+00 3.149595852766625903e+00 1.170060650902939337e+01 8.394690713401105342e-03
0.000000000000000000e+00 1.117243355909501492e-03 2.269206682844730760e-02 1.314062953157961178e-01 1.990029919683801163e-01 5.828417826021496662e-02 1.760134129656160465e-02 3.574454632338928094e-03 6.557193091063356081e-04 6.557193091063356081e-04
0.000000000000000000e+00 2.262668557909372838e-02 1.748581773853050692e-01 1.338161773347072536e+00 1.424564105620893750e+00 1.386978708410271155e+00 2.309662906227569312e+00 3.826761014859713761e+00 1.587512916972318777e+01 6.048250280346746492e-03
0.000000000000000000e+00 2.262668557909372838e-02 9.558319148389736496e-04 1.530546695579210748e-01 2.049763323489014688e+00 1.743889894989020917e+00 1.863856196754001715e+00 1.686896189210812524e+00 2.229478579805243665e+00 8.519932798373677091e-03
0.000000000000000000e+00 1.117243355909501492e-03 2.276374813826762336e-02 1.096924383354631466e-01 1.997112958589950804e-01 1.592379691217728765e-01 6.143700113743840591e-02 2.645176311481167025e-02 5.704538859597126652e-04 5.432284642138163503e-04
0.000000000000000000e+00 1.652961174364729224e+00 2.407188860998734636e+00 2.489156550375689392e+00 4.369036541198572543e+00 8.574214261130132186e+00 8.132538633364433167e+00 1.475474847223157582e+00 2.870421050377077510e+00 2.269574165572461454e-03
0.000000000000000000e+00 1.092801686515678522e-03 1.321493184992447766e-03 1.313156514981368428e-01 1.443819688873762663e+00 1.322644417641764214e+00 1.511416153337393320e+00 2.604711291379665505e-01 3.560783631302712887e-02 4.084930716508388716e-03
0.000000000000000000e+00 1.092801686515678522e-03 6.619131517175087798e-02 1.652964827614578081e+00 2.503448652166433863e+00 2.024490096625763069e+00 2.205992897545709930e+00 4.190677919860695155e+00 1.533101596693959223e+01 1.297306201022053740e-01
0.000000000000000000e+00 1.202271164499381763e-03 2.269206682844730760e-02 9.100218380185244810e-04 2.248779095188556121e-01 1.832799936170348074e-02 3.763843922672511968e-03 3.937568407959148725e-02 8.291601725008132312e-04 7.897167544578481777e-04
0.000000000000000000e+00 1.092801686515678522e-03 2.269206682844730760e-02 1.095790831903050572e-01 1.479015306122080098e+00 1.249682807433139864e+00 1.137699908715743335e+00 3.659546047489497411e+00 4.890699868373400427e+00 8.509342749426137067e-03
0.000000000000000000e+00 1.313156514981368428e-01 9.635270234042374706e-04 1.408550154776185614e+00 2.359113665190770259e+00 2.024319235664821193e+00 9.599060227321825067e-01 3.420466515265021101e+00 1.043005350771155193e+01 8.443886522081764379e-03
0.000000000000000000e+00 1.092801686515678522e-03 4.445352198794184223e-02 1.530558873120081431e-01 2.005226896992447827e+00 1.695715122094792804e+00 7.633056311651393866e-01 1.142278196516797406e+00 4.260953048746814353e+00 8.519932798373677091e-03
0.000000000000000000e+00 1.092801686515678522e-03 1.965944122989134180e-01 1.214977112977961848e+00 2.792029318419311679e+00 1.864112622930205188e+00 1.582928589867448332e+00 3.014038764490283739e+00 1.260739722005545005e+01 7.171975008785623842e-03
0.000000000000000000e+00 4.436447876290276066e-02 1.096463497065994219e-01 2.471699662450478341e-01 7.838697797554076141e-01 1.055691110845053959e+00 4.469593803451202829e-01 5.893163658924456261e-01 2.746266090260326975e-02 6.547544520357803655e-02
0.000000000000000000e+00 2.262668557909372838e-02 9.558319148389736496e-04 4.139081877636233142e-01 1.760284819052988725e+00 1.743652864557671656e+00 2.024190762520039044e+00 1.479100449295900566e+00 6.882642374056036516e+00 9.239209978636666459e-03
0.000000000000000000e+00 1.202271164499381763e-03 2.269206682844730760e-02 9.704189918426035094e-04 4.445512258056408955e-02 2.265028995635688311e-02 4.617389369301367653e-03 2.661116458978717708e-02 9.620008808704849168e-04 9.620008808704849168e-04
0.000000000000000000e+00 1.092801686515678522e-03 1.748566191151064431e-01 1.338160828157893167e+00 1.461042857931089900e+00 1.137699908715743335e+00 1.383069594917155642e+00 3.963143022460833720e+00 1.496634189983413776e+01 7.139583165128193798e-03
0.000000000000000000e+00 1.117243355909501492e-03 2.269206682844730760e-02 1.096924383354631466e-01 1.993484689082179184e-01 3.594768444048758449e-02 2.162068857974521960e-02 3.591681086755219108e-03 6.528915648454622399e-04 6.528915648454622399e-04
0.000000000000000000e+00 1.095778583143278001e-01 2.269979406467951752e-02 1.408550154776185614e+00 2.311016503266419164e+00 2.184653723735491937e+00 1.478917961126178682e+00 2.472247915670037433e+00 1.079298320254988219e+01 8.438114777248506906e-03
0.000000000000000000e+00 2.262668557909372838e-02 9.795362129460328041e-04 3.921703945798142299e-01 1.804821321417984237e+00 1.647536496250645577e+00 2.024330081667573555e+00 1.894348658943939778e+00 6.218800433317388965e+00 5.509979126714994457e-01
0.000000000000000000e+00 1.231645461951578514e-03 2.269206682844730760e-02 1.052046702888410293e-03 2.278983988669744387e-02 4.438684932837134306e-02 2.705023091443627473e-02 4.806062845983687798e-02 9.650466980226360056e-04 9.650466980226360056e-04
0.000000000000000000e+00 1.117243355909501492e-03 2.273962205937232403e-02 1.096447978338820767e-01 1.990424938777843322e-01 8.713719482688590812e-02 3.110150233896127187e-03 1.787262475656254540e-02 6.566529894234754156e-04 6.566529894234754156e-04
0.000000000000000000e+00 1.202271164499381763e-03 2.269206682844730760e-02 2.262791045507099585e-02 1.148978791720090403e-01 2.265515183921006093e-02 2.651796254653750531e-02 2.674219549509412874e-02 9.695667713737459587e-04 9.936454916740667265e-04
0.000000000000000000e+00 1.092801686515678522e-03 1.231645461951578514e-03 1.095778583143278001e-01 2.072027531746733153e+00 1.840008343807115976e+00 1.944274443964166599e+00 1.271326091808668624e+00 2.094371438286391385e+00 1.745321443272098427e-01
0.000000000000000000e+00 1.095778583143278001e-01 6.619925258716492789e-02 1.267769593661258076e+00 2.695839587712804075e+00 2.024308164183306502e+00 1.374465497957666704e+00 3.014038764490283739e+00 1.278966082316249775e+01 1.512245362590289022e-01
0.000000000000000000e+00 1.092801686515678522e-03 6.616765319606536522e-02 1.747948911156020357e-01 1.391032528298426163e+00 1.213263055850848149e+00 1.511523732077509230e+00 8.217441047884725958e-01 1.603917221041938124e+00 6.942755535091010670e-03
0.000000000000000000e+00 1.718174553916154146e+00 2.407195630373481166e+00 2.328839867847465328e+00 4.504500338538531601e+00 8.755604641275064992e+00 8.468212339059814298e+00 1.580520438545308881e+00 1.777504917695063469e+00 2.279144528612826563e-03
0.000000000000000000e+00 2.262668557909372838e-02 2.274126560022908181e-02 8.784250776058515064e-02 2.094298143897515452e+00 1.551501247291614760e+00 9.502804015638617319e-01 7.415822837545111845e-01 2.122902115181562799e+00 6.946963213729455584e-03
0.000000000000000000e+00 4.436447876290276066e-02 1.005109274002831832e-03 1.095803009443921255e-01 1.373429718191205406e+00 1.395605680316255981e+00 1.573944425914326484e+00 1.062341968413443194e+00 1.396495465539577152e+00 6.944986518950493903e-03
0.000000000000000000e+00 1.202271164499381763e-03 2.273962205937232403e-02 1.115550983794616176e-03 1.356919710946092039e-01 4.451562683913837248e-02 4.930981183902114970e-03 5.678529673397186145e-02 7.873248922389301449e-04 8.266361313798623435e-04
0.000000000000000000e+00 1.117243355909501492e-03 2.269206682844730760e-02 1.314062953157961178e-01 1.997763844526342092e-01 5.828417826021496662e-02 3.246107598254203280e-02 3.307945500181068508e-03 6.566529894234754156e-04 6.566529894234754156e-04
0.000000000000000000e+00 1.092801686515678522e-03 1.173181201448080142e-03 1.530534446819437899e-01 1.426242727763860296e+00 1.249683575835798255e+00 1.636270569438167399e+00 3.036601868845128394e+00 6.218800433317388965e+00 9.241498274442986466e-03
0.000000000000000000e+00 1.092801686515678522e-03 1.531188259312973865e-01 1.338159877131951170e+00 1.461041175931737213e+00 1.449305026067062352e+00 1.998570842483089915e+00 3.691986413880877560e+00 1.478511361740264185e+01 7.118950277581386453e-03
0.000000000000000000e+00 2.262668557909372838e-02 8.793070894818010019e-02 1.747972909023346733e-01 1.938401360811847107e+00 1.695713256058835494e+00 8.257174397673544552e-01 1.062089339477556349e+00 6.217643329924201545e+00 1.745299382735774341e-01
0.000000000000000000e+00 1.117243355909501492e-03 2.269206682844730760e-02 1.096924383354631466e-01 1.817506602840604224e-01 1.592372194496119442e-01 7.340543989013000037e-02 2.750732373741281069e-03 1.229265275976171995e-02 5.425081272148355935e-04
0.000000000000000000e+00 1.117243355909501492e-03 6.616765319606536522e-02 1.747948911156020357e-01 1.960667326697528745e+00 1.791670152913605873e+00 7.634892912766191309e-01 9.819275184435989345e-01 4.938948617387054263e+00 8.518519810285920396e-03
0.000000000000000000e+00 1.092801686515678522e-03 4.442986001225633641e-02 8.784250776058515064e-02 1.408624071625446117e+00 1.322705600367566792e+00 1.573748514671363452e+00 1.002877154828363121e-01 7.572649029252186414e-01 5.300329114319803081e-03
0.000000000000000000e+00 4.436447876290276066e-02 1.005109274002831832e-03 1.095803009443921255e-01 1.373429718191205406e+00 1.395605680316255981e+00 1.573944425914326484e+00 1.062341968413443194e+00 1.396495465539577152e+00 6.944986518950493903e-03
0.000000000000000000e+00 4.436447876290276066e-02 6.621848882542788473e-02 1.095839113509096824e-01 1.355835668769332036e+00 1.286164234497542580e+00 1.573950869514536777e+00 9.020322915016119047e-01 1.811578896670550609e+00 6.946006760321015577e-03
0.000000000000000000e+00 1.092801686515678522e-03 4.442986001225633641e-02 8.784250776058515064e-02 1.426202520890248238e+00 1.286225006423525219e+00 4.932099654363240604e-01 2.025445379621920727e-01 1.959167453217771859e+00 5.303458940636700952e-03
0.000000000000000000e+00 1.092801686515678522e-03 1.173181201448080142e-03 2.116466193347340763e+00 2.932175381259313873e+00 1.543266059251241273e+00 3.285634019824982932e+00 4.190816246402988554e+00 1.406100517805786865e+01 1.297233618025905866e-01
0.000000000000000000e+00 1.202271164499381763e-03 2.269206682844730760e-02 1.313168763741120182e-01 2.170096948737513520e-01 4.387821464516129810e-02 3.645047871869978775e-03 3.401288150400684236e-03 1.509122795591890699e-02 6.557193091063356081e-04
0.000000000000000000e+00 6.610227194671179640e-02 6.617230880025576356e-02 1.943752765584943754e-01 7.839613336236072039e-01 2.938587719534938580e-01 2.728980816468091208e-01 3.569820756782850213e-02 1.169537009940812070e-02 1.411571476492111963e-03
0.000000000000000000e+00 1.231645461951578514e-03 2.269206682844730760e-02 1.052046702888410293e-03 4.997496248356950166e-02 4.438808314016590151e-02 2.646898166900165522e-02 2.636343543641620629e-02 9.650466980226360056e-04 9.650466980226360056e-04
0.000000000000000000e+00 2.138735199440230605e+00 5.214473297055497447e+00 1.562541789445036189e+00 5.683064536785814802e+00 1.202066722844076629e+01 6.120832736863405010e+00 1.302913432144877426e+00 1.091193438897664736e+00 9.639829383737665708e-03
0.000000000000000000e+00 6.610227194671179640e-02 6.626886798924165600e-02 1.408624071625446117e+00 6.100929656247990884e-01 5.488455736555942766e-01 6.375014512093792884e-01 4.518992840003239198e-01 2.740990846553779947e-02 3.164450315664892738e-03
0.000000000000000000e+00 1.092801686515678522e-03 2.278810855768046914e-02 1.095790831903050572e-01 1.443819688873762663e+00 1.322644417641764214e+00 1.199615057821532549e+00 3.347780116517163673e+00 4.889880790265429766e+00 8.511866517073007551e-03
0.000000000000000000e+00 1.092801686515678522e-03 2.269206682844730760e-02 4.356459809474302336e-01 1.760286321882384097e+00 1.743889894989020917e+00 2.024436264998123569e+00 1.685723484225687852e+00 7.847468996143466491e+00 9.226285308542423250e-03
0.000000000000000000e+00 4.436447876290276066e-02 8.793230300044350967e-02 8.454202788031068838e-01 1.597272512182577042e+00 2.134891978422775782e+00 2.725088073511634512e+00 2.742982921429401699e+00 6.765628155080544381e+00 9.250481612573807286e-03
0.000000000000000000e+00 2.262668557909372838e-02 2.269362509864800148e-02 1.631225823810985132e+00 2.791968429817611508e+00 1.944285663841619272e+00 1.582444065116576981e+00 2.878548367887172610e+00 1.224510092312833898e+01 7.190234108107875291e-03
0.000000000000000000e+00 1.092801686515678522e-03 2.278810855768046914e-02 1.095790831903050572e-01 2.094322882821296083e+00 1.743810417983186367e+00 1.703660880047472848e+00 1.375195519194788663e+00 1.958212821785388025e+00 6.952292065458052714e-03
0.000000000000000000e+00 1.095778583143278001e-01 2.269979406467951752e-02 1.461417497497921714e+00 4.673547909878892348e-01 6.218409093006356247e-01 5.892478632705344666e-01 6.390665119113508874e-01 3.471136171761369377e-02 4.073894113416432275e-03
0.000000000000000000e+00 1.092801686515678522e-03 1.231645461951578514e-03 1.095778583143278001e-01 2.072052227409064251e+00 1.695716858034060470e+00 2.024469243782515804e+00 1.271368215305277660e+00 2.229745188525293464e+00 6.952970828173908949e-03
0.000000000000000000e+00 1.313156514981368428e-01 9.635270234042374706e-04 8.982137046755834797e-01 1.397761239182995885e+00 1.310922024941278297e+00 9.504733460356045160e-01 2.932468033721177925e+00 1.151776310621184152e+01 9.200114705128662612e-03
0.000000000000000000e+00 1.095778583143278001e-01 2.272366621954891377e-02 9.334093219239009143e-01 1.426296114404095317e+00 1.262816127960465273e+00 1.864123842807661857e+00 1.998015043150420444e+00 1.115409604995434911e+01 1.907030392040676703e-01
0.000000000000000000e+00 1.117243355909501492e-03 2.269206682844730760e-02 1.096685021319891290e-01 1.821657602983677848e-01 1.448170645906339815e-01 1.556796060090110956e-01 1.429072223243002017e-02 5.039249222499689882e-04 5.467739552001512531e-04
0.000000000000000000e+00 1.092801686515678522e-03 2.269206682844730760e-02 1.313168763741120182e-01 1.461418761311998882e+00 1.249682807433139864e+00 1.012757331856251497e+00 3.763054554033275600e+00 4.558605733027088824e+00 8.512998208734023908e-03
0.000000000000000000e+00 1.092801686515678522e-03 1.231645461951578514e-03 1.530534446819437899e-01 2.027492724902255183e+00 1.840087930636849833e+00 1.783694375720044301e+00 1.167884129519553671e+00 2.907138308541140859e+00 8.519966260129531108e-03
0.000000000000000000e+00 1.231645461951578514e-03 2.269206682844730760e-02 1.052046702888410293e-03 6.626542625431344757e-02 4.440939655530811575e-02 5.321338259768066542e-03 4.883342169177938563e-02 9.665598904558357759e-04 9.665598904558357759e-04
0.000000000000000000e+00 2.262668557909372838e-02 9.558319148389736496e-04 4.139081877636233142e-01 1.782579153928552929e+00 1.743571288667932428e+00 2.024179838821920097e+00 1.479078697391899455e+00 7.667475387537065146e+00 9.234337918989888108e-03
0.000000000000000000e+00 2.262668557909372838e-02 8.793070894818010019e-02 1.152997984173717461e+00 2.336524971160298669e+00 1.636169475903226367e+00 2.309627895568200362e+00 2.472002128223186546e+00 1.006589217294362371e+01 9.179872774214559161e-03
0.000000000000000000e+00 1.202271164499381763e-03 2.269206682844730760e-02 8.901172712619649869e-04 2.241234260913307630e-01 3.597497262795336381e-02 4.213019735630351911e-03 4.004750952335519101e-03 8.279009307864434834e-04 7.885234823621367368e-04
0.000000000000000000e+00 1.117243355909501492e-03 2.269206682844730760e-02 9.795362129460328041e-04 2.241234260913307630e-01 1.834429580635204768e-02 2.195588347407985766e-02 2.163232619844531954e-02 7.897167544578481777e-04 7.897167544578481777e-04
0.000000000000000000e+00 4.436447876290276066e-02 6.617076333898343210e-02 3.704374295566119080e-01 1.715775216117828794e+00 1.791988978328858284e+00 2.024308164183306502e+00 1.479078697391899455e+00 6.550687132420932812e+00 9.241498274442986466e-03
0.000000000000000000e+00 1.117243355909501492e-03 2.269206682844730760e-02 9.558319148389736496e-04 2.032039062161965504e-01 5.353896194600384767e-02 4.390956153758476116e-03 2.157279510558023083e-02 7.897167544578481777e-04 8.291601725008132312e-04
0.000000000000000000e+00 1.095778583143278001e-01 8.793704577097188890e-02 1.426150816467866012e+00 2.214949907355497682e+00 2.024308164183306502e+00 1.167336859461731269e+00 3.284673552104077743e+00 1.151917385693162466e+01 8.394690713401105342e-03
0.000000000000000000e+00 1.092801686515678522e-03 1.231645461951578514e-03 1.218205310688559750e+00 1.597207811410456868e+00 1.166611885985598507e+00 2.024179838821920097e+00 3.962876611165031537e+00 7.667799835623984706e+00 9.231354346894629984e-03
0.000000000000000000e+00 1.095778583143278001e-01 2.272366621954891377e-02 9.334093219239009143e-01 1.426296114404095317e+00 1.262816127960465273e+00 1.864123842807661857e+00 1.998015043150420444e+00 1.115409604995434911e+01 9.204901171089973494e-03
0.000000000000000000e+00 1.095778583143278001e-01 2.272366621954891377e-02 9.334093219239009143e-01 1.426296114404095317e+00 1.262816127960465273e+00 1.864123842807661857e+00 1.998015043150420444e+00 1.115409604995434911e+01 1.907030392040676703e-01
0.000000000000000000e+00 1.092801686515678522e-03 2.271572880413281342e-02 1.747924627417280496e-01 1.960688884806667476e+00 1.743735865918086159e+00 8.257336772502333888e-01 1.061989393765079948e+00 3.854963086051483412e+00 6.953210931279259904e-03
0.000000000000000000e+00 4.436447876290276066e-02 1.096463497065994219e-01 8.102256184071906508e-01 1.568739389528478245e+00 1.359092495066419159e+00 2.024308164183306502e+00 4.640328594180565425e+00 6.946547546073663426e+00 9.227212906409791235e-03
0.000000000000000000e+00 2.262668557909372838e-02 6.616921146626401906e-02 1.530583014048074730e-01 1.355817385056166557e+00 1.213263893366300472e+00 1.573855947227864149e+00 8.217576741470031809e-01 8.768078539127907023e-01 5.310469764889012324e-03
0.000000000000000000e+00 2.262668557909372838e-02 2.271732939675506768e-02 8.784250776058515064e-02 2.094273645751145718e+00 1.551421770285780433e+00 9.504813167449347455e-01 9.019059258224300102e-01 1.811578896670550609e+00 6.946006760321015577e-03
0.000000000000000000e+00 1.231645461951578514e-03 2.269206682844730760e-02 2.278983988669744387e-02 1.074890062098208306e-03 6.612464251218036493e-02 4.621538499499249809e-03 2.646898166900165522e-02 9.635270234042374706e-04 9.635270234042374706e-04
0.000000000000000000e+00 2.262668557909372838e-02 2.271732939675506768e-02 1.747936804958171719e-01 2.005253386341385724e+00 1.695713256058835494e+00 7.636973656633373464e-01 1.142264792092844150e+00 4.532539444274924278e+00 8.519335341829997743e-03
0.000000000000000000e+00 1.117243355909501492e-03 2.273962205937232403e-02 1.096447978338820767e-01 1.989920111458139407e-01 7.520671921692758614e-04 2.140632837448729411e-02 4.228575547581908678e-03 1.839224504771819202e-02 7.956029257997442299e-04
0.000000000000000000e+00 1.092801686515678522e-03 2.271572880413281342e-02 1.096924383354631466e-01 1.978808285335260653e-01 1.834987581632843007e-02 4.317787254520409970e-03 3.957276254771977669e-02 6.691313390952278095e-04 6.528915648454622399e-04
0.000000000000000000e+00 4.436447876290276066e-02 8.795628200923689965e-02 8.982137046755834797e-01 1.568780010808329628e+00 2.134883069174863923e+00 2.725053816947146323e+00 2.742918512918290030e+00 6.404592395377384229e+00 1.907486196455514815e-01
0.000000000000000000e+00 1.913814692570430243e+00 6.853346880692036125e-01 1.748063362922606112e+00 3.036573117248707376e+00 6.681443784448498846e+00 9.341218107143568261e+00 3.319556889393029397e+00 2.888265149050422309e+00 3.419678580185831016e-03
0.000000000000000000e+00 1.202271164499381763e-03 2.269206682844730760e-02 9.100218380185244810e-04 1.379905266647714623e-01 4.439294502301704970e-02 4.747541920733299586e-03 2.688897750594105088e-02 9.695667713737459587e-04 9.695667713737459587e-04
0.000000000000000000e+00 6.610227194671179640e-02 6.617230880025576356e-02 1.767774679343368793e-01 9.277593101662293673e-01 1.559342887633546337e-01 2.506660015653539575e-01 1.782325661951542628e-01 1.167192352741870144e-02 1.416902716836319518e-03
0.000000000000000000e+00 1.095778583143278001e-01 8.793704577097188890e-02 1.355759581971231809e+00 2.311075650499756495e+00 1.944168260633615697e+00 1.479143050414729377e+00 3.149389702727609652e+00 1.097461395689746411e+01 1.762048422968464922e-01
0.000000000000000000e+00 2.262668557909372838e-02 6.616921146626401906e-02 1.747960945886165018e-01 1.355838147917427738e+00 1.286224365615328491e+00 1.511112040487178954e+00 8.217303067136871864e-01 8.773186894410820447e-01 1.091196350951090799e-01
0.000000000000000000e+00 1.231645461951578514e-03 2.262668557909372838e-02 1.003472416420051047e-03 1.748818816834121215e-01 2.265753858211804264e-02 4.678215681619925757e-03 2.153350650230154498e-02 7.861209959468121785e-04 7.861209959468121785e-04
0.000000000000000000e+00 2.262668557909372838e-02 9.558319148389736496e-04 1.530546695579210748e-01 2.049763323489014688e+00 1.743730820099347545e+00 1.783694375720044301e+00 1.686917577980365790e+00 1.822951122802280111e+00 6.953210931279259904e-03
0.000000000000000000e+00 1.117243355909501492e-03 2.269206682844730760e-02 1.096924383354631466e-01 1.817506602840604224e-01 1.448170645906339815e-01 1.318589899383532937e-01 1.422563541693752653e-01 4.404518058994013729e-04 4.404518058994013729e-04
0.000000000000000000e+00 1.141823646555060285e-03 2.269206682844730760e-02 1.003472416420051047e-03 4.447905878403811408e-02 2.265028995635688311e-02 2.635518255311039559e-02 2.646898166900165522e-02 2.270132020721122093e-02 9.650466980226360056e-04
0.000000000000000000e+00 1.231645461951578514e-03 1.173181201448080142e-03 2.273962205937232403e-02 1.027642073027596392e-03 6.612340138944357293e-02 2.708669747219432516e-02 2.632283527602989268e-02 9.635270234042374706e-04 9.635270234042374706e-04
0.000000000000000000e+00 4.436447876290276066e-02 8.790855652279244703e-02 9.158115132997417529e-01 2.336568829577749806e+00 1.573849775979595744e+00 2.413452237670384637e+00 2.472208964835227452e+00 1.006589217294362371e+01 9.179872774214559161e-03
0.000000000000000000e+00 1.117243355909501492e-03 2.269206682844730760e-02 1.096924383354631466e-01 2.504922811689626605e-01 6.184847732852395349e-04 3.274377748962796486e-03 3.216358530888305950e-02 6.547811714735796975e-04 6.875275706849031483e-04
0.000000000000000000e+00 1.092801686515678522e-03 2.269206682844730760e-02 2.274126560022908181e-02 4.974485084296294962e-02 2.265151644450578289e-02 4.767781826583853029e-03 4.731188485192622944e-03 9.620008808704849168e-04 9.858730357398864854e-04
0.000000000000000000e+00 2.116466193347340763e+00 5.214670110303368133e+00 2.852398633975486320e+00 5.352093707295538572e+00 8.390256431769477885e+00 6.839038879466433407e+00 2.108729421695405559e+00 1.947453264859866362e+00 4.802504258204194436e-04
0.000000000000000000e+00 4.436447876290276066e-02 6.621848882542788473e-02 1.747972909023346733e-01 1.938401360811847107e+00 1.743810417983186367e+00 1.623370733652125475e+00 1.375377760810130301e+00 5.056147905869166514e+00 8.516664572416869292e-03
0.000000000000000000e+00 1.092801686515678522e-03 1.173181201448080142e-03 4.356447560714550860e-01 1.760310147835663308e+00 1.695715122094792804e+00 2.184782119784623777e+00 1.478917961126178682e+00 7.847320475499991232e+00 9.231753378124655379e-03
0.000000000000000000e+00 1.092801686515678522e-03 6.616765319606536522e-02 8.784371838036798830e-02 1.408664694888760671e+00 1.322644655400524671e+00 4.932050692741244413e-01 7.789727816665290017e-02 1.878963984096186479e+00 1.091070188064802576e-01
0.000000000000000000e+00 1.117243355909501492e-03 2.269206682844730760e-02 1.096685021319891290e-01 1.818021339733646990e-01 1.448170645906339815e-01 1.439684051918450614e-01 1.464881617028282283e-02 5.596962882086262787e-04 5.460723790034743147e-04
0.000000000000000000e+00 8.784006513051878517e-02 6.617384783605531617e-02 1.943765403725720431e-01 8.992006010229969259e-01 3.572909041368704242e-01 3.491735997643271028e-01 2.281463962867720241e-01 5.198696497443566072e-02 1.825225823270945104e-03
0.000000000000000000e+00 1.092801686515678522e-03 1.531188259312973865e-01 1.320562068507793008e+00 1.534000322367254032e+00 1.511618108257535065e+00 1.790921592539173268e+00 3.691986413880877560e+00 1.460361547936965998e+01 7.125928907595144128e-03
0.000000000000000000e+00 1.092801686515678522e-03 1.173181201448080142e-03 2.116466193347340763e+00 2.932175381259313873e+00 1.543266059251241273e+00 3.420705228828508471e+00 4.024756175259284419e+00 1.406100517805786865e+01 6.019776842770279898e-03
0.000000000000000000e+00 6.610227194671179640e-02 8.793389049796661305e-02 1.944158998218100121e-01 8.993330610579648443e-01 3.572909041368704242e-01 4.062630951924083300e-01 4.104237845139457885e-01 2.062949016998424229e-02 2.415628235193775005e-03
0.000000000000000000e+00 2.262668557909372838e-02 1.096447978338820767e-01 1.232572068534598220e+00 2.840063318317902485e+00 1.944285663841619272e+00 1.582444065116576981e+00 3.013627459579749868e+00 1.206366827103057027e+01 1.512490764305651769e-01
0.000000000000000000e+00 2.262668557909372838e-02 2.269362509864800148e-02 1.530558873120081431e-01 1.355814961392252549e+00 1.322644795658347805e+00 6.855986131337304945e-01 7.635890544545387293e-01 1.150254434719114455e-01 4.081950213256254657e-03
0.000000000000000000e+00 2.262668557909372838e-02 2.269362509864800148e-02 1.095803009443921255e-01 1.355831909567047022e+00 1.322644784050997613e+00 6.854512800376247883e-01 8.881455017274467734e-01 1.159703346535438245e-01 8.424377124721373067e-02
0.000000000000000000e+00 2.262668557909372838e-02 9.558319148389736496e-04 3.704326013960052011e-01 1.827063812831514422e+00 1.695713256058835494e+00 2.104481056698778385e+00 1.478917961126178682e+00 6.383993925827421201e+00 9.243688593854996333e-03
0.000000000000000000e+00 2.262668557909372838e-02 2.271732939675506768e-02 2.138737701761572296e+00 1.830128817991496737e+00 1.703532554686086442e+00 1.167257890374415519e+00 3.827176433639524866e+00 1.551136742858315820e+01 1.297655173255091721e-01
0.000000000000000000e+00 4.436447876290276066e-02 8.793230300044350967e-02 9.158115132997417529e-01 2.336524971160298669e+00 1.573849775979595744e+00 2.413452237670384637e+00 2.472002128223186546e+00 1.006589217294362371e+01 9.179872774214559161e-03
0.000000000000000000e+00 2.262668557909372838e-02 1.096447978338820767e-01 1.426147963400343999e+00 2.311137655831835502e+00 2.104609305909538097e+00 1.063851938623247895e+00 3.149628599613824242e+00 1.188203861197540512e+01 8.394690713401105342e-03
0.000000000000000000e+00 1.117243355909501492e-03 2.269206682844730760e-02 1.096685021319891290e-01 1.821657602983677848e-01 1.592372194496119442e-01 1.204486283217428289e-01 7.691771570305677708e-02 4.367445288204517074e-04 9.764070364106624753e-03
0.000000000000000000e+00 2.262668557909372838e-02 1.096447978338820767e-01 1.232572068534598220e+00 2.888160480242253580e+00 1.864112622930205188e+00 1.582444065116576981e+00 3.013627459579749868e+00 1.242666454709653401e+01 7.178158409315548057e-03
0.000000000000000000e+00 1.231645461951578514e-03 2.262668557909372838e-02 1.003472416420051047e-03 1.748818816834121215e-01 2.265753858211804264e-02 4.678215681619925757e-03 2.180098991892563676e-02 7.861209959468121785e-04 7.861209959468121785e-04
0.000000000000000000e+00 4.436447876290276066e-02 8.793230300044350967e-02 8.806158960514243184e-01 1.483286101568281445e+00 1.262819170913510369e+00 1.944168260633615697e+00 1.998015043150420444e+00 1.206158674011925491e+01 9.179872774214559161e-03
0.000000000000000000e+00 4.436447876290276066e-02 1.005109274002831832e-03 1.095803009443921255e-01 2.072055519124703871e+00 1.743810417983186367e+00 1.944146343149348866e+00 1.375454428710613852e+00 1.822894490873216533e+00 1.424433674312845510e-01
0.000000000000000000e+00 2.138776048671429564e+00 5.214673547660489739e+00 2.852400601325338236e+00 5.020024881535693595e+00 8.571818581077522481e+00 6.839038879466433407e+00 2.108729421695405559e+00 1.947453264859866362e+00 4.802504258204194436e-04
0.000000000000000000e+00 4.436447876290276066e-02 8.795628200923689965e-02 8.982137046755834797e-01 1.568780010808329628e+00 2.134883069174863923e+00 2.725053816947146323e+00 2.742918512918290030e+00 6.404592395377384229e+00 1.907486196455514815e-01
0.000000000000000000e+00 1.117243355909501492e-03 2.269206682844730760e-02 1.096924383354631466e-01 1.817506602840604224e-01 1.448170645906339815e-01 1.321778686183549267e-01 1.452764036120427101e-02 5.453670329259022913e-04 5.453670329259022913e-04
0.000000000000000000e+00 2.262668557909372838e-02 2.274126560022908181e-02 8.784250776058515064e-02 2.094273645751145718e+00 1.551421770285780433e+00 8.883618750968211852e-01 8.217576741470031809e-01 2.226708804873728020e+00 6.947855661682529257e-03
0.000000000000000000e+00 2.183273211626010735e+00 9.503849886799216051e-01 2.649373357838630927e+00 4.369247966773869507e+00 2.364240559608193681e+00 1.024605476657789183e+01 2.599271473277929179e+00 3.151951459879151152e+00 4.213980507611861381e-03
0.000000000000000000e+00 1.092801686515678522e-03 2.269206682844730760e-02 2.094198442063085697e+00 2.932175381259313873e+00 1.543266059251241273e+00 3.556614813031198530e+00 4.522745884709983066e+00 1.369745005561875750e+01 5.101250791731954184e-03
0.000000000000000000e+00 1.092801686515678522e-03 1.748566191151064431e-01 1.338160828157893167e+00 1.461042857931089900e+00 1.137699908715743335e+00 1.463231415951117276e+00 3.963114710416496766e+00 1.496641015950044462e+01 7.132806364646197134e-03
0.000000000000000000e+00 1.092801686515678522e-03 2.273962205937232403e-02 1.196468742380727868e+00 1.597207811410456868e+00 1.166611885985598507e+00 2.024179838821920097e+00 3.827386214561927069e+00 7.849072593301313461e+00 9.231354346894629984e-03
0.000000000000000000e+00 6.610227194671179640e-02 6.619609731415962428e-02 1.767774679343368793e-01 2.791135623616520789e-01 3.561903824608995128e-01 1.675697194491302874e-02 9.746085338884023785e-02 6.722211975093803950e-03 8.371210805758329222e-04
0.000000000000000000e+00 1.092801686515678522e-03 1.313810327474904116e-01 1.320561111655391473e+00 1.533998613660997545e+00 1.511624725990695861e+00 1.790939676916571299e+00 3.692016708656838286e+00 1.478504695213899467e+01 7.125928907595144128e-03
0.000000000000000000e+00 1.092801686515678522e-03 6.619131517175087798e-02 6.610592519656099952e-02 2.072053876728407129e+00 1.791988978328858284e+00 1.222561628482330409e+00 1.167699583138988473e+00 4.668091514079322657e+00 1.745310904282814934e-01
0.000000000000000000e+00 2.262668557909372838e-02 9.558319148389736496e-04 3.704326013960052011e-01 1.827063812831514422e+00 1.695713256058835494e+00 2.104481056698778385e+00 1.478917961126178682e+00 6.383993925827421201e+00 9.243688593854996333e-03
0.000000000000000000e+00 1.566010001629495108e+00 1.898742684950783577e+00 4.365103899257468001e+00 3.690493358167916682e+00 8.029767200068008037e+00 6.118420433030952843e+00 2.355483169413527644e+00 2.467902239831364586e+00 3.390621909856050224e-03
0.000000000000000000e+00 2.262668557909372838e-02 9.558319148389736496e-04 4.356459809474302336e-01 1.760286321882384097e+00 1.743651108074803391e+00 2.024308164183306502e+00 1.582885387084060014e+00 7.486224038463955566e+00 9.234337918989888108e-03
0.000000000000000000e+00 2.264656660080180059e-02 1.096447978338820767e-01 1.767774679343368793e-01 1.637085471610730258e-01 1.180057045690322687e-01 1.608952352071023051e-01 2.274884881396623676e-02 4.942820329953496929e-04 4.822182429795990300e-04
0.000000000000000000e+00 4.436447876290276066e-02 8.790855652279244703e-02 1.767774679343368793e-01 2.791135623616520789e-01 1.589713274111796415e-01 1.143653434430713794e-01 2.292749072314036532e-02 5.240360453957831292e-04 4.870468320572875838e-04
0.000000000000000000e+00 6.610227194671179640e-02 8.791010198406275233e-02 1.943961240727513362e-01 8.271438959938863800e-01 1.027193684947250496e+00 4.466609304529176039e-01 5.893213180714477195e-01 2.141490223629025080e-01 6.547845131069772451e-02
0.000000000000000000e+00 2.262668557909372838e-02 2.271732939675506768e-02 1.747936804958171719e-01 2.005253386341385724e+00 1.695713256058835494e+00 7.636973656633373464e-01 1.142264792092844150e+00 4.532539444274924278e+00 8.519335341829997743e-03
0.000000000000000000e+00 1.095778583143278001e-01 8.791317361610251346e-02 1.338161773347072536e+00 2.311014384004150823e+00 2.104502523486599497e+00 1.479121900175287996e+00 3.149768094386818262e+00 1.115617758086566091e+01 8.407642268855809037e-03
0.000000000000000000e+00 1.092801686515678522e-03 2.271572880413281342e-02 4.356459809474302336e-01 1.760311691651030630e+00 1.695713256058835494e+00 2.024319235664821193e+00 1.790359540269485850e+00 7.848211453850272967e+00 9.226285308542423250e-03
0.000000000000000000e+00 4.436447876290276066e-02 8.793230300044350967e-02 8.806158960514243184e-01 1.483286101568281445e+00 1.262819170913510369e+00 1.944296656682747315e+00 1.998015043150420444e+00 1.169859046405329117e+01 9.190213910074152351e-03
0.000000000000000000e+00 1.092801686515678522e-03 2.269206682844730760e-02 1.314062953157961178e-01 1.638579757344012511e-01 1.592372194496119442e-01 7.342530608585948193e-02 2.969867398089535461e-03 5.552880298790033786e-04 5.417840644330934249e-04
0.000000000000000000e+00 1.117243355909501492e-03 2.269206682844730760e-02 1.096447978338820767e-01 1.814446852536268084e-01 1.736573743085884913e-01 3.120722987349716562e-03 1.788361283859463136e-02 6.612541725697657774e-04 6.612541725697657774e-04
0.000000000000000000e+00 1.092801686515678522e-03 1.748566191151064431e-01 1.338160828157893167e+00 1.424562437028106032e+00 1.386985326143431951e+00 2.309679970675556415e+00 3.826791503243261339e+00 1.623805995985393835e+01 6.041271343839825503e-03
0.000000000000000000e+00 1.092801686515678522e-03 2.269206682844730760e-02 1.314544011758776720e-01 1.638579757344012511e-01 1.592372194496119442e-01 7.342530608585948193e-02 2.950025724154417637e-03 5.114074251289024231e-04 5.417840644330934249e-04
0.000000000000000000e+00 1.117243355909501492e-03 2.269206682844730760e-02 1.096924383354631466e-01 1.817506602840604224e-01 1.448170645906339815e-01 1.204071371745680935e-01 1.446620661405208404e-02 5.446579258685090713e-04 5.446579258685090713e-04
0.000000000000000000e+00 8.784006513051878517e-02 6.617384783605531617e-02 1.591809231242553857e-01 2.792013751139106326e-01 3.358614272769826492e-01 1.376864497204658144e-01 2.165878754255335867e-02 6.732510468670300195e-03 1.807906628540580443e-02
0.000000000000000000e+00 1.313156514981368428e-01 9.635270234042374706e-04 1.426147963400343999e+00 2.359115767098123317e+00 1.944146343149348866e+00 1.582746160885159847e+00 2.471838131720581977e+00 1.042998692648391668e+01 8.449551837411388086e-03
0.000000000000000000e+00 2.138735199440230605e+00 1.023342744469620591e+00 2.489049715770712545e+00 4.369300613012417678e+00 2.862374832047335893e+00 9.701617538302098609e+00 2.599288777852612142e+00 3.646755646327046740e+00 4.201287506222509821e-03
0.000000000000000000e+00 1.092801686515678522e-03 6.616765319606536522e-02 1.747948911156020357e-01 1.391032528298426163e+00 1.213202386530155996e+00 1.511523732077509230e+00 8.217441047884725958e-01 1.603917221041938124e+00 6.942755535091010670e-03
0.000000000000000000e+00 1.117243355909501492e-03 2.269206682844730760e-02 1.096924383354631466e-01 2.169977512216813287e-01 7.529759861082494388e-04 3.930520738700612679e-03 2.200459036396144527e-02 7.956029257997442299e-04 7.956029257997442299e-04
0.000000000000000000e+00 1.935552485754239216e+00 9.138447525687928286e-01 1.748067572556470717e+00 3.140347908414351075e+00 6.681324877641526605e+00 9.702054430801615226e+00 2.455158409369492478e+00 2.888264050438226427e+00 3.425297347806059017e-03
0.000000000000000000e+00 4.438435978461083287e-02 8.790855652279244703e-02 1.767774679343368793e-01 1.926804459600443553e-01 8.276528299596364047e-02 1.982033585189105218e-01 6.358137215451729884e-02 4.981700606579548239e-04 4.859979113197087177e-04
0.000000000000000000e+00 1.202271164499381763e-03 2.269206682844730760e-02 2.270821217565163405e-02 4.460413211591089666e-02 9.137232606967528878e-04 2.705023091443627473e-02 2.635933168330827775e-02 9.635270234042374706e-04 9.635270234042374706e-04
0.000000000000000000e+00 2.262668557909372838e-02 1.096447978338820767e-01 1.408550154776185614e+00 2.311135427505385920e+00 2.024458477716704508e+00 1.479121900175287996e+00 3.149562706772905951e+00 1.170067199496460653e+01 8.388049460945038935e-03
0.000000000000000000e+00 1.092801686515678522e-03 1.965944122989134180e-01 1.214977112977961848e+00 2.792029318419311679e+00 1.864112622930205188e+00 1.582444065116576981e+00 3.013627459579749868e+00 1.260739722005545005e+01 7.171975008785623842e-03
0.000000000000000000e+00 1.092801686515678522e-03 2.269206682844730760e-02 1.096685021319891290e-01 1.821657602983677848e-01 1.159767548726794439e-01 1.753248094310473626e-02 3.408053589904668380e-03 6.575822022226881190e-04 6.575822022226881190e-04
0.000000000000000000e+00 1.092801686515678522e-03 2.269206682844730760e-02 1.313168763741120182e-01 1.461438345012177953e+00 1.249682807433139864e+00 1.075380208792112713e+00 3.659562348046014879e+00 5.222656015499086202e+00 9.254794135851890716e-03
0.000000000000000000e+00 4.436447876290276066e-02 1.005109274002831832e-03 1.095803009443921255e-01 2.072030737088035313e+00 1.743810417983186367e+00 1.944274443964166599e+00 1.375454428710613852e+00 1.822894490873216533e+00 6.952970828173908949e-03
0.000000000000000000e+00 8.784006513051878517e-02 6.627057836381695932e-02 1.944158998218100121e-01 8.703602913050418888e-01 9.417039774582677270e-01 4.834423085367224870e-01 3.969277181950394695e-01 8.965257106042262558e-02 3.151042088020868104e-03
0.000000000000000000e+00 1.092801686515678522e-03 1.748566191151064431e-01 1.355758636782051330e+00 1.388083684717910105e+00 1.449305026067062352e+00 2.102049526843243310e+00 3.826821600399970436e+00 1.623799392476696823e+01 1.297518352401816621e-01
0.000000000000000000e+00 4.438435978461083287e-02 8.795628200923689965e-02 1.767774679343368793e-01 1.926804459600443553e-01 1.180068120222618339e-01 1.608817372088094111e-01 5.341613046947680382e-02 1.066155434513258761e-02 4.854682611133106823e-04
0.000000000000000000e+00 6.610227194671179640e-02 6.626886798924165600e-02 1.408624071625446117e+00 6.100929656247990884e-01 6.218422410303401371e-01 4.931220420437437690e-01 3.895879023383912454e-01 8.990990470644896759e-02 3.163064943470207061e-03
0.000000000000000000e+00 1.092801686515678522e-03 2.271572880413281342e-02 6.612340138944357293e-02 2.116638612718357404e+00 1.791909445943494772e+00 1.863984522115387454e+00 1.583089499518646859e+00 1.010563460062801733e+00 1.424411776009008312e-01
0.000000000000000000e+00 1.092801686515678522e-03 2.271572880413281342e-02 4.573837741312393179e-01 1.738044222210718415e+00 1.743810417983186367e+00 1.944146343149348866e+00 1.790359540269485850e+00 7.848211453850272967e+00 1.898117567742307610e-01
0.000000000000000000e+00 1.092801686515678522e-03 1.231645461951578514e-03 1.530534446819437899e-01 2.027492724902255183e+00 1.840087930636849833e+00 1.783694375720044301e+00 1.167884129519553671e+00 2.907138308541140859e+00 8.519966260129531108e-03
0.000000000000000000e+00 1.095778583143278001e-01 6.617538043229552469e-02 1.767996078490039202e-01 8.992446702887747501e-01 9.132082096496634271e-01 4.469593803451202829e-01 4.932000396543151921e-01 8.971774412956959321e-02 6.547390326580575237e-02
0.000000000000000000e+00 1.092801686515678522e-03 2.273962205937232403e-02 1.530546695579210748e-01 1.426204976144722192e+00 1.286224365615328491e+00 1.075279315712027728e+00 3.555590763471896398e+00 5.720624279330940531e+00 9.251477682917287962e-03
0.000000000000000000e+00 1.202271164499381763e-03 2.273962205937232403e-02 1.115550983794616176e-03 1.366229775561032256e-01 4.439294502301704970e-02 5.407333777384454830e-03 5.675558054673753711e-02 7.873248922389301449e-04 8.266361313798623435e-04
0.000000000000000000e+00 4.436447876290276066e-02 8.790855652279244703e-02 1.767774679343368793e-01 2.791574265428664603e-01 1.496440015758939146e-01 1.143644434305965824e-01 2.292688549739662143e-02 5.234672200195272362e-04 4.865241045237601500e-04
0.000000000000000000e+00 1.117243355909501492e-03 2.273962205937232403e-02 1.096447978338820767e-01 1.990931294053005784e-01 7.520671921692758614e-04 2.137660292222991892e-02 2.182638417174105963e-02 8.353725717707064348e-04 7.956029257997442299e-04
0.000000000000000000e+00 4.436447876290276066e-02 8.793230300044350967e-02 9.686049391722182378e-01 1.971770770855278521e+00 2.072548714344522924e+00 2.725181799768637614e+00 2.607362121737862637e+00 6.946415596622530941e+00 9.235389870891275860e-03
0.000000000000000000e+00 1.095778583143278001e-01 6.619925258716492789e-02 1.250171785037099026e+00 2.743934461788193779e+00 2.024308164183306502e+00 1.270982233697484531e+00 3.013866507363491820e+00 1.315259161329325011e+01 7.159314708235142363e-03
0.000000000000000000e+00 1.092801686515678522e-03 1.173181201448080142e-03 4.573825492552620053e-01 1.738042685558141009e+00 1.695715122094792804e+00 2.024458477716704508e+00 1.583089499518646859e+00 8.570326709343975224e+00 9.223400984069556399e-03
0.000000000000000000e+00 2.262668557909372838e-02 1.096447978338820767e-01 1.408550154776185614e+00 2.311075650499756495e+00 2.024458477716704508e+00 1.479121900175287996e+00 3.149768094386818262e+00 1.170067199496460653e+01 8.388049460945038935e-03
0.000000000000000000e+00 1.095778583143278001e-01 4.443758724848649588e-02 1.373355494380268826e+00 2.359230342917314704e+00 1.944168260633615697e+00 1.478981594689603218e+00 3.284880099330719894e+00 1.079318130479969717e+01 8.420156034928726399e-03
0.000000000000000000e+00 6.610227194671179640e-02 6.626886798924165600e-02 2.120123759835688404e-01 2.502057634502741768e-01 3.460355366380470921e-01 1.242779942010880934e-01 1.940702118499387507e-01 8.826716855470227718e-03 1.092210750460560591e-03
0.000000000000000000e+00 2.262668557909372838e-02 2.269362509864800148e-02 2.138737701761572296e+00 1.830128817991496737e+00 1.783694375720044301e+00 1.167237745458985509e+00 3.555749341518261719e+00 1.569356554575499096e+01 6.061932365674274625e-03
0.000000000000000000e+00 1.092801686515678522e-03 2.271572880413281342e-02 1.109517569645493751e+00 1.511742912224547819e+00 1.311003860447260694e+00 1.944060370107808966e+00 2.205831278347433422e+00 1.151783853605736674e+01 9.195219109887105627e-03
0.000000000000000000e+00 1.092801686515678522e-03 1.965944122989134180e-01 1.285368347474596717e+00 2.455358301272652533e+00 1.703821959646678375e+00 2.206033562596940722e+00 2.743228708876252586e+00 1.496757299362306348e+01 6.088207243534765264e-03
0.000000000000000000e+00 1.117243355909501492e-03 2.273962205937232403e-02 1.096447978338820767e-01 1.996591248019482512e-01 7.520671921692758614e-04 2.137660292222991892e-02 2.182638417174105963e-02 8.353725717707064348e-04 7.956029257997442299e-04
0.000000000000000000e+00 1.117243355909501492e-03 2.269206682844730760e-02 1.096685021319891290e-01 1.821657602983677848e-01 1.448170645906339815e-01 1.204269999230263150e-01 1.446620661405208404e-02 5.446579258685090713e-04 5.446579258685090713e-04
0.000000000000000000e+00 1.095778583143278001e-01 6.617538043229552469e-02 1.767605638294540704e-01 8.848245154297968984e-01 9.417048120565357783e-01 4.469593803451202829e-01 4.932000396543151921e-01 2.715793474899712290e-02 6.547233550932884949e-02
0.000000000000000000e+00 6.610227194671179640e-02 6.626886798924165600e-02 2.120123759835688404e-01 2.502057634502741768e-01 3.562000142300059125e-01 1.108468591054177915e-01 2.113113542806768774e-01 8.839585938538299659e-03 1.093159700173284600e-03
0.000000000000000000e+00 1.202271164499381763e-03 2.269206682844730760e-02 1.313168763741120182e-01 1.998814737542239650e-01 3.596510021796379269e-02 3.640249023671522990e-03 1.781676326398323046e-02 6.865325209707215381e-04 6.538385866826957075e-04
0.000000000000000000e+00 4.436447876290276066e-02 9.811302652094316522e-04 1.095803009443921255e-01 1.426223144063681225e+00 1.322644417641764214e+00 1.324254457668796459e+00 3.348075296827323744e+00 4.890017325578116747e+00 8.509342749426137067e-03
0.000000000000000000e+00 4.436447876290276066e-02 4.448069564161884204e-02 6.610712866957339784e-02 1.355831909567047022e+00 1.468627335810866796e+00 1.386675531398043226e+00 1.222566779316798025e+00 3.584285686179526920e-01 5.310469764889012324e-03
0.000000000000000000e+00 1.313156514981368428e-01 9.635270234042374706e-04 8.806158960514243184e-01 1.511783527466086241e+00 1.262816127960465273e+00 1.222572552180445360e+00 2.828625155280302117e+00 1.169933667409034506e+01 9.190213910074152351e-03
0.000000000000000000e+00 1.095778583143278001e-01 6.617538043229552469e-02 1.943777988212983532e-01 8.704146225267612724e-01 9.417048120565357783e-01 3.010976040733059356e-01 6.034490065892952892e-02 2.026813638974387169e-02 2.415628235193775005e-03
0.000000000000000000e+00 8.486628265638141988e-01 3.066092925786980672e+00 1.187287266761350768e+00 5.994841774125623246e+00 1.528899332037596537e+01 3.770423002281383162e+00 3.272932069664141519e+00 2.053831579817963604e+00 9.641618687245877631e-03
0.000000000000000000e+00 1.117243355909501492e-03 2.269206682844730760e-02 1.096685021319891290e-01 1.821657602983677848e-01 1.448170645906339815e-01 1.318589899383532937e-01 9.561972499294529859e-02 4.378190382796901719e-04 4.378190382796901719e-04
0.000000000000000000e+00 1.117243355909501492e-03 2.269206682844730760e-02 9.795362129460328041e-04 2.453721532830333840e-01 7.474322780768706889e-04 3.823196030419708912e-03 2.156964608606872988e-02 7.885234823621367368e-04 7.885234823621367368e-04
0.000000000000000000e+00 1.095778583143278001e-01 2.272366621954891377e-02 1.355756728903708908e+00 2.407204417446462852e+00 2.024211938419506307e+00 1.479143050414729377e+00 3.284880099330719894e+00 1.097467944283267371e+01 8.413953617393870460e-03
0.000000000000000000e+00 6.610227194671179640e-02 6.617230880025576356e-02 2.119926348134026917e-01 2.503377016347844153e-01 3.358710590460891043e-01 3.146655977470365628e-01 2.506292662293932993e-01 4.012743821679436856e-02 1.408244010642738979e-03
0.000000000000000000e+00 1.092801686515678522e-03 2.269206682844730760e-02 1.096924383354631466e-01 1.993484689082179184e-01 1.592379691217728765e-01 1.771219563530673433e-02 2.628589613715407586e-02 5.537880974678900323e-04 5.403247962776934260e-04
0.000000000000000000e+00 6.610227194671179640e-02 6.617230880025576356e-02 2.119730851826535367e-01 2.648020110055290810e-01 3.460359972615575375e-01 2.629436924468721015e-01 3.174362912763191713e-01 1.186881175475071500e-02 1.409363824100154068e-03
0.000000000000000000e+00 1.095778583143278001e-01 2.269979406467951752e-02 1.408550154776185614e+00 2.359232589429736571e+00 1.944157414630860004e+00 1.479282809826486522e+00 3.149768094386818262e+00 1.042941956365966760e+01 1.762169223741160695e-01
0.000000000000000000e+00 2.262668557909372838e-02 2.274126560022908181e-02 8.784250776058515064e-02 2.094273645751145718e+00 1.551421770285780433e+00 8.883618750968211852e-01 8.215039306632037075e-01 2.226708804873728020e+00 1.424382522647867910e-01
0.000000000000000000e+00 6.610227194671179640e-02 6.617230880025576356e-02 1.767774679343368793e-01 9.136442403378789434e-01 3.572902696420624524e-01 4.346191670825136355e-01 9.319168892605658727e-03 5.150220327175424051e-02 1.820297471184291038e-03
0.000000000000000000e+00 2.262668557909372838e-02 6.616921146626401906e-02 1.747960945886165018e-01 1.285446913420792647e+00 7.766866055055497986e-01 1.166374940380220382e+00 7.012693545309081067e-01 9.175492991188427538e-01 5.301917127010591889e-03
0.000000000000000000e+00 1.092801686515678522e-03 1.748566191151064431e-01 1.302965210909575733e+00 2.551552625121356055e+00 1.623638379705785617e+00 2.102206690947364898e+00 2.743024025376426867e+00 1.514907113165604535e+01 6.081773469730368704e-03
0.000000000000000000e+00 2.262668557909372838e-02 1.096447978338820767e-01 1.320561111655391473e+00 1.533998613660997545e+00 1.573843432001139409e+00 2.413434585260365584e+00 3.285118996216928711e+00 1.206360278509535533e+01 8.381297186237195163e-03
0.000000000000000000e+00 4.436447876290276066e-02 1.005109274002831832e-03 1.095803009443921255e-01 2.072030737088035313e+00 1.743810417983186367e+00 1.944274443964166599e+00 1.375454428710613852e+00 1.822894490873216533e+00 6.952970828173908949e-03
0.000000000000000000e+00 2.262668557909372838e-02 2.271732939675506768e-02 8.784250776058515064e-02 1.461398138138565672e+00 1.249743944712344623e+00 1.262345926296168042e+00 3.348109381438666876e+00 5.553931072737428032e+00 9.253183776439978178e-03
0.000000000000000000e+00 8.784006513051878517e-02 6.617384783605531617e-02 1.944158998218100121e-01 8.993330610579648443e-01 3.573126080258358650e-01 4.062630951924083300e-01 4.102430551805019143e-01 6.872665209433749534e-02 5.051425384735260676e-02
0.000000000000000000e+00 1.587747794813303193e+00 1.825783618574557288e+00 4.468907512805536442e+00 3.691955721022735837e+00 7.848003996645086744e+00 6.118385769078938274e+00 2.355491602972541898e+00 2.466934253197329063e+00 3.396563075379768846e-03
0.000000000000000000e+00 1.141823646555060285e-03 2.269206682844730760e-02 1.314062953157961178e-01 1.822310733892405221e-01 2.601656152017172707e-01 1.235993171223257331e-01 1.166944886243180025e-02 4.498485625646902325e-04 4.388813473658041589e-04
0.000000000000000000e+00 4.436447876290276066e-02 8.790855652279244703e-02 1.767774679343368793e-01 2.935337172206286538e-01 3.460554350845705951e-01 8.387007352837731744e-02 4.416906599966628419e-03 2.418084349816135986e-02 8.363122143322603529e-04
0.000000000000000000e+00 1.117243355909501492e-03 2.269206682844730760e-02 1.096924383354631466e-01 1.817506602840604224e-01 1.303969097316560466e-01 3.579005270315197863e-03 3.334625646336937012e-03 1.507773706120062868e-02 6.749019523598456024e-04
0.000000000000000000e+00 7.617116538285821914e-01 2.138624343908411607e+00 3.771703595687589505e+00 8.672989525070837757e+00 1.365498490749035909e+01 2.887780971228067983e+00 2.326421739060733795e+00 1.554968724608211783e+00 3.368215327497330069e-04
0.000000000000000000e+00 7.617116538285821914e-01 2.110226455935758416e+00 3.851862513214764139e+00 8.673508953210028238e+00 1.365498490749035909e+01 2.888265679125725072e+00 2.399035704392426638e+00 1.554956239590333800e+00 3.350111823022334438e-04
0.000000000000000000e+00 4.436447876290276066e-02 2.271892344901845981e-02 8.784371838036798830e-02 1.355831909567047022e+00 1.395605625856963572e+00 1.511327394195048690e+00 1.142278196516797406e+00 7.736078129634198497e-01 5.314112169709104584e-03
0.000000000000000000e+00 2.262668557909372838e-02 2.274126560022908181e-02 8.784250776058515064e-02 2.094298143897515452e+00 1.551501247291614760e+00 8.883618750968211852e-01 7.414690913470025624e-01 2.226246633559351373e+00 6.946963213729455584e-03
0.000000000000000000e+00 1.117243355909501492e-03 2.269206682844730760e-02 1.096685021319891290e-01 1.821657602983677848e-01 1.448170645906339815e-01 1.556796060090110956e-01 1.465024212935561558e-02 5.467739552001512531e-04 5.467739552001512531e-04
0.000000000000000000e+00 4.436447876290276066e-02 4.448069564161884204e-02 6.610712866957339784e-02 1.355831909567047022e+00 1.468566467662929753e+00 1.386675531398043226e+00 1.222566779316798025e+00 3.584285686179526920e-01 5.310469764889012324e-03
0.000000000000000000e+00 1.092801686515678522e-03 2.276374813826762336e-02 2.278983988669744387e-02 1.137419459702905672e-01 2.267530675403428564e-02 2.640808577554822068e-02 2.685229740766021875e-02 9.695667713737459587e-04 9.695667713737459587e-04
0.000000000000000000e+00 2.262668557909372838e-02 2.271732939675506768e-02 1.095803009443921255e-01 1.461458120761236490e+00 1.249682807433139864e+00 1.262339308563007245e+00 3.244285798002496168e+00 5.553931072737428032e+00 9.253183776439978178e-03
0.000000000000000000e+00 6.610227194671179640e-02 6.617230880025576356e-02 1.767970175650860620e-01 9.281083437679009673e-01 3.795599102297610439e-01 2.636331216749891460e-01 3.578434134198633237e-02 5.197719453640755466e-02 1.816453088200613254e-03
0.000000000000000000e+00 4.436447876290276066e-02 8.790855652279244703e-02 1.767970175650860620e-01 2.936215299728872630e-01 1.776175558860832449e-01 1.143678879400713416e-01 3.435986172605389865e-03 1.866133647496164699e-02 6.449687809397322558e-04
0.000000000000000000e+00 1.092801686515678522e-03 1.231645461951578514e-03 1.965290310495598214e-01 1.408608387264728368e+00 1.249683240480620183e+00 1.573742269820692652e+00 3.036274723413343590e+00 6.218800433317388965e+00 9.241498274442986466e-03
0.000000000000000000e+00 1.092801686515678522e-03 2.269206682844730760e-02 1.096685021319891290e-01 1.821657602983677848e-01 1.159767548726794439e-01 1.758132492771326272e-02 1.782820844888261327e-02 6.749019523598456024e-04 6.585069372349182555e-04
0.000000000000000000e+00 1.092801686515678522e-03 1.202271164499381763e-03 1.530534446819437899e-01 1.443801559765468312e+00 1.286224365615328491e+00 1.137599015635658128e+00 3.451767977490842743e+00 5.886636849948943429e+00 9.249675488706319074e-03
0.000000000000000000e+00 1.202271164499381763e-03 2.269206682844730760e-02 8.901172712619649869e-04 1.814023231512375267e-01 5.353800483527890869e-02 4.180066831274840272e-03 2.159939899235869057e-02 8.279009307864434834e-04 7.885234823621367368e-04
0.000000000000000000e+00 2.262668557909372838e-02 9.558319148389736496e-04 1.313168763741120182e-01 1.338234100942887972e+00 1.322705531178139271e+00 7.335527916321369357e-01 8.258258018038161508e-01 2.762547308471678398e-01 4.083457854442378368e-03
0.000000000000000000e+00 2.262668557909372838e-02 9.558319148389736496e-04 1.174730949196920005e+00 2.445916900119275539e+00 1.511530076055962235e+00 2.413469595919734534e+00 3.691447308471235367e+00 7.127198174177390655e+00 9.218610483606044445e-03
0.000000000000000000e+00 1.092801686515678522e-03 2.271572880413281342e-02 2.182680491093461350e-01 1.267867586726278528e+00 7.767340364013866072e-01 1.070186968204978717e+00 7.011021373512477117e-01 1.398361350838288386e+00 5.304954405920433297e-03
0.000000000000000000e+00 1.095778583143278001e-01 6.617538043229552469e-02 1.767799901971392196e-01 8.848245154297968984e-01 9.132073861587322039e-01 3.375206249247902912e-01 6.034490065892952892e-02 6.872665209433749534e-02 2.417091923001604518e-03
0.000000000000000000e+00 4.436447876290276066e-02 8.790855652279244703e-02 2.119730851826535367e-01 2.936423207234850064e-01 1.682910508668661598e-01 1.245331617740499663e-01 3.437269307791927537e-03 5.246563719671712075e-03 6.456457234857303391e-04
0.000000000000000000e+00 1.092801686515678522e-03 1.531188259312973865e-01 1.320562068507793008e+00 1.534045464679782533e+00 1.511517215177449858e+00 1.790921592539173268e+00 3.691778314855435283e+00 1.460361547936965998e+01 7.125928907595144128e-03
0.000000000000000000e+00 8.784006513051878517e-02 4.448394924771760517e-02 1.461417497497921714e+00 5.531500878439546964e-01 5.488462116261449975e-01 4.929704808445281583e-01 7.011945463410766965e-01 1.158122147951829162e-01 4.075574027953477417e-03
0.000000000000000000e+00 1.092801686515678522e-03 4.445352198794184223e-02 1.131256580583390958e+00 1.511814665075481567e+00 1.262901145717997498e+00 9.504733460356045160e-01 2.932631756484656904e+00 1.151627487459484023e+01 9.200114705128662612e-03
0.000000000000000000e+00 1.202271164499381763e-03 2.269206682844730760e-02 2.270821217565163405e-02 5.023507596849437207e-02 9.338101876900541240e-04 2.639168901420724939e-02 4.987579945906987083e-03 9.620008808704849168e-04 9.620008808704849168e-04
0.000000000000000000e+00 1.117243355909501492e-03 2.269206682844730760e-02 1.096685021319891290e-01 1.821657602983677848e-01 1.448036403852716314e-01 1.204269999230263150e-01 2.715337918723458813e-03 5.439450666913707389e-04 5.439450666913707389e-04
0.000000000000000000e+00 1.092801686515678522e-03 6.621520842699038512e-02 3.704350297698792427e-01 1.760284819052988725e+00 1.791988978328858284e+00 1.944146343149348866e+00 1.582907138988066009e+00 6.550687132420932812e+00 9.241498274442986466e-03
0.000000000000000000e+00 1.117243355909501492e-03 2.269206682844730760e-02 1.097410126219314913e-01 1.817506602840604224e-01 1.448170645906339815e-01 3.581226719637546022e-03 1.780591959820024966e-02 6.594271842131245454e-04 6.594271842131245454e-04
0.000000000000000000e+00 4.436447876290276066e-02 8.793230300044350967e-02 9.862027477963767330e-01 2.008209131830227534e+00 1.885578981806134591e+00 2.725199884146035423e+00 2.742058693858173690e+00 6.765071465509490345e+00 9.239319921725625689e-03
0.000000000000000000e+00 4.436447876290276066e-02 8.793230300044350967e-02 9.862027477963767330e-01 1.971772795153869495e+00 1.947904084519614942e+00 2.621393194453869757e+00 2.743124662957306725e+00 6.946348809774432809e+00 9.239319921725625689e-03
0.000000000000000000e+00 1.092801686515678522e-03 2.269206682844730760e-02 1.096685021319891290e-01 2.521418947806953748e-01 2.945879449123976757e-02 3.211929840593484575e-02 1.782598723128211299e-02 1.507773706120062868e-02 6.585069372349182555e-04
0.000000000000000000e+00 2.262668557909372838e-02 9.558319148389736496e-04 1.313168763741120182e-01 2.049761730995145914e+00 1.791988978328858284e+00 1.783694375720044301e+00 1.686917577980365790e+00 1.958441519405384801e+00 8.519786423295084427e-03
0.000000000000000000e+00 1.231645461951578514e-03 2.269206682844730760e-02 2.264781502182755188e-02 1.148978791720090403e-01 2.265515183921006093e-02 2.640808577554822068e-02 2.674219549509412874e-02 9.695667713737459587e-04 9.936454916740667265e-04
0.000000000000000000e+00 4.438435978461083287e-02 8.790855652279244703e-02 1.767774679343368793e-01 2.070127880667637643e-01 7.101497186619153135e-02 1.889075553000996444e-01 2.559430670545916227e-03 1.065875962495426051e-02 4.827684555037569563e-04
0.000000000000000000e+00 4.438435978461083287e-02 8.790855652279244703e-02 1.768167587352522108e-01 1.350438559974722896e-01 1.297554496753670072e-01 1.605613725539622727e-01 1.275576954167615198e-02 4.514219247568133616e-04 4.811076338112129725e-04
0.000000000000000000e+00 1.092801686515678522e-03 1.202271164499381763e-03 1.747912378657528187e-01 1.408626593888248513e+00 1.286224735172266209e+00 1.324665626219798442e+00 3.140479108310331391e+00 5.554541809112039985e+00 9.254794135851890716e-03
0.000000000000000000e+00 1.092801686515678522e-03 8.792910835555783899e-02 1.174734581043806125e+00 2.300044550257315024e+00 1.636175647151497436e+00 2.932485686131201863e+00 2.472043232170211713e+00 9.521733742457922034e+00 8.476298825357331257e-03
0.000000000000000000e+00 2.264656660080180059e-02 1.096447978338820767e-01 1.767774679343368793e-01 1.637523234898312641e-01 1.180057045690322687e-01 1.608952352071023051e-01 2.419893630048893917e-03 1.065761733953495168e-02 4.816646329688135139e-04
0.000000000000000000e+00 4.436447876290276066e-02 2.271892344901845981e-02 1.095815115641770032e-01 1.355833168015772694e+00 1.395605680316255981e+00 1.511321247967800430e+00 1.142517754603488145e+00 8.774620170787648110e-01 5.316302813302979831e-03
0.000000000000000000e+00 1.095778583143278001e-01 2.272366621954891377e-02 1.767970175650860620e-01 2.791135623616520789e-01 3.460355366380470921e-01 1.675638213996850229e-02 8.402863189397491439e-02 6.583308280497821539e-03 1.807663970243205548e-02
0.000000000000000000e+00 4.436447876290276066e-02 8.790855652279244703e-02 1.767774679343368793e-01 2.791574265428664603e-01 1.496440015758939146e-01 1.143644434305965824e-01 2.597930313479279024e-03 1.068679604090105179e-02 4.859979113197087177e-04
0.000000000000000000e+00 6.612215296841986167e-02 8.791010198406275233e-02 1.591809231242553857e-01 9.136442403378789434e-01 9.416770493396408037e-01 3.740584458792720057e-01 3.007431661825910596e-01 2.080962641596094051e-02 5.052263133341944323e-02
0.000000000000000000e+00 1.141823646555060285e-03 1.173181201448080142e-03 1.314285879784154176e-01 1.818021339733646990e-01 1.592372194496119442e-01 3.559033285666761588e-03 1.780806774614395599e-02 6.603429327873410349e-04 6.603429327873410349e-04
0.000000000000000000e+00 1.092801686515678522e-03 1.173181201448080142e-03 2.094197187254450476e+00 2.994492463144418970e+00 1.543266059251241273e+00 3.285634019824982932e+00 4.190816246402988554e+00 1.406100517805786865e+01 1.297233618025905866e-01
0.000000000000000000e+00 1.092801686515678522e-03 2.271572880413281342e-02 1.314062953157961178e-01 1.997239852564682561e-01 7.529759861082494388e-04 4.377145299401476522e-03 2.164758524980587781e-02 7.956029257997442299e-04 7.956029257997442299e-04
0.000000000000000000e+00 6.610227194671179640e-02 6.624437536774410717e-02 1.767774679343368793e-01 2.935775814018430907e-01 3.257070420776406183e-01 1.646177102806621884e-01 2.729347101882497184e-01 9.023366788198585939e-03 2.336403930708909685e-02
0.000000000000000000e+00 2.262668557909372838e-02 9.558319148389736496e-04 4.356459809474302336e-01 1.760286321882384097e+00 1.743651108074803391e+00 2.024308164183306502e+00 1.686692076776225235e+00 7.305712581746417911e+00 9.234337918989888108e-03
0.000000000000000000e+00 6.610227194671179640e-02 6.617230880025576356e-02 1.767970175650860620e-01 9.280643951968567951e-01 3.572909041368704242e-01 2.351364783794245017e-01 3.578740333579565058e-02 1.207259542872887552e-02 1.415858060735903376e-03
0.000000000000000000e+00 1.092801686515678522e-03 1.313810327474904116e-01 1.320561111655391473e+00 1.533998613660997545e+00 1.511624725990695861e+00 1.790939676916571299e+00 3.692016708656838286e+00 1.478504695213899467e+01 7.125928907595144128e-03
0.000000000000000000e+00 1.095778583143278001e-01 2.269979406467951752e-02 1.408550154776185614e+00 2.407329751354087666e+00 2.024308164183306502e+00 1.582724650818339240e+00 2.471804140162926267e+00 1.043005350771155193e+01 8.443886522081764379e-03
0.000000000000000000e+00 1.092801686515678522e-03 1.313810327474904116e-01 1.320561111655391473e+00 2.647685867788509118e+00 1.703788980862290359e+00 1.790745354170409032e+00 2.742852518340973322e+00 1.478600882050311505e+01 7.104687404678781092e-03
0.000000000000000000e+00 1.092801686515678522e-03 8.795300161079736001e-02 1.174734581043806125e+00 2.409442403342462846e+00 1.449197515253819457e+00 3.036619953222520873e+00 2.607499282092181847e+00 7.706882994627674677e+00 9.209578978865259197e-03
0.000000000000000000e+00 1.117243355909501492e-03 2.269206682844730760e-02 1.096924383354631466e-01 2.504922811689626605e-01 6.184847732852395349e-04 3.274377748962796486e-03 3.223691812296116538e-02 6.547811714735796975e-04 6.547811714735796975e-04
0.000000000000000000e+00 6.610227194671179640e-02 6.617230880025576356e-02 1.767970175650860620e-01 9.136442403378789434e-01 3.572902696420624524e-01 3.776243152869052655e-01 4.580430549651955119e-02 1.553876147490307336e-02 3.829816947937431798e-02
0.000000000000000000e+00 1.313156514981368428e-01 9.635270234042374706e-04 8.982137046755834797e-01 1.483287733114917906e+00 1.310913289884816368e+00 1.061980705175370465e+00 2.828806902238933496e+00 1.151776310621184152e+01 9.200114705128662612e-03
0.000000000000000000e+00 8.785994615222685045e-02 6.619767824250466504e-02 2.295721576208903658e-01 2.216066983066026230e-01 3.358710590460891043e-01 3.492349807085202706e-01 2.729352123715201861e-01 6.888034933049348718e-02 1.412659256915131016e-03
0.000000000000000000e+00 2.262668557909372838e-02 9.558319148389736496e-04 3.486948082121962278e-01 1.827112491856013765e+00 1.791670152913605873e+00 2.024308164183306502e+00 1.582885387084060014e+00 6.550074989858037711e+00 9.239209978636666459e-03
0.000000000000000000e+00 1.231645461951578514e-03 2.269206682844730760e-02 1.052607036109320720e-03 1.805860282085944568e-01 5.353800483527890869e-02 4.328462787013176785e-03 3.922696281734495971e-02 7.897167544578481777e-04 8.093413027757922736e-04
0.000000000000000000e+00 1.092801686515678522e-03 8.795300161079736001e-02 1.196472374227615321e+00 2.263566135441885230e+00 1.698495347075128059e+00 2.828661344029017144e+00 2.607533628773322842e+00 9.521799330282323837e+00 8.471158456915902149e-03
0.000000000000000000e+00 6.610227194671179640e-02 6.617230880025576356e-02 2.120123759835688404e-01 2.502496518244366475e-01 3.460355366380470921e-01 1.377774450408539575e-01 1.940416361252690902e-01 5.337759812431845663e-02 1.095033214198490789e-03
0.000000000000000000e+00 4.438435978461083287e-02 8.790855652279244703e-02 1.767970175650860620e-01 1.349558779530897756e-01 1.297664861106381795e-01 1.422394035071948282e-01 2.103090346462546320e-02 1.065704100330503411e-02 1.064558522577012389e-02
0.000000000000000000e+00 6.614214674560590923e-02 6.617230880025576356e-02 1.408624071625446117e+00 6.100929656247990884e-01 5.488455736555942766e-01 6.375014512093792884e-01 3.895795840766934637e-01 8.969860731705175949e-02 3.164450315664892738e-03
0.000000000000000000e+00 1.117243355909501492e-03 2.269206682844730760e-02 9.558319148389736496e-04 2.032039062161965504e-01 5.353896194600384767e-02 3.766908057175459915e-03 2.142409373343679910e-02 7.897167544578481777e-04 8.291601725008132312e-04
0.000000000000000000e+00 2.264656660080180059e-02 8.790700465007304787e-02 2.836012909883375843e-01 2.502936323690068132e-01 3.460355366380470921e-01 1.377096976154936758e-01 1.940416361252690902e-01 5.361425828810215122e-02 1.095033214198490789e-03
0.000000000000000000e+00 6.610227194671179640e-02 6.619609731415962428e-02 1.768167587352522108e-01 2.792454045872490020e-01 3.460355366380470921e-01 2.801840960288071170e-01 1.838222547189786449e-01 8.877950941952941766e-03 1.095957734898325188e-03
0.000000000000000000e+00 1.095778583143278001e-01 2.269979406467951752e-02 1.944145673594097068e-01 2.648357587004154801e-01 1.683075398817623913e-01 1.752324291533806644e-01 4.368834203338794325e-02 3.224434920491226625e-02 6.502541306886309904e-04
0.000000000000000000e+00 2.262668557909372838e-02 2.274126560022908181e-02 1.095803009443921255e-01 1.443840536388019347e+00 1.249743944712344623e+00 1.324564632306611811e+00 3.348092487694656505e+00 5.553999566150040756e+00 9.251477682917287962e-03
0.000000000000000000e+00 1.092801686515678522e-03 2.269206682844730760e-02 2.274126560022908181e-02 1.139647219225784491e-01 2.265515183921006093e-02 4.633713468056828780e-03 4.884213766652904798e-02 9.936454916740667265e-04 9.695667713737459587e-04
0.000000000000000000e+00 2.262668557909372838e-02 9.558319148389736496e-04 4.139081877636233142e-01 1.760284819052988725e+00 1.743572990989254778e+00 2.024190762520039044e+00 1.790520518372391789e+00 7.486298053212098402e+00 9.231753378124655379e-03
0.000000000000000000e+00 1.117243355909501492e-03 2.269206682844730760e-02 1.096685021319891290e-01 1.821657602983677848e-01 1.736573743085884913e-01 1.439521204522232756e-01 2.094134043591364819e-02 4.351100167826111621e-04 4.351100167826111621e-04
0.000000000000000000e+00 1.117243355909501492e-03 2.269206682844730760e-02 1.314062953157961178e-01 1.992063016609442183e-01 7.529759861082494388e-04 7.563889442041507594e-02 1.782373207514870855e-02 6.566529894234754156e-04 6.566529894234754156e-04
0.000000000000000000e+00 2.262668557909372838e-02 6.616921146626401906e-02 1.530583014048074730e-01 1.303043485177632688e+00 7.766866055055497986e-01 1.166374940380220382e+00 6.389496546072747085e-01 9.175098632579773428e-01 5.300329114319803081e-03
0.000000000000000000e+00 2.027390168975780949e+00 9.503739402556578009e-01 1.872713104575727705e+00 3.140263003882072912e+00 6.349091768236844402e+00 9.157714192960286326e+00 2.455158409369492478e+00 2.887780038787348680e+00 3.425297347806059017e-03
0.000000000000000000e+00 1.092801686515678522e-03 1.531188259312973865e-01 1.320562068507793008e+00 2.551493732166255857e+00 1.863995593596902589e+00 9.602707501352278907e-01 3.690674207812600027e+00 1.442224905717282901e+01 7.118950277581386453e-03
0.000000000000000000e+00 1.092801686515678522e-03 4.442986001225633641e-02 1.965314736796262007e-01 1.355817385056166557e+00 1.286224735172266209e+00 1.511118159086322743e+00 9.019059258224300102e-01 8.764893478215869393e-01 5.312945402943720398e-03
0.000000000000000000e+00 6.610227194671179640e-02 8.791010198406275233e-02 1.767787317484128540e-01 7.983814884825850555e-01 2.593770304476889499e-01 2.728982065270466606e-01 3.574650975168120609e-02 1.147374627738490492e-02 1.410472989109290204e-03
0.000000000000000000e+00 1.092801686515678522e-03 1.231645461951578514e-03 1.530534446819437899e-01 1.443801559765468312e+00 1.249743944712344623e+00 1.137504370355270078e+00 3.451784073779730733e+00 6.218592091584037362e+00 9.247776824424710010e-03
0.000000000000000000e+00 4.438435978461083287e-02 8.790855652279244703e-02 1.767970175650860620e-01 1.782163425300222481e-01 8.276472128231186776e-02 2.073711630268974815e-01 1.275898419472369302e-02 4.954104117646626788e-04 4.833152621613513332e-04
0.000000000000000000e+00 1.117243355909501492e-03 2.269206682844730760e-02 1.096685021319891290e-01 1.822181312210332249e-01 1.448170645906339815e-01 1.789622039358342576e-01 1.161509978765088054e-02 4.459707578874583722e-04 4.351100167826111621e-04
0.000000000000000000e+00 1.117243355909501492e-03 2.269206682844730760e-02 1.314062953157961178e-01 1.992063016609442183e-01 7.365602372100257464e-04 7.568753412423230575e-02 3.217049453934634623e-02 6.575822022226881190e-04 6.575822022226881190e-04
0.000000000000000000e+00 1.202271164499381763e-03 2.269206682844730760e-02 1.095790831903050572e-01 1.810454010281498105e-01 1.834896094492986449e-02 3.838264449511790723e-03 2.167442163176210371e-02 1.839224504771819202e-02 8.153893233505828770e-04
0.000000000000000000e+00 1.092801686515678522e-03 4.447741524318134937e-02 1.313180941282011405e-01 1.443802784768880576e+00 1.249743476753831795e+00 1.075178253871971190e+00 3.555590763471896398e+00 6.052649420566938332e+00 9.247776824424710010e-03
0.000000000000000000e+00 2.262668557909372838e-02 2.271732939675506768e-02 1.131256580583390958e+00 1.511746153565937112e+00 1.310998307642351035e+00 1.863877820230947613e+00 2.102004038549846854e+00 1.151783853605736674e+01 1.906933571428647833e-01
0.000000000000000000e+00 1.202271164499381763e-03 2.269206682844730760e-02 1.313367809408686193e-01 1.991552515308932236e-01 3.594859323442655546e-02 1.752359409674900115e-02 1.798991539495224320e-02 6.710730969409653499e-04 6.547811714735796975e-04
0.000000000000000000e+00 1.117243355909501492e-03 2.269206682844730760e-02 1.313825910176890654e-01 1.821785758284750478e-01 1.592245311888730586e-01 6.173567738918390307e-02 1.446164008515101601e-02 5.696929732944962200e-04 5.425081272148355935e-04
0.000000000000000000e+00 6.610227194671179640e-02 6.619609731415962428e-02 1.768167587352522108e-01 2.792013751139106326e-01 3.358710590460891043e-01 1.375501380327749379e-01 1.595879269884616369e-01 8.800858523211729095e-03 1.090288573823022539e-03
0.000000000000000000e+00 2.262668557909372838e-02 9.795362129460328041e-04 1.196468742380727868e+00 2.482442605008524872e+00 1.511517215177449858e+00 2.517241274952525920e+00 2.742918512918290030e+00 7.307519752705801785e+00 9.231354346894629984e-03
0.000000000000000000e+00 2.262668557909372838e-02 9.795362129460328041e-04 8.784129000649602836e-02 2.094272082313814565e+00 1.551423636321735078e+00 8.260501929716798086e-01 9.019459488575037875e-01 2.226659993723933528e+00 6.946963213729455584e-03
0.000000000000000000e+00 4.436447876290276066e-02 8.793230300044350967e-02 8.806158960514243184e-01 1.483286101568281445e+00 1.310916332837861464e+00 1.863609545544627766e+00 1.998015043150420444e+00 1.188008860208627837e+01 1.906832366591174888e-01
0.000000000000000000e+00 8.785994615222685045e-02 6.622174243152458006e-02 1.592202825734933547e-01 9.281083437679009673e-01 4.018289163226506089e-01 4.061193933004328405e-01 1.551759204613737397e-01 5.175569476958967463e-02 3.830802554073763078e-02
0.000000000000000000e+00 1.092801686515678522e-03 1.313810327474904116e-01 1.320561111655391473e+00 2.599588705864158023e+00 1.944157414630860004e+00 1.686896189210812524e+00 2.743024025376426867e+00 1.460457671755709974e+01 7.104687404678781092e-03
0.000000000000000000e+00 6.612215296841986167e-02 6.617230880025576356e-02 2.119730851826535367e-01 2.647578564937610457e-01 3.358618798466976307e-01 3.491777239664578536e-01 2.506288915304082932e-01 4.027960680044414404e-02 1.411571476492111963e-03
0.000000000000000000e+00 6.610227194671179640e-02 6.617230880025576356e-02 1.767774679343368793e-01 9.136442403378789434e-01 3.350212635491718882e-01 2.068299111126565559e-01 1.782314165435238684e-01 1.536253061791504303e-02 1.815143625148867099e-03
0.000000000000000000e+00 8.784006513051878517e-02 6.617384783605531617e-02 1.943765403725720431e-01 8.992888248005428409e-01 3.572909041368704242e-01 3.491735997643271028e-01 2.281463962867720241e-01 1.550654407145347392e-02 1.824015014961361154e-03
0.000000000000000000e+00 1.095977393360358793e-01 6.627228172212651369e-02 1.592017992248447866e-01 9.133054716599579015e-01 3.795816141187265402e-01 3.776702126345908850e-01 3.373425274226009019e-01 2.057710843657311120e-02 2.412643556349528852e-03
0.000000000000000000e+00 1.231645461951578514e-03 2.269206682844730760e-02 1.052046702888410293e-03 6.626542625431344757e-02 6.614718973911509758e-02 5.289165937006719796e-03 2.680723078866733763e-02 9.905564216189379715e-04 9.665598904558357759e-04
0.000000000000000000e+00 4.436447876290276066e-02 9.573837875583785569e-04 1.095803009443921255e-01 1.355831909567047022e+00 1.432086046759945885e+00 1.511422569897061807e+00 1.062229567890348836e+00 8.774145026555805194e-01 5.315231359195307301e-03
0.000000000000000000e+00 6.610227194671179640e-02 6.617230880025576356e-02 1.767970175650860620e-01 9.136442403378789434e-01 3.572902696420624524e-01 4.346191670825136355e-01 4.579958979558955423e-02 1.558045735965274230e-02 3.830071837416647307e-02
0.000000000000000000e+00 1.202271164499381763e-03 2.276374813826762336e-02 8.901172712619649869e-04 2.026973066626256981e-01 3.594115332184635858e-02 3.971837461911233852e-03 2.186697250323751951e-02 7.885234823621367368e-04 7.885234823621367368e-04
0.000000000000000000e+00 6.612215296841986167e-02 8.795791216874815355e-02 1.943765403725720431e-01 2.647578564937610457e-01 3.460554350845705951e-01 5.677889262011336785e-02 1.687197487345062918e-02 6.062971099475882508e-04 6.502541306886309904e-04
0.000000000000000000e+00 1.117243355909501492e-03 2.269206682844730760e-02 1.314062953157961178e-01 1.997239852564682561e-01 5.828417826021496662e-02 3.241243521991227228e-02 4.656841007711353536e-02 6.594271842131245454e-04 6.594271842131245454e-04
0.000000000000000000e+00 1.117243355909501492e-03 2.269206682844730760e-02 1.096685021319891290e-01 1.822181312210332249e-01 1.592372194496119442e-01 1.439503657123989699e-01 1.463031752374859169e-02 1.229764265052877593e-02 4.345591423297504139e-04
0.000000000000000000e+00 4.440435356179687348e-02 8.790855652279244703e-02 1.767970175650860620e-01 2.791135623616520789e-01 1.776259790817515394e-01 1.651894536806066960e-01 1.687011482194506265e-02 1.847519911436263512e-02 6.483071155724723670e-04
0.000000000000000000e+00 3.107384727220281473e+00 2.309171823102963206e+00 3.248280144586568330e-01 5.724755269714102646e+00 1.184128388755494754e+01 7.846770024117609488e+00 2.326534978117437813e+00 1.554831810684533355e+00 3.368215327497330069e-04
0.000000000000000000e+00 1.092801686515678522e-03 2.269206682844730760e-02 1.096924383354631466e-01 1.817506602840604224e-01 1.592372194496119442e-01 7.316620580084999548e-02 2.625246976439852761e-02 5.236807021421405455e-04 5.432284642138163503e-04
0.000000000000000000e+00 1.092801686515678522e-03 2.269206682844730760e-02 1.096924383354631466e-01 1.993484689082179184e-01 7.520671921692758614e-04 3.749090585264795890e-03 2.179359258665250487e-02 7.944364235590406324e-04 7.944364235590406324e-04
0.000000000000000000e+00 1.117243355909501492e-03 2.273962205937232403e-02 1.096447978338820767e-01 1.990931294053005784e-01 7.520671921692758614e-04 3.778794298070764935e-03 2.182335732790028834e-02 7.944364235590406324e-04 7.944364235590406324e-04
0.000000000000000000e+00 4.436447876290276066e-02 8.790855652279244703e-02 1.767774679343368793e-01 8.415874146140354117e-01 1.055662530892664153e+00 3.739410037144733079e-01 1.216488191972728804e-02 1.168238140186885071e-01 2.418536435799757169e-03
0.000000000000000000e+00 6.610227194671179640e-02 6.619609731415962428e-02 1.767774679343368793e-01 2.791135623616520789e-01 3.358614272769826492e-01 1.376410890796985476e-01 1.078644996962464658e-01 2.402469509710140894e-02 8.426116714840047386e-04
0.000000000000000000e+00 4.436447876290276066e-02 8.790855652279244703e-02 1.767774679343368793e-01 7.981080855765412263e-01 6.468035847219310019e-01 2.067771536032347868e-01 2.281485573089729046e-01 2.343687162625525122e-01 2.412643556349528852e-03
0.000000000000000000e+00 1.231645461951578514e-03 2.276374813826762336e-02 9.704189918426035094e-04 2.031401163350465555e-01 9.209276747772433998e-04 2.135541342091151068e-02 4.028133577687506919e-03 7.861209959468121785e-04 7.861209959468121785e-04
0.000000000000000000e+00 1.117243355909501492e-03 2.269206682844730760e-02 1.096685021319891290e-01 1.822181312210332249e-01 1.736573743085884913e-01 1.761424175599130004e-02 2.632578785501872923e-02 1.230465679279540807e-02 5.410562845676930230e-04
0.000000000000000000e+00 1.095778583143278001e-01 8.793704577097188890e-02 1.355759581971231809e+00 2.311075650499756495e+00 2.024330081667573555e+00 1.478637375424416867e+00 3.149356903966602506e+00 1.097467944283267371e+01 8.413953617393870460e-03
0.000000000000000000e+00 1.202271164499381763e-03 2.269206682844730760e-02 8.901172712619649869e-04 1.810853168443476990e-01 5.353800483527890869e-02 3.734200256330433027e-03 2.195588347407985766e-02 8.279009307864434834e-04 7.885234823621367368e-04
0.000000000000000000e+00 4.436447876290276066e-02 8.790855652279244703e-02 1.767774679343368793e-01 2.792013751139106326e-01 1.682986532464658125e-01 1.042017399555044271e-01 2.292749072314036532e-02 5.240360453957831292e-04 1.407530447879229950e-02
0.000000000000000000e+00 1.092801686515678522e-03 2.269206682844730760e-02 1.314062953157961178e-01 1.644238813004454958e-01 1.592372194496119442e-01 8.515630858545863990e-02 2.951602660213196831e-03 5.119483209130980955e-04 5.425081272148355935e-04
0.000000000000000000e+00 1.092801686515678522e-03 1.173181201448080142e-03 1.965290310495598214e-01 1.373451881196818603e+00 1.286103374869234983e+00 1.636068214594994075e+00 2.932795179152963172e+00 8.389892817702103045e+00 9.220415930627898562e-03
0.000000000000000000e+00 1.092801686515678522e-03 2.271572880413281342e-02 1.747924627417280496e-01 2.027520770900343550e+00 1.695633658174996672e+00 8.257174397673544552e-01 1.062089339477556349e+00 4.261014258575035463e+00 8.519816690057156749e-03
0.000000000000000000e+00 1.092801686515678522e-03 1.173181201448080142e-03 1.392107656159027762e+00 2.154090973591805902e+00 1.511523732077509230e+00 2.205838858286059079e+00 3.826761014859713761e+00 1.569363103169020590e+01 6.055137120237564195e-03
0.000000000000000000e+00 4.436447876290276066e-02 1.096463497065994219e-01 1.767787317484128540e-01 8.271336137159651658e-01 1.084187657949053918e+00 4.103588943527247124e-01 2.526411846009838924e-01 1.166383487564662536e-01 2.428106394258177508e-03
0.000000000000000000e+00 6.610227194671179640e-02 6.626886798924165600e-02 1.426221880249604279e+00 5.816129163370648003e-01 5.853618201273561583e-01 4.931269942227433645e-01 4.519157466465489326e-01 2.759020478281554861e-02 3.161653277857158235e-03
0.000000000000000000e+00 6.612215296841986167e-02 6.617230880025576356e-02 2.120123759835688404e-01 2.502496518244366475e-01 3.460355366380470921e-01 1.242779942010880934e-01 2.112824651379473506e-01 3.110859203142890550e-02 1.094100528669144680e-03
0.000000000000000000e+00 1.095778583143278001e-01 8.793704577097188890e-02 1.426150816467866012e+00 2.214949907355497682e+00 2.024308164183306502e+00 1.167336859461731269e+00 3.284673552104077743e+00 1.151917385693162466e+01 8.394690713401105342e-03
0.000000000000000000e+00 1.117243355909501492e-03 2.269206682844730760e-02 1.096924383354631466e-01 1.813438762165139884e-01 1.592372194496119442e-01 1.800356707579349805e-02 1.798133370973749312e-02 1.508140903154770590e-02 5.395896081832519562e-04
0.000000000000000000e+00 1.092801686515678522e-03 2.269206682844730760e-02 1.096685021319891290e-01 1.997635689225252809e-01 1.159775045448404179e-01 1.770581619317502381e-02 1.783039569893490536e-02 6.758477172580253621e-04 6.594271842131245454e-04
0.000000000000000000e+00 4.436447876290276066e-02 8.790855652279244703e-02 1.767774679343368793e-01 2.791574265428664603e-01 1.589713274111796415e-01 1.143653434430713794e-01 2.598535539223021610e-03 5.228946847040278354e-04 1.065047550327814264e-02
0.000000000000000000e+00 1.092801686515678522e-03 2.269206682844730760e-02 9.795362129460328041e-04 2.462357184674313637e-01 7.474322780768706889e-04 2.192627141117067455e-02 4.183293758334091957e-03 7.885234823621367368e-04 7.885234823621367368e-04
0.000000000000000000e+00 4.436447876290276066e-02 8.790855652279244703e-02 2.296101846077280295e-01 8.848347773857392351e-01 8.562133578540549461e-01 4.469642964286829612e-01 2.526460042582377996e-01 2.096738956716389518e-02 2.424121615304425034e-03
0.000000000000000000e+00 1.117243355909501492e-03 2.269206682844730760e-02 1.096924383354631466e-01 1.817506602840604224e-01 1.592372194496119442e-01 3.559033285666761588e-03 1.780806774614395599e-02 6.603429327873410349e-04 6.603429327873410349e-04
0.000000000000000000e+00 3.107384727220281473e+00 2.309171823102963206e+00 3.248280144586568330e-01 5.724755269714102646e+00 1.184128388755494754e+01 7.846770024117609488e+00 2.326534978117437813e+00 1.554831810684533355e+00 3.368215327497330069e-04
0.000000000000000000e+00 6.612215296841986167e-02 1.096478951678717811e-01 1.408626593888248513e+00 6.099257919942181472e-01 5.488826704473179774e-01 5.892382446023983755e-01 4.519905548363803982e-01 1.956206953710886154e-01 4.075574027953477417e-03
0.000000000000000000e+00 6.610227194671179640e-02 6.619609731415962428e-02 1.767774679343368793e-01 2.792013751139106326e-01 3.358614272769826492e-01 1.376864497204658144e-01 1.078644996962464658e-01 6.783552666363272705e-03 8.418457857147650884e-04
0.000000000000000000e+00 1.092801686515678522e-03 2.269206682844730760e-02 1.096685021319891290e-01 1.993999425975221951e-01 1.834987581632843007e-02 4.347479621690010683e-03 4.288070749557382037e-03 7.944364235590406324e-04 7.944364235590406324e-04
0.000000000000000000e+00 1.117243355909501492e-03 2.273962205937232403e-02 1.003472416420051047e-03 2.022621949082059889e-01 9.209276747772433998e-04 2.194917647356867119e-02 3.998390136027933812e-03 8.056469898885567889e-04 7.861209959468121785e-04
0.000000000000000000e+00 2.262668557909372838e-02 1.748818816834121215e-01 1.250172730226279283e+00 2.695839587712804075e+00 2.024308164183306502e+00 1.374788923389645090e+00 3.013833311547188032e+00 1.297115896119547962e+01 7.159314708235142363e-03
0.000000000000000000e+00 4.436447876290276066e-02 6.619450981663446698e-02 3.053634267060408303e-01 8.848347773857392351e-01 8.562133578540549461e-01 4.470842197284021768e-01 2.526460042582377996e-01 2.096738956716389518e-02 2.424121615304425034e-03
0.000000000000000000e+00 2.027390168975780949e+00 9.503739402556578009e-01 1.872713104575727705e+00 3.140263003882072912e+00 6.349091768236844402e+00 9.157714192960286326e+00 2.455158409369492478e+00 2.887780038787348680e+00 3.425297347806059017e-03
0.000000000000000000e+00 2.262668557909372838e-02 9.795362129460328041e-04 1.196468742380727868e+00 2.482442605008524872e+00 1.511517215177449858e+00 2.517241274952525920e+00 2.742918512918290030e+00 7.307519752705801785e+00 9.231354346894629984e-03
0.000000000000000000e+00 1.092801686515678522e-03 2.271572880413281342e-02 1.095790831903050572e-01 1.479015306122080098e+00 1.249682807433139864e+00 1.137699908715743335e+00 3.659216370775115745e+00 4.890699868373400427e+00 8.509342749426137067e-03
0.000000000000000000e+00 1.117243355909501492e-03 2.269206682844730760e-02 1.096924383354631466e-01 1.818021339733646990e-01 1.592372194496119442e-01 3.240968569019692797e-03 3.607768149631398330e-03 1.507958204318970812e-02 6.603429327873410349e-04
0.000000000000000000e+00 6.612215296841986167e-02 6.617230880025576356e-02 1.944145673594097068e-01 2.647036074524429239e-01 3.358710590460891043e-01 1.377090945279165757e-01 3.619727029054224388e-01 3.115966408300140794e-02 1.097782193785699564e-03
0.000000000000000000e+00 2.262668557909372838e-02 9.558319148389736496e-04 4.139081877636233142e-01 1.760284819052988725e+00 1.743572990989254778e+00 2.024190762520039044e+00 1.479100449295900566e+00 6.882642374056036516e+00 9.239209978636666459e-03
0.000000000000000000e+00 1.095778583143278001e-01 6.617538043229552469e-02 1.767799901971392196e-01 8.271438959938863800e-01 1.027193684947250496e+00 4.466609304529176039e-01 5.893213180714477195e-01 2.141490223629025080e-01 6.547845131069772451e-02
0.000000000000000000e+00 2.262668557909372838e-02 9.558319148389736496e-04 3.704326013960052011e-01 1.782576044875333832e+00 1.839768889871705948e+00 2.024308164183306502e+00 1.479078697391899455e+00 6.716019067063420778e+00 9.239209978636666459e-03
0.000000000000000000e+00 1.092801686515678522e-03 1.173181201448080142e-03 4.573825492552620053e-01 1.738042685558141009e+00 1.695715122094792804e+00 2.104620298750666141e+00 1.583067808094939855e+00 8.389817273399801323e+00 9.223400984069556399e-03
0.000000000000000000e+00 1.202271164499381763e-03 2.276374813826762336e-02 8.901172712619649869e-04 2.026973066626256981e-01 3.594115332184635858e-02 3.971837461911233852e-03 2.186697250323751951e-02 7.885234823621367368e-04 7.885234823621367368e-04
0.000000000000000000e+00 6.610227194671179640e-02 6.619609731415962428e-02 1.767774679343368793e-01 2.791135623616520789e-01 3.460259048689406369e-01 1.675638213996850229e-02 8.402863189397491439e-02 6.701525856390197315e-03 1.807663970243205548e-02
0.000000000000000000e+00 1.117243355909501492e-03 2.269206682844730760e-02 1.096924383354631466e-01 1.993484689082179184e-01 1.592379691217728765e-01 3.585561732438879642e-03 1.781018214675312086e-02 6.612541725697657774e-04 6.612541725697657774e-04
0.000000000000000000e+00 4.438435978461083287e-02 8.790855652279244703e-02 1.943752765584943754e-01 1.781826782985766744e-01 7.101441430063611115e-02 1.888590449145269301e-01 9.403893275615399228e-02 4.987114118020724660e-04 4.865241045237601500e-04
0.000000000000000000e+00 1.117243355909501492e-03 2.269206682844730760e-02 1.096685021319891290e-01 1.821657602983677848e-01 1.448170645906339815e-01 1.439485814234146011e-01 8.621455571428705833e-02 9.765144873566304271e-03 4.383517215489517909e-04
0.000000000000000000e+00 1.092801686515678522e-03 2.273962205937232403e-02 1.095790831903050572e-01 1.443800329514406400e+00 1.322705156075250299e+00 1.137497953795601813e+00 3.347796301698624521e+00 5.056504097258045505e+00 8.511866517073007551e-03
0.000000000000000000e+00 6.610227194671179640e-02 6.626886798924165600e-02 1.443819688873762663e+00 5.816302410775662235e-01 5.488820424166475087e-01 4.931269942227433645e-01 3.895960467229185320e-01 8.963617708781938809e-02 3.161653277857158235e-03
0.000000000000000000e+00 1.587747794813303193e+00 1.825783618574557288e+00 4.572846227074259140e+00 3.962905422770143904e+00 8.029596504802443135e+00 6.118520565744112183e+00 2.355457353919079289e+00 2.074753633863139157e+00 2.772733325406348450e-03
0.000000000000000000e+00 1.231645461951578514e-03 2.269206682844730760e-02 1.052046702888410293e-03 2.278983988669744387e-02 4.438684932837134306e-02 2.705023091443627473e-02 4.806062845983687798e-02 9.650466980226360056e-04 9.650466980226360056e-04
0.000000000000000000e+00 1.092801686515678522e-03 2.271572880413281342e-02 4.573837741312393179e-01 1.738044222210718415e+00 1.743810417983186367e+00 1.944146343149348866e+00 1.790359540269485850e+00 7.848211453850272967e+00 1.898117567742307610e-01
0.000000000000000000e+00 1.117243355909501492e-03 2.269206682844730760e-02 1.314062953157961178e-01 1.646332647650830261e-01 1.736573743085884913e-01 3.242587145039476509e-02 2.628756755194204195e-02 5.545399602630155314e-04 5.410562845676930230e-04
0.000000000000000000e+00 4.436447876290276066e-02 8.790855652279244703e-02 1.767774679343368793e-01 2.936215299728872630e-01 1.682990759327795682e-01 1.272228980122733742e-02 2.290475849562574606e-02 5.070522318558663439e-04 4.827684555037569563e-04
0.000000000000000000e+00 6.610227194671179640e-02 6.619609731415962428e-02 1.095851004927661382e-01 1.303043485177632688e+00 7.767341974284075468e-01 1.166374940380220382e+00 7.012693545309081067e-01 9.977111201528002793e-01 5.303458940636700952e-03
0.000000000000000000e+00 1.117243355909501492e-03 2.269206682844730760e-02 1.314062953157961178e-01 1.645807672043175518e-01 1.592372194496119442e-01 1.800356707579349805e-02 3.245023120796096394e-02 5.395896081832519562e-04 5.395896081832519562e-04
0.000000000000000000e+00 1.092801686515678522e-03 1.173181201448080142e-03 2.227811223811790864e+00 2.994507816228275665e+00 2.205984928639518561e+00 2.743014532249486326e+00 4.189888493398503222e+00 1.442422530369255540e+01 5.075131480503161652e-03
0.000000000000000000e+00 6.610227194671179640e-02 6.617230880025576356e-02 1.767774679343368793e-01 9.131671240961605207e-01 3.795592757349521285e-01 3.207235290146188134e-01 4.580651389788011757e-02 5.186374344868041608e-02 1.817748576392126843e-03
0.000000000000000000e+00 1.092801686515678522e-03 1.202271164499381763e-03 1.747912378657528187e-01 1.960712124118011657e+00 1.791834451812083673e+00 7.635142462647102057e-01 1.062256478168572382e+00 5.209262386777569809e+00 1.745310904282814934e-01
0.000000000000000000e+00 4.438435978461083287e-02 8.790855652279244703e-02 1.767774679343368793e-01 1.926364973890002108e-01 8.276528299596364047e-02 2.166996775880598303e-01 1.277754694907999415e-02 4.635658563335921280e-04 4.843986241560592813e-04
0.000000000000000000e+00 1.231645461951578514e-03 1.173181201448080142e-03 2.273962205937232403e-02 1.027642073027596392e-03 1.530745741246776204e-01 2.710434448272001223e-02 2.633890596279054100e-02 9.695667713737459587e-04 9.695667713737459587e-04
0.000000000000000000e+00 6.610227194671179640e-02 6.619609731415962428e-02 1.768167587352522108e-01 2.936655594462255769e-01 3.358715196695986061e-01 1.376870598278223945e-01 1.423470853109924661e-01 8.800858523211729095e-03 2.335929466671257670e-02
0.000000000000000000e+00 8.784006513051878517e-02 4.443605465224832046e-02 1.443819688873762663e+00 6.384232178920216105e-01 5.124028623782523884e-01 5.892382446023983755e-01 7.634892912766191309e-01 1.156545338029811437e-01 8.424377124721373067e-02
0.000000000000000000e+00 4.436447876290276066e-02 1.096463497065994219e-01 1.443820952687840498e+00 6.099426860950265539e-01 5.124028623782523884e-01 5.892382446023983755e-01 7.634892912766191309e-01 1.156545338029811437e-01 4.081950213256254657e-03
0.000000000000000000e+00 1.092801686515678522e-03 1.231645461951578514e-03 1.530534446819437899e-01 2.005223718809365785e+00 1.888186752045150740e+00 1.703532554686086442e+00 1.167743831320378067e+00 2.771588691479416777e+00 8.519786423295084427e-03
0.000000000000000000e+00 1.092801686515678522e-03 1.531188259312973865e-01 1.355757685756110442e+00 1.461042857931089900e+00 1.137699908715743335e+00 1.463231415951117276e+00 3.963114710416496766e+00 1.478491202146746275e+01 1.511984254875855249e-01
0.000000000000000000e+00 2.262668557909372838e-02 8.793070894818010019e-02 1.152997984173717461e+00 2.263564129354332710e+00 1.760821045707335220e+00 2.828661344029017144e+00 2.472043232170211713e+00 9.703994374351996299e+00 8.471158456915902149e-03
0.000000000000000000e+00 2.262668557909372838e-02 4.443141828245704417e-02 1.747948911156020357e-01 1.285445676553474303e+00 7.766865387044989966e-01 1.166378180677201781e+00 6.389582618394561431e-01 1.077479553244742316e+00 5.301917127010591889e-03
0.000000000000000000e+00 4.438435978461083287e-02 8.790855652279244703e-02 1.944145673594097068e-01 1.205020588626662392e-01 1.180045809800394779e-01 1.701727834937223904e-01 8.390711268538708634e-02 1.060873979274270552e-02 1.064994585307222144e-02
0.000000000000000000e+00 4.438435978461083287e-02 8.790855652279244703e-02 1.768167587352522108e-01 2.791135623616520789e-01 3.460549584121749844e-01 1.511865955617520407e-01 2.165934332284540770e-02 6.872973890751245436e-03 8.395110629623448980e-04
0.000000000000000000e+00 1.202271164499381763e-03 2.273962205937232403e-02 1.095790831903050572e-01 2.162903322972243580e-01 7.529759861082494388e-04 2.146874553321405019e-02 2.197797876553952284e-02 6.528915648454622399e-04 6.528915648454622399e-04
0.000000000000000000e+00 1.092801686515678522e-03 2.269206682844730760e-02 1.096924383354631466e-01 2.521418947806953748e-01 2.945879449123976757e-02 3.211929840593484575e-02 3.224614209026005485e-02 6.585069372349182555e-04 6.585069372349182555e-04
0.000000000000000000e+00 2.262668557909372838e-02 9.558319148389736496e-04 4.356459809474302336e-01 1.738042685558141009e+00 1.743812284019143677e+00 2.104609305909538097e+00 1.478917961126178682e+00 7.847320475499991232e+00 9.231753378124655379e-03
0.000000000000000000e+00 1.095778583143278001e-01 6.617538043229552469e-02 1.767799901971392196e-01 8.704043605708196019e-01 9.131788006375116673e-01 4.834447173316651636e-01 6.033061195495646040e-02 2.016324280287241227e-02 5.051712364209702544e-02
0.000000000000000000e+00 4.438435978461083287e-02 8.790855652279244703e-02 1.767774679343368793e-01 2.071446302923606320e-01 8.276584056152018476e-02 2.074528029455811051e-01 1.276043310057053265e-02 1.067325422184979382e-02 4.849351625306537895e-04
0.000000000000000000e+00 1.313156514981368428e-01 9.635270234042374706e-04 8.806158960514243184e-01 1.511783527466086241e+00 1.262816127960465273e+00 1.222572552180445360e+00 2.828625155280302117e+00 1.169933667409034506e+01 9.190213910074152351e-03
0.000000000000000000e+00 4.436447876290276066e-02 9.811302652094316522e-04 1.095803009443921255e-01 1.355831909567047022e+00 1.432086046759945885e+00 1.511321247967800430e+00 1.142517754603488145e+00 7.736553273865994784e-01 5.315231359195307301e-03
0.000000000000000000e+00 1.095778583143278001e-01 6.617538043229552469e-02 2.119952250973222152e-01 8.705136669605930688e-01 9.132082096496634271e-01 3.739985385391541017e-01 6.033550811715378270e-02 2.068146854223028991e-02 5.051569836015301629e-02
0.000000000000000000e+00 1.095778583143278001e-01 6.617538043229552469e-02 1.768194180591820264e-01 8.704043605708196019e-01 9.131788006375116673e-01 4.835047237945988563e-01 2.526411846009838924e-01 6.909028176753286010e-02 2.426797687979298165e-03
0.000000000000000000e+00 2.262668557909372838e-02 9.558319148389736496e-04 1.174730949196920005e+00 2.445916900119275539e+00 1.511530076055962235e+00 2.413305159139210954e+00 3.691654484423140037e+00 7.126436558257863041e+00 9.218610483606044445e-03
0.000000000000000000e+00 4.438435978461083287e-02 8.790855652279244703e-02 1.768167587352522108e-01 8.846726050704725175e-01 9.416753929064395345e-01 4.835646406313843237e-01 1.083496988279263606e-01 6.810454073414022591e-02 2.422754364135265830e-03
0.000000000000000000e+00 1.092801686515678522e-03 1.202271164499381763e-03 1.530534446819437899e-01 1.443801559765468312e+00 1.286224365615328491e+00 1.137497953795601813e+00 3.555409681082950524e+00 5.886024707386040333e+00 9.247776824424710010e-03
0.000000000000000000e+00 2.262668557909372838e-02 6.616921146626401906e-02 1.747960945886165018e-01 1.355838147917427738e+00 1.286224365615328491e+00 1.511112040487178954e+00 8.217303067136871864e-01 8.764893478215869393e-01 5.312945402943720398e-03
0.000000000000000000e+00 1.587747794813303193e+00 1.825827835321656600e+00 4.468907512805536442e+00 3.556465324419631813e+00 8.029822988862331812e+00 6.118385769078938274e+00 2.479195187932377031e+00 2.362815577810447376e+00 7.601052840707275826e-02
0.000000000000000000e+00 8.785994615222685045e-02 6.617384783605531617e-02 1.768180911976508507e-01 8.849024176364508332e-01 9.416762265353165740e-01 4.834423085367224870e-01 1.083447466489267236e-01 6.812896899403551865e-02 2.424121615304425034e-03
0.000000000000000000e+00 1.313156514981368428e-01 9.635270234042374706e-04 8.982137046755834797e-01 1.483287733114917906e+00 1.310913289884816368e+00 1.061980705175370465e+00 2.828806902238933496e+00 1.151776310621184152e+01 9.200114705128662612e-03
0.000000000000000000e+00 1.313156514981368428e-01 9.635270234042374706e-04 8.982137046755834797e-01 1.397761239182995885e+00 1.310922024941278297e+00 9.504733460356045160e-01 2.932468033721177925e+00 1.151776310621184152e+01 9.200114705128662612e-03
0.000000000000000000e+00 1.092801686515678522e-03 2.271572880413281342e-02 1.530546695579210748e-01 1.391028785264090128e+00 1.249622953966251115e+00 1.636276839096817204e+00 3.140099065515527865e+00 5.388737580227394908e+00 1.898369491486056326e-01
0.000000000000000000e+00 1.092801686515678522e-03 2.269206682844730760e-02 9.795362129460328041e-04 2.457377812758240465e-01 1.834524090223436585e-02 3.737251715811202440e-03 4.183293758334091957e-03 7.885234823621367368e-04 7.885234823621367368e-04
0.000000000000000000e+00 2.262668557909372838e-02 1.096447978338820767e-01 1.197376451286280785e+00 2.936253044639744125e+00 1.864123842807661857e+00 1.582626534580173994e+00 3.149562706772905951e+00 1.206366827103057027e+01 7.190234108107875291e-03
0.000000000000000000e+00 2.262668557909372838e-02 9.795362129460328041e-04 3.921703945798142299e-01 1.782552315325094616e+00 1.695635469231395076e+00 2.024330081667573555e+00 1.790541969251774113e+00 6.384744009825079836e+00 5.509979126714994457e-01
0.000000000000000000e+00 1.092801686515678522e-03 2.269206682844730760e-02 2.271732939675506768e-02 1.138527708953556289e-01 2.265515183921006093e-02 2.710434448272001223e-02 2.696228797345749661e-02 9.936454916740667265e-04 9.695667713737459587e-04
0.000000000000000000e+00 4.436447876290276066e-02 8.793230300044350967e-02 9.862027477963767330e-01 1.971772795153869495e+00 1.947904084519614942e+00 2.621393194453869757e+00 2.743124662957306725e+00 6.946348809774432809e+00 9.239319921725625689e-03
0.000000000000000000e+00 6.610227194671179640e-02 6.626886798924165600e-02 1.443819688873762663e+00 5.814283660964131295e-01 5.488820424166475087e-01 3.967761569958238588e-01 4.521319934298880239e-01 2.752671614703738542e-02 3.158751387064300756e-03
0.000000000000000000e+00 6.610227194671179640e-02 6.617230880025576356e-02 1.943752765584943754e-01 2.792117806554564874e-01 3.460456895293776980e-01 1.376876354276147518e-01 2.165934332284540770e-02 6.753017750508823538e-03 1.808065349370128680e-02
0.000000000000000000e+00 1.092801686515678522e-03 1.173181201448080142e-03 4.573825492552620053e-01 1.738042685558141009e+00 1.695715122094792804e+00 2.104620298750666141e+00 1.583067808094939855e+00 8.389817273399801323e+00 9.223400984069556399e-03
0.000000000000000000e+00 1.092801686515678522e-03 1.173181201448080142e-03 1.965290310495598214e-01 1.373432229711361252e+00 1.286225006423525219e+00 1.636068214594994075e+00 2.828988489460802391e+00 8.570402744865479150e+00 9.220415930627898562e-03
0.000000000000000000e+00 1.092801686515678522e-03 8.795300161079736001e-02 1.196472374227615321e+00 2.300046556344869320e+00 1.635865222804313346e+00 2.932468033721177925e+00 2.336313743559815137e+00 9.703231880490905681e+00 8.471158456915902149e-03
0.000000000000000000e+00 1.117243355909501492e-03 1.173181201448080142e-03 1.314046947231758966e-01 1.818537338819900817e-01 1.592372194496119442e-01 1.204287808671728743e-01 9.555655372898683164e-02 4.378190382796901719e-04 4.378190382796901719e-04
0.000000000000000000e+00 2.262668557909372838e-02 2.269362509864800148e-02 3.486960259662852946e-01 1.782576044875333832e+00 1.839768889871705948e+00 2.024308164183306502e+00 1.582885387084060014e+00 6.550074989858037711e+00 9.239209978636666459e-03
0.000000000000000000e+00 2.262668557909372838e-02 9.558319148389736496e-04 1.131255362829302946e+00 2.518960427478257991e+00 1.511530076055962235e+00 2.932503044380546875e+00 2.878548367887172610e+00 7.126372384052618969e+00 1.907211031352941677e-01
0.000000000000000000e+00 1.117243355909501492e-03 2.269206682844730760e-02 1.096924383354631466e-01 1.814446852536268084e-01 1.592372194496119442e-01 1.800356707579349805e-02 1.798133370973749312e-02 6.612541725697657774e-04 6.612541725697657774e-04
0.000000000000000000e+00 6.610227194671179640e-02 6.617230880025576356e-02 2.119730851826535367e-01 2.647578564937610457e-01 3.358715196695986061e-01 1.376870598278223945e-01 1.940416361252690902e-01 3.126617253832195825e-02 1.094100528669144680e-03
0.000000000000000000e+00 1.092801686515678522e-03 2.273962205937232403e-02 1.313168763741120182e-01 1.443801559765468312e+00 1.286224365615328491e+00 1.075178253871971190e+00 3.451784073779730733e+00 6.218592091584037362e+00 9.247776824424710010e-03
0.000000000000000000e+00 1.117243355909501492e-03 1.173181201448080142e-03 1.314046947231758966e-01 1.997635689225252809e-01 1.834987581632843007e-02 1.477883084191192742e-01 3.235266180741101782e-02 5.395896081832519562e-04 5.395896081832519562e-04
0.000000000000000000e+00 4.440435356179687348e-02 8.790855652279244703e-02 1.767774679343368793e-01 1.782602911010664204e-01 8.276472128231186776e-02 1.888748292059306277e-01 6.340759922774022450e-02 4.970767531741539539e-04 4.849351625306537895e-04
0.000000000000000000e+00 4.436447876290276066e-02 6.621848882542788473e-02 1.095839113509096824e-01 1.355835668769332036e+00 1.286164234497542580e+00 1.573950869514536777e+00 9.020322915016119047e-01 1.811578896670550609e+00 6.946006760321015577e-03
0.000000000000000000e+00 1.092801686515678522e-03 6.616765319606536522e-02 1.747948911156020357e-01 1.303063203974596407e+00 7.767341974284075468e-01 1.166374940380220382e+00 5.766299546836443080e-01 9.976320593357670408e-01 5.300329114319803081e-03
0.000000000000000000e+00 1.095778583143278001e-01 6.617538043229552469e-02 1.767996078490039202e-01 8.848245154297968984e-01 8.847378657803832702e-01 4.104838755256990379e-01 4.932147282886420459e-01 2.730007752937850876e-02 3.147778176839644872e-03
0.000000000000000000e+00 1.117243355909501492e-03 1.173181201448080142e-03 1.313810327474904116e-01 1.821657602983677848e-01 1.592372194496119442e-01 1.204486283217428289e-01 1.444768202293537397e-02 5.453670329259022913e-04 5.453670329259022913e-04
0.000000000000000000e+00 6.610227194671179640e-02 6.617230880025576356e-02 1.767581085749806435e-01 9.277593101662293673e-01 1.559342887633546337e-01 2.506660015653539575e-01 1.782325661951542628e-01 1.198445625259621922e-02 1.416902716836319518e-03
0.000000000000000000e+00 1.092801686515678522e-03 1.531188259312973865e-01 1.320562068507793008e+00 2.551493732166255857e+00 1.944157414630860004e+00 7.526359819813436269e-01 3.827446117625846078e+00 1.442224905717282901e+01 7.118950277581386453e-03
0.000000000000000000e+00 1.095778583143278001e-01 8.793704577097188890e-02 1.355759581971231809e+00 2.311075650499756495e+00 2.024330081667573555e+00 1.478637375424416867e+00 3.149356903966602506e+00 1.097467944283267371e+01 8.413953617393870460e-03
0.000000000000000000e+00 2.262668557909372838e-02 9.795362129460328041e-04 3.921703945798142299e-01 1.804821321417984237e+00 1.647536496250645577e+00 2.024330081667573555e+00 1.894348658943939778e+00 6.218800433317388965e+00 5.509979126714994457e-01
0.000000000000000000e+00 8.784006513051878517e-02 6.617384783605531617e-02 1.943765403725720431e-01 8.992446702887747501e-01 4.018506202116159942e-01 4.062140429412538500e-01 4.573465775242371162e-02 1.562185880493387885e-02 3.830321089634141501e-02
0.000000000000000000e+00 6.612215296841986167e-02 6.617230880025576356e-02 1.943752765584943754e-01 9.136985944504703028e-01 3.350218980439808591e-01 2.923214377734443259e-01 3.573892080164580570e-02 1.198445625259621922e-02 1.416902716836319518e-03
0.000000000000000000e+00 6.610227194671179640e-02 6.626886798924165600e-02 1.426221880249604279e+00 6.096084300914181853e-01 5.488820424166475087e-01 4.931269942227433645e-01 3.895960467229185320e-01 2.731647716418891467e-02 3.160215399116088342e-03
0.000000000000000000e+00 1.117243355909501492e-03 2.273962205937232403e-02 1.003472416420051047e-03 2.026973066626256981e-01 1.834334469768720416e-02 2.141787794491237587e-02 4.209782266735883835e-03 7.873248922389301449e-04 7.873248922389301449e-04
0.000000000000000000e+00 1.202271164499381763e-03 2.269206682844730760e-02 1.003472416420051047e-03 2.757749029709359936e-02 1.530758152474124001e-01 5.370828535401005015e-03 2.633890596279054100e-02 9.695667713737459587e-04 9.695667713737459587e-04
0.000000000000000000e+00 4.438435978461083287e-02 8.790855652279244703e-02 1.767774679343368793e-01 1.926364973890002108e-01 8.276528299596364047e-02 2.166996775880598303e-01 1.277754694907999415e-02 4.965248145849210327e-04 4.843986241560592813e-04
0.000000000000000000e+00 4.440435356179687348e-02 8.790855652279244703e-02 1.768167587352522108e-01 2.791135623616520789e-01 1.776259790817515394e-01 1.651894536806066960e-01 1.684753922152797470e-02 5.271790636172717960e-03 6.476487478584786123e-04
0.000000000000000000e+00 2.262668557909372838e-02 2.274126560022908181e-02 1.095803009443921255e-01 1.443801559765468312e+00 1.067281135965705952e+00 7.335570103040013334e-01 8.258339461883406063e-01 1.158916529183837835e-01 4.078831028969610341e-03
0.000000000000000000e+00 2.262668557909372838e-02 2.271732939675506768e-02 2.138737701761572296e+00 1.830128817991496737e+00 1.783694375720044301e+00 1.167237745458985509e+00 3.556164087820029795e+00 1.569280106807887698e+01 6.061932365674274625e-03
0.000000000000000000e+00 1.117243355909501492e-03 2.269206682844730760e-02 1.314062953157961178e-01 1.997239852564682561e-01 5.828417826021496662e-02 3.241243521991227228e-02 1.772810035915765164e-02 6.575822022226881190e-04 6.575822022226881190e-04
0.000000000000000000e+00 1.092801686515678522e-03 1.531188259312973865e-01 1.302964259883633735e+00 2.599647534222977452e+00 1.623638379705785617e+00 2.206013380639525234e+00 2.742989678695292088e+00 1.496763847955827842e+01 1.297853584295652618e-01
0.000000000000000000e+00 4.438435978461083287e-02 8.790855652279244703e-02 1.767774679343368793e-01 1.348682374431171560e-01 1.180156174153106641e-01 1.608770674086688057e-01 2.377073851740981077e-03 9.731888426467315625e-03 4.409691275282973696e-04
0.000000000000000000e+00 1.092801686515678522e-03 1.173181201448080142e-03 1.965290310495598214e-01 1.373432229711361252e+00 1.286225006423525219e+00 1.636068214594994075e+00 2.932795179152963172e+00 8.389892817702103045e+00 9.220415930627898562e-03
0.000000000000000000e+00 2.262668557909372838e-02 8.793070894818010019e-02 1.174735777357526656e+00 2.300046556344869320e+00 1.636169475903226367e+00 2.932468033721177925e+00 2.472008885489077379e+00 9.704060955579620895e+00 8.465914044282991935e-03
0.000000000000000000e+00 1.095778583143278001e-01 6.617538043229552469e-02 1.768194180591820264e-01 8.848245154297968984e-01 9.131796234418371183e-01 4.835022657934539558e-01 2.526362324219819655e-01 2.046874354014967257e-02 5.052395961233255989e-02
0.000000000000000000e+00 6.610227194671179640e-02 6.626886798924165600e-02 1.443819688873762663e+00 5.816302410775662235e-01 5.488820424166475087e-01 4.450298322983924360e-01 4.519237173558790510e-01 2.755853161632404111e-02 3.160215399116088342e-03
0.000000000000000000e+00 4.445352198794184223e-02 8.795628200923689965e-02 1.767689320600175085e-01 1.926804459600443553e-01 8.276528299596364047e-02 1.608782697793855188e-01 3.308472472559349092e-02 4.822182429795990300e-04 4.822182429795990300e-04
0.000000000000000000e+00 1.095778583143278001e-01 6.617538043229552469e-02 1.767996078490039202e-01 8.844313722338086325e-01 9.417048120565357783e-01 3.010376967331880316e-01 6.026659890034954947e-02 1.937321253417061823e-02 2.415628235193775005e-03
0.000000000000000000e+00 6.612215296841986167e-02 6.617230880025576356e-02 2.295708938068126981e-01 2.358395545134714388e-01 3.460259048689406369e-01 3.664478907605260294e-01 1.392836178406476610e-01 1.171586205623076013e-02 1.405972554325763584e-03
0.000000000000000000e+00 4.436447876290276066e-02 8.790855652279244703e-02 1.769183806887718036e-01 2.791135623616520789e-01 1.682986532464658125e-01 1.651886055072554760e-01 3.415274887215558660e-03 1.877841775097770921e-02 6.469857187125062706e-04
0.000000000000000000e+00 1.117243355909501492e-03 2.269206682844730760e-02 1.096685021319891290e-01 1.818021339733646990e-01 1.448170645906339815e-01 1.439684051918450614e-01 1.464881617028282283e-02 5.596962882086262787e-04 5.460723790034743147e-04
0.000000000000000000e+00 1.092801686515678522e-03 2.183322054827224468e-01 1.214978052320027535e+00 2.743993780043682218e+00 1.944146343149348866e+00 1.479261118402774411e+00 3.013833311547188032e+00 1.333415523726144514e+01 7.146259819871692530e-03
0.000000000000000000e+00 1.092801686515678522e-03 2.269206682844730760e-02 1.314062953157961178e-01 1.638579757344012511e-01 1.592372194496119442e-01 7.342530608585948193e-02 2.969867398089535461e-03 5.552880298790033786e-04 5.417840644330934249e-04
0.000000000000000000e+00 2.262668557909372838e-02 9.558319148389736496e-04 1.313168763741120182e-01 1.338234100942887972e+00 1.322705531178139271e+00 7.335527916321369357e-01 8.258258018038161508e-01 2.762547308471678398e-01 4.083457854442378368e-03
0.000000000000000000e+00 2.262668557909372838e-02 2.269362509864800148e-02 1.095803009443921255e-01 1.355831909567047022e+00 1.322644784050997613e+00 6.854512800376247883e-01 8.881455017274467734e-01 1.159703346535438245e-01 8.424377124721373067e-02
0.000000000000000000e+00 1.092801686515678522e-03 2.273962205937232403e-02 1.530546695579210748e-01 1.443802784768880576e+00 1.249743476753831795e+00 1.137599015635658128e+00 3.555574667183002635e+00 5.720693727353089564e+00 9.249675488706319074e-03
0.000000000000000000e+00 1.092801686515678522e-03 1.531188259312973865e-01 1.320562068507793008e+00 2.551552625121356055e+00 1.703800200739743254e+00 2.102186207853544264e+00 2.742989678695292088e+00 1.496763847955827842e+01 1.297853584295652618e-01
0.000000000000000000e+00 2.262668557909372838e-02 9.558319148389736496e-04 4.139081877636233142e-01 1.760284819052988725e+00 1.743572990989254778e+00 2.024190762520039044e+00 1.790520518372391789e+00 7.486298053212098402e+00 9.231753378124655379e-03
0.000000000000000000e+00 1.092801686515678522e-03 1.173181201448080142e-03 4.573825492552620053e-01 1.760311691651030630e+00 1.743810417983186367e+00 2.024436264998123569e+00 1.478917961126178682e+00 7.847320475499991232e+00 9.231753378124655379e-03
0.000000000000000000e+00 8.785994615222685045e-02 6.622174243152458006e-02 1.592202825734933547e-01 9.281083437679009673e-01 4.018289163226506089e-01 4.061193933004328405e-01 1.551759204613737397e-01 5.175569476958967463e-02 3.830802554073763078e-02
0.000000000000000000e+00 1.117243355909501492e-03 1.173181201448080142e-03 1.314046947231758966e-01 1.821657602983677848e-01 1.592372194496119442e-01 1.321796495625015000e-01 9.555770781015295035e-02 4.383517215489517909e-04 4.383517215489517909e-04
0.000000000000000000e+00 1.092801686515678522e-03 1.202271164499381763e-03 1.747912378657528187e-01 1.391028785264090128e+00 1.249622953966251115e+00 1.636276839096817204e+00 3.140099065515527865e+00 5.388737580227394908e+00 1.898369491486056326e-01
0.000000000000000000e+00 1.092801686515678522e-03 1.531424879069828993e-01 1.302964259883633735e+00 2.503453210374273041e+00 1.944307422748558611e+00 1.686777279781195071e+00 3.014277697783707577e+00 1.442307857952411965e+01 7.111869952549535606e-03
0.000000000000000000e+00 1.092801686515678522e-03 2.271572880413281342e-02 1.530546695579210748e-01 1.960712124118011657e+00 1.791914263999276224e+00 7.635142462647102057e-01 1.062256478168572382e+00 5.209262386777569809e+00 1.745310904282814934e-01
0.000000000000000000e+00 1.117243355909501492e-03 2.269206682844730760e-02 1.096685021319891290e-01 1.993999425975221951e-01 1.592379691217728765e-01 1.322210817818892381e-01 8.623151311123562757e-02 9.765677556834684650e-03 4.388813473658041589e-04
0.000000000000000000e+00 1.095977393360358793e-01 2.279669535451051346e-02 1.944145673594097068e-01 2.648357587004154801e-01 1.683075398817623913e-01 1.752151482722610620e-01 4.368834203338794325e-02 3.205988166946065893e-02 6.502541306886309904e-04
0.000000000000000000e+00 4.436447876290276066e-02 8.790855652279244703e-02 1.769183806887718036e-01 2.791135623616520789e-01 1.682986532464658125e-01 1.651886055072554760e-01 3.415274887215558660e-03 1.877841775097770921e-02 6.469857187125062706e-04
0.000000000000000000e+00 8.784006513051878517e-02 6.617384783605531617e-02 1.767787317484128540e-01 9.130482669263207951e-01 3.795599102297610439e-01 3.206753608389824595e-01 4.106085145263482228e-01 2.057710843657311120e-02 2.412643556349528852e-03
0.000000000000000000e+00 1.092801686515678522e-03 2.271572880413281342e-02 1.747924627417280496e-01 2.027520770900343550e+00 1.695633658174996672e+00 7.633977398437238326e-01 1.062102971058886958e+00 4.396443445349925483e+00 8.519816690057156749e-03
0.000000000000000000e+00 6.612215296841986167e-02 6.619609731415962428e-02 2.295708938068126981e-01 2.215076538727708266e-01 3.882794896582280608e-01 3.837164646525719758e-01 2.506660015653539575e-01 9.737777522829837995e-02 1.413736300888388496e-03
0.000000000000000000e+00 1.117243355909501492e-03 2.269206682844730760e-02 1.314062953157961178e-01 1.992063016609442183e-01 7.529759861082494388e-04 7.563889442041507594e-02 1.775033968036976093e-02 6.566529894234754156e-04 6.895037125115359390e-04
0.000000000000000000e+00 4.438435978461083287e-02 8.790855652279244703e-02 1.767774679343368793e-01 1.348682374431171560e-01 1.180156174153106641e-01 1.608770674086688057e-01 2.377073851740981077e-03 9.731888426467315625e-03 4.409691275282973696e-04
0.000000000000000000e+00 3.135882153118085380e+00 2.184534821880840472e+00 3.248263103000847973e-01 5.724779653611040686e+00 1.184133912289127544e+01 7.846751981650401220e+00 2.399156337380261572e+00 1.554831810684533355e+00 3.368215327497330069e-04
0.000000000000000000e+00 1.092801686515678522e-03 2.271572880413281342e-02 1.747924627417280496e-01 1.960664259691423439e+00 1.743815625933148317e+00 7.634139773266028772e-01 1.142291374060839138e+00 5.074376655479446718e+00 1.745310904282814934e-01
0.000000000000000000e+00 4.436447876290276066e-02 8.790855652279244703e-02 1.768167587352522108e-01 2.935337172206286538e-01 1.589629042155113470e-01 1.143662175474628451e-01 2.292806938781131315e-02 5.275168302090650456e-03 6.442872240321644624e-04
0.000000000000000000e+00 1.092801686515678522e-03 2.273962205937232403e-02 1.530546695579210748e-01 1.426204976144722192e+00 1.286224365615328491e+00 1.075178253871971190e+00 3.555590763471896398e+00 6.052649420566938332e+00 9.247776824424710010e-03
0.000000000000000000e+00 4.436447876290276066e-02 8.790855652279244703e-02 1.767774679343368793e-01 2.791574265428664603e-01 1.682986532464658125e-01 1.143662175474628451e-01 2.292806938781131315e-02 6.932266819687727061e-04 1.407599063843838899e-02
0.000000000000000000e+00 8.784006513051878517e-02 4.453278518000998443e-02 1.767970175650860620e-01 2.935775814018430907e-01 3.460359972615575375e-01 1.243011665367752538e-01 5.611249667936163421e-02 6.763226307036425584e-03 8.402954652514186802e-04
0.000000000000000000e+00 1.117243355909501492e-03 2.269206682844730760e-02 1.096685021319891290e-01 1.821657602983677848e-01 1.592372194496119442e-01 1.321796495625015000e-01 9.555770781015295035e-02 4.383517215489517909e-04 4.383517215489517909e-04
0.000000000000000000e+00 6.610227194671179640e-02 6.622011898494116477e-02 1.443819688873762663e+00 6.101276669753709081e-01 5.488468347847292872e-01 5.891600062227274615e-01 7.634892912766191309e-01 3.486362243795018689e-02 4.080407901977321262e-03
0.000000000000000000e+00 4.436447876290276066e-02 1.096463497065994219e-01 1.443820952687840498e+00 6.099426860950265539e-01 5.124028623782523884e-01 5.892382446023983755e-01 7.634892912766191309e-01 1.156545338029811437e-01 4.081950213256254657e-03
0.000000000000000000e+00 1.117243355909501492e-03 2.269206682844730760e-02 1.096685021319891290e-01 2.173613775466844422e-01 1.592387138138885438e-01 1.204719410392383477e-01 8.623151311123562757e-02 9.765677556834684650e-03 4.388813473658041589e-04
0.000000000000000000e+00 1.092801686515678522e-03 2.273962205937232403e-02 1.096924383354631466e-01 1.817506602840604224e-01 1.880775291675664540e-01 3.563288684597975490e-03 1.773876066063970885e-02 5.530324503762597916e-04 5.395896081832519562e-04
0.000000000000000000e+00 1.117243355909501492e-03 2.269206682844730760e-02 1.096685021319891290e-01 1.821657602983677848e-01 1.592372194496119442e-01 1.439503657123989699e-01 1.470990974527311423e-02 1.229764265052877593e-02 4.345591423297504139e-04
0.000000000000000000e+00 2.262668557909372838e-02 2.274126560022908181e-02 1.095803009443921255e-01 1.443801559765468312e+00 1.067281135965705952e+00 7.335570103040013334e-01 8.258339461883406063e-01 1.158916529183837835e-01 8.424065206292709329e-02
0.000000000000000000e+00 6.612215296841986167e-02 6.617230880025576356e-02 2.295708938068126981e-01 2.503479635907253642e-01 3.256974022547396985e-01 3.491769498339070688e-01 2.728980816468091208e-01 1.178218090263924260e-02 1.410472989109290204e-03
0.000000000000000000e+00 1.202271164499381763e-03 2.269206682844730760e-02 1.313168763741120182e-01 1.994118862495921907e-01 3.594859323442655546e-02 1.752359409674900115e-02 1.798991539495224320e-02 6.710730969409653499e-04 6.547811714735796975e-04
0.000000000000000000e+00 1.092801686515678522e-03 2.269206682844730760e-02 2.094198442063085697e+00 2.932175381259313873e+00 1.543266059251241273e+00 3.556614813031198530e+00 4.522745884709983066e+00 1.369745005561875750e+01 5.101250791731954184e-03
0.000000000000000000e+00 1.095778583143278001e-01 6.617538043229552469e-02 1.767996078490039202e-01 8.848245154297968984e-01 9.132352916781881769e-01 4.834423085367224870e-01 4.451028777299619321e-01 8.968522682702730064e-02 3.152635585698377371e-03
0.000000000000000000e+00 8.784006513051878517e-02 6.617384783605531617e-02 1.767787317484128540e-01 9.136545428698307214e-01 3.795599102297610439e-01 4.061676385323957916e-01 9.256794054675211020e-03 5.192568392670770389e-02 3.830197170172584126e-02
0.000000000000000000e+00 2.262668557909372838e-02 1.096447978338820767e-01 1.426147963400343999e+00 2.311137655831835502e+00 2.024447484875580461e+00 1.167519402116508287e+00 3.285118996216928711e+00 1.170060650902939337e+01 8.394690713401105342e-03
0.000000000000000000e+00 6.612215296841986167e-02 6.617230880025576356e-02 1.767774679343368793e-01 9.280643951968567951e-01 3.795816141187265402e-01 2.352304076234111863e-01 3.578591111850361328e-02 4.048188215040111199e-02 1.815143625148867099e-03
0.000000000000000000e+00 6.610227194671179640e-02 6.617230880025576356e-02 2.120123759835688404e-01 2.647578564937610457e-01 3.460359972615575375e-01 2.457025500161339748e-01 2.506292207966878682e-01 9.062359576880197123e-03 1.097782193785699564e-03
0.000000000000000000e+00 1.092801686515678522e-03 2.273962205937232403e-02 1.095790831903050572e-01 1.426202520890248238e+00 1.359185848229491400e+00 1.137295357897899262e+00 3.451602991390789743e+00 4.890561426240946474e+00 8.511866517073007551e-03
0.000000000000000000e+00 4.438435978461083287e-02 8.790855652279244703e-02 1.767970175650860620e-01 1.926364973890002108e-01 8.276528299596364047e-02 1.982033585189105218e-01 1.275898419472369302e-02 4.954104117646626788e-04 4.833152621613513332e-04
0.000000000000000000e+00 1.117243355909501492e-03 2.269206682844730760e-02 1.096685021319891290e-01 2.349591861708436313e-01 8.712521419310571835e-02 1.204251896817674916e-01 2.260099497740239161e-01 4.838586545323867198e-04 4.838586545323867198e-04
0.000000000000000000e+00 2.262668557909372838e-02 9.558319148389736496e-04 4.139081877636233142e-01 1.782553825145878346e+00 1.743651108074803391e+00 2.024308164183306502e+00 1.582885387084060014e+00 7.305638566998267081e+00 9.236823322479187359e-03
0.000000000000000000e+00 1.117243355909501492e-03 2.269206682844730760e-02 2.274126560022908181e-02 4.968449962058400782e-02 9.137232606967528878e-04 2.650135172418838225e-02 4.731188485192622944e-03 9.620008808704849168e-04 9.858730357398864854e-04
0.000000000000000000e+00 1.117243355909501492e-03 2.269206682844730760e-02 1.314062953157961178e-01 1.646332647650830261e-01 1.736573743085884913e-01 1.800571659141682324e-02 2.626593895860132935e-02 1.229119349160521200e-02 5.410562845676930230e-04
0.000000000000000000e+00 1.231645461951578514e-03 2.269206682844730760e-02 1.073461489707179918e-03 1.805860282085944568e-01 5.353800483527890869e-02 4.328462787013176785e-03 3.922696281734495971e-02 7.897167544578481777e-04 7.897167544578481777e-04
0.000000000000000000e+00 4.438435978461083287e-02 8.790855652279244703e-02 1.767970175650860620e-01 1.783043205744047621e-01 8.276472128231186776e-02 2.168883273592830674e-01 1.245860928310054405e-01 6.632083740656398831e-04 1.407868913311809828e-02
0.000000000000000000e+00 1.117243355909501492e-03 2.269206682844730760e-02 1.314062953157961178e-01 1.993602901809901073e-01 1.448051074140798977e-01 3.609921490005084995e-03 1.781018214675312086e-02 6.612541725697657774e-04 6.612541725697657774e-04
0.000000000000000000e+00 1.092801686515678522e-03 1.313810327474904116e-01 1.197376451286280785e+00 2.936253044639744125e+00 1.944285663841619272e+00 1.582444065116576981e+00 3.014038764490283739e+00 1.206366827103057027e+01 7.190234108107875291e-03
0.000000000000000000e+00 6.610227194671179640e-02 6.619609731415962428e-02 1.767774679343368793e-01 2.792013751139106326e-01 3.358710590460891043e-01 2.629421704548205452e-01 3.174361279626981558e-01 1.142575497589700360e-02 1.407113577760908977e-03
0.000000000000000000e+00 2.262668557909372838e-02 9.795362129460328041e-04 2.161005460341755668e+00 1.830128817991496737e+00 1.703788980862290359e+00 1.167257890374415519e+00 3.556195640433309269e+00 1.569349951066802262e+01 6.068636512964864678e-03
0.000000000000000000e+00 1.092801686515678522e-03 1.173181201448080142e-03 1.965290310495598214e-01 1.373432229711361252e+00 1.286225006423525219e+00 1.636068214594994075e+00 2.828988489460802391e+00 8.570402744865479150e+00 9.220415930627898562e-03
0.000000000000000000e+00 1.117243355909501492e-03 1.173181201448080142e-03 1.314046947231758966e-01 1.997635689225252809e-01 1.834987581632843007e-02 1.477883084191192742e-01 3.235266180741101782e-02 5.395896081832519562e-04 5.395896081832519562e-04
0.000000000000000000e+00 1.117243355909501492e-03 2.269206682844730760e-02 1.096685021319891290e-01 1.821657602983677848e-01 1.448170645906339815e-01 1.321977127280859754e-01 9.552489292214923211e-02 4.378190382796901719e-04 4.378190382796901719e-04
0.000000000000000000e+00 4.436447876290276066e-02 1.096463497065994219e-01 2.471699662450478341e-01 7.982899346143854657e-01 1.027194552727008325e+00 4.469593803451202829e-01 5.412192039680947531e-01 8.975012234016775670e-02 3.155745279944628841e-03
0.000000000000000000e+00 4.436447876290276066e-02 8.790855652279244703e-02 1.768167587352522108e-01 2.935337172206286538e-01 1.776264017680657115e-01 1.144022055325385201e-01 3.027678890535724990e-02 5.246563719671712075e-03 6.456457234857303391e-04
0.000000000000000000e+00 2.262668557909372838e-02 9.558319148389736496e-04 4.139081877636233142e-01 1.782579153928552929e+00 1.743571288667932428e+00 2.024179838821920097e+00 1.479078697391899455e+00 7.486889916071374884e+00 9.236823322479187359e-03
0.000000000000000000e+00 1.095778583143278001e-01 6.617538043229552469e-02 1.767799901971392196e-01 8.848245154297968984e-01 9.132915409629084325e-01 4.834423085367224870e-01 6.032558233514490748e-02 6.883020193862797453e-02 2.422754364135265830e-03
0.000000000000000000e+00 4.438435978461083287e-02 8.790855652279244703e-02 1.768167587352522108e-01 2.791135623616520789e-01 3.460549584121749844e-01 1.511865955617520407e-01 2.165934332284540770e-02 8.605989623890198921e-04 8.605989623890198921e-04
0.000000000000000000e+00 6.612215296841986167e-02 6.626886798924165600e-02 1.767774679343368793e-01 2.791574265428664603e-01 3.257065814541306725e-01 1.646170863263406448e-01 2.952033868831114849e-01 7.583038506686934355e-02 1.097782193785699564e-03
0.000000000000000000e+00 1.141823646555060285e-03 2.273962205937232403e-02 9.795362129460328041e-04 2.006282185440016741e-01 1.834334469768720416e-02 4.413860011307880332e-03 4.087617597421588748e-03 7.861209959468121785e-04 7.861209959468121785e-04
0.000000000000000000e+00 2.262668557909372838e-02 6.616921146626401906e-02 1.530583014048074730e-01 1.373434719674267779e+00 1.213202819577638092e+00 1.573849775979595744e+00 8.217441047884725958e-01 8.768557847398503746e-01 5.311731215979912865e-03
0.000000000000000000e+00 4.436447876290276066e-02 8.790855652279244703e-02 8.806158960514243184e-01 1.483251930212856395e+00 1.262819170913510369e+00 1.943910809377434212e+00 1.998015043150420444e+00 1.151709232602031463e+01 1.906933571428647833e-01
0.000000000000000000e+00 1.092801686515678522e-03 2.273962205937232403e-02 1.003472416420051047e-03 2.022621949082059889e-01 1.837617765803965103e-02 2.177460684597875076e-02 4.001590368201195409e-03 8.068838572076148874e-04 7.873248922389301449e-04
0.000000000000000000e+00 1.092801686515678522e-03 2.269206682844730760e-02 1.096685021319891290e-01 1.997635689225252809e-01 3.594768444048758449e-02 4.409814169916660351e-03 3.240523293049960701e-02 6.701044868189802352e-04 6.701044868189802352e-04
0.000000000000000000e+00 2.262668557909372838e-02 6.619291576437107139e-02 1.095827150371894432e-01 1.303040995214726383e+00 7.766863965147312587e-01 1.262337335537192518e+00 6.390492432173692228e-01 1.077833505325892283e+00 5.303458940636700952e-03
0.000000000000000000e+00 4.436447876290276066e-02 1.096463497065994219e-01 2.471699662450478341e-01 7.982899346143854657e-01 1.027194552727008325e+00 4.469593803451202829e-01 5.412192039680947531e-01 8.975012234016775670e-02 3.155745279944628841e-03
0.000000000000000000e+00 2.262668557909372838e-02 2.271732939675506768e-02 1.095803009443921255e-01 1.443820952687840498e+00 1.286163661383604051e+00 1.262036131550779317e+00 3.348092487694656505e+00 5.553999566150040756e+00 9.251477682917287962e-03
0.000000000000000000e+00 1.231645461951578514e-03 2.269206682844730760e-02 2.274126560022908181e-02 1.153951778094384779e-03 6.612464251218036493e-02 2.709118985218718703e-02 4.810122862022524204e-02 9.665598904558357759e-04 9.665598904558357759e-04
0.000000000000000000e+00 4.438435978461083287e-02 8.790855652279244703e-02 1.767774679343368793e-01 1.926804459600443553e-01 8.275420593627706711e-02 1.608782697793855188e-01 1.272144162787612089e-02 4.931397475760402119e-04 4.811076338112129725e-04
0.000000000000000000e+00 1.117243355909501492e-03 2.269206682844730760e-02 1.096924383354631466e-01 1.998159398451906932e-01 1.834987581632843007e-02 9.008338006635972783e-02 3.224614209026005485e-02 6.749019523598456024e-04 6.585069372349182555e-04
0.000000000000000000e+00 6.610227194671179640e-02 6.617230880025576356e-02 1.767774679343368793e-01 9.136881889089231157e-01 3.795592757349521285e-01 3.207235290146188134e-01 4.580651389788011757e-02 5.186374344868041608e-02 1.817748576392126843e-03
0.000000000000000000e+00 4.436447876290276066e-02 1.805241943530105253e+00 5.294597868655009698e+00 6.130563201023440101e+00 1.456220670373629922e+01 3.521929375831516662e+00 2.471697731691146593e+00 2.089110127338666079e+00 3.350111823022334438e-04
0.000000000000000000e+00 4.436447876290276066e-02 8.793230300044350967e-02 8.982137046755834797e-01 2.336522952532822828e+00 1.636175647151497436e+00 2.413452237670384637e+00 2.607492524826297675e+00 1.006596043260993589e+01 9.174535866041829552e-03
0.000000000000000000e+00 2.262668557909372838e-02 9.795362129460328041e-04 2.161005460341755668e+00 1.830128817991496737e+00 1.703788980862290359e+00 1.167257890374415519e+00 3.556195640433309269e+00 1.569349951066802262e+01 6.068636512964864678e-03
0.000000000000000000e+00 1.092801686515678522e-03 1.531188259312973865e-01 1.373355494380268826e+00 2.455364954059918947e+00 1.783822701081430040e+00 1.894530957364691792e+00 4.523246423932194560e+00 1.387832012735454512e+01 6.075250052673923304e-03
0.000000000000000000e+00 1.117243355909501492e-03 2.269206682844730760e-02 1.096685021319891290e-01 1.812937099253490725e-01 1.448170645906339815e-01 1.789622039358342576e-01 1.167827927770898576e-02 4.459707578874583722e-04 4.351100167826111621e-04
0.000000000000000000e+00 1.092801686515678522e-03 2.271572880413281342e-02 1.747924627417280496e-01 2.027520770900343550e+00 1.695633658174996672e+00 7.633977398437238326e-01 1.062102971058886958e+00 4.396443445349925483e+00 8.519816690057156749e-03
0.000000000000000000e+00 1.095778583143278001e-01 6.617538043229552469e-02 1.443822211136565947e+00 4.675735963471552847e-01 5.853611618084411106e-01 5.892478632705344666e-01 7.635061018801828636e-01 3.541501257458203045e-02 4.077219701942432981e-03
0.000000000000000000e+00 1.202271164499381763e-03 2.273962205937232403e-02 1.115550983794616176e-03 1.375467525483882458e-01 4.439294502301704970e-02 4.747541920733299586e-03 5.678529673397186145e-02 7.873248922389301449e-04 8.266361313798623435e-04
0.000000000000000000e+00 8.785994615222685045e-02 4.453278518000998443e-02 1.943752765584943754e-01 2.792559135593921105e-01 1.589717500974938136e-01 1.652057794621637210e-01 5.714208854483918826e-02 5.104910145217332780e-03 6.489608099407782578e-04
0.000000000000000000e+00 2.262668557909372838e-02 2.274126560022908181e-02 1.747936804958171719e-01 1.960690463676032946e+00 1.743893606788148087e+00 8.257256448405111415e-01 1.061976153668887868e+00 3.855025444562194092e+00 8.519786423295084427e-03
0.000000000000000000e+00 1.095778583143278001e-01 6.617538043229552469e-02 1.767996078490039202e-01 8.848245154297968984e-01 9.132352916781881769e-01 4.834423085367224870e-01 4.451028777299619321e-01 8.968522682702730064e-02 3.152635585698377371e-03
0.000000000000000000e+00 8.784006513051878517e-02 4.443605465224832046e-02 1.443819688873762663e+00 6.384232178920216105e-01 5.124028623782523884e-01 5.892382446023983755e-01 7.634892912766191309e-01 1.156545338029811437e-01 8.424377124721373067e-02
0.000000000000000000e+00 1.092801686515678522e-03 2.269206682844730760e-02 1.096447978338820767e-01 1.822181312210332249e-01 2.890186131804093339e-01 1.049616227825258263e-01 1.166852808734095137e-02 4.383517215489517909e-04 9.765677556834684650e-03
0.000000000000000000e+00 1.092801686515678522e-03 2.271572880413281342e-02 1.096924383354631466e-01 1.978808285335260653e-01 1.834987581632843007e-02 4.317787254520409970e-03 3.957276254771977669e-02 6.691313390952278095e-04 6.528915648454622399e-04
0.000000000000000000e+00 6.612215296841986167e-02 6.617230880025576356e-02 2.119730851826535367e-01 2.647578564937610457e-01 1.776175558860832449e-01 1.448441331259036069e-01 8.400549537365101238e-02 2.416999335739487831e-02 8.354972716939228260e-04
0.000000000000000000e+00 1.092801686515678522e-03 2.273962205937232403e-02 1.095790831903050572e-01 1.443800329514406400e+00 1.322705156075250299e+00 1.137295357897899262e+00 3.451602991390789743e+00 4.889880790265429766e+00 8.511866517073007551e-03
0.000000000000000000e+00 1.117243355909501492e-03 2.269206682844730760e-02 1.096685021319891290e-01 1.818021339733646990e-01 1.592372194496119442e-01 1.204287808671728743e-01 7.690190205841535009e-02 4.367445288204517074e-04 9.764070364106624753e-03
0.000000000000000000e+00 1.095778583143278001e-01 6.617538043229552469e-02 1.443822211136565947e+00 4.675735963471552847e-01 5.853611618084411106e-01 5.892478632705344666e-01 7.636060936263661114e-01 3.478786456933029986e-02 4.077219701942432981e-03
0.000000000000000000e+00 6.610227194671179640e-02 6.622011898494116477e-02 1.943752765584943754e-01 8.844651619420028643e-01 3.572896266704971291e-01 5.202069688913167900e-01 4.573465775242371162e-02 1.548619084465423928e-02 1.822789993357508669e-03
0.000000000000000000e+00 6.610227194671179640e-02 6.617230880025576356e-02 1.768167587352522108e-01 2.936215299728872630e-01 3.358715196695986061e-01 1.375507877367528331e-01 1.423182088330539330e-01 8.800858523211729095e-03 2.335929466671257670e-02
0.000000000000000000e+00 6.610227194671179640e-02 6.626886798924165600e-02 1.443819688873762663e+00 5.814283660964131295e-01 5.488820424166475087e-01 3.967761569958238588e-01 4.521319934298880239e-01 2.752671614703738542e-02 3.158751387064300756e-03
0.000000000000000000e+00 4.436447876290276066e-02 8.790855652279244703e-02 1.767774679343368793e-01 1.925926332077857739e-01 8.276528299596364047e-02 1.142574260013371340e-01 2.099677469771753582e-02 4.614848166676848275e-04 9.766733743613623467e-03
0.000000000000000000e+00 1.117243355909501492e-03 2.269206682844730760e-02 1.096685021319891290e-01 1.821657602983677848e-01 1.303834855262936687e-01 1.204251896817674916e-01 1.446471144335476425e-02 5.439450666913707389e-04 5.439450666913707389e-04
0.000000000000000000e+00 1.095778583143278001e-01 2.279669535451051346e-02 1.767774679343368793e-01 2.935775814018430907e-01 3.460359972615575375e-01 1.376876354276147518e-01 5.614162818432248681e-02 6.475117710003035383e-03 8.410737115559344156e-04
0.000000000000000000e+00 8.785994615222685045e-02 6.617384783605531617e-02 2.295721576208903658e-01 2.216066983066026230e-01 3.358710590460891043e-01 3.664761231392592022e-01 2.506660015653539575e-01 9.727445859605257650e-02 1.413736300888388496e-03
0.000000000000000000e+00 1.092801686515678522e-03 1.202271164499381763e-03 1.530534446819437899e-01 1.443801559765468312e+00 1.286224365615328491e+00 1.075178253871971190e+00 3.555590763471896398e+00 5.886636849948943429e+00 9.249675488706319074e-03
0.000000000000000000e+00 1.092801686515678522e-03 1.202271164499381763e-03 1.530534446819437899e-01 1.443801559765468312e+00 1.286224365615328491e+00 1.137497953795601813e+00 3.555409681082950524e+00 5.886024707386040333e+00 9.247776824424710010e-03
0.000000000000000000e+00 6.610227194671179640e-02 6.617230880025576356e-02 2.120123759835688404e-01 2.647578564937610457e-01 3.460359972615575375e-01 2.457025500161339748e-01 2.506292207966878682e-01 9.062359576880197123e-03 1.097782193785699564e-03
0.000000000000000000e+00 1.202271164499381763e-03 2.269206682844730760e-02 1.003472416420051047e-03 2.757749029709359936e-02 1.530758152474124001e-01 5.370828535401005015e-03 2.633890596279054100e-02 9.695667713737459587e-04 9.695667713737459587e-04
0.000000000000000000e+00 1.587747794813303193e+00 1.862264039477540933e+00 4.572717278641794003e+00 3.691893138983118661e+00 8.029653958856455276e+00 6.286272521791760326e+00 2.479160938878914422e+00 2.074338563320870410e+00 2.767629867692652720e-03
0.000000000000000000e+00 1.092801686515678522e-03 2.273962205937232403e-02 1.313825910176890654e-01 1.814557843585587749e-01 1.015573496858638430e-01 3.356896423485934960e-03 1.787489142365032008e-02 6.575822022226881190e-04 6.575822022226881190e-04
0.000000000000000000e+00 6.610227194671179640e-02 8.791010198406275233e-02 1.943961240727513362e-01 2.644513545405652866e-01 1.682902300507971016e-01 1.245658662634550606e-01 9.743530597738583876e-02 5.380942376100449065e-03 6.489608099407782578e-04
0.000000000000000000e+00 1.092801686515678522e-03 4.445352198794184223e-02 1.131256580583390958e+00 1.511814665075481567e+00 1.262901145717997498e+00 9.504733460356045160e-01 2.932631756484656904e+00 1.151701793720670963e+01 9.200114705128662612e-03
0.000000000000000000e+00 2.262668557909372838e-02 2.269362509864800148e-02 1.530558873120081431e-01 1.355814961392252549e+00 1.322644795658347805e+00 6.855986131337304945e-01 7.635890544545387293e-01 1.150254434719114455e-01 4.081950213256254657e-03
0.000000000000000000e+00 2.262668557909372838e-02 2.274126560022908181e-02 1.095803009443921255e-01 1.443801559765468312e+00 1.067281135965705952e+00 7.335570103040013334e-01 8.258339461883406063e-01 1.158916529183837835e-01 8.424065206292709329e-02
0.000000000000000000e+00 8.784006513051878517e-02 4.453278518000998443e-02 1.767970175650860620e-01 2.935775814018430907e-01 3.460359972615575375e-01 1.243011665367752538e-01 7.332472481110956231e-02 6.713424656074175843e-03 8.410737115559344156e-04
0.000000000000000000e+00 6.610227194671179640e-02 6.622011898494116477e-02 1.443819688873762663e+00 6.385240380658825377e-01 5.123670221938515512e-01 5.412972015786662316e-01 7.011780836948516837e-01 1.149496856032915515e-01 4.078831028969610341e-03
0.000000000000000000e+00 1.117243355909501492e-03 1.173181201448080142e-03 1.313810327474904116e-01 1.821657602983677848e-01 1.592372194496119442e-01 1.204486283217428289e-01 1.442769005187218012e-02 5.453670329259022913e-04 5.453670329259022913e-04
0.000000000000000000e+00 4.436447876290276066e-02 1.314078893680595272e-01 8.630199953056084672e-01 1.397761239182995885e+00 1.455213510714333802e+00 1.703275273447045546e+00 2.101842347039931891e+00 1.055625106812873248e+01 9.218610483606044445e-03
0.000000000000000000e+00 6.612215296841986167e-02 6.617230880025576356e-02 2.295708938068126981e-01 2.359278087317487893e-01 3.460259048689406369e-01 3.664478907605260294e-01 1.392836178406476610e-01 1.171586205623076013e-02 1.405972554325763584e-03
0.000000000000000000e+00 2.262668557909372838e-02 9.558319148389736496e-04 3.704326013960052011e-01 1.782576044875333832e+00 1.839768889871705948e+00 2.024179838821920097e+00 1.479078697391899455e+00 6.716019067063420778e+00 9.239209978636666459e-03
0.000000000000000000e+00 1.313156514981368428e-01 9.635270234042374706e-04 1.408550154776185614e+00 2.359113665190770259e+00 2.024319235664821193e+00 9.599060227321825067e-01 3.420466515265021101e+00 1.043005350771155193e+01 8.443886522081764379e-03
0.000000000000000000e+00 1.095778583143278001e-01 2.269979406467951752e-02 1.408550154776185614e+00 2.311016503266419164e+00 2.184653723735491937e+00 1.478917961126178682e+00 2.472247915670037433e+00 1.079298320254988219e+01 8.438114777248506906e-03
0.000000000000000000e+00 1.117243355909501492e-03 2.269206682844730760e-02 1.096924383354631466e-01 1.818021339733646990e-01 1.592372194496119442e-01 3.240968569019692797e-03 3.607768149631398330e-03 1.507958204318970812e-02 6.603429327873410349e-04
0.000000000000000000e+00 2.262668557909372838e-02 9.795362129460328041e-04 1.131255362829302946e+00 2.518960427478257991e+00 1.511530076055962235e+00 2.932503044380546875e+00 2.878342914944077791e+00 7.126372384052618969e+00 1.907211031352941677e-01
0.000000000000000000e+00 1.202271164499381763e-03 2.269206682844730760e-02 1.313168763741120182e-01 1.994118862495921907e-01 3.594859323442655546e-02 3.640249023671522990e-03 1.781676326398323046e-02 6.865325209707215381e-04 6.538385866826957075e-04
0.000000000000000000e+00 1.095778583143278001e-01 6.617538043229552469e-02 1.943974164731631094e-01 8.848347773857392351e-01 9.132082096496634271e-01 3.739985385391541017e-01 4.932099654363240604e-01 2.733287113679214175e-02 3.149422926197679128e-03
0.000000000000000000e+00 6.610227194671179640e-02 6.619609731415962428e-02 1.943752765584943754e-01 2.647916257964799680e-01 3.460259048689406369e-01 1.376870598278223945e-01 1.078648004495153939e-01 6.793670232902039585e-03 2.335734026341307334e-02
0.000000000000000000e+00 4.436447876290276066e-02 2.271892344901845981e-02 8.784371838036798830e-02 1.355831909567047022e+00 1.395605625856963572e+00 1.511327394195048690e+00 1.142278196516797406e+00 7.736078129634198497e-01 5.314112169709104584e-03
0.000000000000000000e+00 1.141823646555060285e-03 1.173181201448080142e-03 1.314285879784154176e-01 1.817506602840604224e-01 1.592372194496119442e-01 3.559033285666761588e-03 1.780806774614395599e-02 6.603429327873410349e-04 6.603429327873410349e-04
0.000000000000000000e+00 6.610227194671179640e-02 6.622011898494116477e-02 1.443819688873762663e+00 6.385240380658825377e-01 5.123670221938515512e-01 5.412972015786662316e-01 7.011780836948516837e-01 1.149496856032915515e-01 4.078831028969610341e-03
0.000000000000000000e+00 6.610227194671179640e-02 6.622011898494116477e-02 1.443819688873762663e+00 6.101276669753709081e-01 5.488468347847292872e-01 5.891600062227274615e-01 7.634892912766191309e-01 3.486362243795018689e-02 4.080407901977321262e-03
0.000000000000000000e+00 2.262668557909372838e-02 2.274126560022908181e-02 1.095803009443921255e-01 1.443801559765468312e+00 1.067281135965705952e+00 7.335570103040013334e-01 8.258339461883406063e-01 1.158916529183837835e-01 4.078831028969610341e-03
0.000000000000000000e+00 1.202271164499381763e-03 2.269206682844730760e-02 8.901172712619649869e-04 4.445512258056408955e-02 2.265028995635688311e-02 5.312437730627242449e-03 2.661116458978717708e-02 9.620008808704849168e-04 9.620008808704849168e-04
0.000000000000000000e+00 1.587747794813303193e+00 1.825783618574557288e+00 4.468907512805536442e+00 3.691955721022735837e+00 7.848003996645086744e+00 6.118385769078938274e+00 2.355491602972541898e+00 2.466934253197329063e+00 3.396563075379768846e-03
0.000000000000000000e+00 1.095778583143278001e-01 2.279669535451051346e-02 1.767970175650860620e-01 3.079977362608210534e-01 3.358719766577326626e-01 1.376649803626555646e-01 7.332500568948593922e-02 6.723459670737315722e-03 8.418457857147650884e-04
0.000000000000000000e+00 1.092801686515678522e-03 2.271572880413281342e-02 4.356459809474302336e-01 1.760311691651030630e+00 1.695713256058835494e+00 2.024319235664821193e+00 1.790359540269485850e+00 7.848211453850272967e+00 9.226285308542423250e-03
0.000000000000000000e+00 1.092801686515678522e-03 6.616765319606536522e-02 8.784371838036798830e-02 2.049737190376726303e+00 1.791988978328858284e+00 1.142528132809755181e+00 1.167718120205704757e+00 4.803520237481139432e+00 1.745310904282814934e-01
0.000000000000000000e+00 1.117243355909501492e-03 2.269206682844730760e-02 1.096924383354631466e-01 1.817506602840604224e-01 1.592372194496119442e-01 3.607768149631398330e-03 1.780806774614395599e-02 6.603429327873410349e-04 6.603429327873410349e-04
0.000000000000000000e+00 1.092801686515678522e-03 2.273962205937232403e-02 1.530546695579210748e-01 1.443802784768880576e+00 1.249743476753831795e+00 1.137599015635658128e+00 3.555574667183002635e+00 5.720693727353089564e+00 9.249675488706319074e-03
0.000000000000000000e+00 1.117243355909501492e-03 2.269206682844730760e-02 1.096924383354631466e-01 1.998159398451906932e-01 1.015573496858638430e-01 8.980439881244507705e-02 2.624764087040451152e-02 5.545399602630155314e-04 5.410562845676930230e-04
0.000000000000000000e+00 1.117243355909501492e-03 2.269206682844730760e-02 1.096685021319891290e-01 1.821657602983677848e-01 1.448170645906339815e-01 1.204269999230263150e-01 2.621707530938070796e-02 5.453670329259022913e-04 5.453670329259022913e-04
0.000000000000000000e+00 2.262668557909372838e-02 6.619291576437107139e-02 1.095827150371894432e-01 1.303040995214726383e+00 7.766863965147312587e-01 1.262337335537192518e+00 6.390492432173692228e-01 1.077833505325892283e+00 5.303458940636700952e-03
0.000000000000000000e+00 1.092801686515678522e-03 2.269206682844730760e-02 1.096685021319891290e-01 1.822181312210332249e-01 1.736573743085884913e-01 1.761424175599130004e-02 2.632578785501872923e-02 5.537880974678900323e-04 1.229119349160521200e-02
0.000000000000000000e+00 1.092801686515678522e-03 2.269206682844730760e-02 1.314302315192701354e-01 1.646858565059073354e-01 1.303969097316560466e-01 2.026614114758810981e-01 2.225463846635248460e-03 9.773296593172752997e-03 4.356578774759482320e-04
0.000000000000000000e+00 8.785994615222685045e-02 6.617384783605531617e-02 2.295721576208903658e-01 2.216066983066026230e-01 3.358710590460891043e-01 3.664471257899036272e-01 2.506660015653539575e-01 1.188549753488503738e-02 1.410472989109290204e-03
0.000000000000000000e+00 6.610227194671179640e-02 6.617230880025576356e-02 1.943752765584943754e-01 8.127575104376267845e-01 2.938598521982047629e-01 5.020759346908735404e-02 2.790082638238800677e-02 9.036405579186546771e-03 1.095957734898325188e-03
0.000000000000000000e+00 4.436447876290276066e-02 8.790855652279244703e-02 1.943948261892435303e-01 2.647475742158403311e-01 3.460355366380470921e-01 5.684663779692811225e-02 4.344010943548235609e-02 8.564672110154137718e-04 8.354972716939228260e-04
0.000000000000000000e+00 8.784006513051878517e-02 6.617384783605531617e-02 1.767787317484128540e-01 9.136105761064334807e-01 3.572909041368704242e-01 3.491735997643271028e-01 4.106085145263482228e-01 6.867427036092636772e-02 2.414145427903672918e-03
0.000000000000000000e+00 6.612215296841986167e-02 6.617230880025576356e-02 2.295708938068126981e-01 2.503479635907253642e-01 3.460263574386565621e-01 3.491784534691843023e-01 3.207269917278313676e-01 4.029605102657194543e-02 1.412659256915131016e-03
0.000000000000000000e+00 2.264656660080180059e-02 1.096447978338820767e-01 1.767774679343368793e-01 1.637523234898312641e-01 1.180057045690322687e-01 1.608952352071023051e-01 2.419893630048893917e-03 1.065761733953495168e-02 4.816646329688135139e-04
0.000000000000000000e+00 4.438435978461083287e-02 8.790855652279244703e-02 1.767774679343368793e-01 1.926804459600443553e-01 8.275420593627706711e-02 1.608782697793855188e-01 1.272144162787612089e-02 4.931397475760402119e-04 4.811076338112129725e-04
0.000000000000000000e+00 1.095778583143278001e-01 6.617538043229552469e-02 1.767996078490039202e-01 8.848245154297968984e-01 8.847378657803832702e-01 4.104838755256990379e-01 4.931365011632485862e-01 2.611158233821787508e-02 3.147778176839644872e-03
0.000000000000000000e+00 1.095778583143278001e-01 2.279669535451051346e-02 1.767970175650860620e-01 2.935775814018430907e-01 3.460359972615575375e-01 1.242559320132085171e-01 7.338251558803832175e-02 2.389474399886439351e-02 8.418457857147650884e-04
0.000000000000000000e+00 1.117243355909501492e-03 2.269206682844730760e-02 1.097410126219314913e-01 1.817506602840604224e-01 1.448170645906339815e-01 3.165457061809969462e-03 1.780591959820024966e-02 6.594271842131245454e-04 6.594271842131245454e-04
0.000000000000000000e+00 1.092801686515678522e-03 2.269206682844730760e-02 1.096924383354631466e-01 1.993484689082179184e-01 1.736581239807508392e-01 3.147192178685552944e-03 1.783675335202571793e-02 5.530324503762597916e-04 5.395896081832519562e-04
0.000000000000000000e+00 4.440435356179687348e-02 8.790855652279244703e-02 1.768167587352522108e-01 2.791135623616520789e-01 1.776259790817515394e-01 1.651894536806066960e-01 1.684753922152797470e-02 5.271790636172717960e-03 6.476487478584786123e-04
0.000000000000000000e+00 1.095778583143278001e-01 6.617538043229552469e-02 1.943974164731631094e-01 8.848347773857392351e-01 9.132082096496634271e-01 3.739985385391541017e-01 4.932099654363240604e-01 2.733287113679214175e-02 3.149422926197679128e-03
0.000000000000000000e+00 4.438435978461083287e-02 8.790855652279244703e-02 1.768167587352522108e-01 2.791574265428664603e-01 3.460549584121749844e-01 1.511865955617520407e-01 2.165934332284540770e-02 6.872973890751245436e-03 8.395110629623448980e-04
0.000000000000000000e+00 1.117243355909501492e-03 2.269206682844730760e-02 1.096685021319891290e-01 1.812937099253490725e-01 1.448170645906339815e-01 1.789622039358342576e-01 1.167827927770898576e-02 4.459707578874583722e-04 4.351100167826111621e-04
0.000000000000000000e+00 1.095778583143278001e-01 6.617538043229552469e-02 1.943777988212983532e-01 8.848347773857392351e-01 8.562133578540549461e-01 4.105438819886326751e-01 6.034027096947396085e-02 6.839072834943819845e-02 2.418536435799757169e-03
0.000000000000000000e+00 1.117243355909501492e-03 2.269206682844730760e-02 1.314062953157961178e-01 1.645807672043175518e-01 1.592372194496119442e-01 1.800356707579349805e-02 3.235266180741101782e-02 5.395896081832519562e-04 5.395896081832519562e-04
0.000000000000000000e+00 4.436447876290276066e-02 1.314078893680595272e-01 8.630199953056084672e-01 1.397761239182995885e+00 1.455213510714333802e+00 1.703275273447045546e+00 2.101842347039931891e+00 1.055625106812873248e+01 9.218610483606044445e-03
0.000000000000000000e+00 1.166544665800747262e-03 2.269206682844730760e-02 1.096685021319891290e-01 1.997635689225252809e-01 1.159775045448404179e-01 1.770581619317502381e-02 3.410240839956963504e-03 6.749019523598456024e-04 6.585069372349182555e-04
0.000000000000000000e+00 4.438435978461083287e-02 8.790855652279244703e-02 1.768167587352522108e-01 2.791135623616520789e-01 3.460549584121749844e-01 1.511865955617520407e-01 2.165934332284540770e-02 8.605989623890198921e-04 8.605989623890198921e-04
0.000000000000000000e+00 1.092801686515678522e-03 2.269206682844730760e-02 1.096685021319891290e-01 1.822181312210332249e-01 1.736573743085884913e-01 1.761424175599130004e-02 2.632578785501872923e-02 5.537880974678900323e-04 1.229119349160521200e-02
0.000000000000000000e+00 4.436447876290276066e-02 8.790855652279244703e-02 8.278224701789484996e-01 1.568739389528478245e+00 1.359092495066419159e+00 2.024051299684490601e+00 4.775818990783676554e+00 6.765265615326494064e+00 9.227212906409791235e-03
0.000000000000000000e+00 1.095778583143278001e-01 6.617538043229552469e-02 1.943777988212983532e-01 8.704146225267612724e-01 9.417048120565357783e-01 3.375780249762880825e-01 6.034027096947396085e-02 2.029356642508720401e-02 5.051425384735260676e-02
0.000000000000000000e+00 1.092801686515678522e-03 2.269206682844730760e-02 1.096685021319891290e-01 1.997635689225252809e-01 3.594768444048758449e-02 4.409814169916660351e-03 3.240523293049960701e-02 6.701044868189802352e-04 6.701044868189802352e-04
0.000000000000000000e+00 1.092801686515678522e-03 2.271572880413281342e-02 6.612340138944357293e-02 2.116638612718357404e+00 1.791909445943494772e+00 1.863984522115387454e+00 1.583089499518646859e+00 1.010563460062801733e+00 1.424411776009008312e-01
0.000000000000000000e+00 1.092801686515678522e-03 1.748566191151064431e-01 1.320563019533733895e+00 2.503457698437306700e+00 1.864123842807661857e+00 1.998015043150420444e+00 4.190677919860695155e+00 1.533101596693959223e+01 1.297306201022053740e-01
0.000000000000000000e+00 1.092801686515678522e-03 1.173181201448080142e-03 4.573825492552620053e-01 1.760311691651030630e+00 1.743810417983186367e+00 2.024436264998123569e+00 1.478917961126178682e+00 7.847320475499991232e+00 9.231753378124655379e-03
0.000000000000000000e+00 8.784006513051878517e-02 6.619767824250466504e-02 1.944158998218100121e-01 8.988947915791383192e-01 3.795816141187265402e-01 3.776702126345908850e-01 3.008017924715536418e-01 6.828841073848879173e-02 2.412643556349528852e-03
0.000000000000000000e+00 6.610227194671179640e-02 6.619609731415962428e-02 1.943752765584943754e-01 2.647916257964799680e-01 3.460259048689406369e-01 1.376870598278223945e-01 1.078648004495153939e-01 6.793670232902039585e-03 2.335734026341307334e-02
0.000000000000000000e+00 1.095778583143278001e-01 2.269979406467951752e-02 1.408550154776185614e+00 2.407329751354087666e+00 2.024308164183306502e+00 1.582724650818339240e+00 2.471804140162926267e+00 1.043005350771155193e+01 8.443886522081764379e-03
0.000000000000000000e+00 2.138735199440230605e+00 5.214473297055497447e+00 1.562541789445036189e+00 5.684077723625978074e+00 1.202066722844076629e+01 6.120832736863405010e+00 1.302913432144877426e+00 1.091193438897664736e+00 9.639829383737665708e-03
0.000000000000000000e+00 6.612215296841986167e-02 8.791010198406275233e-02 1.943765403725720431e-01 2.647578564937610457e-01 3.460554350845705951e-01 5.712004544779415716e-02 1.675899066320683112e-02 6.062971099475882508e-04 6.502541306886309904e-04
0.000000000000000000e+00 4.436447876290276066e-02 8.790855652279244703e-02 8.278224701789484996e-01 1.568739389528478245e+00 1.359092495066419159e+00 2.024308164183306502e+00 4.775818990783676554e+00 6.765265615326494064e+00 9.227212906409791235e-03
0.000000000000000000e+00 6.612215296841986167e-02 6.617230880025576356e-02 2.119730851826535367e-01 2.647578564937610457e-01 1.776175558860832449e-01 1.448441331259036069e-01 8.400549537365101238e-02 2.416999335739487831e-02 8.354972716939228260e-04
0.000000000000000000e+00 8.784006513051878517e-02 6.617384783605531617e-02 1.767787317484128540e-01 9.136105761064334807e-01 3.572909041368704242e-01 3.491735997643271028e-01 4.106085145263482228e-01 6.867427036092636772e-02 2.414145427903672918e-03
0.000000000000000000e+00 2.262668557909372838e-02 8.793070894818010019e-02 1.152997984173717461e+00 2.263564129354332710e+00 1.760821045707335220e+00 2.828661344029017144e+00 2.472043232170211713e+00 9.703994374351996299e+00 8.471158456915902149e-03
0.000000000000000000e+00 1.095778583143278001e-01 6.619925258716492789e-02 1.267769593661258076e+00 2.695839587712804075e+00 2.024308164183306502e+00 1.374465497957666704e+00 3.014038764490283739e+00 1.278966082316249775e+01 1.512245362590289022e-01
0.000000000000000000e+00 2.262668557909372838e-02 1.748818816834121215e-01 1.250172730226279283e+00 2.695839587712804075e+00 2.024308164183306502e+00 1.374788923389645090e+00 3.013833311547188032e+00 1.297115896119547962e+01 7.159314708235142363e-03
0.000000000000000000e+00 4.436447876290276066e-02 1.805241943530105253e+00 5.374759689688966446e+00 5.995048514595588074e+00 1.456220670373629922e+01 3.645632960791351795e+00 2.471691044809391613e+00 2.053971079267685074e+00 3.350111823022334438e-04
0.000000000000000000e+00 1.202271164499381763e-03 2.269206682844730760e-02 9.100218380185244810e-04 2.248779095188556121e-01 1.832799936170348074e-02 3.763843922672511968e-03 3.937568407959148725e-02 8.291601725008132312e-04 7.897167544578481777e-04
0.000000000000000000e+00 8.785994615222685045e-02 4.445988505869768320e-02 1.768167587352522108e-01 2.792454045872490020e-01 1.682986532464658125e-01 1.650506706803021306e-01 3.027868171602737107e-02 3.222728112874396339e-02 6.489608099407782578e-04
0.000000000000000000e+00 1.095778583143278001e-01 2.272366621954891377e-02 1.355756728903708908e+00 2.407204417446462852e+00 2.024211938419506307e+00 1.478657814535471848e+00 3.149389702727609652e+00 1.115611209493044420e+01 8.413953617393870460e-03
0.000000000000000000e+00 1.092801686515678522e-03 1.748566191151064431e-01 1.338160828157893167e+00 2.503459916048648815e+00 1.703788980862290359e+00 2.101842347039931891e+00 4.190677919860695155e+00 1.533024464205137249e+01 1.297306201022053740e-01
0.000000000000000000e+00 1.092801686515678522e-03 2.269206682844730760e-02 9.795362129460328041e-04 2.462357184674313637e-01 7.474322780768706889e-04 2.192627141117067455e-02 4.183293758334091957e-03 7.885234823621367368e-04 7.885234823621367368e-04
0.000000000000000000e+00 4.436447876290276066e-02 8.793230300044350967e-02 8.806158960514243184e-01 1.483286101568281445e+00 1.262819170913510369e+00 1.944168260633615697e+00 1.998015043150420444e+00 1.206158674011925491e+01 9.179872774214559161e-03
