0.000000000000000000e+00 1.092801686515678522e-03 2.283753839064145072e-02 8.901172712619649869e-04 2.269362509864800148e-02 1.078456868488046009e-03 8.913350253510659085e-04 4.974443029480129543e-03 2.899909136601442824e-02 7.467611035187633056e-03
0.000000000000000000e+00 3.921691697038370283e-01 1.827088810714642575e+00 4.893938646065547182e+00 4.098367007768136006e+00 1.003527271607252747e+00 1.583369554546368008e+01 6.040865539753236924e+00 2.053943284411059444e+00 1.330047663116363903e-02
0.000000000000000000e+00 3.921691697038370283e-01 1.827088810714642575e+00 4.893938646065547182e+00 4.098367007768136006e+00 1.003527271607252747e+00 1.583369554546368008e+01 6.040865539753236924e+00 2.053943284411059444e+00 1.330047663116363903e-02
0.000000000000000000e+00 1.092801686515678522e-03 2.273962205937232403e-02 9.795362129460328041e-04 1.313825910176890654e-01 1.112343887166695805e-03 9.173586554010304929e-04 2.655052533890625566e-02 7.351904055087564969e-03 7.805116353804071941e-03
0.000000000000000000e+00 1.092801686515678522e-03 1.261305992118845302e-03 2.865531683331417126e-02 2.269362509864800148e-02 8.913350253510659085e-04 9.112629607553282985e-04 2.711395295632000255e-02 7.467611035187633056e-03 7.724248865844703625e-03
0.000000000000000000e+00 1.092801686515678522e-03 2.283753839064145072e-02 1.003472416420051047e-03 2.278983988669744387e-02 1.005109274002831832e-03 8.913350253510659085e-04 4.845002939709613238e-02 7.291615073073726312e-03 7.675988710706737293e-03
0.000000000000000000e+00 1.092801686515678522e-03 2.271572880413281342e-02 6.807486298968082675e-03 2.276543525683662195e-02 9.811302652094316522e-04 2.264905614456436123e-02 4.978871458001242131e-03 7.276470917525388292e-03 7.467611035187633056e-03
0.000000000000000000e+00 1.092801686515678522e-03 1.202271164499381763e-03 1.353504512827129191e-01 1.035974967430060376e-03 9.362866461782785692e-04 1.230938342943318272e-03 2.709562850797035335e-02 7.272832486841241707e-03 7.789002182564776396e-03
0.000000000000000000e+00 1.092801686515678522e-03 2.283753839064145072e-02 1.003472416420051047e-03 4.452763307050647268e-02 1.055488437816608531e-03 8.925456451359593162e-04 2.671666464180822223e-02 7.291615073073726312e-03 7.675988710706737293e-03
0.000000000000000000e+00 1.092801686515678522e-03 1.261305992118845302e-03 2.846926469679691291e-02 4.450322844064565769e-02 2.272051094654156320e-02 9.137232606967528878e-04 5.385337360708329114e-03 7.291615073073726312e-03 7.675988710706737293e-03
0.000000000000000000e+00 1.117243355909501492e-03 1.202271164499381763e-03 2.271572880413281342e-02 4.452763307050647268e-02 1.030995816319066425e-03 9.124967725498966129e-04 2.708215140885293290e-02 7.291615073073726312e-03 7.740481495695601330e-03
0.000000000000000000e+00 1.092801686515678522e-03 2.283753839064145072e-02 8.901172712619649869e-04 6.616921146626401906e-02 1.081973593864446297e-03 8.937491181483686901e-04 4.983250443580035383e-03 7.291615073073726312e-03 2.922101105515851477e-02
0.000000000000000000e+00 1.530534446819437899e-01 1.415831145000962521e-01 1.871597355821696507e+00 3.056456030414592906e+00 3.036438446176822570e+00 2.200993344279719821e+00 3.027848726233945964e+00 1.097559369937195051e+01 2.138023472554426707e-01
0.000000000000000000e+00 1.092801686515678522e-03 1.352023510538728204e-03 1.261305992118845302e-03 8.800148810910550512e-02 1.008362880099538880e-03 9.137232606967528878e-04 2.712313054451736052e-02 7.306730557103381651e-03 7.756684656197230035e-03
0.000000000000000000e+00 1.092801686515678522e-03 2.283753839064145072e-02 8.901172712619649869e-04 8.790700465007304787e-02 1.083721223926371749e-03 8.949454318686140761e-04 5.316914646595876509e-03 2.904452374091241393e-02 7.708051048734405886e-03
0.000000000000000000e+00 1.117243355909501492e-03 1.202271164499381763e-03 2.271572880413281342e-02 4.452763307050647268e-02 2.276878900012604956e-02 9.137232606967528878e-04 2.708669747219432516e-02 7.306730557103381651e-03 7.756684656197230035e-03
0.000000000000000000e+00 1.092801686515678522e-03 2.283753839064145072e-02 5.153514476137033111e-03 1.749543921733545115e-01 1.040891991566633874e-03 9.197453983090118825e-04 5.407333777384454830e-03 7.366903925516440563e-03 7.821200666433065357e-03
0.000000000000000000e+00 1.095778583143278001e-01 2.183638048738240356e-01 1.214999026449776531e+00 2.455303733205803418e+00 1.863867120452120218e+00 1.686917577980365790e+00 2.742646666373534714e+00 1.333402371623926186e+01 6.969771320529037639e-02
0.000000000000000000e+00 3.704313765200279440e-01 1.259419420855023564e+00 2.214830482456290106e+00 2.024436264998123569e+00 1.354186650125845048e+00 2.742852518340973322e+00 1.424151440640416766e+01 2.905079643956960389e+00 1.559794144980559405e-01
0.000000000000000000e+00 1.117243355909501492e-03 2.271572880413281342e-02 9.300391697318397119e-04 1.532165989895475366e-01 1.014789237652745672e-03 9.794326837084940326e-04 5.403042950192345206e-03 7.287708983957939812e-03 7.805116353804071941e-03
0.000000000000000000e+00 1.117243355909501492e-03 2.271572880413281342e-02 9.795362129460328041e-04 4.450322844064565769e-02 9.827177627345802784e-04 2.265028995635688311e-02 4.800150278384212807e-03 7.291615073073726312e-03 7.740481495695601330e-03
0.000000000000000000e+00 3.921691697038370283e-01 1.190456062947449656e+00 2.359174976867024487e+00 2.024308164183306502e+00 9.389598913571931549e-01 2.607285292881863725e+00 1.496339890479408830e+01 3.647292835970950886e+00 4.276063009968538581e-02
0.000000000000000000e+00 1.092801686515678522e-03 1.382847409626304213e-03 1.261305992118845302e-03 1.966904540281465552e-01 1.016378894398885539e-03 2.265753858211804264e-02 5.411570293759894977e-03 7.706503774814658578e-03 7.771820302428681521e-03
0.000000000000000000e+00 1.092801686515678522e-03 2.276374813826762336e-02 9.795362129460328041e-04 1.313367809408686193e-01 2.275098597650312623e-02 9.185557208415380884e-04 2.648131680630438911e-02 7.560814788311476763e-03 7.821200666433065357e-03
0.000000000000000000e+00 3.704313765200279440e-01 1.242178278424285409e+00 2.214828432890727949e+00 1.944285663841619272e+00 1.354187737718228535e+00 2.742918512918290030e+00 1.333389001062739965e+01 3.383024036092617148e+00 1.560088087143908231e-01
0.000000000000000000e+00 1.092801686515678522e-03 1.202271164499381763e-03 1.261305992118845302e-03 2.184282472119556118e-01 9.936454916740667265e-04 9.209276747772433998e-04 2.197873991651788303e-02 5.988085086530936692e-03 6.357614381019505156e-03
0.000000000000000000e+00 1.092801686515678522e-03 2.283753839064145072e-02 1.003472416420051047e-03 4.452763307050647268e-02 1.055488437816608531e-03 8.925456451359593162e-04 2.671666464180822223e-02 7.291615073073726312e-03 7.675988710706737293e-03
0.000000000000000000e+00 4.573825492552620053e-01 1.069771668282994526e+00 2.551859115306877257e+00 2.024179838821920097e+00 4.070846012072419029e+00 1.674178884978178772e+01 4.988550805618697126e+00 1.653396603503030748e+00 3.200279576340553933e-01
0.000000000000000000e+00 3.921691697038370283e-01 1.224918801545678226e+00 2.166790604555306032e+00 2.024330081667573555e+00 5.019280207839714514e+00 1.383753692185785766e+01 4.263569970581020385e+00 3.665789302643118308e+00 5.668878279804515641e-01
0.000000000000000000e+00 1.092801686515678522e-03 2.283753839064145072e-02 1.003472416420051047e-03 2.278983988669744387e-02 1.005109274002831832e-03 8.913350253510659085e-04 2.671223621328915748e-02 7.276470917525388292e-03 7.659913451918533810e-03
0.000000000000000000e+00 1.092801686515678522e-03 1.261305992118845302e-03 1.349255135541798378e-01 1.035974967430060376e-03 1.011589574711929109e-03 1.230938342943318272e-03 2.709562850797035335e-02 7.272832486841241707e-03 7.724037935616124076e-03
0.000000000000000000e+00 1.530534446819437899e-01 1.767787317484128540e-01 1.104169940126197513e+00 2.599588705864158023e+00 1.944028941486077855e+00 1.686735279559613998e+00 2.607123027938425430e+00 1.242653302607435073e+01 6.962500728260241634e-02
0.000000000000000000e+00 1.092801686515678522e-03 2.271572880413281342e-02 4.933508904207666718e-03 8.797881480826166833e-02 9.350521809648149833e-04 1.009979598828370830e-03 2.705470783040490532e-02 7.321817277367376024e-03 7.708051048734405886e-03
0.000000000000000000e+00 1.092801686515678522e-03 2.271572880413281342e-02 4.443141828245704417e-02 1.531712917201731861e-01 1.842189853387746906e-02 7.793553796367177003e-04 3.465855533334045654e-03 5.935746468831425496e-03 6.304514993240890354e-03
0.000000000000000000e+00 1.092801686515678522e-03 1.352023510538728204e-03 1.261305992118845302e-03 1.749526608443396081e-01 1.014789237652745672e-03 9.185557208415380884e-04 5.403042950192345206e-03 7.287708983957939812e-03 2.954290953761105204e-02
0.000000000000000000e+00 4.139069628876460571e-01 1.224959326495299816e+00 3.430797436999282635e+00 2.517457713576425338e+00 2.986914629690975431e+00 1.438178020889162489e+01 4.265801833434474055e+00 2.068299917808995581e+00 2.293418814532732497e-01
0.000000000000000000e+00 3.269557901524119958e-01 1.303048400044287902e+00 2.214828432890727949e+00 1.863995593596902589e+00 4.612809633842245738e+00 1.256701083771001670e+01 4.823550250513022775e+00 3.134717290808655132e+00 2.370368983740649485e-02
0.000000000000000000e+00 1.092801686515678522e-03 1.261305992118845302e-03 8.427927474177827200e-03 2.836172663439677777e-01 8.081152989078466999e-04 7.483713506851668402e-04 2.198876477791763054e-02 6.024229950041337135e-03 6.342905773917472019e-03
0.000000000000000000e+00 1.092801686515678522e-03 2.273962205937232403e-02 1.150664546908471697e-01 1.768167587352522108e-01 8.316619322892863844e-04 7.511523207723672666e-04 4.370963849011847216e-03 6.422108830762392195e-03 6.422108830762392195e-03
0.000000000000000000e+00 1.092801686515678522e-03 1.202271164499381763e-03 4.442986001225633641e-02 1.314560814682356193e-01 1.014789237652745672e-03 9.185557208415380884e-04 2.651796254653750531e-02 7.366903925516440563e-03 7.821200666433065357e-03
0.000000000000000000e+00 1.313156514981368428e-01 1.408624071625446117e+00 3.492951639283630616e+00 2.725121149645700402e+00 3.393387069063670491e+00 1.637868154958517408e+01 5.830207324021051463e+00 1.983733210950186843e+00 5.987138415025439198e-02
0.000000000000000000e+00 1.092801686515678522e-03 2.271572880413281342e-02 6.807486298968082675e-03 8.797881480826166833e-02 2.272366621954891377e-02 9.161542149603251178e-04 5.357835324163374990e-03 7.321817277367376024e-03 7.708051048734405886e-03
0.000000000000000000e+00 4.139069628876460571e-01 1.224939554116844631e+00 2.166733320531939455e+00 2.024447484875580461e+00 4.206337149826275379e+00 1.220406926390171876e+01 4.823496652267013296e+00 2.257733104715724526e+00 3.468537214283359815e-02
0.000000000000000000e+00 3.921691697038370283e-01 1.242159943976416603e+00 2.214830482456290106e+00 2.024308164183306502e+00 1.250379960433684490e+00 2.607601120360476088e+00 1.623407570448377157e+01 5.937449236168975547e-02 1.836474191620304508e-01
0.000000000000000000e+00 1.313156514981368428e-01 1.461417497497921714e+00 3.617599141782822603e+00 3.036456314189907246e+00 1.902980897285219575e+00 1.619681521382407752e+01 7.110473795192079116e+00 2.450510684746533219e+00 5.987138415025439198e-02
0.000000000000000000e+00 6.610227194671179640e-02 1.748850632332006882e-01 1.355817385056166557e+00 2.214611077800572314e+00 2.104234451445353482e+00 1.582907138988066009e+00 2.878719105479362828e+00 7.889211096271985468e+00 2.677332575221721411e-01
0.000000000000000000e+00 1.313156514981368428e-01 6.620082033357096996e-02 1.391010578640569317e+00 2.214611077800572314e+00 2.184782119784623777e+00 1.686692076776225235e+00 3.035134409101636899e-01 2.094768169416228343e+00 2.434489817479138507e-01
0.000000000000000000e+00 1.747912378657528187e-01 1.415843729488225622e-01 9.235713988865005275e-01 2.406989426150579536e+00 2.425180321262844885e+00 1.790520518372391789e+00 2.607668502974803015e+00 1.260816268512951588e+01 6.967066267611936314e-02
0.000000000000000000e+00 1.092801686515678522e-03 2.273962205937232403e-02 6.745494253246580273e-03 8.797881480826166833e-02 9.858730357398864854e-04 9.149424124372242074e-04 2.709118985218718703e-02 7.321817277367376024e-03 7.708051048734405886e-03
0.000000000000000000e+00 1.117243355909501492e-03 2.283753839064145072e-02 9.795362129460328041e-04 6.626542625431344757e-02 2.285774364331038394e-02 8.949454318686140761e-04 4.987579945906987083e-03 2.904452374091241393e-02 7.514344374743487168e-03
0.000000000000000000e+00 5.226158098283971709e-01 1.069795153651953434e+00 3.742230438978157991e+00 3.140280575715797884e+00 2.038471293888323377e+00 1.655949059952764202e+01 4.463597774980843980e+00 2.826322115074295649e+00 1.414507889238888483e-01
0.000000000000000000e+00 4.139069628876460571e-01 8.658774452027944157e-01 1.570475577284302426e+00 1.449109114824099764e+00 3.326517142704803920e+00 1.930012551073504667e+00 1.442053644048705330e+01 5.750244852952493879e+00 1.075863109354280728e-01
0.000000000000000000e+00 1.092801686515678522e-03 2.273962205937232403e-02 6.745494253246580273e-03 4.450322844064565769e-02 2.274453261732310369e-02 9.137232606967528878e-04 5.385337360708329114e-03 7.291615073073726312e-03 7.675988710706737293e-03
0.000000000000000000e+00 1.092801686515678522e-03 2.271572880413281342e-02 6.807486298968082675e-03 8.797881480826166833e-02 2.272366621954891377e-02 9.161542149603251178e-04 5.357835324163374990e-03 7.321817277367376024e-03 7.708051048734405886e-03
0.000000000000000000e+00 3.704313765200279440e-01 1.242178278424285409e+00 2.214828432890727949e+00 2.024447484875580461e+00 1.250380528270279124e+00 2.742505038475641754e+00 1.333389001062739965e+01 3.671141720737531422e+00 1.560034461400493788e-01
0.000000000000000000e+00 1.117243355909501492e-03 2.271572880413281342e-02 5.378009231919014810e-03 2.186604392353943271e-01 8.253657868521769442e-04 7.464871821928952076e-04 2.201166863546703129e-02 6.000157220393807257e-03 6.370562423104305684e-03
0.000000000000000000e+00 1.092801686515678522e-03 2.273962205937232403e-02 1.140669751509621188e-01 2.298183995009370761e-01 8.353725717707064348e-04 1.835168731579359461e-02 3.201058796687043708e-03 5.215572553735139255e-03 5.259932690613750364e-03
0.000000000000000000e+00 1.313156514981368428e-01 1.748897862526140601e-01 1.338223172190519339e+00 2.166516304844747332e+00 2.023804107541762765e+00 1.478939471192994626e+00 2.742852518340973322e+00 8.796570265414718648e+00 8.715125468044841728e-02
0.000000000000000000e+00 4.436447876290276066e-02 1.749074547444689209e-01 1.408629094641807855e+00 2.166516304844747332e+00 2.104609305909538097e+00 1.581429229651419410e+00 2.607294536766030291e+00 5.755345239040424721e-01 7.767498988233735580e-02
0.000000000000000000e+00 1.092801686515678522e-03 1.261305992118845302e-03 4.442986001225633641e-02 1.316583930972074490e-01 1.014789237652745672e-03 9.185557208415380884e-04 2.714083613399933051e-02 7.366903925516440563e-03 7.821200666433065357e-03
0.000000000000000000e+00 1.092801686515678522e-03 2.271572880413281342e-02 4.933508904207666718e-03 4.452763307050647268e-02 2.267035386321103463e-02 9.842986910796175642e-04 5.312437730627242449e-03 7.740481495695601330e-03 7.740481495695601330e-03
0.000000000000000000e+00 4.791203424390711452e-01 1.035270899699657354e+00 2.551612142447680753e+00 2.104352583553996681e+00 4.206336408675530159e+00 1.692296615050157982e+01 4.988549264631330082e+00 1.570537893758050307e+00 3.200951112259984854e-01
0.000000000000000000e+00 1.092801686515678522e-03 2.271572880413281342e-02 4.933508904207666718e-03 8.800321943812246250e-02 2.267284536477384704e-02 9.874407821479733605e-04 2.705913144357504838e-02 7.789002182564776396e-03 7.724037935616124076e-03
0.000000000000000000e+00 1.117243355909501492e-03 1.202271164499381763e-03 2.853110834966669437e-02 2.184055739111117334e-01 8.056469898885567889e-04 1.834429580635204768e-02 4.358074849922359897e-03 5.947695618416713910e-03 2.396837104726180084e-02
0.000000000000000000e+00 1.530534446819437899e-01 1.591809231242553857e-01 1.121410186227829398e+00 2.599588705864158023e+00 2.024190762520039044e+00 1.790359540269485850e+00 2.472178106371691886e+00 1.188210464706237346e+01 2.488372919052170840e-01
0.000000000000000000e+00 1.117243355909501492e-03 2.283753839064145072e-02 1.003472416420051047e-03 6.626542625431344757e-02 1.008362880099538880e-03 8.937491181483686901e-04 4.983250443580035383e-03 2.902940825688275425e-02 7.692034608283559310e-03
0.000000000000000000e+00 8.784006513051878517e-02 1.531488509777387264e-01 1.250230533311215142e+00 1.533796272160534713e+00 1.448995231321676291e+00 1.142391388924306028e+00 1.479078697391899455e+00 6.716699703038936597e+00 2.660802273125426054e-01
0.000000000000000000e+00 1.095778583143278001e-01 1.748882185062059780e-01 1.303026361670106992e+00 1.351399015145834603e+00 1.511618108257535065e+00 9.821801473794855575e-01 2.332591948870542109e-01 1.500349406483705517e+00 6.224441176322691172e-02
0.000000000000000000e+00 4.436447876290276066e-02 1.096940751930438745e-01 1.179913151819290240e+00 1.679709474559671900e+00 1.760922334851630744e+00 8.217303067136871864e-01 1.998015043150420444e+00 6.218800433317388965e+00 6.271970026206055149e-01
0.000000000000000000e+00 1.092801686515678522e-03 2.283753839064145072e-02 5.153514476137033111e-03 1.532165989895475366e-01 1.064281835625470879e-01 7.493043891915214657e-04 4.394209613917237842e-03 2.362203857420049069e-02 6.409259257198190313e-03
0.000000000000000000e+00 1.092801686515678522e-03 2.286261076180453808e-02 1.138424803951801345e-01 2.119537258232973009e-01 7.365602372100257464e-04 7.944364235590406324e-04 4.406781739802293450e-03 6.072087057032150154e-03 6.447733423597167522e-03
0.000000000000000000e+00 4.139069628876460571e-01 8.658774452027944157e-01 1.570475577284302426e+00 1.449109114824099764e+00 3.326517142704803920e+00 1.930012551073504667e+00 1.442053644048705330e+01 5.750244852952493879e+00 1.075863109354280728e-01
0.000000000000000000e+00 3.269557901524119958e-01 1.303068252031640339e+00 2.263228643773411264e+00 1.944146343149348866e+00 4.612808339635599886e+00 1.274760095528828785e+01 4.823597913184895170e+00 1.986788530069458547e+00 1.478394311752939394e-01
0.000000000000000000e+00 1.092801686515678522e-03 2.273962205937232403e-02 1.145874999497723118e-01 1.945371053851291665e-01 1.188968577243402214e-01 6.220830097491583492e-04 3.603352713974114409e-03 5.043502368045391093e-03 5.311344903884529685e-03
0.000000000000000000e+00 1.092801686515678522e-03 2.273962205937232403e-02 1.140669751509621188e-01 2.474162081250962375e-01 6.855328330384308612e-04 6.184847732852395349e-04 3.615978201741189019e-03 5.215572553735139255e-03 5.259932690613750364e-03
0.000000000000000000e+00 1.117243355909501492e-03 2.286261076180453808e-02 1.229583237880993787e-03 2.184299785409725692e-01 8.253657868521769442e-04 7.464871821928952076e-04 2.198212558311531117e-02 6.317336349844174248e-03 6.370562423104305684e-03
0.000000000000000000e+00 1.092801686515678522e-03 1.231645461951578514e-03 2.853110834966669437e-02 1.966677807273027045e-01 9.936454916740667265e-04 1.834334469768720416e-02 4.384316958956159353e-03 5.988085086530936692e-03 6.304514993240890354e-03
0.000000000000000000e+00 3.921691697038370283e-01 1.224918801545678226e+00 2.167096864673255574e+00 2.104363283332823631e+00 4.883789132841815928e+00 1.383753692185785766e+01 4.387273555540855519e+00 3.591148618819498761e+00 5.668878279804515641e-01
0.000000000000000000e+00 3.269557901524119958e-01 1.303048400044287902e+00 2.263228643773411264e+00 1.944146343149348866e+00 4.477317943032489644e+00 1.311091815538554073e+01 4.967671301639647652e+00 2.163502472098336682e+00 1.477827500084086532e-01
0.000000000000000000e+00 1.095778583143278001e-01 4.357417367119081897e-01 1.069756626177050585e+00 2.262707017218718697e+00 2.184525104366781267e+00 1.582885387084060014e+00 2.200823346956711113e+00 1.551186766702318032e+01 4.310402254936565591e-01
0.000000000000000000e+00 3.921691697038370283e-01 1.138732635655234304e+00 2.214817923584044390e+00 1.944209395059088852e+00 2.392256516817159007e+00 2.471564960596282834e+00 1.405553055554168296e+01 3.399893983796300034e+00 5.729519154626172561e-01
0.000000000000000000e+00 1.117243355909501492e-03 2.283753839064145072e-02 8.901172712619649869e-04 6.614341872115687970e-02 2.285774364331038394e-02 8.949454318686140761e-04 4.987579945906987083e-03 2.904452374091241393e-02 7.514344374743487168e-03
0.000000000000000000e+00 6.610227194671179640e-02 3.487874087036688109e-01 1.155936020785111928e+00 2.310802938009961505e+00 2.184525104366781267e+00 1.063691202357527343e+00 2.878441311766605004e+00 1.551186766702318032e+01 5.992947061415186683e-02
0.000000000000000000e+00 1.117243355909501492e-03 1.202271164499381763e-03 1.370350872052437663e-01 1.767774679343368793e-01 1.333387929091937318e-01 6.220830097491583492e-04 3.579005270315197863e-03 1.973149976286247415e-02 5.366625214962312575e-03
0.000000000000000000e+00 3.486935833362209691e-01 1.804816750166365891e+00 3.181459346195952165e+00 2.725018377100331346e+00 5.651924456549774156e+00 1.383654721076577410e+01 5.620518891669569861e+00 1.913495022136415535e+00 5.055630801514549022e-02
0.000000000000000000e+00 1.095778583143278001e-01 1.749123250692944942e-01 1.250232935797631173e+00 1.460837411493988824e+00 1.449197515253819457e+00 1.142391388924306028e+00 1.686692076776225235e+00 7.667625982384593364e+00 2.662907359663683193e-01
0.000000000000000000e+00 1.313156514981368428e-01 2.471687024309718317e-01 1.138696015933318817e+00 1.387878494682291963e+00 1.448995231321676291e+00 2.620901393072753383e+00 2.878202362294752348e+00 7.668757482485268007e+00 8.688128668233671692e-02
0.000000000000000000e+00 1.092801686515678522e-03 1.261305992118845302e-03 1.363132679585919715e-01 1.945371053851291665e-01 8.944748955569811755e-02 1.504081366847391348e-02 3.210065666170936784e-03 5.033868946523963744e-03 5.301103958967310660e-03
0.000000000000000000e+00 1.313156514981368428e-01 1.531519930688050313e-01 1.355819787542582811e+00 2.166516304844747332e+00 2.104481056698778385e+00 1.479078697391899455e+00 2.336757519066933408e+00 7.488105224171490271e+00 8.679781698747564278e-02
0.000000000000000000e+00 1.313156514981368428e-01 1.748897862526140601e-01 1.338223172190519339e+00 2.166516304844747332e+00 2.104609305909538097e+00 1.479078697391899455e+00 2.742818924926797131e+00 8.796636300501679884e+00 8.637894150930561232e-02
0.000000000000000000e+00 4.436447876290276066e-02 1.096940751930438745e-01 1.637066473965415880e-01 1.448994919611711063e-01 2.379555309860414136e-01 4.292285282124535715e-04 1.166758364204952512e-02 3.365884588636684511e-03 3.608270121874598314e-03
0.000000000000000000e+00 1.530534446819437899e-01 1.314157610185228697e-01 1.162203740545160180e+00 2.599584278070889098e+00 2.024211938419506307e+00 1.790401663766094442e+00 2.606917144712052270e+00 1.188203861197540512e+01 8.103179528835717516e-02
0.000000000000000000e+00 1.313156514981368428e-01 1.531519930688050313e-01 1.320624170294265376e+00 2.118416753951867904e+00 2.104641604366678909e+00 1.998176498875546603e+00 2.607260146516138466e+00 8.615203648403912950e+00 2.678770795422918405e-01
0.000000000000000000e+00 1.092801686515678522e-03 1.352023510538728204e-03 1.366102566128700735e-01 1.943559171991381673e-01 8.737801188082749970e-02 6.206588094959711831e-04 3.623105717515602217e-03 1.966632907855370149e-02 5.301103958967310660e-03
0.000000000000000000e+00 1.092801686515678522e-03 1.231645461951578514e-03 2.859312725974174491e-02 2.400715569367321556e-01 3.610322094206777632e-02 7.493043891915214657e-04 4.364606940813775884e-03 5.971522687442428444e-03 6.396384943088232258e-03
0.000000000000000000e+00 4.436447876290276066e-02 1.314078893680595272e-01 1.408626593888248513e+00 2.214611077800572314e+00 2.184525104366781267e+00 1.582885387084060014e+00 2.472008885489077379e+00 5.754741229839129835e-01 7.416663866900857771e-01
0.000000000000000000e+00 3.921691697038370283e-01 1.138732635655234304e+00 2.262915085508395485e+00 1.944199448373562955e+00 2.184642856109308973e+00 2.471598993994624127e+00 1.405547032934026319e+01 3.523589251011115753e+00 4.845879956495217078e-01
0.000000000000000000e+00 1.095778583143278001e-01 4.446145940335590602e-02 1.461399368389626696e+00 1.205480070741644871e+00 5.894773383087311691e-01 1.543348309461064938e+00 4.408326911186045693e-01 2.019192276054876611e+00 6.230072098929807789e-02
0.000000000000000000e+00 4.356447560714550860e-01 1.207680002386787299e+00 3.493039355755973130e+00 2.413305159139210954e+00 3.122405026294086561e+00 1.438172603866259003e+01 4.138749016485309795e+00 2.213527848472381265e+00 2.712200951175104957e-01
0.000000000000000000e+00 1.092801686515678522e-03 2.276374813826762336e-02 1.145874999497723118e-01 1.945371053851291665e-01 1.188968577243402214e-01 6.220830097491583492e-04 3.212238154100350174e-03 5.043502368045391093e-03 5.311344903884529685e-03
0.000000000000000000e+00 4.791203424390711452e-01 1.559917836758397014e+00 3.430725056018629981e+00 2.413452237670384637e+00 3.122403712366089934e+00 1.438167132199999010e+01 4.140425495918159449e+00 2.140905193901174730e+00 2.712200951175104957e-01
0.000000000000000000e+00 1.092801686515678522e-03 2.273962205937232403e-02 1.151883420349945480e-01 1.943948261892435303e-01 2.343310013903480149e-01 2.401314481578615406e-02 2.633543196049790286e-02 1.617783952586819909e-02 4.435090142195289437e-03
0.000000000000000000e+00 1.092801686515678522e-03 2.276374813826762336e-02 6.683682738128359467e-03 2.401191974383132532e-01 8.266361313798623435e-04 7.638374954923149961e-04 4.358074849922359897e-03 2.359796584455130242e-02 6.383485971015869648e-03
0.000000000000000000e+00 1.530534446819437899e-01 1.314157610185228697e-01 1.320624170294265376e+00 1.241958679675399191e+00 1.386789414900466255e+00 1.382916875061255935e+00 1.582885387084060014e+00 4.687156015725524871e-01 6.241222036962003339e-02
0.000000000000000000e+00 1.117243355909501492e-03 2.283753839064145072e-02 9.795362129460328041e-04 6.626542625431344757e-02 2.285774364331038394e-02 8.949454318686140761e-04 4.987579945906987083e-03 2.904452374091241393e-02 7.514344374743487168e-03
0.000000000000000000e+00 1.095778583143278001e-01 1.748882185062059780e-01 1.250192783665954321e+00 2.503400895130154957e+00 1.863856196754001715e+00 1.790702878902972639e+00 2.607089390597728595e+00 1.151910837099640439e+01 8.101022777254539287e-02
0.000000000000000000e+00 1.313156514981368428e-01 2.471687024309718317e-01 1.138696015933318817e+00 1.351398073779307873e+00 1.511321247967800430e+00 2.517094703380592158e+00 3.149215214069516655e+00 7.707581437216826536e+00 8.692197915530444630e-02
0.000000000000000000e+00 1.092801686515678522e-03 1.202271164499381763e-03 1.350826135075066381e-01 1.943948261892435303e-01 8.530194271040679324e-04 7.851406422505224393e-04 4.225548703741136523e-03 2.365796764655022852e-02 6.393749177243966686e-03
0.000000000000000000e+00 4.436447876290276066e-02 1.749074547444689209e-01 1.408629094641807855e+00 2.214613466769098427e+00 2.024436264998123569e+00 1.686852503324721031e+00 2.607260146516138466e+00 9.076195637624814294e-01 7.784857115527203664e-02
0.000000000000000000e+00 1.092801686515678522e-03 2.273962205937232403e-02 1.153726486571714643e-01 2.472079932318872186e-01 1.510568769201501259e-02 6.192144712503231448e-04 3.594087643134864958e-03 1.942500195199455687e-02 5.325208573181368366e-03
0.000000000000000000e+00 1.117243355909501492e-03 1.202271164499381763e-03 1.370350872052437663e-01 1.944145673594097068e-01 8.973930948134278829e-02 6.206588094959711831e-04 1.806754715658238919e-02 5.256333532832569051e-03 5.301103958967310660e-03
0.000000000000000000e+00 4.438435978461083287e-02 8.793230300044350967e-02 1.810454010281498105e-01 1.304304530385013983e-01 1.790800865636910655e-01 5.151054923922534579e-04 2.940569117446538688e-03 1.597650662547494063e-02 3.569766206983227257e-03
0.000000000000000000e+00 4.436447876290276066e-02 1.531456825518664744e-01 1.215032492398982811e+00 2.743666800516898707e+00 1.863867120452120218e+00 1.894369809183380937e+00 2.742784933369140976e+00 9.704192476601804174e+00 8.078291298033159207e-02
0.000000000000000000e+00 3.052179969686029670e-01 1.285489204220041870e+00 2.262980653018322297e+00 1.944168260633615697e+00 4.612809633842245738e+00 1.438119203559640091e+01 5.750253780288140604e+00 1.998627426745130498e+00 1.367280517081201699e-02
0.000000000000000000e+00 1.095778583143278001e-01 2.183638048738240356e-01 1.179803409201459097e+00 2.503396570241904762e+00 1.863490730417469043e+00 1.790745354170409032e+00 2.607156269770423584e+00 1.333395713501163371e+01 6.968452989922423180e-02
0.000000000000000000e+00 5.008780166445881976e-01 1.104276228065091736e+00 3.804552862352204912e+00 3.036438446176822570e+00 2.038469524167716429e+00 1.692323175247843992e+01 4.464080515922325354e+00 2.926364073082464046e+00 9.981325074819419330e-02
0.000000000000000000e+00 8.784006513051878517e-02 1.314351219829496265e-01 1.267827132744719920e+00 1.533796272160534713e+00 1.511517215177449858e+00 1.062215769815563426e+00 1.686852503324721031e+00 8.209382396781640168e+00 8.585657188013924579e-02
0.000000000000000000e+00 1.092801686515678522e-03 1.352023510538728204e-03 2.871767242781794738e-02 2.401677717247815980e-01 1.836164611964980625e-02 8.081152989078466999e-04 4.331740924054377877e-03 6.383485971015869648e-03 6.383485971015869648e-03
0.000000000000000000e+00 6.610227194671179640e-02 3.487874087036688109e-01 1.155936020785111928e+00 2.310802938009961505e+00 2.184525104366781267e+00 1.167497892049687680e+00 2.742918512918290030e+00 1.533036952899019667e+01 1.836278564232386723e-01
0.000000000000000000e+00 1.313156514981368428e-01 1.767970175650860620e-01 1.342244030018778789e-01 1.180713574724874260e-01 3.176875854548452671e-01 5.893800240003428626e-04 3.299981035525697843e-03 1.843528270875105859e-02 5.375287260029971807e-03
0.000000000000000000e+00 1.117243355909501492e-03 2.271572880413281342e-02 9.795362129460328041e-04 4.450322844064565769e-02 9.827177627345802784e-04 2.265028995635688311e-02 4.800150278384212807e-03 7.291615073073726312e-03 7.740481495695601330e-03
0.000000000000000000e+00 4.139069628876460571e-01 1.173216126824629280e+00 2.311018605173771778e+00 2.024319235664821193e+00 1.250380528270279124e+00 2.471731172485433614e+00 1.496271486455974120e+01 3.647301153715969413e+00 4.275231207522395271e-02
0.000000000000000000e+00 4.139069628876460571e-01 1.207698411686106255e+00 2.263228643773411264e+00 1.944146343149348866e+00 4.206337149826275379e+00 1.202283726092426086e+01 4.535359804406042805e+00 2.362828711153648342e+00 3.470938856089161861e-02
0.000000000000000000e+00 1.530534446819437899e-01 1.944158998218100121e-01 1.104170830501020717e+00 2.599590894090606508e+00 1.944018017787962904e+00 1.790520518372391789e+00 2.607055357199393519e+00 1.170067199496460653e+01 8.105260564329538897e-02
0.000000000000000000e+00 1.117243355909501492e-03 1.202271164499381763e-03 2.853110834966669437e-02 2.184055739111117334e-01 1.840345561404770763e-02 7.474322780768706889e-04 4.358074849922359897e-03 2.359796584455130242e-02 6.383485971015869648e-03
0.000000000000000000e+00 1.095778583143278001e-01 1.096509667999115561e-01 1.144642472375608344e+00 1.789151845817086972e+00 1.386978708410271155e+00 1.222693310520606369e+00 1.686531340510504462e+00 6.042623074017278162e-01 4.689934044690014514e-01
0.000000000000000000e+00 1.313156514981368428e-01 1.767581085749806435e-01 1.342244030018778789e-01 1.297954141182515730e-01 1.235689664382417230e-01 9.730791075953027641e-03 2.264843588390663340e-03 1.292392648306350637e-02 3.602857660622117014e-03
0.000000000000000000e+00 3.269557901524119958e-01 1.285450591420128852e+00 2.214885637719419265e+00 1.944168260633615697e+00 4.070848047429816319e+00 1.256722635508508823e+01 6.984360123887814353e+00 3.593184500535032466e+00 1.123320456756339222e-02
0.000000000000000000e+00 1.530534446819437899e-01 1.415831145000962521e-01 1.893916358448831438e+00 2.994137620681585066e+00 2.932631756484656904e+00 2.201028092282862225e+00 3.028385183767180688e+00 1.170152938362910255e+01 2.138292551803630814e-01
0.000000000000000000e+00 1.313156514981368428e-01 2.471882520617210421e-01 1.138696015933318817e+00 1.387878494682291963e+00 1.449096453413762919e+00 2.620901393072753383e+00 2.878408909521394499e+00 7.668757482485268007e+00 8.688128668233671692e-02
0.000000000000000000e+00 4.436447876290276066e-02 1.096700961842504846e-01 1.408625335439522841e+00 2.262707017218718697e+00 2.184525104366781267e+00 1.686692076776225235e+00 1.930012551073504667e+00 7.413025044739866010e-01 7.415470945220379306e-01
0.000000000000000000e+00 1.313156514981368428e-01 1.096764067011890276e-01 1.250230533311215142e+00 1.497315851257550623e+00 1.511523732077509230e+00 1.142391388924306028e+00 1.686692076776225235e+00 8.389967868247328653e+00 8.590573517230477851e-02
0.000000000000000000e+00 1.313156514981368428e-01 6.620082033357096996e-02 1.408608387264728368e+00 2.214612281639130487e+00 2.104352583553996681e+00 1.582724650818339240e+00 2.742784933369140976e+00 9.704192476601804174e+00 2.485675992422493596e-01
0.000000000000000000e+00 3.269557901524119958e-01 1.303068252031640339e+00 2.263228643773411264e+00 1.944146343149348866e+00 4.477317943032489644e+00 1.274792187931957699e+01 5.111700377735878043e+00 1.986781852246124247e+00 1.481067985180523350e-01
0.000000000000000000e+00 8.784006513051878517e-02 1.531729151667586275e-01 1.373415193680326052e+00 1.278440013657981877e+00 1.511416153337393320e+00 1.062089339477556349e+00 1.686531340510504462e+00 6.218800433317388965e+00 2.652472995476252704e-01
0.000000000000000000e+00 3.269557901524119958e-01 1.303048400044287902e+00 2.214887766479657127e+00 1.944157414630860004e+00 4.612809018030389119e+00 1.292942001735255886e+01 4.823597913184895170e+00 2.251880289508744859e+00 8.809558858152005678e-02
0.000000000000000000e+00 3.704313765200279440e-01 1.259399906682708403e+00 2.214889877326702727e+00 1.943889478650533409e+00 1.354187217962444567e+00 3.149562706772905951e+00 1.405559025101507764e+01 2.780817900333171888e+00 5.040448923379610424e-02
0.000000000000000000e+00 1.313156514981368428e-01 1.531519930688050313e-01 1.355819787542582811e+00 2.166516304844747332e+00 2.024062076226976092e+00 1.479100449295900566e+00 2.336381328531647927e+00 7.126866956909243100e+00 8.666746655498477891e-02
0.000000000000000000e+00 1.092801686515678522e-03 2.273962205937232403e-02 1.144117189133124352e-01 2.296301185612648621e-01 1.843318119592986248e-02 6.184847732852395349e-04 1.803613306071777042e-02 1.964594851930554290e-02 5.280559681631621580e-03
0.000000000000000000e+00 1.092801686515678522e-03 2.273962205937232403e-02 1.157461339273936352e-01 1.767581085749806435e-01 2.054152501924529639e-01 1.224954142124898282e-02 2.787473776616499355e-03 1.590752886316413803e-02 4.386109319743471298e-03
0.000000000000000000e+00 1.092801686515678522e-03 1.966180742745989307e-01 1.426245307069294421e+00 1.205480070741644871e+00 1.448798459162689234e+00 1.222185844817049061e+00 1.294309951280732396e-01 1.396542716791544958e+00 4.686589218884216756e-01
0.000000000000000000e+00 1.095778583143278001e-01 1.748882185062059780e-01 1.250192783665954321e+00 2.455303733205803418e+00 1.944028941486077855e+00 1.686574061636864297e+00 2.742613424541529898e+00 1.151910837099640439e+01 2.487949140344710430e-01
0.000000000000000000e+00 1.092801686515678522e-03 1.261305992118845302e-03 1.313156514981368428e-01 2.119730851826535367e-01 7.365602372100257464e-04 7.944364235590406324e-04 4.406781739802293450e-03 6.072087057032150154e-03 6.447733423597167522e-03
0.000000000000000000e+00 3.921691697038370283e-01 1.242199230147709388e+00 2.166733320531939455e+00 2.024319235664821193e+00 1.354187217962444567e+00 3.014072310169795266e+00 1.659725708674676881e+01 2.362831705126274162e+00 1.076852355623356683e-01
0.000000000000000000e+00 1.117243355909501492e-03 1.202271164499381763e-03 2.859312725974174491e-02 2.184055739111117334e-01 8.452786702463482025e-04 7.301907375443283726e-04 3.998390136027933812e-03 2.358589371069009025e-02 6.370562423104305684e-03
0.000000000000000000e+00 3.052179969686029670e-01 1.285449370866361685e+00 2.262980653018322297e+00 1.944168260633615697e+00 4.748300030445349762e+00 1.420043882779945221e+01 5.873957365247976625e+00 1.998895460831793702e+00 1.365826251456256531e-02
0.000000000000000000e+00 3.269557901524119958e-01 1.285490491518250789e+00 2.311323416534062147e+00 1.944146343149348866e+00 4.206337149826275379e+00 1.438151294313186490e+01 5.873948437912328124e+00 1.998627426745130498e+00 1.353525227342740854e-02
0.000000000000000000e+00 1.095778583143278001e-01 4.446145940335590602e-02 1.355812516644675059e+00 1.460837411493988824e+00 1.511517215177449858e+00 1.062089339477556349e+00 1.686531340510504462e+00 7.667625982384593364e+00 8.570526450068849389e-02
0.000000000000000000e+00 1.313156514981368428e-01 1.768167587352522108e-01 1.344787617113713807e-01 1.180578847118512464e-01 1.888590449145269301e-01 4.420360322628734515e-04 1.265426413235855307e-02 1.412455084174617584e-02 3.966794134185958401e-03
0.000000000000000000e+00 1.095778583143278001e-01 1.531504253223990308e-01 1.197438311335030869e+00 1.606755076923553016e+00 1.449096453413762919e+00 3.140263003882072912e+00 2.471564960596282834e+00 1.151910837099640439e+01 8.101022777254539287e-02
0.000000000000000000e+00 1.092801686515678522e-03 1.231645461951578514e-03 2.853110834966669437e-02 2.618811602787277648e-01 8.081152989078466999e-04 1.834617997484432050e-02 4.364606940813775884e-03 6.024229950041337135e-03 6.342905773917472019e-03
0.000000000000000000e+00 1.747912378657528187e-01 1.239865643246634008e-01 1.197481400286687814e+00 2.503187750950927271e+00 1.863609545544627766e+00 1.894208353458254779e+00 2.743194006200431634e+00 1.006718875266776969e+01 8.083849758126508689e-02
0.000000000000000000e+00 1.092801686515678522e-03 2.273962205937232403e-02 1.145286630323276711e-01 1.768167587352522108e-01 1.333144758975646493e-01 6.220830097491583492e-04 1.787712359453103722e-02 1.942887985319822347e-02 5.376926946827598718e-03
0.000000000000000000e+00 1.313156514981368428e-01 1.314141998849980564e-01 1.215036119959189032e+00 2.647476587822819027e+00 1.863856196754001715e+00 1.894348658943939778e+00 2.607260146516138466e+00 9.885690614634782492e+00 8.081106080101788103e-02
0.000000000000000000e+00 1.092801686515678522e-03 2.276374813826762336e-02 6.745494253246580273e-03 8.797881480826166833e-02 9.858730357398864854e-04 9.149424124372242074e-04 2.650557501039288097e-02 7.321817277367376024e-03 7.708051048734405886e-03
0.000000000000000000e+00 1.095778583143278001e-01 4.140039435281012148e-01 1.121459370767520669e+00 2.262709443563481582e+00 1.623370733652125475e+00 1.790766138777057925e+00 3.149562706772905951e+00 1.551213289365722403e+01 5.994383420219555336e-02
0.000000000000000000e+00 1.095778583143278001e-01 1.966260116900150068e-01 1.214998099456142455e+00 2.503398741295167262e+00 1.783705299418162804e+00 1.686938664478248473e+00 2.742679513242650025e+00 1.315245899697865184e+01 6.967066267611936314e-02
0.000000000000000000e+00 1.095778583143278001e-01 6.622335915025341635e-02 1.179914513654086727e+00 1.643230162205154610e+00 1.760922334851630744e+00 9.018921277476448228e-01 1.894187441021190299e+00 6.384813003935392750e+00 6.272511702439107495e-01
0.000000000000000000e+00 1.117243355909501492e-03 2.271572880413281342e-02 1.052046702888410293e-03 2.184299785409725692e-01 8.653868976465111567e-04 7.301907375443283726e-04 2.162594220184665961e-02 5.843153200754813183e-03 6.370562423104305684e-03
0.000000000000000000e+00 1.095778583143278001e-01 1.096509667999115561e-01 1.144642472375608344e+00 1.789151845817086972e+00 1.386978708410271155e+00 1.222693310520606369e+00 1.686531340510504462e+00 1.977911175924023379e-01 4.688278476463244582e-01
0.000000000000000000e+00 1.313156514981368428e-01 1.748897862526140601e-01 1.338223172190519339e+00 2.166516304844747332e+00 2.024447484875580461e+00 1.479100449295900566e+00 2.607156269770423584e+00 9.522496236319014429e+00 8.066330724751111236e-02
0.000000000000000000e+00 4.436447876290276066e-02 1.531456825518664744e-01 1.267825918271458630e+00 1.570275681514979205e+00 1.511517215177449858e+00 1.062215769815563426e+00 1.686531340510504462e+00 5.886775292081397382e+00 8.533042983940865300e-02
0.000000000000000000e+00 1.095778583143278001e-01 8.793704577097188890e-02 1.391010578640569317e+00 2.262708239724923409e+00 2.024190762520039044e+00 1.582907138988066009e+00 2.878309321529907816e+00 7.526214820206021727e+00 8.615892736528663054e-02
0.000000000000000000e+00 8.784006513051878517e-02 8.795953561533359499e-02 1.373411550272246595e+00 1.351398073779307873e+00 1.511523732077509230e+00 1.062102971058886958e+00 1.297741524046688022e-01 1.508151892336366540e-01 1.508624404855898327e-01
0.000000000000000000e+00 1.092801686515678522e-03 2.273962205937232403e-02 1.157461339273936352e-01 1.944345013129465394e-01 1.621573223012726939e-01 2.945091010294280734e-02 1.469598553938559170e-02 4.340818871815142407e-03 4.415021231943856359e-03
0.000000000000000000e+00 3.269557901524119958e-01 1.303048400044287902e+00 2.215131481849060613e+00 1.944157414630860004e+00 4.612809018030389119e+00 1.292915328242267847e+01 4.823597913184895170e+00 2.251880289508744859e+00 8.809558858152005678e-02
0.000000000000000000e+00 1.313156514981368428e-01 1.443819688873762663e+00 3.555276763561630915e+00 3.036491162037237679e+00 1.902984239868135141e+00 1.674195124308016247e+01 7.110476639757901118e+00 2.018871938524894549e+00 5.987138415025439198e-02
0.000000000000000000e+00 1.092801686515678522e-03 2.271572880413281342e-02 4.443141828245704417e-02 1.531712917201731861e-01 1.842189853387746906e-02 7.793553796367177003e-04 3.465855533334045654e-03 5.935746468831425496e-03 6.304514993240890354e-03
0.000000000000000000e+00 4.436447876290276066e-02 1.531456825518664744e-01 1.426206195888886752e+00 2.166516304844747332e+00 2.024190762520039044e+00 1.582907138988066009e+00 2.201062438963997003e+00 2.567440781271985273e+00 2.655710943835420390e-01
0.000000000000000000e+00 1.092801686515678522e-03 2.286261076180453808e-02 1.140104405411390270e-01 1.768366926887890433e-01 8.316619322892863844e-04 7.347699310401749947e-04 4.400584088684033994e-03 2.401991745491988475e-02 6.434933580733478986e-03
0.000000000000000000e+00 3.921691697038370283e-01 1.242159943976416603e+00 2.214830482456290106e+00 2.024308164183306502e+00 1.250379960433684490e+00 2.472110723757365403e+00 1.659700922421027869e+01 2.572520052724597939e+00 4.270227472449926454e-02
0.000000000000000000e+00 1.313156514981368428e-01 1.748897862526140601e-01 1.338223172190519339e+00 2.166516304844747332e+00 2.024447484875580461e+00 1.479100449295900566e+00 2.742646666373534714e+00 9.341064679513660707e+00 8.066330724751111236e-02
0.000000000000000000e+00 4.436447876290276066e-02 1.096700961842504846e-01 1.443801559765468312e+00 2.118417957790426520e+00 2.264697401521383213e+00 1.582885387084060014e+00 2.065537695679751984e+00 2.567440781271985273e+00 7.812744630925247402e-02
0.000000000000000000e+00 1.313156514981368428e-01 1.944145673594097068e-01 1.347908568937903895e-01 1.180995460392317564e-01 1.328330216821956566e-01 9.731160207419710731e-03 1.165628869372108481e-02 3.395008087017362640e-03 1.293642570066568832e-02
0.000000000000000000e+00 5.226158098283971709e-01 1.052554011221214392e+00 3.804547392964540364e+00 3.036473886023637547e+00 2.038472997925422359e+00 1.674104183476125840e+01 4.463597774980843980e+00 2.826322115074295649e+00 1.414507889238888483e-01
0.000000000000000000e+00 8.784006513051878517e-02 1.314110577939296975e-01 1.250248817024379511e+00 1.533830829707186316e+00 1.511422569897061807e+00 1.142391388924306028e+00 1.686047407650036023e+00 6.384813003935392750e+00 8.549475584686275220e-02
0.000000000000000000e+00 8.784006513051878517e-02 4.445988505869768320e-02 1.479034855752829225e+00 1.205480070741644871e+00 1.262244932382981188e+00 1.383056778366597905e+00 9.599060227321825067e-01 1.281253549303851713e+00 3.333374510432138282e-01
0.000000000000000000e+00 1.313156514981368428e-01 1.768167587352522108e-01 1.340990617004836905e-01 5.293249497594149089e-01 3.455816494368848524e-01 2.797567628816053156e-02 1.838583948962854431e-01 1.166279909070708221e-02 1.197217978614019233e-02
0.000000000000000000e+00 8.784006513051878517e-02 1.531488509777387264e-01 1.285426150559532799e+00 1.460837411493988824e+00 1.449096453413762919e+00 1.142517754603488145e+00 1.478917961126178682e+00 8.931573687796847238e+00 8.595425573036939715e-02
0.000000000000000000e+00 1.095778583143278001e-01 1.966021395351456313e-01 1.179842894573090994e+00 2.647476587822819027e+00 1.944146343149348866e+00 1.790520518372391789e+00 2.607464534089045216e+00 1.097467944283267371e+01 8.096484265611940401e-02
0.000000000000000000e+00 1.095778583143278001e-01 1.748643463513366025e-01 1.179841701300996304e+00 2.695572397696690103e+00 1.863984522115387454e+00 1.894348658943939778e+00 2.471974137485934531e+00 1.061161768083150037e+01 2.486759046552319552e-01
0.000000000000000000e+00 1.747912378657528187e-01 1.767799901971392196e-01 1.242140590078820495e+00 2.070321980996042921e+00 1.944307422748558611e+00 1.790583969473355630e+00 2.878137062976638738e+00 8.978134438534665307e+00 8.722189930969502514e-02
0.000000000000000000e+00 4.436447876290276066e-02 1.314078893680595272e-01 1.408646211540113269e+00 2.310805401649274060e+00 4.517908622859775347e-01 1.142444296827958228e+00 1.998197348857681632e+00 1.146167584588086763e+00 6.268434934975666839e-02
0.000000000000000000e+00 3.269557901524119958e-01 1.285450591420128852e+00 2.262982799643770360e+00 1.863995593596902589e+00 4.206338444032926560e+00 1.238567515982274791e+01 6.840301281565356106e+00 3.593193189774546603e+00 1.124598295854811573e-02
0.000000000000000000e+00 1.313156514981368428e-01 1.314141998849980564e-01 1.197438311335030869e+00 2.695572397696690103e+00 1.863727657616571998e+00 1.894348658943939778e+00 2.607055357199393519e+00 1.006718875266776969e+01 8.083849758126508689e-02
0.000000000000000000e+00 4.436447876290276066e-02 1.966212689194845320e-01 1.391013002304484436e+00 1.205480070741644871e+00 1.573742269820692652e+00 9.820539487816059010e-01 3.370658845792049441e-01 2.547161169591162233e-01 4.719591247508607423e-02
0.000000000000000000e+00 6.610227194671179640e-02 1.749090849039822426e-01 1.391013002304484436e+00 2.166516304844747332e+00 2.103965928575720401e+00 1.479078697391899455e+00 2.878309321529907816e+00 7.707712958239008039e+00 2.684993949236171851e-01
0.000000000000000000e+00 8.784006513051878517e-02 1.314110577939296975e-01 1.267827132744719920e+00 1.497315851257550623e+00 1.573742269820692652e+00 1.062215769815563426e+00 1.478917961126178682e+00 6.716699703038936597e+00 8.549475584686275220e-02
0.000000000000000000e+00 1.530534446819437899e-01 1.239853058759370769e-01 1.320625363566360955e+00 2.166515119714779392e+00 2.184396272479310674e+00 1.479078697391899455e+00 2.200857338514367267e+00 2.069403069417982355e+00 7.796170001184345166e-02
0.000000000000000000e+00 6.610227194671179640e-02 1.748850632332006882e-01 1.355817385056166557e+00 2.262708239724923409e+00 2.024062076226976092e+00 1.479100449295900566e+00 2.878753404756686951e+00 8.070643748369752402e+00 8.623511948918592684e-02
0.000000000000000000e+00 4.573825492552620053e-01 1.069771668282994526e+00 2.551859115306877257e+00 2.024179838821920097e+00 4.070846012072419029e+00 1.674178884978178772e+01 4.988550805618697126e+00 1.653396603503030748e+00 3.200279576340553933e-01
0.000000000000000000e+00 4.791203424390711452e-01 1.052512042130395287e+00 2.551614443226631668e+00 2.024179838821920097e+00 4.070846012072419029e+00 1.656029071174880585e+01 5.408897385780809586e+00 1.528617934508819332e+00 3.200279576340553933e-01
0.000000000000000000e+00 1.313156514981368428e-01 1.096764067011890276e-01 1.250230533311215142e+00 1.533796272160534713e+00 1.511517215177449858e+00 1.062089339477556349e+00 1.582724650818339240e+00 8.209307346236423442e+00 8.580676976344735196e-02
0.000000000000000000e+00 4.139069628876460571e-01 1.190457269255367212e+00 2.311323416534062147e+00 2.024308164183306502e+00 4.206336408675530159e+00 1.184128388755494754e+01 4.388714756175779108e+00 2.257743839761936044e+00 1.073453982462683753e-01
0.000000000000000000e+00 1.092801686515678522e-03 2.276374813826762336e-02 1.133540355642553704e-01 1.945371053851291665e-01 8.728748536217970089e-02 6.206588094959711831e-04 1.762801631695878196e-02 5.033868946523963744e-03 5.301103958967310660e-03
0.000000000000000000e+00 4.436447876290276066e-02 1.531456825518664744e-01 1.267825918271458630e+00 1.570275681514979205e+00 1.511314931245307136e+00 1.062215769815563426e+00 1.686531340510504462e+00 5.886775292081397382e+00 2.659159013050885201e-01
0.000000000000000000e+00 8.784006513051878517e-02 1.096732646101206687e-01 1.373412770016410933e+00 2.262707017218718697e+00 2.184782119784623777e+00 1.686692076776225235e+00 3.035134409101636899e-01 2.094768169416228343e+00 7.743641112991826725e-02
0.000000000000000000e+00 3.269557901524119958e-01 1.303068252031640339e+00 2.263228643773411264e+00 1.944146343149348866e+00 4.612808339635599886e+00 1.256636901535170736e+01 5.111700377735878043e+00 1.986781852246124247e+00 1.481067985180523350e-01
0.000000000000000000e+00 1.092801686515678522e-03 2.276374813826762336e-02 1.096447978338820767e-01 2.119730851826535367e-01 7.365602372100257464e-04 7.944364235590406324e-04 4.406781739802293450e-03 2.366989568119130805e-02 6.460508275367367152e-03
0.000000000000000000e+00 4.436447876290276066e-02 1.749074547444689209e-01 1.938396790444002482e+00 1.829843939959047816e+00 6.389582618394561431e-01 1.222071146332355251e+00 1.296134832977950402e-01 1.707915534616068376e+00 1.977911175924023379e-01
0.000000000000000000e+00 1.313156514981368428e-01 6.620082033357096996e-02 1.408608387264728368e+00 2.214612281639130487e+00 2.024190762520039044e+00 1.479100449295900566e+00 2.878342914944077791e+00 9.704126990666594565e+00 8.075405895717738258e-02
0.000000000000000000e+00 1.313156514981368428e-01 1.748897862526140601e-01 1.197440703197250267e+00 2.406992111864781680e+00 2.264707654243645951e+00 1.686874497787100413e+00 2.607089390597728595e+00 1.278959533722728459e+01 6.967066267611936314e-02
0.000000000000000000e+00 4.436447876290276066e-02 1.314078893680595272e-01 1.373411550272246595e+00 1.351433710021101353e+00 1.573640947891431052e+00 9.820539487816059010e-01 3.370658845792049441e-01 2.547161169591162233e-01 1.510026021672465357e-01
0.000000000000000000e+00 8.784006513051878517e-02 1.531488509777387264e-01 1.250250059305156869e+00 1.533796272160534713e+00 1.449096453413762919e+00 1.142391388924306028e+00 1.478917961126178682e+00 6.716699703038936597e+00 2.660802273125426054e-01
0.000000000000000000e+00 4.791203424390711452e-01 1.035270899699657354e+00 2.551612142447680753e+00 2.104352583553996681e+00 4.206336408675530159e+00 1.692296615050157982e+01 4.988549264631330082e+00 1.570537893758050307e+00 3.200951112259984854e-01
0.000000000000000000e+00 4.791203424390711452e-01 1.052512042130395287e+00 2.551614443226631668e+00 2.024179838821920097e+00 4.070846012072419029e+00 1.656029071174880585e+01 5.408897385780809586e+00 1.528617934508819332e+00 3.200279576340553933e-01
0.000000000000000000e+00 5.008581356228800630e-01 1.693507739498167464e+00 3.056747368684997745e+00 2.932468033721177925e+00 2.173961690491434506e+00 1.492595371792796932e+01 5.006924833511389394e+00 1.700432827565345084e+00 5.160137918918207556e-02
0.000000000000000000e+00 5.008780166445881976e-01 1.104276228065091736e+00 3.804552862352204912e+00 3.036438446176822570e+00 2.038469524167716429e+00 1.692323175247843992e+01 4.464080515922325354e+00 2.926364073082464046e+00 9.981325074819419330e-02
0.000000000000000000e+00 1.095778583143278001e-01 2.274777278263739877e-02 1.426202520890248238e+00 1.241957752436884554e+00 1.448810192358126692e+00 1.382916875061255935e+00 3.372051107781097179e-01 5.661829070363690875e-01 4.737903026699571279e-02
0.000000000000000000e+00 8.784006513051878517e-02 1.749107083505676563e-01 1.373416397576617154e+00 2.166516304844747332e+00 2.104481056698778385e+00 1.582885387084060014e+00 2.200823346956711113e+00 6.765763338308753205e+00 2.681207994828485597e-01
0.000000000000000000e+00 1.117243355909501492e-03 2.276374813826762336e-02 6.316853070620243905e-03 2.184299785409725692e-01 8.253657868521769442e-04 1.834429580635204768e-02 4.387658590742835735e-03 2.375606377120564536e-02 6.383485971015869648e-03
0.000000000000000000e+00 8.784006513051878517e-02 1.531488509777387264e-01 1.391013002304484436e+00 2.214613466769098427e+00 2.024051299684490601e+00 1.582724650818339240e+00 7.104289843225324308e-01 1.417426180690750215e+00 7.725222200198855749e-02
0.000000000000000000e+00 8.784006513051878517e-02 1.096732646101206687e-01 1.355814961392252549e+00 1.241956811070359823e+00 1.698501345783705041e+00 1.142391388924306028e+00 1.686852503324721031e+00 2.094656670035906831e+00 7.661758747946446901e-02
0.000000000000000000e+00 1.095778583143278001e-01 1.096748389547809316e-01 1.303022749993037355e+00 1.460837411493988824e+00 1.449197515253819457e+00 1.062355933569530508e+00 1.686391576897673605e+00 8.931649232099159619e+00 2.679349164932848804e-01
0.000000000000000000e+00 4.436447876290276066e-02 1.966212689194845320e-01 1.373415193680326052e+00 1.241959592754998232e+00 1.573742269820692652e+00 9.820539487816059010e-01 3.373875317889848402e-01 2.547161169591162233e-01 4.719591247508607423e-02
0.000000000000000000e+00 1.313156514981368428e-01 1.767970175650860620e-01 1.489847030898880931e-01 1.298230218194784402e-01 1.515521230475494197e-01 1.060574203028563645e-02 1.272228980122733742e-02 3.685364602349687057e-03 1.415164910997218986e-02
0.000000000000000000e+00 1.313156514981368428e-01 1.768167587352522108e-01 1.340990617004836905e-01 1.180987069368963499e-01 1.702043932439550045e-01 4.049216655323605940e-04 2.283176616088993232e-03 1.413798412646469216e-02 3.946582237421360911e-03
0.000000000000000000e+00 1.092801686515678522e-03 2.283753839064145072e-02 1.138424803951801345e-01 2.119537258232973009e-01 7.365602372100257464e-04 7.944364235590406324e-04 2.200459036396144527e-02 6.083990796931290114e-03 6.460508275367367152e-03
0.000000000000000000e+00 8.784006513051878517e-02 1.531488509777387264e-01 1.267828341935373526e+00 1.497316848830247515e+00 1.511314931245307136e+00 1.062215769815563426e+00 1.582724650818339240e+00 7.486965460373687264e+00 8.560124989173968635e-02
0.000000000000000000e+00 1.092801686515678522e-03 1.202271164499381763e-03 1.374066383468610653e-01 1.795752484547841199e-01 8.517435492501666903e-04 7.676259695886174803e-04 2.199839271284153089e-02 6.060159022391077566e-03 6.381075463044627756e-03
0.000000000000000000e+00 8.784006513051878517e-02 1.314351219829496265e-01 1.408609601737988992e+00 2.166516304844747332e+00 2.104352583553996681e+00 1.686692076776225235e+00 2.200993344279719821e+00 9.074383637562892790e-01 2.436875605003329393e-01
0.000000000000000000e+00 3.921691697038370283e-01 1.242199230147709388e+00 2.214830482456290106e+00 2.024308164183306502e+00 1.354287923843450647e+00 2.743057971284069030e+00 1.659719591467801791e+01 2.362347275503984267e+00 1.310544617396314504e-01
0.000000000000000000e+00 6.610227194671179640e-02 1.748850632332006882e-01 1.391052247095389438e+00 1.205480070741644871e+00 1.448798459162689234e+00 1.142404958282840610e+00 7.522926433478567265e-01 1.687605942532888648e+00 4.688834101789390862e-01
0.000000000000000000e+00 1.530534446819437899e-01 1.416026982002755452e-01 1.893866361914585905e+00 2.994137620681585066e+00 2.932631756484656904e+00 2.200823346956711113e+00 2.529861062572791308e+00 1.188285334502144508e+01 6.975319135168209228e-02
0.000000000000000000e+00 1.313156514981368428e-01 1.096764067011890276e-01 1.250230533311215142e+00 1.497315851257550623e+00 1.511523732077509230e+00 1.142391388924306028e+00 1.686692076776225235e+00 8.389967868247328653e+00 8.590573517230477851e-02
0.000000000000000000e+00 1.313156514981368428e-01 1.532005272540871155e-01 1.267830744421789557e+00 1.424357960121481970e+00 1.511416153337393320e+00 1.062341968413443194e+00 1.582724650818339240e+00 8.751063760633471134e+00 8.595425573036939715e-02
0.000000000000000000e+00 6.610227194671179640e-02 1.749090849039822426e-01 1.373415193680326052e+00 2.214612281639130487e+00 2.103965928575720401e+00 1.479078697391899455e+00 2.878309321529907816e+00 7.707712958239008039e+00 8.700125689063947787e-02
0.000000000000000000e+00 1.313156514981368428e-01 1.591796593101777180e-01 1.983870186509851807e-01 7.259873594678739606e-01 4.463669285084307381e-01 2.638190952892595087e-01 1.551232396119500700e-01 1.562185880493387885e-02 1.562185880493387885e-02
0.000000000000000000e+00 1.530534446819437899e-01 1.591809231242553857e-01 1.259379430994143512e+00 1.278440013657981877e+00 1.448792340563548331e+00 9.820677468563873136e-01 1.291504094263109248e-01 1.292641261424232191e+00 1.969527368300743597e-01
0.000000000000000000e+00 1.313156514981368428e-01 1.767970175650860620e-01 1.491576246644640835e-01 5.176290816803950090e-01 9.462609830338336581e-02 1.939830508925277086e-01 5.558325555646968785e-03 8.892207978622626574e-03 3.147670815902448710e-02
0.000000000000000000e+00 3.486935833362209691e-01 1.782598319489325123e+00 3.181535031888871323e+00 2.413616176036930128e+00 3.257894108969201064e+00 1.420011792005877105e+01 4.265819078515141527e+00 1.995668100014180935e+00 2.293280715293833372e-01
0.000000000000000000e+00 5.226158098283971709e-01 1.052554011221214392e+00 3.804547392964540364e+00 3.036473886023637547e+00 2.038472997925422359e+00 1.674104183476125840e+01 4.569166631122023148e+00 2.876350264416761338e+00 1.104654260199485899e-01
0.000000000000000000e+00 1.313156514981368428e-01 1.768167587352522108e-01 1.342244030018778789e-01 1.532971515089088244e-01 1.515532788639703254e-01 1.020864279923929391e-01 2.292806938781131315e-02 1.848026574173453410e-02 5.375287260029971807e-03
0.000000000000000000e+00 1.117243355909501492e-03 1.231645461951578514e-03 2.853110834966669437e-02 2.619055649085885729e-01 8.279009307864434834e-04 7.483713506851668402e-04 4.034517574286166849e-03 6.012205534239714599e-03 6.330133303788192459e-03
0.000000000000000000e+00 1.530733257036518691e-01 1.767983154485921748e-01 1.348783352444213879e-01 5.058782129850664111e-01 9.461263395781617513e-02 4.387993133616078026e-03 5.602446565252392624e-02 2.385475411604676133e-02 7.043147402406100231e-03
0.000000000000000000e+00 1.747912378657528187e-01 6.620393597304398414e-02 1.391013002304484436e+00 2.166516304844747332e+00 2.024190762520039044e+00 1.375132781500834067e+00 2.878376110760387352e+00 9.522562817546646130e+00 8.069425138614411130e-02
0.000000000000000000e+00 1.530534446819437899e-01 8.801346051031903872e-02 1.320621767807850233e+00 1.351398073779307873e+00 6.371835415080716603e-01 5.766299546836443080e-01 1.001877006193690189e-01 9.175098632579773428e-01 4.640226720256165893e-02
0.000000000000000000e+00 1.313156514981368428e-01 1.531519930688050313e-01 1.267830744421789557e+00 1.424357960121481970e+00 1.511416153337393320e+00 1.062215769815563426e+00 1.582724650818339240e+00 8.931649232099159619e+00 8.600212960527971184e-02
0.000000000000000000e+00 3.921691697038370283e-01 1.693474774157301965e+00 3.181374292589954411e+00 3.139968840655163351e+00 1.496511411512992717e+00 1.528926371426115338e+01 7.605798627350014662e+00 2.492487538745586040e+00 5.060950116366860069e-02
0.000000000000000000e+00 1.092801686515678522e-03 2.273962205937232403e-02 1.154344601722896851e-01 1.768167587352522108e-01 1.475395675179256849e-01 6.227875350748411773e-04 3.483611620817206843e-03 1.947327027007704145e-02 5.376926946827598718e-03
0.000000000000000000e+00 1.095778583143278001e-01 4.446145940335590602e-02 1.355812516644675059e+00 1.460837411493988824e+00 1.511517215177449858e+00 1.062089339477556349e+00 1.686531340510504462e+00 7.487040510918903991e+00 8.565356898128749508e-02
0.000000000000000000e+00 4.139069628876460571e-01 1.224959326495299816e+00 3.430797436999282635e+00 2.517457713576425338e+00 2.986914629690975431e+00 1.438178020889162489e+01 4.265801833434474055e+00 2.068299917808995581e+00 2.293418814532732497e-01
0.000000000000000000e+00 1.095778583143278001e-01 3.922902569073806189e-01 1.104217112002354062e+00 2.214609855294365381e+00 2.184664344520560686e+00 1.790520518372391789e+00 2.200788956706813071e+00 1.514893851534144886e+01 1.836278564232386723e-01
0.000000000000000000e+00 4.791203424390711452e-01 1.559917836758397014e+00 3.430725056018629981e+00 2.413452237670384637e+00 3.122403712366089934e+00 1.438167132199999010e+01 4.140986740293610247e+00 2.140905193901174730e+00 2.712200951175104957e-01
0.000000000000000000e+00 3.269557901524119958e-01 1.285450591420128852e+00 2.214885637719419265e+00 1.944168260633615697e+00 4.206338444032926560e+00 1.256717329785572623e+01 6.696261602458955409e+00 3.665807155106239446e+00 1.111972650607307399e-02
0.000000000000000000e+00 1.530534446819437899e-01 1.591809231242553857e-01 1.259379430994143512e+00 1.241959592754998232e+00 1.386783170049797898e+00 9.820946571346149678e-01 1.290284626789554578e-01 1.292545448209733827e+00 6.134726934188402397e-02
0.000000000000000000e+00 1.313156514981368428e-01 1.531519930688050313e-01 1.232635127173472123e+00 1.497316848830247515e+00 1.449298408333904664e+00 1.062355933569530508e+00 1.686391576897673605e+00 8.931649232099159619e+00 8.600212960527971184e-02
0.000000000000000000e+00 1.747912378657528187e-01 1.239865643246634008e-01 1.197441891139406689e+00 2.551284912875277922e+00 1.863984522115387454e+00 1.894348658943939778e+00 2.336279353309923756e+00 1.043005350771155193e+01 2.486231838431828267e-01
0.000000000000000000e+00 1.313156514981368428e-01 1.035974967430060376e-03 1.819572965204642456e-01 1.449161095889656414e-01 2.143344834934678422e-01 4.015696257801690608e-04 1.164983608908969244e-02 3.354135741558585213e-03 3.565095327172840799e-03
0.000000000000000000e+00 1.313156514981368428e-01 1.748897862526140601e-01 1.916133864735580339e+00 2.994137620681585066e+00 2.828661344029017144e+00 1.930081645757788733e+00 3.360315983316190191e+00 1.151997377991714266e+01 6.975319135168209228e-02
0.000000000000000000e+00 1.530534446819437899e-01 1.239853058759370769e-01 1.871620686277419177e+00 3.056454715437209479e+00 3.036619953222520873e+00 2.201028092282862225e+00 2.861886203808789997e+00 1.170147191795012631e+01 6.976216248012283294e-02
0.000000000000000000e+00 1.095778583143278001e-01 1.966744607869977401e-01 1.267831937693885358e+00 1.351398073779307873e+00 1.573843432001139409e+00 9.820539487816059010e-01 1.790359540269485850e+00 5.720762721463394485e+00 8.527444619995555586e-02
0.000000000000000000e+00 1.313156514981368428e-01 1.531280793100612825e-01 1.320624170294265376e+00 2.166513915876218999e+00 1.944307422748558611e+00 1.998035657347766669e+00 2.742579787200839281e+00 9.341196200535840433e+00 8.072450351551724301e-02
0.000000000000000000e+00 1.092801686515678522e-03 2.276374813826762336e-02 1.156834657721853288e-01 2.119926348134026917e-01 1.475933419549111392e-01 1.504433624864254943e-02 3.587675236976698920e-03 1.963668326929321820e-02 4.406695618686467912e-03
0.000000000000000000e+00 1.747912378657528187e-01 1.416238008108653967e-01 8.658583508463580936e-01 1.752672519693439179e+00 1.324457053566499010e+00 1.222580120236490986e+00 1.686874497787100413e+00 1.823619567603626868e+00 7.643319187195091180e-02
0.000000000000000000e+00 1.313156514981368428e-01 1.944145673594097068e-01 1.198973216241885492e-01 2.708058384621923054e-01 1.834095977244038778e-01 1.645938230494156940e-01 5.608325644653604919e-02 5.877738992788648920e-02 7.025410225303026397e-03
0.000000000000000000e+00 4.436447876290276066e-02 1.314560814682356193e-01 1.373411550272246595e+00 1.351398073779307873e+00 6.371050129639665993e-01 7.632892747424859792e-01 1.803093081040053336e-01 4.366955369784265018e-01 1.505261998806898260e-01
0.000000000000000000e+00 1.313156514981368428e-01 1.768167587352522108e-01 1.339750501166975527e-01 7.259244916080567211e-01 4.463879888892902104e-01 3.207679628152247941e-01 3.011026192796844581e-01 1.558721169177082651e-02 6.882835217555482998e-02
0.000000000000000000e+00 1.095778583143278001e-01 1.966260116900150068e-01 1.179842894573090994e+00 1.570275681514979205e+00 1.449096453413762919e+00 3.140263003882072912e+00 2.607260146516138466e+00 1.151917385693162466e+01 8.103179528835717516e-02
0.000000000000000000e+00 1.092801686515678522e-03 2.273962205937232403e-02 1.153110221729739537e-01 2.119537258232973009e-01 7.365602372100257464e-04 7.944364235590406324e-04 2.194528824584916424e-02 6.083990796931290114e-03 6.460508275367367152e-03
0.000000000000000000e+00 4.436447876290276066e-02 1.314078893680595272e-01 1.426204976144722192e+00 1.241959592754998232e+00 1.386681848120536742e+00 1.222198697452834715e+00 6.488076008654710680e-01 1.823036409132410496e+00 3.333930135758349511e-01
0.000000000000000000e+00 3.269557901524119958e-01 1.303048400044287902e+00 2.214828432890727949e+00 1.863995593596902589e+00 4.612809633842245738e+00 1.256701083771001670e+01 4.823550250513022775e+00 3.134717290808655132e+00 2.370368983740649485e-02
0.000000000000000000e+00 3.269557901524119958e-01 1.285470443407481067e+00 2.262923527755843267e+00 1.863995593596902589e+00 4.748300030445349762e+00 1.238492560325361325e+01 4.821600170510347283e+00 3.046353370995559473e+00 2.371851143021835862e-02
0.000000000000000000e+00 1.092801686515678522e-03 2.276374813826762336e-02 1.156209596443551341e-01 1.768366926887890433e-01 8.316619322892863844e-04 7.511523207723672666e-04 2.199839271284153089e-02 6.434933580733478986e-03 6.434933580733478986e-03
0.000000000000000000e+00 3.486935833362209691e-01 1.155951866997811939e+00 1.461132037821345486e+00 1.511624725990695861e+00 2.703677237909983599e+00 1.492660419523845050e+01 7.127083353223829576e+00 2.648872501675379354e+00 2.623837008116050029e-01
0.000000000000000000e+00 3.269756711741200195e-01 1.285490491518250789e+00 2.311323416534062147e+00 1.944146343149348866e+00 4.206337149826275379e+00 1.438151294313186490e+01 5.750244852952493879e+00 1.998639609606828182e+00 4.276892872700274739e-02
0.000000000000000000e+00 1.092801686515678522e-03 2.273962205937232403e-02 1.133540355642553704e-01 2.120323099371057007e-01 8.341413090522528054e-04 7.529759861082494388e-04 2.197495392356062921e-02 5.977481159220383172e-03 6.406397994982336412e-03
0.000000000000000000e+00 1.095778583143278001e-01 1.749366676031886836e-01 1.320624170294265376e+00 1.314919521481365372e+00 1.449096453413762919e+00 9.820677468563873136e-01 2.329570991184714002e-01 1.396495465539577152e+00 6.157596696188001595e-02
0.000000000000000000e+00 1.313156514981368428e-01 1.768167587352522108e-01 1.340990617004836905e-01 5.293249497594149089e-01 3.110993645754077108e-01 5.707139256839255555e-03 1.838591879999598999e-01 4.011096446739857019e-02 1.193826795770082730e-02
0.000000000000000000e+00 8.784006513051878517e-02 1.096732646101206687e-01 2.027471277970093411e+00 1.733652660690997660e+00 2.024179838821920097e+00 1.478917961126178682e+00 9.818535530358587504e-01 1.417480608491068717e+00 7.731411338861807203e-02
0.000000000000000000e+00 8.784006513051878517e-02 1.096732646101206687e-01 2.027471277970093411e+00 1.733652660690997660e+00 2.024179838821920097e+00 1.478917961126178682e+00 8.463631564327543932e-01 1.417426180690750215e+00 7.725222200198855749e-02
0.000000000000000000e+00 6.610227194671179640e-02 1.749090849039822426e-01 1.373415193680326052e+00 2.214612281639130487e+00 2.103965928575720401e+00 1.478917961126178682e+00 2.878103821144640584e+00 7.707712958239008039e+00 8.619737632022748952e-02
0.000000000000000000e+00 1.530534446819437899e-01 1.239853058759370769e-01 1.893889692370309907e+00 3.056456030414592906e+00 2.932795179152963172e+00 2.336518488885966693e+00 3.027848726233945964e+00 1.152008811347089079e+01 6.977041285790577807e-02
0.000000000000000000e+00 4.436447876290276066e-02 1.314078893680595272e-01 1.320618124399769888e+00 8.276905282571195288e-01 3.738784734497425655e-01 6.375014512093792884e-01 1.404006624504005596e-01 5.883720583394961290e-01 1.158916529183837835e-01
0.000000000000000000e+00 1.092801686515678522e-03 2.273962205937232403e-02 1.155586202426595044e-01 2.472079932318872186e-01 6.855328330384308612e-04 6.184847732852395349e-04 1.803613306071777042e-02 4.960955373772247927e-03 5.225793660327602771e-03
0.000000000000000000e+00 5.008581356228800630e-01 1.693482288224195331e+00 3.056747368684997745e+00 2.932139742751210587e+00 2.173961690491434506e+00 1.492648663213877747e+01 5.006924833511389394e+00 1.700432827565345084e+00 5.160137918918207556e-02
0.000000000000000000e+00 8.784006513051878517e-02 1.532465258805235375e-01 1.355817385056166557e+00 1.314919521481365372e+00 1.511416153337393320e+00 8.216038763756801089e-01 1.998015043150420444e+00 6.218800433317388965e+00 8.544058822354891336e-02
0.000000000000000000e+00 1.117243355909501492e-03 1.202271164499381763e-03 1.370350872052437663e-01 1.767774679343368793e-01 2.054395672040820742e-01 5.097596942220061983e-04 2.642699811415123723e-02 4.386109319743471298e-03 1.617419809401801981e-02
0.000000000000000000e+00 8.784006513051878517e-02 1.096732646101206687e-01 2.027471277970093411e+00 1.733652660690997660e+00 2.024179838821920097e+00 1.478917961126178682e+00 8.459533724832993817e-01 1.417426180690750215e+00 7.725222200198855749e-02
0.000000000000000000e+00 1.313156514981368428e-01 1.944145673594097068e-01 1.347908568937903895e-01 4.941273442897388679e-01 3.455805305133777261e-01 2.283600694610290194e-01 9.283673913241495546e-02 1.200587285187948265e-02 1.200587285187948265e-02
0.000000000000000000e+00 1.313156514981368428e-01 1.768167587352522108e-01 1.483952049756755154e-01 5.175748346232409425e-01 3.455816494368848524e-01 2.060534962514621038e-01 1.211915259721343813e-01 4.053677124229917994e-02 1.195169171834112483e-02
0.000000000000000000e+00 8.784006513051878517e-02 1.531488509777387264e-01 1.391013002304484436e+00 2.214613466769098427e+00 2.024051299684490601e+00 1.582724650818339240e+00 7.104289843225324308e-01 1.417426180690750215e+00 7.725222200198855749e-02
0.000000000000000000e+00 1.092801686515678522e-03 1.202271164499381763e-03 1.374066383468610653e-01 1.795752484547841199e-01 8.517435492501666903e-04 7.676259695886174803e-04 2.199839271284153089e-02 6.060159022391077566e-03 6.327316589213596680e-03
0.000000000000000000e+00 1.313156514981368428e-01 1.944145673594097068e-01 1.348345484963952012e-01 3.530626728886446242e-01 1.427451025967908238e-01 3.030181823635128349e-02 5.714366608402431102e-02 6.999581047190876586e-03 2.394266828712832834e-02
0.000000000000000000e+00 1.095778583143278001e-01 1.096748389547809316e-01 1.267827132744719920e+00 1.497315851257550623e+00 1.511422569897061807e+00 1.142391388924306028e+00 1.686531340510504462e+00 7.125869567987535902e+00 8.554831095229062377e-02
0.000000000000000000e+00 6.610227194671179640e-02 1.096957053525571685e-01 1.373411550272246595e+00 1.387878494682291963e+00 5.892382446023983755e-01 7.634892912766191309e-01 1.973215249028721641e-02 1.159703346535438245e-01 1.160093896430509919e-01
0.000000000000000000e+00 1.095778583143278001e-01 1.748882185062059780e-01 1.303026361670106992e+00 1.351399015145834603e+00 1.511010388980098984e+00 9.821801473794855575e-01 1.286434513853646211e-01 1.500302155231742596e+00 6.218773207910242851e-02
0.000000000000000000e+00 1.313156514981368428e-01 1.314141998849980564e-01 1.179840502710871819e+00 2.695571027298774958e+00 2.024447484875580461e+00 1.790681187479265635e+00 2.607055357199393519e+00 1.043018502873373343e+01 8.089121839331425701e-02
0.000000000000000000e+00 1.095778583143278001e-01 1.748882185062059780e-01 1.320624170294265376e+00 1.314919521481365372e+00 1.449096453413762919e+00 9.821941125355693192e-01 2.334416238693426959e-01 1.500302155231742596e+00 6.218773207910242851e-02
0.000000000000000000e+00 1.313156514981368428e-01 1.767774679343368793e-01 1.342244030018778789e-01 2.003006262902222168e-01 1.515576688613966827e-01 4.431657870537908232e-04 3.296832372306560816e-02 4.027769908584393106e-03 4.027769908584393106e-03
0.000000000000000000e+00 3.269557901524119958e-01 1.285450591420128852e+00 2.262982799643770360e+00 1.863995593596902589e+00 4.206338444032926560e+00 1.238567515982274791e+01 6.840301281565356106e+00 3.593193189774546603e+00 1.124598295854811573e-02
0.000000000000000000e+00 1.313156514981368428e-01 1.944145673594097068e-01 1.193589762454708991e-01 3.413110506341618944e-01 1.630830633960951015e-01 1.377328699511814747e-01 1.766268697674519272e-01 9.234954367839231376e-03 9.234954367839231376e-03
0.000000000000000000e+00 1.313156514981368428e-01 1.767970175650860620e-01 1.347374698054861208e-01 5.293791112733872151e-01 8.118136388857356833e-02 1.077769111298284149e-01 3.878529279582777073e-02 2.378528608674398970e-02 7.096914537274387480e-03
0.000000000000000000e+00 6.610227194671179640e-02 6.634377827099674496e-02 3.352169703062164441e-01 5.057832479258741465e-01 3.837172655699973567e-01 5.772038248080687550e-01 3.375830401826666050e-01 1.169521643571215519e-01 2.081083926494776970e-02
0.000000000000000000e+00 1.313156514981368428e-01 1.768167587352522108e-01 1.342244030018778789e-01 3.413110506341618944e-01 1.651722635453007626e-01 5.911434021381237192e-04 1.673427357224881520e-02 1.879557771433837746e-02 5.188314072104631587e-03
0.000000000000000000e+00 4.436447876290276066e-02 1.314078893680595272e-01 1.373411550272246595e+00 1.387914130924085443e+00 5.409060427362557544e-01 8.256172387031667226e-01 1.803093081040053336e-01 4.366955369784265018e-01 4.671951018852935067e-02
0.000000000000000000e+00 6.610227194671179640e-02 1.748850632332006882e-01 1.355817385056166557e+00 2.262708239724923409e+00 2.024062076226976092e+00 1.479100449295900566e+00 3.014243801359798081e+00 7.889211096271985468e+00 8.623511948918592684e-02
0.000000000000000000e+00 1.313156514981368428e-01 4.446302714976398812e-02 1.426204976144722192e+00 2.262709443563481582e+00 2.024179838821920097e+00 1.478917961126178682e+00 2.878309321529907816e+00 9.704192476601804174e+00 8.078291298033159207e-02
0.000000000000000000e+00 1.092801686515678522e-03 2.273962205937232403e-02 1.157461339273936352e-01 1.767581085749806435e-01 2.054152501924529639e-01 1.224954142124898282e-02 1.459818427396759530e-02 4.164392934053432957e-03 4.386109319743471298e-03
0.000000000000000000e+00 3.269557901524119958e-01 1.303068252031640339e+00 2.263228643773411264e+00 1.944146343149348866e+00 4.612808339635599886e+00 1.274760095528828785e+01 4.823597913184895170e+00 1.986788530069458547e+00 1.478394311752939394e-01
0.000000000000000000e+00 8.784006513051878517e-02 1.314110577939296975e-01 1.355816175865513173e+00 2.310804179143069792e+00 5.141189401491961242e-01 1.382929759929834468e+00 1.790359540269485850e+00 1.281714290417261815e+00 6.279051105921475140e-02
0.000000000000000000e+00 1.092801686515678522e-03 2.273962205937232403e-02 1.157461339273936352e-01 1.944345013129465394e-01 1.621573223012726939e-01 2.945091010294280734e-02 1.469598553938559170e-02 4.340818871815142407e-03 4.377884457051181046e-03
0.000000000000000000e+00 1.530534446819437899e-01 1.591809231242553857e-01 9.090852721164451866e-01 2.551487116146538892e+00 1.944060370107808966e+00 1.686959449084892926e+00 2.742711965691647880e+00 1.151890863029757917e+01 8.094103559931625780e-02
0.000000000000000000e+00 4.438435978461083287e-02 1.096940751930438745e-01 1.636065767400309290e-01 1.593871005245300898e-01 1.672729448106205774e-01 9.754508129222462867e-03 1.166356956904317926e-02 3.342330666888116905e-03 3.522184015008371100e-03
0.000000000000000000e+00 1.747912378657528187e-01 1.240061819765281292e-01 1.197441891139406689e+00 2.551284912875277922e+00 2.024179838821920097e+00 1.686692076776225235e+00 2.607464534089045216e+00 1.006718875266776969e+01 5.841925563670261612e-01
0.000000000000000000e+00 1.117243355909501492e-03 2.276374813826762336e-02 1.151272971148846191e-01 2.119926348134026917e-01 1.475933419549111392e-01 1.504433624864254943e-02 2.642530520553044646e-02 4.156660167836619124e-03 4.415021231943856359e-03
0.000000000000000000e+00 1.313156514981368428e-01 1.531519930688050313e-01 1.355819787542582811e+00 2.166516304844747332e+00 2.104223897260933729e+00 1.479078697391899455e+00 2.336347735117477953e+00 7.126934281240121294e+00 8.671159702911052092e-02
0.000000000000000000e+00 1.117243355909501492e-03 1.231645461951578514e-03 1.363132679585919715e-01 1.768366926887890433e-01 1.333387929091937318e-01 2.946239272770503903e-02 1.766112342799627463e-02 5.387207563018242898e-03 5.341942108570043278e-03
0.000000000000000000e+00 1.530534446819437899e-01 1.239853058759370769e-01 1.320644988114679119e+00 2.214612281639130487e+00 2.104223897260933729e+00 1.582885387084060014e+00 2.200823346956711113e+00 1.903452390186608500e+00 7.796170001184345166e-02
0.000000000000000000e+00 6.610227194671179640e-02 1.314334985363641572e-01 1.373451881196818603e+00 7.137038321154187681e-01 4.471388266237044662e-01 1.199406313050412412e-02 6.032558233514490748e-02 6.901277930851212883e-02 2.094155526074116536e-02
0.000000000000000000e+00 1.313156514981368428e-01 1.314141998849980564e-01 1.179840502710871819e+00 2.695571027298774958e+00 1.944285663841619272e+00 1.894509568595138305e+00 2.607055357199393519e+00 1.024868689070074801e+01 8.086521842822848305e-02
0.000000000000000000e+00 4.436447876290276066e-02 1.096940751930438745e-01 1.636065767400309290e-01 1.449669456655521271e-01 1.909520562047280212e-01 9.754924462683497305e-03 1.166460849026175646e-02 3.348240207981087804e-03 3.528478047191681375e-03
0.000000000000000000e+00 3.921691697038370283e-01 1.242159943976416603e+00 2.214830482456290106e+00 2.024308164183306502e+00 1.354287923843450647e+00 2.743057971284069030e+00 1.659719591467801791e+01 2.467433937524901921e+00 1.076852355623356683e-01
0.000000000000000000e+00 1.092801686515678522e-03 2.618314538260260171e-01 1.338220780328299719e+00 1.314919521481365372e+00 5.890816573649982901e-01 7.635890544545387293e-01 1.805619370398920120e-01 3.565337159444652571e-01 3.603994835395222390e-02
0.000000000000000000e+00 1.092801686515678522e-03 1.202271164499381763e-03 1.369737963801847536e-01 1.944345013129465394e-01 2.198379417371830735e-01 1.226173104555107647e-02 1.470089441948304460e-02 1.593067608754744624e-02 4.410679031377344114e-03
0.000000000000000000e+00 1.095778583143278001e-01 2.274777278263739877e-02 1.461398138138565672e+00 1.278440013657981877e+00 1.199513540869020733e+00 1.463091580963792104e+00 2.329153367758554083e-01 5.661361860356025621e-01 1.511403478890694652e-01
0.000000000000000000e+00 1.117243355909501492e-03 2.271572880413281342e-02 1.027642073027596392e-03 2.184299785409725692e-01 1.842317441101132963e-02 7.474322780768706889e-04 2.198546721490033176e-02 5.854834555906288616e-03 6.383485971015869648e-03
0.000000000000000000e+00 1.095778583143278001e-01 1.748882185062059780e-01 1.250232935797631173e+00 1.460837411493988824e+00 1.449298408333904664e+00 1.062355933569530508e+00 1.686391576897673605e+00 9.112234703564840999e+00 8.648424032579664356e-02
0.000000000000000000e+00 1.313156514981368428e-01 1.767970175650860620e-01 1.348245524036384424e-01 4.823756364920743778e-01 9.461130392484073948e-02 2.630036459885068956e-01 2.782733164853757116e-02 9.142054070643938768e-03 3.141106016353348990e-02
0.000000000000000000e+00 1.095778583143278001e-01 2.274777278263739877e-02 1.461398138138565672e+00 1.278440013657981877e+00 1.199513540869020733e+00 1.463091580963792104e+00 3.367220264680207964e-01 4.623762173442036993e-01 4.733365819690409093e-02
0.000000000000000000e+00 1.313156514981368428e-01 6.620082033357096996e-02 1.408627846959678465e+00 2.118417957790426520e+00 2.264954706884392266e+00 1.686208992466136092e+00 3.035134409101636899e-01 2.094768169416228343e+00 7.743641112991826725e-02
0.000000000000000000e+00 4.436447876290276066e-02 1.531696615606599199e-01 1.408608387264728368e+00 2.214612281639130487e+00 2.104481056698778385e+00 1.582885387084060014e+00 2.607499282092181847e+00 2.401672800702033150e+00 8.516068757448712334e-02
0.000000000000000000e+00 6.610227194671179640e-02 6.631856795475872535e-02 3.352169703062164441e-01 5.057832479258741465e-01 3.836010690258557787e-01 6.342461389159096408e-01 3.375780249762880825e-01 6.890800118930102969e-02 2.083718688601165353e-02
0.000000000000000000e+00 1.092801686515678522e-03 2.273962205937232403e-02 1.134605187554045963e-01 2.472079932318872186e-01 6.855328330384308612e-04 6.184847732852395349e-04 1.803613306071777042e-02 4.960955373772247927e-03 5.270256490308591543e-03
0.000000000000000000e+00 4.436447876290276066e-02 1.531456825518664744e-01 1.408608387264728368e+00 2.166515119714779392e+00 2.184525104366781267e+00 1.582885387084060014e+00 2.607499282092181847e+00 2.401672800702033150e+00 2.657461590401755114e-01
0.000000000000000000e+00 4.436447876290276066e-02 1.531456825518664744e-01 1.426206195888886752e+00 2.070321980996042921e+00 2.264697401521383213e+00 1.479078697391899455e+00 2.607533628773322842e+00 2.567624970399907003e+00 8.516068757448712334e-02
0.000000000000000000e+00 1.092801686515678522e-03 1.231645461951578514e-03 8.427927474177827200e-03 2.618314538260260171e-01 9.076036937511320528e-04 7.474322780768706889e-04 2.180759089089337813e-02 6.012205534239714599e-03 6.170675393772790014e-03
0.000000000000000000e+00 1.095778583143278001e-01 4.140039435281012148e-01 1.104218228336781848e+00 2.310805401649274060e+00 1.543208912618167838e+00 1.894593311563039340e+00 3.014072310169795266e+00 1.551206740772201087e+01 5.994121838330485064e-02
0.000000000000000000e+00 1.095778583143278001e-01 1.314367387016784627e-01 1.267828341935373526e+00 1.497316848830247515e+00 1.449197515253819457e+00 1.142391388924306028e+00 1.583045813632555365e+00 8.028721874770734956e+00 8.575633269287670502e-02
0.000000000000000000e+00 1.530534446819437899e-01 1.240048895761163839e-01 1.893864858642690940e+00 3.056456030414592906e+00 2.932631756484656904e+00 2.201028092282862225e+00 2.530104531311047289e+00 1.188285334502144508e+01 6.975319135168209228e-02
0.000000000000000000e+00 6.610227194671179640e-02 1.096716836817756419e-01 1.338215933023929161e+00 7.991938706925511005e-01 4.104789594421363597e-01 6.374965550471797249e-01 4.520901434464748014e-01 1.959340353289001357e-01 3.569020692825474600e-02
0.000000000000000000e+00 6.610227194671179640e-02 6.624437536774410717e-02 3.528349068930238808e-01 4.940329430382769393e-01 3.836592346953840993e-01 6.342935319949338790e-01 4.105388667822541526e-01 6.877863046658355684e-02 6.898673831867373207e-02
0.000000000000000000e+00 1.095778583143278001e-01 4.140039435281012148e-01 1.086996626861111537e+00 2.214609855294365381e+00 2.184535580487425577e+00 1.790520518372391789e+00 2.200788956706813071e+00 1.533043665337443073e+01 5.547438104534914149e-01
0.000000000000000000e+00 1.095778583143278001e-01 1.748882185062059780e-01 1.320624170294265376e+00 1.278439100578381504e+00 1.449102869973428298e+00 9.820813162149218956e-01 2.328152409059312533e-01 1.396447951116397412e+00 6.207326893717366595e-02
0.000000000000000000e+00 1.313156514981368428e-01 1.768167587352522108e-01 1.347374698054861208e-01 5.058232123687588233e-01 3.455805305133777261e-01 2.283228881614785266e-01 1.211451343223906990e-01 1.830071921707693838e-01 1.538332254569651537e-02
0.000000000000000000e+00 8.784006513051878517e-02 1.531488509777387264e-01 1.320621767807850233e+00 1.351398073779307873e+00 1.449204032153875499e+00 1.142531489486648733e+00 1.790359540269485850e+00 9.112309754110064830e+00 8.653104418052565139e-02
0.000000000000000000e+00 2.264656660080180059e-02 9.795362129460328041e-04 1.153110221729739537e-01 2.119730851826535367e-01 1.330510307996945751e-01 6.234869981575388550e-04 3.583412216816912743e-03 5.331764050451204100e-03 5.376926946827598718e-03
0.000000000000000000e+00 1.117243355909501492e-03 1.352023510538728204e-03 1.369126986754077568e-01 1.943559171991381673e-01 8.947168038082913000e-02 6.206588094959711831e-04 3.623105717515602217e-03 1.966632907855370149e-02 5.301103958967310660e-03
0.000000000000000000e+00 4.436447876290276066e-02 1.096700961842504846e-01 1.443801559765468312e+00 2.118417957790426520e+00 2.184535580487425577e+00 1.582907138988066009e+00 1.930286329257614009e+00 2.567315526872020470e+00 7.801747803384315172e-02
0.000000000000000000e+00 6.610227194671179640e-02 1.314334985363641572e-01 1.338256263948501168e+00 1.424393583604476987e+00 5.890816573649982901e-01 6.385496383795580266e-01 2.001270204136634465e-02 3.572983188442251795e-02 3.572983188442251795e-02
0.000000000000000000e+00 1.092801686515678522e-03 2.273962205937232403e-02 1.153110221729739537e-01 2.119537258232973009e-01 7.365602372100257464e-04 7.944364235590406324e-04 2.194528824584916424e-02 6.083990796931290114e-03 6.460508275367367152e-03
0.000000000000000000e+00 1.092801686515678522e-03 2.273962205937232403e-02 1.144117189133124352e-01 2.296301185612648621e-01 8.353725717707064348e-04 7.538786916344401845e-04 3.245383936744813957e-02 5.225793660327602771e-03 5.270256490308591543e-03
0.000000000000000000e+00 1.092801686515678522e-03 2.276374813826762336e-02 1.151272971148846191e-01 1.767970175650860620e-01 2.485294758606870491e-01 2.401314481578615406e-02 1.470401857196619415e-02 4.195153360821173363e-03 4.456386380253141155e-03
0.000000000000000000e+00 1.095778583143278001e-01 1.966744607869977401e-01 1.267831937693885358e+00 1.351398073779307873e+00 1.511523732077509230e+00 9.820677468563873136e-01 1.894187441021190299e+00 5.554750150845398693e+00 8.521786428629278543e-02
0.000000000000000000e+00 1.313156514981368428e-01 1.944145673594097068e-01 1.346603867003840771e-01 1.416151840894208924e-01 1.795510434388788712e-01 1.122520464083108238e-01 7.057319600926283132e-02 1.853661355962355622e-02 5.435908476940372325e-03
0.000000000000000000e+00 6.610227194671179640e-02 8.795791216874815355e-02 1.391008133892992493e+00 1.387878494682291963e+00 5.412192039680947531e-01 6.389582618394561431e-01 2.015280472710254470e-02 1.238117522437643281e+00 4.696098511829181060e-02
0.000000000000000000e+00 1.117243355909501492e-03 2.276374813826762336e-02 1.151272971148846191e-01 2.119926348134026917e-01 1.475933419549111392e-01 1.504433624864254943e-02 2.642530520553044646e-02 4.156660167836619124e-03 4.415021231943856359e-03
0.000000000000000000e+00 1.530534446819437899e-01 1.314157610185228697e-01 1.320624170294265376e+00 1.241958679675399191e+00 1.386789414900466255e+00 1.382916875061255935e+00 1.582885387084060014e+00 4.687156015725524871e-01 1.979026169727242657e-01
0.000000000000000000e+00 1.747912378657528187e-01 1.416238008108653967e-01 8.514381959873801309e-01 1.789151845817086972e+00 1.324457053566499010e+00 1.222580120236490986e+00 1.790359540269485850e+00 1.823675876829691900e+00 7.649514406816687595e-02
0.000000000000000000e+00 1.313156514981368428e-01 1.591992089409269007e-01 1.267833125636041558e+00 1.314918594242850736e+00 1.573742269820692652e+00 9.816740048977995459e-01 1.790359540269485850e+00 5.886775292081397382e+00 8.533042983940865300e-02
0.000000000000000000e+00 4.436447876290276066e-02 1.314078893680595272e-01 1.320618124399769888e+00 1.424356007024281778e+00 6.374232996530547757e-01 8.259173616103506754e-01 5.009565922398426796e-01 1.162017693879134755e-01 4.671951018852935067e-02
0.000000000000000000e+00 1.530534446819437899e-01 8.794017465090686603e-02 1.320621767807850233e+00 1.387878494682291963e+00 5.890816573649982901e-01 5.767295432937386002e-01 1.001877006193690189e-01 9.976716842919348682e-01 4.644994126581600963e-02
0.000000000000000000e+00 1.313156514981368428e-01 1.943752765584943754e-01 1.200249948646839038e-01 3.648127880248185351e-01 1.427451025967908238e-01 1.687011482194506265e-02 9.748339075826398248e-02 2.426256750206228288e-02 6.732510468670300195e-03
0.000000000000000000e+00 1.092801686515678522e-03 2.273962205937232403e-02 1.153726486571714643e-01 1.943948261892435303e-01 1.477371674422960912e-01 6.234869981575388550e-04 1.802792300860798017e-02 5.027690819311505382e-03 1.980736242199618302e-02
0.000000000000000000e+00 4.436447876290276066e-02 1.096940751930438745e-01 1.461399368389626696e+00 2.214613466769098427e+00 1.944018017787962904e+00 1.374809952042680639e+00 2.065227530227115693e+00 2.567252169149606189e+00 7.796170001184345166e-02
0.000000000000000000e+00 1.095778583143278001e-01 3.922661503442921860e-01 1.104217112002354062e+00 2.310804179143069792e+00 1.703543478384201615e+00 1.894572828469218484e+00 3.014038764490283739e+00 1.533063475562424038e+01 3.073483883029746178e-01
0.000000000000000000e+00 1.313156514981368428e-01 1.768167587352522108e-01 1.491142338424839842e-01 5.175748346232409425e-01 3.455983762307286988e-01 2.283225023443516410e-01 1.497823018076263057e-01 4.057002132653242388e-02 1.198445625259621922e-02
0.000000000000000000e+00 1.313156514981368428e-01 1.767970175650860620e-01 1.345215960959509627e-01 5.293791112733872151e-01 8.118136388857356833e-02 1.250180535605665555e-01 4.303180647633179923e-03 2.377558617456465573e-02 7.086223160346085369e-03
0.000000000000000000e+00 1.530534446819437899e-01 1.416224739493342211e-01 1.303028742884359437e+00 1.278440013657981877e+00 1.449096453413762919e+00 9.820677468563873136e-01 2.329570991184714002e-01 6.698486376944390308e-01 1.506739336721304723e-01
0.000000000000000000e+00 1.095778583143278001e-01 6.622335915025341635e-02 1.443802784768880576e+00 1.241960491644628739e+00 1.261833240792651134e+00 1.382407257620805963e+00 3.365604416519206166e-01 5.661829070363690875e-01 4.737903026699571279e-02
0.000000000000000000e+00 4.436447876290276066e-02 1.097427369817889908e-01 1.373489046685035575e+00 6.567074985720641189e-01 4.471488550635397963e-01 7.337833406395295466e-01 7.788104068377108002e-02 7.752990599861866450e-01 3.580851361958257290e-02
0.000000000000000000e+00 1.530534446819437899e-01 1.592202825734933547e-01 1.340990617004836905e-01 5.293249497594149089e-01 3.283572337999905444e-01 9.463422681995432850e-02 5.705518751050704836e-03 3.114695703484249636e-02 9.288963196986228452e-03
0.000000000000000000e+00 1.313156514981368428e-01 1.591796593101777180e-01 1.984851485586221764e-01 7.259253529557012641e-01 4.240979224155411731e-01 2.923176596200442456e-01 1.916036605149339933e-01 5.212286923035720082e-02 1.566296329303999008e-02
0.000000000000000000e+00 6.610227194671179640e-02 1.749090849039822426e-01 1.373415193680326052e+00 2.214612281639130487e+00 2.103965928575720401e+00 1.479078697391899455e+00 2.878309321529907816e+00 7.707712958239008039e+00 2.684993949236171851e-01
0.000000000000000000e+00 1.092801686515678522e-03 1.352023510538728204e-03 1.366102566128700735e-01 1.943559171991381673e-01 8.737801188082749970e-02 6.206588094959711831e-04 3.623105717515602217e-03 1.966632907855370149e-02 5.301103958967310660e-03
0.000000000000000000e+00 1.092801686515678522e-03 2.273962205937232403e-02 1.160617374612541997e-01 1.944345013129465394e-01 2.342824206352756844e-01 2.400202871789548775e-02 1.472386330828299311e-02 4.158172765433055390e-03 1.620725507558176681e-02
0.000000000000000000e+00 4.436447876290276066e-02 1.531696615606599199e-01 1.373412770016410933e+00 1.351399015145834603e+00 4.931220420437437690e-01 8.258258018038161508e-01 9.990727394974033282e-02 9.175885449931336924e-01 2.541107367003515582e-01
0.000000000000000000e+00 1.313156514981368428e-01 1.944145673594097068e-01 1.337791311044488340e-01 1.650487737633910823e-01 1.682918586073854084e-01 1.245689753803933819e-01 1.243237421371923140e-01 6.732510468670300195e-03 2.421321310547786335e-02
0.000000000000000000e+00 1.117243355909501492e-03 1.202271164499381763e-03 1.368517984230976370e-01 1.943948261892435303e-01 8.971490082777115738e-02 6.206588094959711831e-04 1.804326057649354234e-02 5.256333532832569051e-03 5.301103958967310660e-03
0.000000000000000000e+00 1.092801686515678522e-03 2.276374813826762336e-02 1.154344601722896851e-01 2.119926348134026917e-01 1.475933419549111392e-01 6.241813896646078918e-04 1.800571659141682324e-02 5.037143024372960250e-03 5.397466990686337722e-03
0.000000000000000000e+00 3.486935833362209691e-01 1.155951866997811939e+00 1.461132037821345486e+00 1.511624725990695861e+00 2.703677237909983599e+00 1.492660419523845050e+01 7.127083353223829576e+00 2.648872501675379354e+00 2.623837008116050029e-01
0.000000000000000000e+00 1.313156514981368428e-01 1.748897862526140601e-01 1.338223172190519339e+00 2.166516304844747332e+00 2.104352583553996681e+00 1.479239123940395029e+00 2.336347735117477953e+00 7.307519752705801785e+00 8.675504860913922645e-02
0.000000000000000000e+00 1.313156514981368428e-01 1.943948261892435303e-01 1.346171092751688170e-01 1.180452989820776760e-01 3.379663566312734457e-01 5.907100569745134732e-04 1.671095292795949858e-02 5.035556581926532195e-03 5.171924667549205636e-03
0.000000000000000000e+00 1.313156514981368428e-01 2.279839168071018385e-02 1.391047110515543750e+00 7.422005226455338223e-01 4.468993878411728349e-01 1.215042280022244486e-02 6.024758472457343583e-02 2.091561738415886190e-02 2.055091405068274271e-02
0.000000000000000000e+00 1.095778583143278001e-01 1.966260116900150068e-01 1.214998099456142455e+00 2.503398741295167262e+00 1.783705299418162804e+00 1.686938664478248473e+00 2.742679513242650025e+00 1.315245899697865184e+01 6.967066267611936314e-02
0.000000000000000000e+00 1.313156514981368428e-01 1.748897862526140601e-01 1.197440703197250267e+00 2.455089273789132331e+00 2.264697401521383213e+00 1.686692076776225235e+00 2.606850183162987555e+00 1.278966082316249775e+01 6.968452989922423180e-02
0.000000000000000000e+00 8.784006513051878517e-02 1.314110577939296975e-01 1.373413984489671558e+00 1.314919521481365372e+00 1.262238415482922038e+00 1.142177019310687491e+00 1.686917577980365790e+00 2.229977029490765705e+00 7.649514406816687595e-02
0.000000000000000000e+00 4.436447876290276066e-02 1.096700961842504846e-01 1.461399368389626696e+00 2.166516304844747332e+00 2.103836667948604688e+00 1.478917961126178682e+00 2.471426748108940696e+00 6.404659182225474368e+00 4.495734619989985581e-01
0.000000000000000000e+00 1.313156514981368428e-01 1.767774679343368793e-01 1.341406981472167970e-01 2.003006262902222168e-01 1.608849946966828259e-01 4.435349728031134941e-04 3.310650213299733829e-02 4.034477830071738630e-03 4.000149903783715988e-03
0.000000000000000000e+00 4.438435978461083287e-02 1.096700961842504846e-01 1.814051833442210104e-01 1.448677333635643993e-01 1.673327713977835196e-01 4.092741631346695627e-04 2.319393027696660392e-03 1.265779559323132637e-02 3.576219684602153018e-03
0.000000000000000000e+00 1.313156514981368428e-01 1.097005554937529881e-01 1.267828341935373526e+00 1.497316848830247515e+00 1.511517215177449858e+00 1.062215769815563426e+00 1.686852503324721031e+00 8.209382396781640168e+00 8.585657188013924579e-02
0.000000000000000000e+00 4.436447876290276066e-02 1.096700961842504846e-01 1.461399368389626696e+00 1.974127657147338732e+00 2.344879504860019725e+00 1.583067808094939855e+00 1.115903007401015667e+00 3.336114812367799165e-01 6.273762437832776373e-02
0.000000000000000000e+00 1.313156514981368428e-01 1.531519930688050313e-01 1.355819787542582811e+00 2.166516304844747332e+00 2.104223897260933729e+00 1.582885387084060014e+00 2.336313743559815137e+00 7.307586539553899030e+00 8.679781698747564278e-02
0.000000000000000000e+00 1.092801686515678522e-03 2.276374813826762336e-02 1.151272971148846191e-01 1.767970175650860620e-01 1.622033980183381907e-01 1.504364185713412405e-02 3.242587145039476509e-02 4.148910454298660767e-03 4.406695618686467912e-03
0.000000000000000000e+00 4.436447876290276066e-02 1.531696615606599199e-01 1.355814961392252549e+00 1.387878494682291963e+00 5.890816573649982901e-01 7.634892912766191309e-01 9.989397352424846110e-02 9.176275999826446483e-01 3.579645831704086900e-01
0.000000000000000000e+00 4.436447876290276066e-02 1.531696615606599199e-01 1.355814961392252549e+00 1.387878494682291963e+00 5.893163658924456261e-01 7.634892912766191309e-01 9.989397352424846110e-02 9.176275999826446483e-01 2.541578934782579569e-01
0.000000000000000000e+00 1.313156514981368428e-01 1.768167587352522108e-01 1.343934588221095960e-01 1.180445454229240576e-01 3.277833665737516777e-01 5.898283575802024592e-04 1.673238225153629230e-02 5.338100115181034118e-03 5.110051571786933776e-03
0.000000000000000000e+00 1.313156514981368428e-01 1.768167587352522108e-01 1.339750501166975527e-01 7.259244916080567211e-01 4.463879888892902104e-01 3.207679628152247941e-01 3.011026192796844581e-01 1.558721169177082651e-02 1.572405763511007873e-02
0.000000000000000000e+00 8.784006513051878517e-02 1.314351219829496265e-01 1.355816175865513173e+00 1.351399015145834603e+00 1.449298408333904664e+00 1.062102971058886958e+00 2.332591948870542109e-01 1.508624404855898327e-01 4.710273757479037371e-02
0.000000000000000000e+00 4.436447876290276066e-02 1.314318683768528895e-01 1.355813741648087545e+00 1.424357960121481970e+00 5.894722308678449485e-01 7.632892747424859792e-01 1.804357384420124111e-01 1.160482528425890170e-01 3.592510230591773601e-02
0.000000000000000000e+00 3.704313765200279440e-01 1.259399906682708403e+00 2.214830482456290106e+00 1.944274443964166599e+00 1.354187217962444567e+00 2.742885714157277111e+00 1.424144782517654306e+01 3.028774911171776107e+00 5.089275247713878625e-02
0.000000000000000000e+00 3.921691697038370283e-01 1.242159943976416603e+00 2.214830482456290106e+00 2.024179838821920097e+00 1.250379960433684490e+00 2.472110723757365403e+00 1.659329067140022929e+01 2.573004064375474798e+00 4.270227472449926454e-02
0.000000000000000000e+00 1.313156514981368428e-01 1.767970175650860620e-01 1.347809620635729011e-01 6.856293813648391966e-01 4.909240185458578209e-01 3.207217652478418501e-01 9.201556000019643633e-03 5.148226081119105374e-02 1.542468905466043427e-02
0.000000000000000000e+00 1.095778583143278001e-01 2.401500471546157700e-01 1.342244030018778789e-01 3.530619193294904923e-01 1.550086107178624828e-01 1.402284681654371312e-02 3.016653995777738434e-02 1.853661355962355622e-02 5.435908476940372325e-03
0.000000000000000000e+00 6.610227194671179640e-02 1.096716836817756419e-01 1.285422507151452232e+00 1.533795260611995337e+00 1.511422569897061807e+00 1.142391388924306028e+00 1.686852503324721031e+00 7.487040510918903991e+00 8.565356898128749508e-02
0.000000000000000000e+00 4.436447876290276066e-02 1.748834757356755309e-01 1.408648779842414767e+00 1.205480070741644871e+00 1.386478759239058611e+00 1.302741941270448400e+00 7.513009656457150243e-01 1.687115528105750384e+00 4.689385964431981302e-01
0.000000000000000000e+00 1.530733257036518691e-01 1.768380602422432724e-01 1.348783352444213879e-01 4.941273442897388679e-01 9.461219560617879776e-02 2.165761135837825438e-02 5.602446565252392624e-02 6.554398199840534220e-03 6.972070674738917000e-03
0.000000000000000000e+00 1.095778583143278001e-01 1.966021395351456313e-01 1.179842894573090994e+00 2.647476587822819027e+00 1.944018017787962904e+00 1.790520518372391789e+00 2.607464534089045216e+00 1.079318130479969717e+01 8.094103559931625780e-02
0.000000000000000000e+00 1.313156514981368428e-01 1.768167587352522108e-01 1.340990617004836905e-01 1.298495756322238792e-01 1.515509439440993478e-01 4.045625911811425801e-04 3.310099010462926039e-02 3.987171518013758048e-03 3.953335930794418633e-03
0.000000000000000000e+00 1.313156514981368428e-01 1.768771438361369241e-01 1.346940789835060492e-01 1.298495756322238792e-01 1.888760326836243508e-01 1.061667643517217111e-02 3.307079670915219483e-02 3.986857572125785884e-03 4.021045175869612277e-03
0.000000000000000000e+00 1.530534446819437899e-01 1.240246653251750458e-01 1.320625363566360955e+00 2.166515119714779392e+00 2.184396272479310674e+00 1.479078697391899455e+00 2.200857338514367267e+00 1.737377928181983666e+00 7.784857115527203664e-02
0.000000000000000000e+00 4.436447876290276066e-02 1.096700961842504846e-01 1.443801559765468312e+00 1.241959592754998232e+00 1.449102869973428298e+00 1.222566779316798025e+00 6.487856064030915748e-01 1.958586735739104023e+00 3.335030078658970387e-01
0.000000000000000000e+00 8.784006513051878517e-02 1.531488509777387264e-01 1.373415193680326052e+00 1.278440013657981877e+00 1.262238415482922038e+00 1.142558269542062410e+00 1.790724267672531234e+00 2.230034077728815234e+00 7.725222200198855749e-02
0.000000000000000000e+00 1.092801686515678522e-03 2.184038867925427729e-01 1.113030477233995924e-01 9.091188154232906493e-01 4.464097953564783450e-01 3.488861743454369502e-01 4.531591069438482139e-02 5.194618462718503943e-02 1.562185880493387885e-02
0.000000000000000000e+00 1.313156514981368428e-01 1.767774679343368793e-01 1.242177061114036807e+00 2.166513915876218999e+00 2.184664344520560686e+00 1.686874497787100413e+00 2.336313743559815137e+00 1.405476075610283981e+00 2.438611417732754472e-01
0.000000000000000000e+00 4.436447876290276066e-02 1.096940751930438745e-01 1.636065767400309290e-01 1.304304530385013983e-01 2.027011110858907006e-01 2.840957613325584274e-02 1.160338215886061453e-02 3.390005357587992391e-03 3.541022918805714244e-03
0.000000000000000000e+00 6.610227194671179640e-02 1.314094768655826306e-01 1.426206195888886752e+00 2.118419142920396236e+00 2.184653723735491937e+00 1.582885387084060014e+00 1.930251626581786617e+00 2.567378398457380584e+00 7.807272780604512796e-02
0.000000000000000000e+00 4.436447876290276066e-02 1.096700961842504846e-01 1.443801559765468312e+00 2.118417957790426520e+00 2.264826165554517878e+00 1.479078697391899455e+00 1.930286329257614009e+00 2.567315526872020470e+00 2.440300486518387491e-01
0.000000000000000000e+00 4.436447876290276066e-02 1.096940751930438745e-01 1.636065767400309290e-01 1.449669456655521271e-01 1.674503188140707699e-01 1.228851789667703871e-02 1.166250707965685134e-02 3.336407167298915608e-03 3.515875653433700714e-03
0.000000000000000000e+00 1.092801686515678522e-03 2.273962205937232403e-02 1.154964522180111919e-01 1.944145673594097068e-01 1.475420435414637743e-01 6.234869981575388550e-04 3.485779443676686150e-03 1.943837297854543109e-02 5.387207563018242898e-03
0.000000000000000000e+00 1.530534446819437899e-01 1.239853058759370769e-01 1.338223172190519339e+00 2.070321980996042921e+00 2.104373759453464388e+00 1.790541969251774113e+00 2.607294536766030291e+00 1.239584806376040182e+00 7.790539673117634345e-02
0.000000000000000000e+00 1.313156514981368428e-01 1.943752765584943754e-01 1.342330245747306861e-01 1.180452989820776760e-01 1.328962922735274499e-01 4.217640709045982557e-04 1.170273145584497555e-02 1.296097282889135775e-02 3.609099865379513002e-03
0.000000000000000000e+00 4.436447876290276066e-02 1.314318683768528895e-01 1.338215933023929161e+00 7.991938706925511005e-01 3.373980525467586422e-01 6.375062140616994943e-01 1.404090943900466737e-01 5.883399602152922236e-01 1.158520279622122368e-01
0.000000000000000000e+00 1.092801686515678522e-03 2.273962205937232403e-02 1.154964522180111919e-01 1.769392967609716427e-01 2.486757147693854642e-01 5.338226815245978099e-04 2.910280900137880364e-03 1.588623815870773837e-02 4.402506667795545031e-03
0.000000000000000000e+00 6.610227194671179640e-02 6.619609731415962428e-02 1.355811286393613146e+00 8.276905282571195288e-01 4.470192876852380759e-01 4.451807450947896649e-01 7.809765131649633318e-02 6.505950434422556050e-01 3.565039376122166453e-02
0.000000000000000000e+00 1.092801686515678522e-03 2.273962205937232403e-02 1.133540355642553704e-01 2.472079932318872186e-01 6.855328330384308612e-04 6.184847732852395349e-04 1.803613306071777042e-02 4.960955373772247927e-03 5.270256490308591543e-03
0.000000000000000000e+00 1.313156514981368428e-01 1.532005272540871155e-01 1.267830744421789557e+00 1.424357960121481970e+00 1.511416153337393320e+00 1.062341968413443194e+00 1.582724650818339240e+00 8.751063760633471134e+00 8.595425573036939715e-02
0.000000000000000000e+00 8.784006513051878517e-02 1.096732646101206687e-01 1.391010578640569317e+00 1.278439100578381504e+00 1.324564632306611811e+00 1.142431411959379917e+00 1.686917577980365790e+00 2.229977029490765705e+00 7.649514406816687595e-02
0.000000000000000000e+00 1.747912378657528187e-01 6.620393597304398414e-02 1.391013002304484436e+00 2.166516304844747332e+00 2.024190762520039044e+00 1.375454428710613852e+00 2.878376110760387352e+00 9.522562817546646130e+00 8.069425138614411130e-02
0.000000000000000000e+00 1.313156514981368428e-01 1.768167587352522108e-01 1.345645482309101582e-01 1.180445454229240576e-01 3.277833665737516777e-01 5.898283575802024592e-04 1.673238225153629230e-02 1.876980352958599121e-02 5.163696202016657480e-03
0.000000000000000000e+00 6.610227194671179640e-02 1.096957053525571685e-01 1.408607167520563141e+00 6.567097046511145564e-01 4.471414845626943690e-01 6.372619666175834974e-01 2.027117551418526065e-01 2.755853161632404111e-02 2.755853161632404111e-02
0.000000000000000000e+00 1.092801686515678522e-03 1.231645461951578514e-03 8.427927474177827200e-03 2.618077918503405321e-01 1.850541231790862537e-02 7.483713506851668402e-04 2.198876477791763054e-02 6.024229950041337135e-03 6.396384943088232258e-03
0.000000000000000000e+00 1.313156514981368428e-01 1.767970175650860620e-01 1.342244030018778789e-01 3.413110506341618944e-01 1.651722635453007626e-01 5.911434021381237192e-04 1.671155645634747611e-02 1.879557771433837746e-02 5.372419867788661915e-03
0.000000000000000000e+00 1.095778583143278001e-01 1.314367387016784627e-01 1.267828341935373526e+00 1.497316848830247515e+00 1.449197515253819457e+00 1.142391388924306028e+00 1.686692076776225235e+00 7.848211453850272967e+00 2.663418041585650653e-01
0.000000000000000000e+00 1.313156514981368428e-01 1.767970175650860620e-01 1.481514641231556073e-01 7.259253529557012641e-01 4.463886323973962900e-01 2.638190952892595087e-01 4.574203186173854407e-02 5.150220327175424051e-02 1.544526302372551362e-02
0.000000000000000000e+00 1.313156514981368428e-01 1.768167587352522108e-01 1.339340213313380823e-01 5.293791112733872151e-01 3.455816494368848524e-01 9.448473371703693113e-02 5.630963381420251400e-03 3.115966408300140794e-02 9.222175526751330912e-03
0.000000000000000000e+00 8.784006513051878517e-02 1.096732646101206687e-01 1.355814961392252549e+00 1.241956811070359823e+00 1.698501345783705041e+00 1.142391388924306028e+00 1.686852503324721031e+00 2.094656670035906831e+00 7.661758747946446901e-02
0.000000000000000000e+00 1.747912378657528187e-01 6.627734954068841000e-02 1.391013002304484436e+00 2.166516304844747332e+00 2.024190762520039044e+00 1.479261118402774411e+00 2.878137062976638738e+00 9.522628852633607366e+00 8.072450351551724301e-02
0.000000000000000000e+00 1.313156514981368428e-01 1.767970175650860620e-01 1.346507929224623756e-01 5.293249497594149089e-01 2.938749489385134583e-01 5.558390820341996448e-03 2.061283392296432704e-01 1.171586205623076013e-02 1.192123056654756548e-02
0.000000000000000000e+00 4.436447876290276066e-02 1.096700961842504846e-01 1.285421282148039968e+00 1.570274656020569148e+00 1.573640947891431052e+00 1.062215769815563426e+00 1.686531340510504462e+00 5.554750150845398693e+00 8.521786428629278543e-02
0.000000000000000000e+00 1.092801686515678522e-03 1.231645461951578514e-03 1.367306073253999055e-01 1.944345013129465394e-01 2.052959137488453156e-01 1.225008502169173778e-02 2.848939831299361364e-03 1.613697801507209609e-02 4.394316743562287804e-03
0.000000000000000000e+00 6.610227194671179640e-02 6.634377827099674496e-02 1.391006903641930581e+00 1.424357960121481970e+00 5.409844954406473061e-01 1.576126260313667760e-02 1.403007843821656997e-01 5.883720583394961290e-01 1.158916529183837835e-01
0.000000000000000000e+00 1.747912378657528187e-01 8.794172915685301295e-02 1.373416397576617154e+00 2.166516304844747332e+00 2.104352583553996681e+00 1.479078697391899455e+00 2.878309321529907816e+00 7.344716682173044298e+00 2.684201171882821257e-01
0.000000000000000000e+00 1.313156514981368428e-01 1.768167587352522108e-01 1.346940789835060492e-01 3.413110506341618944e-01 1.651722635453007626e-01 1.402284681654371312e-02 1.673483654337179494e-02 1.880412328219425652e-02 5.196474840648848681e-03
0.000000000000000000e+00 1.095778583143278001e-01 1.531504253223990308e-01 1.355818588952458770e+00 2.166515119714779392e+00 2.184525104366781267e+00 1.582885387084060014e+00 2.065332950353600872e+00 2.235415640035986140e+00 7.801747803384315172e-02
0.000000000000000000e+00 4.436447876290276066e-02 8.793230300044350967e-02 1.408604712266089853e+00 2.262705776085608633e+00 2.264826165554517878e+00 1.582563618230383051e+00 3.039577945132069248e-01 1.959222210280503251e+00 7.731411338861807203e-02
0.000000000000000000e+00 1.313156514981368428e-01 1.592189501110930494e-01 1.250235317011883174e+00 1.351398073779307873e+00 1.573843432001139409e+00 9.820539487816059010e-01 1.790359540269485850e+00 5.720762721463394485e+00 8.527444619995555586e-02
0.000000000000000000e+00 3.269557901524119958e-01 1.285470443407481067e+00 2.262923527755843267e+00 1.863995593596902589e+00 4.748300030445349762e+00 1.238492560325361325e+01 4.821600170510347283e+00 3.046353370995559473e+00 2.371851143021835862e-02
0.000000000000000000e+00 1.313156514981368428e-01 1.768167587352522108e-01 1.345645482309101582e-01 5.293791112733872151e-01 3.283572337999905444e-01 5.009621463417417153e-02 5.669278797410694584e-03 3.112142084720780424e-02 9.182300883598802643e-03
0.000000000000000000e+00 4.436447876290276066e-02 1.097182882844265628e-01 1.355812516644675059e+00 1.460837411493988824e+00 5.894722308678449485e-01 7.632892747424859792e-01 1.801826566026894783e-01 3.588643180862777921e-02 3.588643180862777921e-02
0.000000000000000000e+00 1.313156514981368428e-01 1.767774679343368793e-01 1.341406981472167970e-01 2.003006262902222168e-01 1.608849946966828259e-01 2.077249015672046062e-02 2.294335978622233027e-02 1.417124848720806123e-02 4.013375020119885374e-03
0.000000000000000000e+00 1.095778583143278001e-01 1.748643463513366025e-01 1.162243892676837254e+00 2.695571027298774958e+00 1.944157414630860004e+00 1.790541969251774113e+00 2.607499282092181847e+00 1.061161768083150037e+01 8.089121839331425701e-02
0.000000000000000000e+00 8.784006513051878517e-02 1.531729151667586275e-01 1.373415193680326052e+00 2.214612281639130487e+00 2.103965928575720401e+00 1.582885387084060014e+00 2.471804140162926267e+00 7.414866936019163246e-01 7.767498988233735580e-02
0.000000000000000000e+00 4.436447876290276066e-02 1.531456825518664744e-01 1.960664259691423439e+00 1.829843939959047816e+00 6.385577890253766320e-01 1.142544994374200096e+00 2.332804059465931890e-01 1.707915534616068376e+00 6.230072098929807789e-02
0.000000000000000000e+00 2.262668557909372838e-02 1.531440884996051188e-01 1.320618124399769888e+00 1.424356007024281778e+00 1.449109114824099764e+00 1.142544994374200096e+00 1.894509568595138305e+00 9.112309754110064830e+00 8.653104418052565139e-02
0.000000000000000000e+00 8.784006513051878517e-02 1.531729151667586275e-01 1.373415193680326052e+00 1.278440013657981877e+00 1.449197515253819457e+00 1.142264792092844150e+00 1.686531340510504462e+00 6.384813003935392750e+00 2.653005462600757092e-01
0.000000000000000000e+00 6.610227194671179640e-02 1.097444543568576597e-01 1.355813741648087545e+00 7.422276042768254367e-01 4.468417236380973767e-01 6.374184799957985925e-01 2.026119919639332023e-01 8.987823153995451453e-02 2.145493045537128496e-01
0.000000000000000000e+00 1.313156514981368428e-01 1.944749524602944202e-01 1.346171092751688170e-01 1.533521521252165232e-01 1.888637147146675355e-01 2.078229104343956579e-02 3.305645418126169910e-02 3.808179469010567440e-03 4.047842987421060128e-03
0.000000000000000000e+00 4.436447876290276066e-02 1.096700961842504846e-01 1.391008133892992493e+00 6.852056708499254523e-01 4.830830817278908840e-01 6.374965550471797249e-01 3.895710917348275681e-01 1.154191823444968290e-01 3.561039326098139335e-02
0.000000000000000000e+00 1.313156514981368428e-01 1.768167587352522108e-01 1.491142338424839842e-01 7.125556560534677120e-01 4.241189827963996462e-01 2.922715654562924592e-01 4.568418902770502582e-02 1.500183990820886867e-02 1.540404212627659829e-02
0.000000000000000000e+00 6.610227194671179640e-02 6.619609731415962428e-02 3.527361948165672056e-01 7.124477517236295077e-01 4.509369593963025724e-01 9.213507096921143003e-01 1.084227442594981605e-01 6.903871718509216326e-02 2.096738956716389518e-02
0.000000000000000000e+00 1.313156514981368428e-01 1.767970175650860620e-01 1.345215960959509627e-01 1.180987069368963499e-01 1.889063498534254149e-01 4.518122697318265588e-04 2.292190720491072212e-02 1.413127172614439195e-02 4.007545526375216362e-03
0.000000000000000000e+00 1.313156514981368428e-01 1.944145673594097068e-01 1.347908568937903895e-01 1.180995460392317564e-01 1.608782697793855188e-01 4.049216655323605940e-04 1.265257524851565174e-02 1.414482480906124884e-02 3.953335930794418633e-03
0.000000000000000000e+00 3.269557901524119958e-01 1.285490491518250789e+00 2.311323416534062147e+00 1.944146343149348866e+00 4.206337149826275379e+00 1.438124514512756669e+01 5.873948437912328124e+00 1.998627426745130498e+00 1.353525227342740854e-02
0.000000000000000000e+00 4.436447876290276066e-02 8.793230300044350967e-02 3.703340034407263670e-01 6.990166881611431515e-01 4.732433999357842369e-01 7.387051993910109804e-01 1.082067975667310306e-01 1.651286726590669163e-01 2.091561738415886190e-02
0.000000000000000000e+00 4.436447876290276066e-02 1.531456825518664744e-01 1.267825918271458630e+00 1.570275681514979205e+00 1.511314931245307136e+00 1.062215769815563426e+00 1.686531340510504462e+00 5.886775292081397382e+00 2.659159013050885201e-01
0.000000000000000000e+00 6.610227194671179640e-02 6.617230880025576356e-02 3.879707210549893093e-01 6.990173234021208604e-01 4.509373547975220609e-01 7.754276107414299624e-01 6.018369420697358002e-02 1.170315107347159184e-01 2.088957639432273417e-02
0.000000000000000000e+00 1.313156514981368428e-01 1.314141998849980564e-01 1.197438311335030869e+00 2.647475235772339008e+00 1.944285663841619272e+00 1.894509568595138305e+00 2.607055357199393519e+00 1.024868689070074801e+01 8.086521842822848305e-02
0.000000000000000000e+00 1.313355325198448942e-01 1.943948261892435303e-01 1.203271089661768073e-01 5.176282425780586172e-01 8.118093054340996817e-02 9.053529649971651938e-02 5.611276470650664733e-02 6.534443743825711116e-03 7.075500636120931296e-03
0.000000000000000000e+00 4.436447876290276066e-02 1.531456825518664744e-01 1.355814961392252549e+00 1.387878494682291963e+00 5.890032046606067384e-01 7.634892912766191309e-01 9.989397352424846110e-02 9.176275999826446483e-01 4.696098511829181060e-02
0.000000000000000000e+00 1.092801686515678522e-03 2.273962205937232403e-02 1.154344601722896851e-01 1.944145673594097068e-01 1.473955202636815509e-01 6.234869981575388550e-04 3.485779443676686150e-03 1.948286286589397120e-02 5.387207563018242898e-03
0.000000000000000000e+00 1.095778583143278001e-01 2.274777278263739877e-02 1.995032646837687773e-01 1.304970279976030434e-01 2.143544037234794142e-01 4.015696257801690608e-04 2.099294965835144314e-02 3.480409731701707317e-03 3.601889134177815172e-03
0.000000000000000000e+00 4.436447876290276066e-02 1.096940751930438745e-01 1.391008133892992493e+00 1.387878494682291963e+00 5.892382446023983755e-01 7.634892912766191309e-01 1.973215249028721641e-02 3.580851361958257290e-02 1.159703346535438245e-01
0.000000000000000000e+00 4.436447876290276066e-02 8.795628200923689965e-02 1.373428454377128682e+00 7.706964447947474151e-01 4.468417236380973767e-01 6.374965550471797249e-01 1.403920552182192083e-01 8.984641607067078706e-02 2.145176313872183826e-01
0.000000000000000000e+00 1.095778583143278001e-01 2.274777278263739877e-02 1.461398138138565672e+00 1.241959592754998232e+00 1.261839359391794702e+00 1.383056778366597905e+00 1.294525051948888783e-01 5.660419480022735872e-01 4.724209794191988609e-02
0.000000000000000000e+00 1.092801686515678522e-03 2.271572880413281342e-02 1.159983312400677119e-01 1.944345013129465394e-01 2.486782514551389434e-01 1.226281701624172549e-02 2.933283875232377529e-03 1.593835766250280978e-02 4.418833772885808787e-03
0.000000000000000000e+00 1.095778583143278001e-01 1.314367387016784627e-01 1.373415193680326052e+00 1.205479171852015918e+00 1.448804409697098228e+00 1.302741941270448400e+00 1.686370307922548717e+00 3.332815141955129956e-01 4.683248076600923793e-01
0.000000000000000000e+00 1.530534446819437899e-01 1.415831145000962521e-01 1.303028742884359437e+00 1.278440013657981877e+00 1.448792340563548331e+00 9.019059258224300102e-01 2.329775382295315722e-01 1.292641261424232191e+00 6.201548923977628913e-02
0.000000000000000000e+00 6.610227194671179640e-02 1.531712917201731861e-01 1.373413984489671558e+00 1.278439100578381504e+00 1.511422569897061807e+00 9.017793289909680210e-01 1.998015043150420444e+00 6.218800433317388965e+00 8.544058822354891336e-02
0.000000000000000000e+00 6.610227194671179640e-02 1.097444543568576597e-01 1.408646211540113269e+00 6.852071305489182418e-01 4.468393152557086911e-01 5.412972015786662316e-01 1.401005395432167733e-01 2.749475902681005821e-02 2.142125802817579361e-01
0.000000000000000000e+00 1.095778583143278001e-01 1.531745318854874915e-01 1.373416397576617154e+00 2.166516304844747332e+00 2.104223897260933729e+00 1.479078697391899455e+00 2.200857338514367267e+00 7.307452428374931586e+00 8.671159702911052092e-02
0.000000000000000000e+00 6.610227194671179640e-02 1.096716836817756419e-01 1.373411550272246595e+00 7.137030967477303589e-01 4.468417236380973767e-01 6.374184799957985925e-01 1.575265537095532978e-02 8.978236082623668179e-02 2.144538587977043997e-01
0.000000000000000000e+00 8.784006513051878517e-02 2.183622305291637589e-01 1.320664806984404027e+00 2.214612281639130487e+00 5.143188619921922333e-01 1.302894957332636938e+00 1.894187441021190299e+00 1.281714290417261815e+00 6.279051105921475140e-02
0.000000000000000000e+00 1.092801686515678522e-03 2.271572880413281342e-02 1.159983312400677119e-01 2.120323099371057007e-01 2.198404430101904006e-01 1.226227612045752841e-02 2.931738178672166177e-03 1.593067608754744624e-02 4.410679031377344114e-03
0.000000000000000000e+00 3.921691697038370283e-01 1.242159943976416603e+00 2.214830482456290106e+00 2.024308164183306502e+00 1.354287923843450647e+00 2.743057971284069030e+00 1.659719591467801791e+01 2.467433937524901921e+00 1.076852355623356683e-01
0.000000000000000000e+00 4.436447876290276066e-02 1.531456825518664744e-01 1.285423726895617680e+00 1.533796272160534713e+00 1.511314931245307136e+00 1.062215769815563426e+00 1.686531340510504462e+00 5.886775292081397382e+00 8.533042983940865300e-02
0.000000000000000000e+00 4.436447876290276066e-02 1.314078893680595272e-01 1.320618124399769888e+00 1.460836427927263648e+00 1.449102869973428298e+00 1.062369668452687321e+00 1.894187441021190299e+00 9.112309754110064830e+00 8.653104418052565139e-02
0.000000000000000000e+00 6.610227194671179640e-02 1.097444543568576597e-01 1.391088217143991557e+00 7.137038321154187681e-01 4.106584057207205429e-01 6.374965550471797249e-01 1.400922755061663472e-01 2.752671614703738542e-02 2.144858159179347246e-01
0.000000000000000000e+00 6.610227194671179640e-02 1.098193646386127348e-01 1.408607167520563141e+00 6.852349876718646371e-01 4.468393152557086911e-01 1.191571427277501871e-02 3.488305562706861540e-01 8.961977745301193121e-02 2.709354443644759053e-02
0.000000000000000000e+00 4.436447876290276066e-02 1.314560814682356193e-01 1.373450594291796500e+00 7.422005226455338223e-01 4.468993878411728349e-01 1.215042280022244486e-02 6.032558233514490748e-02 2.091561738415886190e-02 2.055091405068274271e-02
0.000000000000000000e+00 3.269756711741200195e-01 1.285490491518250789e+00 2.311323416534062147e+00 1.944146343149348866e+00 4.206337149826275379e+00 1.438151294313186490e+01 5.750244852952493879e+00 1.998639609606828182e+00 4.276892872700274739e-02
0.000000000000000000e+00 1.313156514981368428e-01 1.531519930688050313e-01 1.320624170294265376e+00 2.166513915876218999e+00 1.944307422748558611e+00 2.101842347039931891e+00 2.607055357199393519e+00 9.341196200535840433e+00 8.072450351551724301e-02
0.000000000000000000e+00 1.095778583143278001e-01 1.531504253223990308e-01 1.250231737207506466e+00 1.497316848830247515e+00 1.511314931245307136e+00 1.062089339477556349e+00 1.582724650818339240e+00 8.028721874770734956e+00 8.575633269287670502e-02
0.000000000000000000e+00 1.313156514981368428e-01 1.768167587352522108e-01 1.483952049756755154e-01 5.175748346232409425e-01 3.455816494368848524e-01 2.284337659345895832e-01 1.209534656736838548e-01 4.055342420115172486e-02 1.196810189074149627e-02
0.000000000000000000e+00 1.313156514981368428e-01 1.768167587352522108e-01 1.489417509549289254e-01 7.125556560534677120e-01 4.018499767035100811e-01 2.637750910937597948e-01 3.569036344877115491e-02 5.144216133259770646e-02 1.538332254569651537e-02
0.000000000000000000e+00 1.313156514981368428e-01 6.620082033357096996e-02 1.408608387264728368e+00 2.214612281639130487e+00 2.104352583553996681e+00 1.479078697391899455e+00 2.742818924926797131e+00 9.885625128699572883e+00 8.078291298033159207e-02
0.000000000000000000e+00 1.530534446819437899e-01 1.768180911976508507e-01 1.202836177915110050e-01 3.765636567201471885e-01 2.960955326435861235e-01 1.768293701724695799e-01 2.790166980108889361e-02 3.118728384422725028e-02 9.168926409929483573e-03
0.000000000000000000e+00 8.784006513051878517e-02 1.748866441615477552e-01 1.373435956541585901e+00 2.166563351853138197e+00 2.104352583553996681e+00 1.686208992466136092e+00 2.607260146516138466e+00 4.095818519084868381e-01 2.436875605003329393e-01
0.000000000000000000e+00 1.313156514981368428e-01 1.035974967430060376e-03 1.994515425061476055e-01 1.160112628493231018e-01 2.026614114758810981e-01 9.754924462683497305e-03 2.092869846321200947e-02 3.384060711626961718e-03 3.565095327172840799e-03
0.000000000000000000e+00 4.436447876290276066e-02 1.314318683768528895e-01 1.355813741648087545e+00 7.706972021632809700e-01 4.103588943527247124e-01 6.374965550471797249e-01 2.027117551418526065e-01 8.987823153995451453e-02 8.990990470644896759e-02
0.000000000000000000e+00 1.095778583143278001e-01 1.096989455178694201e-01 1.320620558617195739e+00 1.424357960121481970e+00 5.893163658924456261e-01 7.632892747424859792e-01 2.605975594759736280e-01 3.592510230591773601e-02 1.160869233398751921e-01
0.000000000000000000e+00 1.313355325198448942e-01 1.767970175650860620e-01 1.348682374431171560e-01 4.941265051874029757e-01 8.118004884401439081e-02 2.630036459885068956e-01 7.236534383431772466e-02 9.168926409929483573e-03 3.151752488908254185e-02
0.000000000000000000e+00 1.095778583143278001e-01 1.749366676031886836e-01 1.303026361670106992e+00 1.351399015145834603e+00 1.449096453413762919e+00 9.821941125355693192e-01 1.289883475790930267e-01 1.292641261424232191e+00 6.201548923977628913e-02
0.000000000000000000e+00 6.610227194671179640e-02 1.096957053525571685e-01 3.527386500710406603e-01 6.990173234021208604e-01 4.509373547975220609e-01 7.753067784037342980e-01 1.082808561313245849e-01 6.896059466918484648e-02 6.898673831867373207e-02
0.000000000000000000e+00 1.313156514981368428e-01 1.748897862526140601e-01 1.338223172190519339e+00 2.166516304844747332e+00 2.024447484875580461e+00 1.478939471192994626e+00 2.742852518340973322e+00 8.796570265414718648e+00 8.715125468044841728e-02
0.000000000000000000e+00 4.436447876290276066e-02 1.096940751930438745e-01 1.179913151819290240e+00 1.679709474559671900e+00 1.760922334851630744e+00 8.217303067136871864e-01 1.998015043150420444e+00 6.218800433317388965e+00 6.271970026206055149e-01
0.000000000000000000e+00 1.313355325198448942e-01 1.768167587352522108e-01 1.342664656299142611e-01 5.176282425780586172e-01 3.628222356190634046e-01 2.778975375957732502e-02 2.061274009891750081e-01 4.048647967472705084e-02 4.039955454540169327e-02
0.000000000000000000e+00 4.436447876290276066e-02 1.096700961842504846e-01 1.461399368389626696e+00 2.070321980996042921e+00 2.264697401521383213e+00 1.686692076776225235e+00 2.200993344279719821e+00 2.567564069936284277e+00 8.510291950756181112e-02
0.000000000000000000e+00 1.313156514981368428e-01 8.801177123213521636e-02 1.338218367241354789e+00 1.351398073779307873e+00 5.890863795837207872e-01 8.259173616103506754e-01 1.001474870700478498e-01 7.573039579147260447e-01 1.506718615959539154e-01
0.000000000000000000e+00 3.486935833362209691e-01 1.782547744073475382e+00 3.243776475325852893e+00 2.621211687408170121e+00 5.651926384203173725e+00 1.383661081245449331e+01 5.725605023615183420e+00 1.913495022136415535e+00 5.055630801514549022e-02
0.000000000000000000e+00 1.313156514981368428e-01 1.768167587352522108e-01 1.337715189242183467e-01 7.393561950224629697e-01 4.463886323973962900e-01 2.922222697863711693e-01 2.645621919137668976e-01 1.570376827061504763e-02 1.556715722038253848e-02
0.000000000000000000e+00 1.313156514981368428e-01 6.620082033357096996e-02 1.408608387264728368e+00 2.214612281639130487e+00 2.104352583553996681e+00 1.582724650818339240e+00 2.742784933369140976e+00 9.704192476601804174e+00 2.485675992422493596e-01
0.000000000000000000e+00 1.095778583143278001e-01 2.274777278263739877e-02 1.461398138138565672e+00 1.278440013657981877e+00 1.199513540869020733e+00 1.463091580963792104e+00 6.479805107284068999e-01 4.625147724023238593e-01 6.195734660551049239e-02
0.000000000000000000e+00 4.436447876290276066e-02 1.314078893680595272e-01 1.391009358896404979e+00 6.852064062176150827e-01 4.830809615301813742e-01 5.893163658924456261e-01 3.272513918111971121e-01 8.969860731705175949e-02 2.765312157522559558e-02
0.000000000000000000e+00 4.436447876290276066e-02 1.314078893680595272e-01 1.373411550272246595e+00 1.387914130924085443e+00 5.412972015786662316e-01 8.256172387031667226e-01 1.803093081040053336e-01 4.366955369784265018e-01 4.671951018852935067e-02
0.000000000000000000e+00 4.436447876290276066e-02 1.531456825518664744e-01 1.426206195888886752e+00 2.070321980996042921e+00 2.264697401521383213e+00 1.479078697391899455e+00 2.607533628773322842e+00 2.567624970399907003e+00 8.516068757448712334e-02
0.000000000000000000e+00 1.095778583143278001e-01 3.922902569073806189e-01 1.104217112002354062e+00 2.214609855294365381e+00 2.184664344520560686e+00 1.790520518372391789e+00 2.200788956706813071e+00 1.514893851534144886e+01 1.836278564232386723e-01
0.000000000000000000e+00 4.139069628876460571e-01 1.173216126824629280e+00 2.311018605173771778e+00 2.024319235664821193e+00 1.250380528270279124e+00 2.471731172485433614e+00 1.478196456512851675e+01 3.647292835970950886e+00 1.311245499127808856e-01
0.000000000000000000e+00 1.313156514981368428e-01 1.531519930688050313e-01 1.355819787542582811e+00 2.166516304844747332e+00 2.104223897260933729e+00 1.582885387084060014e+00 2.336313743559815137e+00 7.127001068088210545e+00 8.675504860913922645e-02
0.000000000000000000e+00 8.784006513051878517e-02 1.531488509777387264e-01 1.373415193680326052e+00 1.278440013657981877e+00 1.262238415482922038e+00 1.142304325001035181e+00 1.790401663766094442e+00 2.230034077728815234e+00 7.725222200198855749e-02
0.000000000000000000e+00 4.438435978461083287e-02 1.096700961842504846e-01 1.638073747200634867e-01 1.593362644479436041e-01 1.791632581480854247e-01 4.096767384605375507e-04 2.320455496821822311e-03 3.336407167298915608e-03 1.290354551988744970e-02
0.000000000000000000e+00 8.784006513051878517e-02 8.793547142631367997e-02 1.391009358896404979e+00 2.262707017218718697e+00 2.184782119784623777e+00 1.686692076776225235e+00 3.035134409101636899e-01 1.823787376210013633e+00 2.433266840066136416e-01
0.000000000000000000e+00 4.438435978461083287e-02 1.096700961842504846e-01 1.638073747200634867e-01 1.593362644479436041e-01 1.791632581480854247e-01 4.096767384605375507e-04 2.320455496821822311e-03 3.336407167298915608e-03 1.290354551988744970e-02
0.000000000000000000e+00 4.139069628876460571e-01 1.190457269255367212e+00 2.311323416534062147e+00 2.024308164183306502e+00 4.206336408675530159e+00 1.184128388755494754e+01 4.388714756175779108e+00 2.257743839761936044e+00 1.073453982462683753e-01
0.000000000000000000e+00 8.784006513051878517e-02 8.793547142631367997e-02 1.391009358896404979e+00 2.262707017218718697e+00 2.184782119784623777e+00 1.686692076776225235e+00 3.035134409101636899e-01 1.823787376210013633e+00 2.433266840066136416e-01
0.000000000000000000e+00 6.610227194671179640e-02 1.096716836817756419e-01 1.408607167520563141e+00 6.567097046511145564e-01 4.830809615301813742e-01 6.024758472457343583e-02 3.488254714214967245e-01 8.965257106042262558e-02 2.736552690339388166e-02
0.000000000000000000e+00 6.610227194671179640e-02 1.096957053525571685e-01 1.391048402915954885e+00 7.137038321154187681e-01 4.471388266237044662e-01 4.929656823740253824e-01 2.024283318524534026e-01 8.981445895044054550e-02 2.752671614703738542e-02
0.000000000000000000e+00 1.313156514981368428e-01 1.768167587352522108e-01 1.346940789835060492e-01 1.180987069368963499e-01 1.888748292059306277e-01 1.061628986169026005e-02 2.290555190543645467e-02 3.973498523407600035e-03 1.417202311833412609e-02
0.000000000000000000e+00 6.610227194671179640e-02 1.096957053525571685e-01 1.338215933023929161e+00 7.706964447947474151e-01 4.833221445410812445e-01 5.893943635030171047e-01 5.139102385322941169e-01 1.158122147951829162e-01 3.569020692825474600e-02
0.000000000000000000e+00 3.269557901524119958e-01 1.285450591420128852e+00 2.214885637719419265e+00 1.944168260633615697e+00 4.070848047429816319e+00 1.256722635508508823e+01 6.840301281565356106e+00 3.665807155106239446e+00 1.123320456756339222e-02
0.000000000000000000e+00 1.092801686515678522e-03 2.618314538260260171e-01 1.338220780328299719e+00 1.314919521481365372e+00 5.890816573649982901e-01 7.635890544545387293e-01 1.800557945582059449e-01 3.565337159444652571e-01 3.572122597831450808e-02
0.000000000000000000e+00 6.610227194671179640e-02 1.096957053525571685e-01 1.391009358896404979e+00 7.137038321154187681e-01 4.468393152557086911e-01 5.969850887106727816e-02 3.488254714214967245e-01 1.517329442837114795e-01 2.691843319201021878e-02
0.000000000000000000e+00 1.313156514981368428e-01 1.768771438361369241e-01 1.346507929224623756e-01 1.298495756322238792e-01 1.888602472852431713e-01 2.078115402713060639e-02 3.307153769951384076e-02 3.789555586628665790e-03 4.027769908584393106e-03
0.000000000000000000e+00 4.436447876290276066e-02 1.096940751930438745e-01 1.642679918475160039e-01 1.305467908065742200e-01 1.909502423905621027e-01 9.754508129222462867e-03 4.897287291018700278e-02 3.395935832138461969e-03 1.287459949047091955e-02
0.000000000000000000e+00 1.313156514981368428e-01 1.748897862526140601e-01 1.320625363566360955e+00 2.118417957790426520e+00 2.264697401521383213e+00 1.582885387084060014e+00 2.200823346956711113e+00 1.737439819568613153e+00 7.790539673117634345e-02
0.000000000000000000e+00 1.095778583143278001e-01 1.096509667999115561e-01 1.250248817024379511e+00 1.533795260611995337e+00 1.573944425914326484e+00 1.062215769815563426e+00 1.582724650818339240e+00 5.554681156735085779e+00 8.516068757448712334e-02
0.000000000000000000e+00 1.092801686515678522e-03 2.401416799763518017e-01 1.291204068379421810e-01 4.188354751606046533e-01 2.261526358462051522e-01 1.402241347138073572e-02 3.027924263593419901e-02 5.418703480878806801e-03 5.418703480878806801e-03
0.000000000000000000e+00 6.610227194671179640e-02 1.096716836817756419e-01 1.408607167520563141e+00 6.567097046511145564e-01 4.469618876337386193e-01 5.993906987174331402e-02 3.969277181950394695e-01 2.733287113679214175e-02 2.733287113679214175e-02
0.000000000000000000e+00 1.313156514981368428e-01 1.531519930688050313e-01 1.320624170294265376e+00 2.166513915876218999e+00 2.184535580487425577e+00 1.686713828680226568e+00 2.200823346956711113e+00 1.737439819568613153e+00 7.790539673117634345e-02
0.000000000000000000e+00 1.313156514981368428e-01 1.768167587352522108e-01 1.342244030018778789e-01 5.176282425780586172e-01 3.628222356190634046e-01 5.706670195269929191e-03 2.061277250312811837e-01 4.046960568394374069e-02 1.188549753488503738e-02
0.000000000000000000e+00 1.095778583143278001e-01 4.446145940335590602e-02 1.355812516644675059e+00 1.460837411493988824e+00 1.511517215177449858e+00 1.062089339477556349e+00 1.686531340510504462e+00 7.667625982384593364e+00 8.570526450068849389e-02
0.000000000000000000e+00 1.313156514981368428e-01 1.592189501110930494e-01 1.991932717238937278e-01 5.058508200699844970e-01 3.628389538748773568e-01 2.283596422122079750e-01 1.212848759098214130e-01 1.545431277923686175e-01 5.201918237788525495e-02
0.000000000000000000e+00 6.610227194671179640e-02 1.096957053525571685e-01 1.373411550272246595e+00 1.387878494682291963e+00 5.894722308678449485e-01 7.632892747424859792e-01 1.803093081040053336e-01 1.160482528425890170e-01 3.592510230591773601e-02
0.000000000000000000e+00 1.313156514981368428e-01 1.768771438361369241e-01 1.492883923020950632e-01 7.259873594678739606e-01 4.241196263045067250e-01 2.638202337222393390e-01 9.203768124721118174e-03 5.146224673194041421e-02 1.540404212627659829e-02
0.000000000000000000e+00 6.610227194671179640e-02 1.096716836817756419e-01 1.391028785264090128e+00 2.358901341067420443e+00 5.142104915820915334e-01 1.382916875061255935e+00 1.582724650818339240e+00 7.396963947787672522e-01 6.044838010721119703e-01
0.000000000000000000e+00 4.436447876290276066e-02 1.314805301655980196e-01 1.373450594291796500e+00 7.422005226455338223e-01 4.465379298886451021e-01 6.009122505485511856e-02 1.564368237240881532e-01 6.909028176753286010e-02 6.911590754953013394e-02
0.000000000000000000e+00 1.095778583143278001e-01 1.966021395351456313e-01 1.162245085948932832e+00 2.695572397696690103e+00 1.863984522115387454e+00 1.790541969251774113e+00 2.607499282092181847e+00 1.097461395689746411e+01 8.094103559931625780e-02
0.000000000000000000e+00 1.117243355909501492e-03 1.202271164499381763e-03 1.370350872052437663e-01 1.767774679343368793e-01 1.333387929091937318e-01 6.220830097491583492e-04 3.579005270315197863e-03 1.973149976286247415e-02 5.366625214962312575e-03
0.000000000000000000e+00 8.784006513051878517e-02 1.531488509777387264e-01 1.250230533311215142e+00 1.533796272160534713e+00 1.448995231321676291e+00 1.142391388924306028e+00 1.478917961126178682e+00 6.716699703038936597e+00 8.549475584686275220e-02
0.000000000000000000e+00 8.784006513051878517e-02 1.531488509777387264e-01 1.267828341935373526e+00 1.497316848830247515e+00 1.511517215177449858e+00 1.062215769815563426e+00 1.582724650818339240e+00 7.486965460373687264e+00 8.560124989173968635e-02
0.000000000000000000e+00 1.313156514981368428e-01 4.448717594232794170e-02 1.320637550767455037e+00 1.497316848830247515e+00 1.511112040487178954e+00 9.820539487816059010e-01 1.296134832977950402e-01 1.508151892336366540e-01 4.705575079343913419e-02
0.000000000000000000e+00 1.313156514981368428e-01 1.944145673594097068e-01 1.193994438170464384e-01 3.648127880248185351e-01 1.427451025967908238e-01 1.687011482194506265e-02 9.734774821883426799e-02 2.426256750206228288e-02 6.972070674738917000e-03
0.000000000000000000e+00 1.313156514981368428e-01 1.592189501110930494e-01 1.996650784244705101e-01 6.856302427124830734e-01 4.909246880380953582e-01 3.207207687297234378e-01 9.199245592886441322e-03 5.150220327175424051e-02 1.544526302372551362e-02
0.000000000000000000e+00 1.092801686515678522e-03 1.231645461951578514e-03 1.369126986754077568e-01 1.943559171991381673e-01 2.197160686078218905e-01 5.108623502224500556e-04 1.469928778842633128e-02 4.172108694956549665e-03 4.357085339471059027e-03
0.000000000000000000e+00 1.095778583143278001e-01 1.314126321385899743e-01 1.267788708121619701e+00 2.503398741295167262e+00 1.863867120452120218e+00 1.790724267672531234e+00 2.607123027938425430e+00 1.151904233590944315e+01 8.023084482639704362e-02
0.000000000000000000e+00 6.610227194671179640e-02 1.314334985363641572e-01 1.373412770016410933e+00 7.137038321154187681e-01 4.471388266237044662e-01 6.009122505485511856e-02 1.222325718493549873e-02 6.901277930851212883e-02 6.903871718509216326e-02
0.000000000000000000e+00 4.436447876290276066e-02 1.096700961842504846e-01 1.461399368389626696e+00 2.070321980996042921e+00 2.184535580487425577e+00 1.790520518372391789e+00 2.065502947676615797e+00 2.733515243276610107e+00 8.510291950756181112e-02
0.000000000000000000e+00 4.436447876290276066e-02 1.096700961842504846e-01 1.443801559765468312e+00 2.166515119714779392e+00 2.184396272479310674e+00 1.582885387084060014e+00 2.065537695679751984e+00 2.567440781271985273e+00 7.812744630925247402e-02
0.000000000000000000e+00 1.313156514981368428e-01 1.748897862526140601e-01 1.338223172190519339e+00 2.166516304844747332e+00 2.104609305909538097e+00 1.478917961126178682e+00 2.742818924926797131e+00 8.796636300501679884e+00 8.637894150930561232e-02
0.000000000000000000e+00 1.095778583143278001e-01 1.314367387016784627e-01 1.267828341935373526e+00 1.497316848830247515e+00 1.449197515253819457e+00 1.142391388924306028e+00 1.686692076776225235e+00 7.848211453850272967e+00 2.663418041585650653e-01
0.000000000000000000e+00 1.095778583143278001e-01 2.284657397189740480e-02 1.995551051446217417e-01 1.304970279976030434e-01 2.143544037234794142e-01 9.728895461066344383e-03 2.099394138241521268e-02 3.395935832138461969e-03 3.577741295152925705e-03
0.000000000000000000e+00 1.092801686515678522e-03 2.835692470098329920e-01 1.320624170294265376e+00 1.314919521481365372e+00 5.409844954406473061e-01 8.259173616103506754e-01 9.989397352424846110e-02 3.564948527449309235e-01 3.600186150887363379e-02
0.000000000000000000e+00 8.784006513051878517e-02 1.749350078810152365e-01 1.338220780328299719e+00 1.314919521481365372e+00 1.511416153337393320e+00 9.820539487816059010e-01 2.329363654289005048e-01 4.705575079343913419e-02 4.663804474501977854e-02
0.000000000000000000e+00 4.436447876290276066e-02 1.314078893680595272e-01 1.373411550272246595e+00 2.406997261858663695e+00 5.142104915820915334e-01 1.382916875061255935e+00 1.582885387084060014e+00 7.396963947787672522e-01 6.044838010721119703e-01
0.000000000000000000e+00 1.313156514981368428e-01 1.531519930688050313e-01 1.355839379359128571e+00 2.166516304844747332e+00 2.104223897260933729e+00 1.479078697391899455e+00 2.336347735117477953e+00 7.307519752705801785e+00 8.675504860913922645e-02
0.000000000000000000e+00 4.436447876290276066e-02 1.096700961842504846e-01 1.461399368389626696e+00 2.214613466769098427e+00 1.863856196754001715e+00 1.479282809826486522e+00 2.065227530227115693e+00 2.567252169149606189e+00 7.796170001184345166e-02
0.000000000000000000e+00 4.436447876290276066e-02 1.748834757356755309e-01 1.408648779842414767e+00 1.205480070741644871e+00 1.386478759239058611e+00 1.302741941270448400e+00 8.551076553378803569e-01 1.687724739113177330e+00 1.980126112627864088e-01
0.000000000000000000e+00 1.313156514981368428e-01 1.748897862526140601e-01 1.338223172190519339e+00 2.166516304844747332e+00 2.104481056698778385e+00 1.582885387084060014e+00 2.336313743559815137e+00 7.307586539553899030e+00 8.679781698747564278e-02
0.000000000000000000e+00 1.313156514981368428e-01 1.768167587352522108e-01 1.342244030018778789e-01 3.530619193294904923e-01 1.550086107178624828e-01 5.911434021381237192e-04 4.357496328515929329e-02 5.380942376100449065e-03 1.862817825505506952e-02
0.000000000000000000e+00 6.610227194671179640e-02 1.098193646386127348e-01 1.391048402915954885e+00 7.137316797975776783e-01 4.468393152557086911e-01 5.409844954406473061e-01 1.566138453490179341e-02 2.718992259200810752e-02 8.950962251563858441e-02
0.000000000000000000e+00 1.313156514981368428e-01 1.767970175650860620e-01 1.492883923020950632e-01 4.941273442897388679e-01 8.118049219177322917e-02 2.630041857139026051e-01 9.463422681995432850e-02 9.195634005805888161e-03 9.275523378340713720e-03
0.000000000000000000e+00 1.313156514981368428e-01 1.767970175650860620e-01 1.347374698054861208e-01 1.297954141182515730e-01 2.667978113086154068e-01 1.060909781993562076e-02 1.269441444524801663e-02 3.808179469010567440e-03 4.047842987421060128e-03
0.000000000000000000e+00 3.921691697038370283e-01 1.224918801545678226e+00 2.166790604555306032e+00 2.024330081667573555e+00 5.019280207839714514e+00 1.383753692185785766e+01 4.263569970581020385e+00 3.665789302643118308e+00 5.668878279804515641e-01
0.000000000000000000e+00 1.092801686515678522e-03 2.276374813826762336e-02 1.151883420349945480e-01 1.943948261892435303e-01 2.343310013903480149e-01 2.400202871789548775e-02 1.460451000379061302e-02 4.195153360821173363e-03 4.456386380253141155e-03
0.000000000000000000e+00 6.610227194671179640e-02 1.314094768655826306e-01 1.373451881196818603e+00 6.852342538997742150e-01 4.833221445410812445e-01 6.024758472457343583e-02 1.084175810336397566e-01 2.096738956716389518e-02 6.888136291998885052e-02
0.000000000000000000e+00 4.436447876290276066e-02 1.096700961842504846e-01 1.461438345012177953e+00 1.974127657147338732e+00 2.345137380761600721e+00 1.583067808094939855e+00 1.116522782077872922e+00 3.336114812367799165e-01 6.273762437832776373e-02
0.000000000000000000e+00 6.610227194671179640e-02 1.314577549191671135e-01 1.373432229711361252e+00 7.137038321154187681e-01 4.468393152557086911e-01 6.009122505485511856e-02 6.032041910928876566e-02 2.039427917426605077e-02 6.903871718509216326e-02
0.000000000000000000e+00 4.436447876290276066e-02 1.314078893680595272e-01 1.426204976144722192e+00 2.166515119714779392e+00 2.184525104366781267e+00 1.582885387084060014e+00 1.794352157147392379e+00 2.567315526872020470e+00 7.801747803384315172e-02
0.000000000000000000e+00 1.313156514981368428e-01 1.592189501110930494e-01 1.996650784244705101e-01 6.856302427124830734e-01 4.909246880380953582e-01 3.207207687297234378e-01 9.199245592886441322e-03 5.150220327175424051e-02 1.544526302372551362e-02
0.000000000000000000e+00 6.610227194671179640e-02 1.314822475406646485e-01 1.373432229711361252e+00 7.137038321154187681e-01 4.470192876852380759e-01 6.009122505485511856e-02 6.024249987538388140e-02 1.171358791094454094e-01 6.909028176753286010e-02
0.000000000000000000e+00 1.313156514981368428e-01 1.767970175650860620e-01 1.483952049756755154e-01 5.058782129850664111e-01 8.118093054340996817e-02 1.938949759710500154e-01 5.020821139338205868e-02 9.207702066133882993e-03 9.207702066133882993e-03
0.000000000000000000e+00 1.313156514981368428e-01 1.768167587352522108e-01 1.337715189242183467e-01 7.393561950224629697e-01 4.463886323973962900e-01 3.207196956841760760e-01 2.280793622158403811e-01 1.570376827061504763e-02 5.218418917359894660e-02
0.000000000000000000e+00 1.530534446819437899e-01 1.943961240727513362e-01 1.203368831437667957e-01 5.058782129850664111e-01 1.402241347138073572e-02 7.052911835558488274e-02 5.613989621985533002e-02 6.485500314609263066e-03 7.021425071324153590e-03
0.000000000000000000e+00 1.313156514981368428e-01 1.531519930688050313e-01 1.232635127173472123e+00 1.497316848830247515e+00 1.449096453413762919e+00 1.062355933569530508e+00 1.686391576897673605e+00 8.931649232099159619e+00 8.600212960527971184e-02
0.000000000000000000e+00 6.610227194671179640e-02 6.619609731415962428e-02 1.479015306122080098e+00 2.070321980996042921e+00 2.264697401521383213e+00 1.686531340510504462e+00 1.684330076602044979e-01 7.398086408525395008e-01 6.045922744429947926e-01
0.000000000000000000e+00 8.784006513051878517e-02 1.314351219829496265e-01 1.355816175865513173e+00 1.314918594242850736e+00 1.511624725990695861e+00 9.819411500249254354e-01 2.332804059465931890e-01 1.508151892336366540e-01 4.705575079343913419e-02
0.000000000000000000e+00 1.313156514981368428e-01 1.748897862526140601e-01 1.916133864735580339e+00 2.994137620681585066e+00 2.828661344029017144e+00 1.930081645757788733e+00 3.360315983316190191e+00 1.151997377991714266e+01 6.975319135168209228e-02
0.000000000000000000e+00 1.095778583143278001e-01 1.748643463513366025e-01 1.162243892676837254e+00 2.695571027298774958e+00 1.944157414630860004e+00 1.790541969251774113e+00 2.607499282092181847e+00 1.061161768083150037e+01 8.089121839331425701e-02
0.000000000000000000e+00 4.436447876290276066e-02 1.531696615606599199e-01 1.355814961392252549e+00 1.387878494682291963e+00 5.893163658924456261e-01 7.634892912766191309e-01 9.989397352424846110e-02 9.176275999826446483e-01 2.541578934782579569e-01
0.000000000000000000e+00 1.313156514981368428e-01 1.767774679343368793e-01 1.204480825841405534e-01 7.793450153742119690e-01 1.904323740858652192e-01 2.283598854375187559e-01 9.212902951090780057e-01 2.088957639432273417e-02 6.898673831867373207e-02
0.000000000000000000e+00 1.313156514981368428e-01 6.620082033357096996e-02 1.408608387264728368e+00 2.214612281639130487e+00 2.104352583553996681e+00 1.478917961126178682e+00 2.742818924926797131e+00 9.885625128699572883e+00 8.078291298033159207e-02
0.000000000000000000e+00 5.226158098283971709e-01 1.052554011221214392e+00 3.804547392964540364e+00 3.036473886023637547e+00 2.038472997925422359e+00 1.674077351051669993e+01 4.463597774980843980e+00 2.926404707822546580e+00 1.104654260199485899e-01
0.000000000000000000e+00 1.313156514981368428e-01 1.768167587352522108e-01 1.483952049756755154e-01 5.175748346232409425e-01 3.455816494368848524e-01 2.283596422122079750e-01 1.209534656736838548e-01 4.055342420115172486e-02 4.046552778854504290e-02
0.000000000000000000e+00 4.436447876290276066e-02 8.793230300044350967e-02 3.527361948165672056e-01 7.124477517236295077e-01 4.732433999357842369e-01 7.387051993910109804e-01 1.563039594910820285e-01 1.651549185178891044e-01 2.094155526074116536e-02
0.000000000000000000e+00 4.436447876290276066e-02 1.314318683768528895e-01 1.320618124399769888e+00 8.276905282571195288e-01 3.373980525467586422e-01 6.375062140616994943e-01 1.404090943900466737e-01 5.883399602152922236e-01 1.158520279622122368e-01
0.000000000000000000e+00 3.704313765200279440e-01 1.259399906682708403e+00 2.214889877326702727e+00 1.944274443964166599e+00 1.354187217962444567e+00 3.149562706772905951e+00 1.405785828807409032e+01 2.780817900333171888e+00 5.040448923379610424e-02
0.000000000000000000e+00 6.610227194671179640e-02 1.314334985363641572e-01 1.373412770016410933e+00 6.852064062176150827e-01 4.833221445410812445e-01 6.024758472457343583e-02 1.084175810336397566e-01 2.096738956716389518e-02 6.906455149151714823e-02
0.000000000000000000e+00 6.610227194671179640e-02 1.096716836817756419e-01 1.285422507151452232e+00 1.570275681514979205e+00 1.449096453413762919e+00 1.142391388924306028e+00 1.686531340510504462e+00 7.487040510918903991e+00 8.565356898128749508e-02
0.000000000000000000e+00 3.269557901524119958e-01 1.267892682894092404e+00 2.262980653018322297e+00 2.024330081667573555e+00 4.612809018030389119e+00 1.419964024865355334e+01 5.873957365247976625e+00 1.998614810455797253e+00 1.365826251456256531e-02
0.000000000000000000e+00 1.530534446819437899e-01 1.767787317484128540e-01 1.199397496825536091e-01 3.765636567201471885e-01 2.960955326435861235e-01 1.940705126032076788e-01 2.782702753300310070e-02 3.120025812208022248e-02 9.182300883598802643e-03
0.000000000000000000e+00 1.313156514981368428e-01 1.768771438361369241e-01 1.345645482309101582e-01 1.298495756322238792e-01 1.888602472852431713e-01 1.063639806819874183e-02 3.307079670915219483e-02 3.986857572125785884e-03 4.021045175869612277e-03
0.000000000000000000e+00 4.436447876290276066e-02 1.314560814682356193e-01 1.408788995675975819e+00 6.282122787533096497e-01 4.471440418784979332e-01 6.372666344406476835e-01 1.505893187298885591e-02 2.718992259200810752e-02 2.743042241653727287e-02
0.000000000000000000e+00 1.092801686515678522e-03 1.261305992118845302e-03 4.823768604157992884e-02 1.965975224418334832e-01 8.253657868521769442e-04 7.793553796367177003e-04 2.195255182053998388e-02 2.354550424257420907e-02 6.383485971015869648e-03
0.000000000000000000e+00 1.313156514981368428e-01 1.944145673594097068e-01 1.195629581200659125e-01 3.413110506341618944e-01 1.630732935441445153e-01 1.377779908136055331e-01 7.318001518302148789e-02 4.156850802182316534e-02 9.101439537401338070e-03
0.000000000000000000e+00 6.610227194671179640e-02 6.631856795475872535e-02 3.352169703062164441e-01 4.940323792305460482e-01 4.008413755375334064e-01 6.057012507058736617e-01 4.105414239874878302e-01 6.893434881036264450e-02 6.896059466918484648e-02
0.000000000000000000e+00 1.117243355909501492e-03 2.276374813826762336e-02 1.152495851675156280e-01 2.119926348134026917e-01 1.475933419549111392e-01 1.504433624864254943e-02 1.800783009595464251e-02 4.148910454298660767e-03 4.406695618686467912e-03
0.000000000000000000e+00 6.610227194671179640e-02 1.096957053525571685e-01 1.408607167520563141e+00 6.852349876718646371e-01 4.468993878411728349e-01 6.001287619712600968e-02 3.488254714214967245e-01 8.965257106042262558e-02 2.712580848932316657e-02
0.000000000000000000e+00 1.313156514981368428e-01 1.768167587352522108e-01 1.342244030018778789e-01 1.415462828135801987e-01 1.515679093718165504e-01 1.122602813272981642e-01 2.292806938781131315e-02 1.848026574173453410e-02 5.375287260029971807e-03
0.000000000000000000e+00 1.095778583143278001e-01 6.622335915025341635e-02 1.443802784768880576e+00 1.241960491644628739e+00 1.199513540869020733e+00 1.382419505200571885e+00 3.365812307763399458e-01 4.623294963434421145e-01 4.728801363367221566e-02
0.000000000000000000e+00 1.092801686515678522e-03 2.273962205937232403e-02 1.157461339273936352e-01 1.943752765584943754e-01 2.054177868782064986e-01 3.576291918998642655e-02 2.951602660213196831e-03 1.593067608754744624e-02 4.410679031377344114e-03
0.000000000000000000e+00 1.313156514981368428e-01 1.768167587352522108e-01 1.340990617004836905e-01 5.293249497594149089e-01 3.110993645754077108e-01 5.707139256839255555e-03 1.838591879999598999e-01 1.161353856959367742e-02 4.041865646435245651e-02
0.000000000000000000e+00 6.610227194671179640e-02 6.631856795475872535e-02 3.351383861924080443e-01 4.940323792305460482e-01 4.008413755375334064e-01 6.057012507058736617e-01 3.740610030845039069e-01 6.890800118930102969e-02 6.893434881036264450e-02
0.000000000000000000e+00 1.313156514981368428e-01 9.874407821479733605e-04 1.819572965204642456e-01 1.449161095889656414e-01 2.025836147981392443e-01 4.190193022960660759e-04 1.166460849026175646e-02 1.270542777949325991e-02 3.565095327172840799e-03
0.000000000000000000e+00 1.092801686515678522e-03 1.231645461951578514e-03 1.372200742687097741e-01 1.769392967609716427e-01 2.486757147693854642e-01 5.338226815245978099e-04 1.466114959546650602e-02 4.142987629129027405e-03 4.402506667795545031e-03
0.000000000000000000e+00 3.052179969686029670e-01 1.285449370866361685e+00 2.262980653018322297e+00 1.944168260633615697e+00 4.612809633842245738e+00 1.438119203559640091e+01 5.750253780288140604e+00 2.058329437238172410e+00 1.365826251456256531e-02
0.000000000000000000e+00 1.092801686515678522e-03 2.835692470098329920e-01 1.320624170294265376e+00 1.314919521481365372e+00 5.412972015786662316e-01 8.259173616103506754e-01 9.989397352424846110e-02 3.564948527449309235e-01 3.568362360979000086e-02
0.000000000000000000e+00 6.610227194671179640e-02 8.793389049796661305e-02 1.373410325268833221e+00 7.706972021632809700e-01 4.467791676850970117e-01 4.931220420437437690e-01 2.027287943136800719e-01 8.981445895044054550e-02 2.752671614703738542e-02
0.000000000000000000e+00 3.921691697038370283e-01 1.715743780250192696e+00 3.119134481030211514e+00 3.036162150962997686e+00 1.496513050058815963e+00 1.547135245793654157e+01 7.482095042390179529e+00 2.492500594005345516e+00 5.992232678496452192e-02
0.000000000000000000e+00 1.095778583143278001e-01 1.966021395351456313e-01 1.179842894573090994e+00 2.599379425898468376e+00 1.944157414630860004e+00 1.894348658943939778e+00 2.607464534089045216e+00 1.079318130479969717e+01 8.094103559931625780e-02
0.000000000000000000e+00 4.436447876290276066e-02 1.314805301655980196e-01 1.373450594291796500e+00 7.422005226455338223e-01 4.471388266237044662e-01 6.009122505485511856e-02 1.564368237240881532e-01 6.909028176753286010e-02 6.911590754953013394e-02
0.000000000000000000e+00 8.784006513051878517e-02 1.749350078810152365e-01 1.338220780328299719e+00 1.314919521481365372e+00 1.511416153337393320e+00 9.820539487816059010e-01 2.329363654289005048e-01 4.705575079343913419e-02 4.663804474501977854e-02
0.000000000000000000e+00 4.436447876290276066e-02 1.531696615606599199e-01 1.355814961392252549e+00 1.387878494682291963e+00 5.890816573649982901e-01 7.634892912766191309e-01 9.989397352424846110e-02 9.176275999826446483e-01 3.579645831704086900e-01
0.000000000000000000e+00 6.610227194671179640e-02 1.097199617353601109e-01 1.408626593888248513e+00 6.852349876718646371e-01 4.468393152557086911e-01 4.928873335162962666e-01 7.798940272023298370e-02 2.671077203746552789e-02 2.743042241653727287e-02
0.000000000000000000e+00 1.313156514981368428e-01 1.531519930688050313e-01 1.355819787542582811e+00 2.166516304844747332e+00 2.024062076226976092e+00 1.479100449295900566e+00 2.336381328531647927e+00 7.307452428374931586e+00 8.671159702911052092e-02
0.000000000000000000e+00 1.313156514981368428e-01 1.944145673594097068e-01 1.347908568937903895e-01 1.180995460392317564e-01 1.329436002883838952e-01 9.731160207419710731e-03 1.167206895960383808e-02 3.609099865379513002e-03 3.609099865379513002e-03
0.000000000000000000e+00 1.313355325198448942e-01 1.592189501110930494e-01 1.984359808969831940e-01 7.259253529557012641e-01 4.463669285084307381e-01 2.922694312966467312e-01 1.551209292048186250e-01 5.198696497443566072e-02 1.566296329303999008e-02
0.000000000000000000e+00 1.313156514981368428e-01 1.531519930688050313e-01 1.355819787542582811e+00 2.166516304844747332e+00 2.104481056698778385e+00 1.479078697391899455e+00 2.336757519066933408e+00 7.488105224171490271e+00 8.679781698747564278e-02
0.000000000000000000e+00 1.092801686515678522e-03 1.261305992118845302e-03 4.850846239315025066e-02 1.965975224418334832e-01 8.253657868521769442e-04 7.793553796367177003e-04 2.192294988804390984e-02 2.354550424257420907e-02 6.383485971015869648e-03
0.000000000000000000e+00 6.610227194671179640e-02 8.795791216874815355e-02 1.391008133892992493e+00 1.387878494682291963e+00 5.890032046606067384e-01 5.766299546836443080e-01 2.002587958541154553e-02 1.158520279622122368e-01 1.155768336085432613e-01
0.000000000000000000e+00 3.921691697038370283e-01 1.693474774157301965e+00 3.181374292589954411e+00 3.036162150962997686e+00 1.632003446661920210e+00 1.528926371426115338e+01 7.482095042390179529e+00 2.534406786547767076e+00 5.060950116366860069e-02
0.000000000000000000e+00 1.092801686515678522e-03 2.273962205937232403e-02 1.159983312400677119e-01 1.944345013129465394e-01 2.775185611730934809e-01 5.130175437082384231e-04 1.470553604402865394e-02 4.055129085673978527e-03 4.464606396091820237e-03
0.000000000000000000e+00 1.313156514981368428e-01 1.768167587352522108e-01 1.490709477814403106e-01 1.063077904532584300e-01 1.981863707498126292e-01 4.424163093698836070e-04 1.265507080512803112e-02 3.966794134185958401e-03 1.416524832540489234e-02
0.000000000000000000e+00 1.313156514981368428e-01 1.591992089409269007e-01 1.267833125636041558e+00 1.314918594242850736e+00 1.573742269820692652e+00 9.816740048977995459e-01 1.790359540269485850e+00 5.886775292081397382e+00 8.533042983940865300e-02
0.000000000000000000e+00 1.092801686515678522e-03 2.273962205937232403e-02 1.150058189896633609e-01 1.944345013129465394e-01 2.052959137488453156e-01 4.992163263642198550e-04 1.459818427396759530e-02 1.613697801507209609e-02 4.394316743562287804e-03
0.000000000000000000e+00 4.436447876290276066e-02 1.096700961842504846e-01 1.461399368389626696e+00 2.070321980996042921e+00 2.104373759453464388e+00 1.790702878902972639e+00 2.065537695679751984e+00 2.733453351889980176e+00 8.504456349593787767e-02
0.000000000000000000e+00 1.095778583143278001e-01 1.096989455178694201e-01 1.320620558617195739e+00 1.424357960121481970e+00 5.893163658924456261e-01 7.632892747424859792e-01 2.605975594759736280e-01 3.592510230591773601e-02 1.160869233398751921e-01
0.000000000000000000e+00 6.610227194671179640e-02 6.622011898494116477e-02 3.879707210549893093e-01 6.990173234021208604e-01 4.509373547975220609e-01 7.389471898384477599e-01 1.081281493313487746e-01 6.893434881036264450e-02 2.086343274483158303e-02
0.000000000000000000e+00 1.313156514981368428e-01 1.944145673594097068e-01 1.193994438170464384e-01 3.648127880248185351e-01 1.427451025967908238e-01 1.687011482194506265e-02 9.734774821883426799e-02 2.426256750206228288e-02 6.732510468670300195e-03
0.000000000000000000e+00 1.095778583143278001e-01 6.622335915025341635e-02 1.443802784768880576e+00 1.241960491644628739e+00 1.199513540869020733e+00 1.382419505200571885e+00 3.365812307763399458e-01 4.623294963434421145e-01 4.728801363367221566e-02
0.000000000000000000e+00 1.117243355909501492e-03 1.261305992118845302e-03 1.362545677489814255e-01 1.944345013129465394e-01 1.333413366224328045e-01 2.949043451208962704e-02 1.766320627123672132e-02 5.397466990686337722e-03 5.397466990686337722e-03
0.000000000000000000e+00 6.610227194671179640e-02 1.096716836817756419e-01 1.355833168015772694e+00 7.421997762654775066e-01 4.470218448904699771e-01 6.374184799957985925e-01 2.026119919639332023e-01 8.987823153995451453e-02 2.768690044773433612e-01
0.000000000000000000e+00 4.436447876290276066e-02 1.314078893680595272e-01 1.426244020164272319e+00 2.262709443563481582e+00 3.894711623623440810e-01 1.222618775115407841e+00 1.894390659165521074e+00 1.281601301507066193e+00 6.268434934975666839e-02
0.000000000000000000e+00 1.313156514981368428e-01 1.768167587352522108e-01 1.490709477814403106e-01 1.062944302867501606e-01 1.888590449145269301e-01 2.078076745364917238e-02 4.321811127992335883e-02 3.959325661203819645e-03 3.993512108584414307e-03
0.000000000000000000e+00 1.313156514981368428e-01 1.944145673594097068e-01 1.198973216241885492e-01 2.708058384621923054e-01 1.834095977244038778e-01 1.645938230494156940e-01 7.332439887727500161e-02 5.878817437948598290e-02 7.035985587138591027e-03
0.000000000000000000e+00 1.747912378657528187e-01 8.794172915685301295e-02 1.373416397576617154e+00 2.166516304844747332e+00 2.104352583553996681e+00 1.583045813632555365e+00 2.742784933369140976e+00 7.344716682173044298e+00 2.676179152107303061e-01
0.000000000000000000e+00 4.436447876290276066e-02 1.096700961842504846e-01 1.461399368389626696e+00 2.022224819071691826e+00 2.264707654243645951e+00 1.686713828680226568e+00 7.093995873565610566e-01 4.689934044690014514e-01 6.268434934975666839e-02
0.000000000000000000e+00 1.313156514981368428e-01 1.767970175650860620e-01 1.347374698054861208e-01 5.293791112733872151e-01 8.118136388857356833e-02 1.077769111298284149e-01 3.878529279582777073e-02 2.378528608674398970e-02 7.096914537274387480e-03
0.000000000000000000e+00 1.313355325198448942e-01 1.768167587352522108e-01 1.340990617004836905e-01 5.175740810640862000e-01 3.628389538748773568e-01 5.706670195269929191e-03 9.467127811818180916e-02 3.155796928987683603e-02 3.149118161964088725e-02
0.000000000000000000e+00 1.095778583143278001e-01 6.619925258716492789e-02 1.355813741648087545e+00 1.424357960121481970e+00 5.409844954406473061e-01 5.766385619158227449e-01 1.002006515595655067e-01 9.976320593357670408e-01 4.640226720256165893e-02
0.000000000000000000e+00 4.436447876290276066e-02 1.314078893680595272e-01 1.373411550272246595e+00 1.387878494682291963e+00 5.413750689434938534e-01 7.636973656633373464e-01 2.012589444887883869e-02 1.159310887792490974e-01 3.580851361958257290e-02
0.000000000000000000e+00 1.313156514981368428e-01 1.944145673594097068e-01 1.198973216241885492e-01 2.708058384621923054e-01 1.834095977244038778e-01 1.645938230494156940e-01 7.332439887727500161e-02 5.878817437948598290e-02 7.035985587138591027e-03
0.000000000000000000e+00 1.313156514981368428e-01 1.944749524602944202e-01 1.346603867003840771e-01 1.180452989820776760e-01 1.981875731205293423e-01 1.061705922965987953e-02 1.274258251559649835e-02 3.743490092514816913e-03 3.980186356497511339e-03
0.000000000000000000e+00 6.610227194671179640e-02 1.097941543223747429e-01 1.408626593888248513e+00 6.852071305489182418e-01 4.468393152557086911e-01 4.928873335162962666e-01 7.778893200518953444e-02 8.975012234016775670e-02 8.978236082623668179e-02
0.000000000000000000e+00 1.313156514981368428e-01 8.801177123213521636e-02 1.338218367241354789e+00 1.351398073779307873e+00 5.894773383087311691e-01 8.259173616103506754e-01 1.001474870700478498e-01 7.573039579147260447e-01 1.506718615959539154e-01
0.000000000000000000e+00 1.747912378657528187e-01 1.239865643246634008e-01 1.197441891139406689e+00 2.551284912875277922e+00 1.863984522115387454e+00 1.894348658943939778e+00 2.336279353309923756e+00 1.043005350771155193e+01 2.486231838431828267e-01
0.000000000000000000e+00 1.092801686515678522e-03 2.276374813826762336e-02 7.182971373881597357e-03 6.619291576437107139e-02 2.274615606390856595e-02 9.149424124372242074e-04 5.389845017821843706e-03 7.306730557103381651e-03 7.692034608283559310e-03
0.000000000000000000e+00 6.610227194671179640e-02 1.096716836817756419e-01 1.391009358896404979e+00 7.137038321154187681e-01 4.469593803451202829e-01 6.040344969997260560e-02 3.488254714214967245e-01 8.965257106042262558e-02 8.944550841295657861e-02
0.000000000000000000e+00 1.092801686515678522e-03 2.273962205937232403e-02 1.157461339273936352e-01 1.943752765584943754e-01 2.054177868782064986e-01 3.576291918998642655e-02 2.951602660213196831e-03 1.593067608754744624e-02 4.410679031377344114e-03
0.000000000000000000e+00 1.092801686515678522e-03 1.231645461951578514e-03 1.372200742687097741e-01 1.769392967609716427e-01 2.486757147693854642e-01 5.338226815245978099e-04 1.466114959546650602e-02 4.142987629129027405e-03 4.402506667795545031e-03
0.000000000000000000e+00 1.313156514981368428e-01 1.767970175650860620e-01 1.485192165594616254e-01 1.298504147345603821e-01 1.515521230475494197e-01 4.138809260235668972e-04 1.277290204003620963e-02 3.980347217102339109e-03 3.946582237421360911e-03
0.000000000000000000e+00 1.313156514981368428e-01 1.096764067011890276e-01 1.267828341935373526e+00 1.497316848830247515e+00 1.449096453413762919e+00 1.062229567890348836e+00 1.790359540269485850e+00 9.112309754110064830e+00 8.653104418052565139e-02
0.000000000000000000e+00 1.092801686515678522e-03 2.271572880413281342e-02 4.933508904207666718e-03 4.452763307050647268e-02 2.267035386321103463e-02 1.008362880099538880e-03 5.312437730627242449e-03 7.740481495695601330e-03 7.740481495695601330e-03
0.000000000000000000e+00 6.610227194671179640e-02 6.631856795475872535e-02 3.351383861924080443e-01 4.940323792305460482e-01 3.836002331067952520e-01 6.341989878566914873e-01 4.105414239874878302e-01 6.893434881036264450e-02 6.896059466918484648e-02
0.000000000000000000e+00 3.269557901524119958e-01 1.285450591420128852e+00 2.214885637719419265e+00 1.944168260633615697e+00 4.070848047429816319e+00 1.256722635508508823e+01 6.984360123887814353e+00 3.593184500535032466e+00 1.123320456756339222e-02
0.000000000000000000e+00 1.095778583143278001e-01 4.140039435281012148e-01 1.121459370767520669e+00 2.262709443563481582e+00 1.543080373480738343e+00 1.894431459878209711e+00 3.013866507363491820e+00 1.551206740772201087e+01 5.994121838330485064e-02
0.000000000000000000e+00 1.313156514981368428e-01 1.768167587352522108e-01 1.483952049756755154e-01 5.175748346232409425e-01 3.455816494368848524e-01 2.283225023443516410e-01 1.498293916980425466e-01 4.057002132653242388e-02 1.198445625259621922e-02
0.000000000000000000e+00 1.530534446819437899e-01 1.240246653251750458e-01 1.320625363566360955e+00 2.166515119714779392e+00 2.104620298750666141e+00 1.582907138988066009e+00 2.201062438963997003e+00 1.737377928181983666e+00 7.784857115527203664e-02
0.000000000000000000e+00 1.313156514981368428e-01 1.943948261892435303e-01 1.346171092751688170e-01 1.180452989820776760e-01 3.481308342232323771e-01 5.911434021381237192e-04 1.671155645634747611e-02 5.043495699956410810e-03 5.180130652568876344e-03
0.000000000000000000e+00 6.610227194671179640e-02 1.098193646386127348e-01 1.391009358896404979e+00 6.852342538997742150e-01 4.468417236380973767e-01 6.001759841584856231e-02 3.488305562706861540e-01 2.730007752937850876e-02 2.706114320922257954e-02
0.000000000000000000e+00 1.117243355909501492e-03 2.286261076180453808e-02 1.336431284370688142e-03 2.401677717247815980e-01 8.266361313798623435e-04 7.803354194602711525e-04 4.387658590742835735e-03 2.396837104726180084e-02 6.383485971015869648e-03
0.000000000000000000e+00 1.092801686515678522e-03 2.273962205937232403e-02 1.158089593645812571e-01 1.944345013129465394e-01 2.198379417371830735e-01 2.400149325333144137e-02 1.470247135554182162e-02 4.373282088099434903e-03 4.410679031377344114e-03
0.000000000000000000e+00 1.530534446819437899e-01 1.591809231242553857e-01 1.259379430994143512e+00 1.278440013657981877e+00 1.449096453413762919e+00 9.820677468563873136e-01 1.289883475790930267e-01 1.292641261424232191e+00 6.146234022696368815e-02
0.000000000000000000e+00 1.092801686515678522e-03 2.273962205937232403e-02 1.158089593645812571e-01 1.943752765584943754e-01 1.473955202636815509e-01 6.234869981575388550e-04 1.790593430265326885e-02 5.072280086340630149e-03 1.980736242199618302e-02
0.000000000000000000e+00 1.313156514981368428e-01 1.767774679343368793e-01 1.341406981472167970e-01 1.885497575948935911e-01 1.515566063922718920e-01 1.060727048872410309e-02 2.276933286703636955e-02 1.418552276782852548e-02 3.993512108584414307e-03
0.000000000000000000e+00 4.438435978461083287e-02 8.793230300044350967e-02 1.813942025216564724e-01 1.448506078974793332e-01 1.673310087121544776e-01 5.039249222499689882e-04 2.940569117446538688e-03 1.586488957255431653e-02 3.569766206983227257e-03
0.000000000000000000e+00 6.610227194671179640e-02 6.626886798924165600e-02 1.391006903641930581e+00 7.706972021632809700e-01 4.471388266237044662e-01 4.932000396543151921e-01 1.404090943900466737e-01 8.978236082623668179e-02 2.749475902681005821e-02
0.000000000000000000e+00 1.092801686515678522e-03 2.273962205937232403e-02 1.152495851675156280e-01 1.768366926887890433e-01 8.316619322892863844e-04 7.511523207723672666e-04 4.400584088684033994e-03 5.995254264143397467e-03 2.396618555999865258e-02
0.000000000000000000e+00 4.436447876290276066e-02 1.096700961842504846e-01 1.373410325268833221e+00 1.424357960121481970e+00 5.413750689434938534e-01 7.636973656633373464e-01 2.012589444887883869e-02 1.159310887792490974e-01 3.580851361958257290e-02
0.000000000000000000e+00 1.313156514981368428e-01 1.768167587352522108e-01 1.338931512230829846e-01 5.293791112733872151e-01 3.455816494368848524e-01 9.481972937724909845e-02 5.630963381420251400e-03 3.155796928987683603e-02 9.222175526751330912e-03
0.000000000000000000e+00 1.313156514981368428e-01 1.314141998849980564e-01 1.197438311335030869e+00 2.647475235772339008e+00 2.024062076226976092e+00 1.790520518372391789e+00 2.607668502974803015e+00 1.043018502873373343e+01 8.089121839331425701e-02
0.000000000000000000e+00 4.436447876290276066e-02 1.096700961842504846e-01 1.443801559765468312e+00 2.118417957790426520e+00 2.184535580487425577e+00 1.790520518372391789e+00 2.065502947676615797e+00 2.733515243276610107e+00 8.510291950756181112e-02
0.000000000000000000e+00 1.747912378657528187e-01 6.627734954068841000e-02 1.391013002304484436e+00 2.166516304844747332e+00 2.024190762520039044e+00 1.479261118402774411e+00 2.878342914944077791e+00 9.522628852633607366e+00 8.072450351551724301e-02
0.000000000000000000e+00 5.226158098283971709e-01 1.052554011221214392e+00 3.804547392964540364e+00 3.036473886023637547e+00 2.038472997925422359e+00 1.674104183476125840e+01 4.569166631122023148e+00 2.876350264416761338e+00 1.104654260199485899e-01
0.000000000000000000e+00 5.226158098283971709e-01 1.052554011221214392e+00 3.804547392964540364e+00 3.036473886023637547e+00 2.038472997925422359e+00 1.674077351051669993e+01 4.463597774980843980e+00 2.926404707822546580e+00 1.104654260199485899e-01
0.000000000000000000e+00 6.610227194671179640e-02 1.096957053525571685e-01 1.391009358896404979e+00 1.351399015145834603e+00 5.892382446023983755e-01 5.766299546836443080e-01 2.002587958541154553e-02 1.238117522437643281e+00 4.696098511829181060e-02
0.000000000000000000e+00 1.313156514981368428e-01 1.767970175650860620e-01 1.343086644732937318e-01 1.297954141182515730e-01 2.668150134875634238e-01 1.060909781993562076e-02 1.269441444524801663e-02 3.774273209600584583e-03 4.047842987421060128e-03
0.000000000000000000e+00 6.610227194671179640e-02 6.619609731415962428e-02 3.527361948165672056e-01 7.124477517236295077e-01 4.509369593963025724e-01 9.212902951090780057e-01 1.082666253588793343e-01 6.903871718509216326e-02 2.096738956716389518e-02
0.000000000000000000e+00 1.092801686515678522e-03 2.273962205937232403e-02 1.150664546908471697e-01 1.767970175650860620e-01 8.316619322892863844e-04 7.347699310401749947e-04 4.222479666232939813e-03 2.401991745491988475e-02 6.434933580733478986e-03
0.000000000000000000e+00 1.313355325198448942e-01 1.768167587352522108e-01 1.342664656299142611e-01 5.176421209981350025e-01 3.628222356190634046e-01 2.797567628816053156e-02 2.061274009891750081e-01 4.048647967472705084e-02 4.039955454540169327e-02
0.000000000000000000e+00 6.610227194671179640e-02 1.098193646386127348e-01 1.391009358896404979e+00 6.852342538997742150e-01 4.468417236380973767e-01 6.001759841584856231e-02 3.488305562706861540e-01 2.730007752937850876e-02 2.706114320922257954e-02
0.000000000000000000e+00 4.436447876290276066e-02 1.531456825518664744e-01 1.408608387264728368e+00 2.166515119714779392e+00 2.184525104366781267e+00 1.582885387084060014e+00 2.607499282092181847e+00 2.401672800702033150e+00 2.657461590401755114e-01
0.000000000000000000e+00 1.095778583143278001e-01 1.096509667999115561e-01 1.250248817024379511e+00 1.533795260611995337e+00 1.573944425914326484e+00 1.062215769815563426e+00 1.582724650818339240e+00 5.554681156735085779e+00 8.516068757448712334e-02
0.000000000000000000e+00 1.313156514981368428e-01 1.011589574711929109e-03 1.995032646837687773e-01 1.304970279976030434e-01 2.143344834934678422e-01 4.015696257801690608e-04 2.099294965835144314e-02 3.480409731701707317e-03 3.601889134177815172e-03
0.000000000000000000e+00 1.117243355909501492e-03 1.202271164499381763e-03 8.427927474177827200e-03 2.618794731601608583e-01 8.465830012873836472e-04 7.311183541817235570e-04 4.001590368201195409e-03 2.359796584455130242e-02 6.330133303788192459e-03
0.000000000000000000e+00 1.313156514981368428e-01 1.944145673594097068e-01 1.347908568937903895e-01 4.941273442897388679e-01 3.455805305133777261e-01 2.283600694610290194e-01 9.269506481260757214e-02 1.200587285187948265e-02 1.200587285187948265e-02
0.000000000000000000e+00 6.610227194671179640e-02 8.795791216874815355e-02 1.373410325268833221e+00 7.706972021632809700e-01 4.471388266237044662e-01 4.450248801193904535e-01 2.027370511637572870e-01 2.746266090260326975e-02 2.746266090260326975e-02
0.000000000000000000e+00 1.313156514981368428e-01 1.768167587352522108e-01 1.346940789835060492e-01 3.295601819388337961e-01 3.122853232943450519e-01 7.620026071540575126e-04 2.157119897613531817e-02 2.419166358086327281e-02 7.021425071324153590e-03
0.000000000000000000e+00 1.117243355909501492e-03 2.273962205937232403e-02 1.152495851675156280e-01 1.768366926887890433e-01 8.316619322892863844e-04 7.511523207723672666e-04 2.199839271284153089e-02 6.060159022391077566e-03 6.434933580733478986e-03
0.000000000000000000e+00 1.313156514981368428e-01 1.944145673594097068e-01 1.193589762454708991e-01 3.413110506341618944e-01 1.630830633960951015e-01 1.377328699511814747e-01 1.766268697674519272e-01 9.234954367839231376e-03 9.234954367839231376e-03
0.000000000000000000e+00 1.313156514981368428e-01 1.767970175650860620e-01 1.483952049756755154e-01 5.058782129850664111e-01 8.118093054340996817e-02 1.938949759710500154e-01 5.020821139338205868e-02 9.207702066133882993e-03 9.207702066133882993e-03
0.000000000000000000e+00 1.095778583143278001e-01 1.966021395351456313e-01 1.179842894573090994e+00 2.647476587822819027e+00 1.944146343149348866e+00 1.790520518372391789e+00 2.607464534089045216e+00 1.097467944283267371e+01 8.096484265611940401e-02
0.000000000000000000e+00 1.092801686515678522e-03 2.273962205937232403e-02 1.154344601722896851e-01 1.768167587352522108e-01 1.475395675179256849e-01 6.227875350748411773e-04 1.790376647979514610e-02 5.062708006917386767e-03 1.979708180580418142e-02
0.000000000000000000e+00 4.436447876290276066e-02 8.795628200923689965e-02 3.527361948165672056e-01 7.124477517236295077e-01 4.732807918972153360e-01 7.387051993910109804e-01 1.563039594910820285e-01 1.651549185178891044e-01 2.094155526074116536e-02
0.000000000000000000e+00 1.313156514981368428e-01 1.768167587352522108e-01 1.347374698054861208e-01 5.058232123687588233e-01 3.628216729441166577e-01 2.283227246371001273e-01 1.211442011195634078e-01 1.830239007313209654e-01 1.553876147490307336e-02
0.000000000000000000e+00 1.313156514981368428e-01 1.943948261892435303e-01 1.346171092751688170e-01 1.180452989820776760e-01 3.379663566312734457e-01 5.907100569745134732e-04 1.671095292795949858e-02 5.355305760415937991e-03 5.171924667549205636e-03
0.000000000000000000e+00 1.092801686515678522e-03 2.273962205937232403e-02 1.140669751509621188e-01 2.296301185612648621e-01 8.353725717707064348e-04 7.538786916344401845e-04 3.245383936744813957e-02 5.004847093016615012e-03 5.270256490308591543e-03
0.000000000000000000e+00 1.092801686515678522e-03 2.271572880413281342e-02 4.933508904207666718e-03 4.452763307050647268e-02 2.267035386321103463e-02 9.842986910796175642e-04 5.312437730627242449e-03 7.740481495695601330e-03 7.740481495695601330e-03
0.000000000000000000e+00 4.436447876290276066e-02 8.798049510061958789e-02 1.816993167279497001e-01 1.448506078974793332e-01 2.496865555716378249e-01 4.296271113224081856e-04 1.170004844924767314e-02 3.401852085029404005e-03 1.294196229010120824e-02
0.000000000000000000e+00 6.610227194671179640e-02 1.096716836817756419e-01 1.391009358896404979e+00 6.852064062176150827e-01 4.835022657934539558e-01 5.893943635030171047e-01 4.518907916584609108e-01 3.561039326098139335e-02 1.157722142949388772e-01
0.000000000000000000e+00 6.610227194671179640e-02 1.749090849039822426e-01 1.391032528298426163e+00 2.166516304844747332e+00 2.104609305909538097e+00 1.581429229651419410e+00 2.607294536766030291e+00 7.415470945220379306e-01 7.773336483508841432e-02
0.000000000000000000e+00 1.092801686515678522e-03 2.273962205937232403e-02 1.154344601722896851e-01 1.943559171991381673e-01 2.631227303532315820e-01 5.124850297321439626e-04 1.470401857196619415e-02 1.594602205614980076e-02 4.464606396091820237e-03
0.000000000000000000e+00 6.610227194671179640e-02 1.314822475406646485e-01 1.373432229711361252e+00 7.137038321154187681e-01 4.468393152557086911e-01 6.009122505485511856e-02 6.024249987538388140e-02 1.171358791094454094e-01 6.909028176753286010e-02
0.000000000000000000e+00 1.117243355909501492e-03 2.276374813826762336e-02 1.145874999497723118e-01 1.944345013129465394e-01 1.333170125833181840e-01 2.949043451208962704e-02 1.788361283859463136e-02 5.037143024372960250e-03 5.397466990686337722e-03
0.000000000000000000e+00 4.436447876290276066e-02 1.749074547444689209e-01 1.391050971218256382e+00 1.241959592754998232e+00 1.386478759239058611e+00 1.302741941270448400e+00 7.514632769962192871e-01 1.687115528105750384e+00 4.689385964431981302e-01
0.000000000000000000e+00 4.436447876290276066e-02 1.748834757356755309e-01 1.408629094641807855e+00 2.118419142920396236e+00 2.104620298750666141e+00 1.789062213239852817e+00 2.607260146516138466e+00 5.755944225264826297e-01 7.773336483508841432e-02
0.000000000000000000e+00 1.313156514981368428e-01 1.767970175650860620e-01 1.342244030018778789e-01 1.180713574724874260e-01 3.276971595820491467e-01 5.898283575802024592e-04 1.673238225153629230e-02 1.849647605822463473e-02 5.392722519758063812e-03
0.000000000000000000e+00 6.610227194671179640e-02 3.922629950712848146e-01 1.086973720927029152e+00 2.262703238100607805e+00 2.184555862792100900e+00 1.686917577980365790e+00 3.013833311547188032e+00 1.514913661759125851e+01 5.993794910410978755e-02
0.000000000000000000e+00 1.747912378657528187e-01 1.416238008108653967e-01 8.514381959873801309e-01 1.789151845817086972e+00 1.324457053566499010e+00 1.222580120236490986e+00 1.789874886466620518e+00 1.823675876829691900e+00 7.649514406816687595e-02
0.000000000000000000e+00 1.313156514981368428e-01 1.748897862526140601e-01 1.197440703197250267e+00 2.406992111864781680e+00 2.264707654243645951e+00 1.686874497787100413e+00 2.607499282092181847e+00 1.278959533722728459e+01 6.967066267611936314e-02
0.000000000000000000e+00 1.092801686515678522e-03 1.202271164499381763e-03 1.350826135075066381e-01 1.943948261892435303e-01 8.530194271040679324e-04 7.851406422505224393e-04 4.225548703741136523e-03 2.365796764655022852e-02 6.393749177243966686e-03
0.000000000000000000e+00 1.313156514981368428e-01 1.768167587352522108e-01 1.484777278864288230e-01 5.176016887653132059e-01 3.455816494368848524e-01 2.061647598417000460e-01 1.211442011195634078e-01 1.830239007313209654e-01 1.553876147490307336e-02
0.000000000000000000e+00 1.313156514981368428e-01 1.768167587352522108e-01 1.347374698054861208e-01 5.175740810640862000e-01 3.455810931883253612e-01 2.283227246371001273e-01 1.211442011195634078e-01 1.830239007313209654e-01 1.540404212627659829e-02
0.000000000000000000e+00 1.313156514981368428e-01 1.767970175650860620e-01 1.346507929224623756e-01 1.180445454229240576e-01 3.481295227302845241e-01 5.907100569745134732e-04 1.673367684495207647e-02 1.846725999633212073e-02 5.180130652568876344e-03
0.000000000000000000e+00 1.313156514981368428e-01 1.768771438361369241e-01 1.489847030898880931e-01 1.180721531241498146e-01 1.608782697793855188e-01 1.060574203028563645e-02 1.272228980122733742e-02 1.384984219430811757e-02 3.993979376998617152e-03
0.000000000000000000e+00 1.313156514981368428e-01 1.767970175650860620e-01 1.486445578608558138e-01 1.180721531241498146e-01 2.667115969477558690e-01 4.446202279767091339e-04 2.494903015235142279e-03 1.396025751970973901e-02 4.041168877443697058e-03
0.000000000000000000e+00 6.610227194671179640e-02 1.096957053525571685e-01 1.391028785264090128e+00 7.137038321154187681e-01 4.469593803451202829e-01 4.929656823740253824e-01 7.778893200518953444e-02 8.975012234016775670e-02 2.746266090260326975e-02
0.000000000000000000e+00 4.436447876290276066e-02 1.314318683768528895e-01 1.408607167520563141e+00 2.214611077800572314e+00 2.184525104366781267e+00 1.582885387084060014e+00 2.201232419788002215e+00 9.073769664786115463e-01 7.761610421808766425e-02
0.000000000000000000e+00 1.313156514981368428e-01 1.768167587352522108e-01 1.483952049756755154e-01 5.175748346232409425e-01 3.455816494368848524e-01 2.060534962514621038e-01 1.213331042332188858e-01 4.053677124229917994e-02 1.195169171834112483e-02
0.000000000000000000e+00 1.747912378657528187e-01 6.627734954068841000e-02 1.338219576432008617e+00 1.351399015145834603e+00 5.890816573649982901e-01 5.766299546836443080e-01 1.001877006193690189e-01 9.976716842919348682e-01 4.644994126581600963e-02
0.000000000000000000e+00 1.313156514981368428e-01 1.768167587352522108e-01 1.342244030018778789e-01 5.176282425780586172e-01 3.628222356190634046e-01 5.706670195269929191e-03 2.061277250312811837e-01 4.046960568394374069e-02 1.188549753488503738e-02
0.000000000000000000e+00 1.313156514981368428e-01 2.279839168071018385e-02 1.391189642593695375e+00 1.387878494682291963e+00 5.893943635030171047e-01 7.009695748188553566e-01 1.999929761741698828e-02 1.159310887792490974e-01 3.580851361958257290e-02
0.000000000000000000e+00 1.313156514981368428e-01 1.748897862526140601e-01 1.197440703197250267e+00 2.455089273789132331e+00 2.264697401521383213e+00 1.686692076776225235e+00 2.606850183162987555e+00 1.278966082316249775e+01 6.968452989922423180e-02
0.000000000000000000e+00 4.436447876290276066e-02 1.096940751930438745e-01 1.461399368389626696e+00 2.166516304844747332e+00 2.104481056698778385e+00 1.478917961126178682e+00 2.471838131720581977e+00 6.404659182225474368e+00 4.495734619989985581e-01
0.000000000000000000e+00 1.092801686515678522e-03 2.273962205937232403e-02 1.156209596443551341e-01 1.943948261892435303e-01 1.475908837706406129e-01 6.234869981575388550e-04 3.242372193477143644e-02 5.037143024372960250e-03 5.397466990686337722e-03
0.000000000000000000e+00 1.095778583143278001e-01 1.966021395351456313e-01 1.179842894573090994e+00 2.599379425898468376e+00 1.944157414630860004e+00 1.894348658943939778e+00 2.607464534089045216e+00 1.079318130479969717e+01 8.094103559931625780e-02
0.000000000000000000e+00 1.095778583143278001e-01 1.966021395351456313e-01 1.179842894573090994e+00 2.647476587822819027e+00 1.944018017787962904e+00 1.790520518372391789e+00 2.607464534089045216e+00 1.079318130479969717e+01 8.094103559931625780e-02
0.000000000000000000e+00 4.436447876290276066e-02 1.314078893680595272e-01 1.426204976144722192e+00 2.166515119714779392e+00 2.184525104366781267e+00 1.582885387084060014e+00 1.794352157147392379e+00 2.567315526872020470e+00 7.801747803384315172e-02
0.000000000000000000e+00 3.921691697038370283e-01 1.242159943976416603e+00 2.214830482456290106e+00 2.024308164183306502e+00 1.250379960433684490e+00 2.607601120360476088e+00 1.623407570448377157e+01 5.937449236168975547e-02 1.836474191620304508e-01
0.000000000000000000e+00 1.095778583143278001e-01 3.922661503442921860e-01 1.104217112002354062e+00 2.310804179143069792e+00 1.703543478384201615e+00 1.894572828469218484e+00 3.014038764490283739e+00 1.533063475562424038e+01 3.073483883029746178e-01
0.000000000000000000e+00 6.610227194671179640e-02 6.619609731415962428e-02 1.479015306122080098e+00 2.070321980996042921e+00 2.264697401521383213e+00 1.686531340510504462e+00 1.684330076602044979e-01 7.398086408525395008e-01 6.045922744429947926e-01
0.000000000000000000e+00 1.313156514981368428e-01 9.874407821479733605e-04 1.819572965204642456e-01 1.449161095889656414e-01 2.025836147981392443e-01 4.190193022960660759e-04 1.166460849026175646e-02 1.270542777949325991e-02 3.565095327172840799e-03
0.000000000000000000e+00 4.436447876290276066e-02 1.096700961842504846e-01 1.443801559765468312e+00 2.118417957790426520e+00 2.264826165554517878e+00 1.479078697391899455e+00 1.930286329257614009e+00 2.567315526872020470e+00 2.440300486518387491e-01
0.000000000000000000e+00 1.313156514981368428e-01 1.767774679343368793e-01 1.341406981472167970e-01 1.885497575948935911e-01 1.515566063922718920e-01 1.060727048872410309e-02 2.294131691141920726e-02 1.415133516408469821e-02 3.993512108584414307e-03
0.000000000000000000e+00 4.436447876290276066e-02 1.531696615606599199e-01 1.373412770016410933e+00 1.351399015145834603e+00 4.931220420437437690e-01 8.258258018038161508e-01 9.990727394974033282e-02 9.175885449931336924e-01 2.541107367003515582e-01
0.000000000000000000e+00 3.486935833362209691e-01 1.782547744073475382e+00 3.181456775402223158e+00 2.725036245113421352e+00 5.651926384203173725e+00 1.383661081245449331e+01 5.725605023615183420e+00 1.913495022136415535e+00 5.059950163838014547e-02
0.000000000000000000e+00 1.313156514981368428e-01 1.768167587352522108e-01 1.339750501166975527e-01 7.393561950224629697e-01 4.463886323973962900e-01 2.922222697863711693e-01 2.646221983767005348e-01 1.556715722038253848e-02 1.570376827061504763e-02
0.000000000000000000e+00 1.095778583143278001e-01 2.274777278263739877e-02 1.461398138138565672e+00 1.278440013657981877e+00 1.199513540869020733e+00 1.463091580963792104e+00 6.479805107284068999e-01 4.625147724023238593e-01 6.195734660551049239e-02
0.000000000000000000e+00 6.610227194671179640e-02 1.096957053525571685e-01 1.408626593888248513e+00 6.852071305489182418e-01 4.468393152557086911e-01 4.924152928369573967e-01 1.400081698468245150e-01 2.746266090260326975e-02 2.746266090260326975e-02
0.000000000000000000e+00 1.092801686515678522e-03 2.273962205937232403e-02 1.154964522180111919e-01 1.769183806887718036e-01 2.342555599104074737e-01 1.228412714188693508e-02 2.910280900137880364e-03 1.588623815870773837e-02 4.402506667795545031e-03
0.000000000000000000e+00 1.530534446819437899e-01 1.591809231242553857e-01 1.259379430994143512e+00 1.278440013657981877e+00 1.449096453413762919e+00 9.820677468563873136e-01 1.289883475790930267e-01 1.292641261424232191e+00 6.146234022696368815e-02
0.000000000000000000e+00 1.313156514981368428e-01 1.944145673594097068e-01 1.346603867003840771e-01 1.416012834298890077e-01 1.795510434388788712e-01 1.122520464083108238e-01 7.045986005156229526e-02 1.853661355962355622e-02 5.435908476940372325e-03
0.000000000000000000e+00 4.438435978461083287e-02 8.793230300044350967e-02 1.813942025216564724e-01 1.304304530385013983e-01 1.790800865636910655e-01 5.151054923922534579e-04 2.940569117446538688e-03 1.586488957255431653e-02 3.569766206983227257e-03
0.000000000000000000e+00 1.095778583143278001e-01 1.748882185062059780e-01 1.320624170294265376e+00 1.278439100578381504e+00 1.449102869973428298e+00 9.820813162149218956e-01 2.334627741087891006e-01 1.396447951116397412e+00 6.207326893717366595e-02
0.000000000000000000e+00 1.095778583143278001e-01 1.966021395351456313e-01 1.162245085948932832e+00 2.695572397696690103e+00 1.863984522115387454e+00 1.790541969251774113e+00 2.607499282092181847e+00 1.097461395689746411e+01 8.094103559931625780e-02
0.000000000000000000e+00 1.095778583143278001e-01 1.748882185062059780e-01 1.250192783665954321e+00 2.455303733205803418e+00 1.944028941486077855e+00 1.686735279559613998e+00 2.742613424541529898e+00 1.151910837099640439e+01 2.487949140344710430e-01
0.000000000000000000e+00 3.486935833362209691e-01 1.782547744073475382e+00 3.181456775402223158e+00 2.725036245113421352e+00 5.651926384203173725e+00 1.383661081245449331e+01 5.725605023615183420e+00 1.913495022136415535e+00 5.059950163838014547e-02
0.000000000000000000e+00 4.436447876290276066e-02 1.096940751930438745e-01 1.391008133892992493e+00 1.387878494682291963e+00 5.892382446023983755e-01 7.634892912766191309e-01 1.973215249028721641e-02 3.580851361958257290e-02 1.159703346535438245e-01
0.000000000000000000e+00 4.436447876290276066e-02 1.096700961842504846e-01 1.461399368389626696e+00 2.022224819071691826e+00 2.264707654243645951e+00 1.686713828680226568e+00 7.093995873565610566e-01 4.689934044690014514e-01 6.268434934975666839e-02
0.000000000000000000e+00 1.530534446819437899e-01 1.239853058759370769e-01 1.893889692370309907e+00 3.056456030414592906e+00 2.932795179152963172e+00 2.336518488885966693e+00 3.027848726233945964e+00 1.152008811347089079e+01 6.977041285790577807e-02
0.000000000000000000e+00 1.530534446819437899e-01 1.239853058759370769e-01 1.871620686277419177e+00 3.056454715437209479e+00 3.036619953222520873e+00 2.201028092282862225e+00 2.861886203808789997e+00 1.170147191795012631e+01 6.976216248012283294e-02
0.000000000000000000e+00 6.610227194671179640e-02 6.622011898494116477e-02 3.879707210549893093e-01 6.990173234021208604e-01 4.509373547975220609e-01 7.389471898384477599e-01 1.081281493313487746e-01 6.893434881036264450e-02 2.086343274483158303e-02
0.000000000000000000e+00 1.092801686515678522e-03 2.271572880413281342e-02 1.159983312400677119e-01 1.768366926887890433e-01 2.630958696283633991e-01 1.226281701624172549e-02 2.933283875232377529e-03 1.593835766250280978e-02 4.418833772885808787e-03
0.000000000000000000e+00 6.610227194671179640e-02 6.631856795475872535e-02 3.352169703062164441e-01 5.057832479258741465e-01 3.836010690258557787e-01 6.341986766036771250e-01 3.375780249762880825e-01 6.890800118930102969e-02 6.893434881036264450e-02
0.000000000000000000e+00 1.313156514981368428e-01 1.768167587352522108e-01 1.345645482309101582e-01 1.180713574724874260e-01 3.277661501545980349e-01 5.898283575802024592e-04 1.670964551596550163e-02 1.876980352958599121e-02 5.163696202016657480e-03
0.000000000000000000e+00 3.921691697038370283e-01 1.190456062947449656e+00 2.359174976867024487e+00 2.024308164183306502e+00 9.389598913571931549e-01 2.607285292881863725e+00 1.496339890479408830e+01 3.647292835970950886e+00 4.276063009968538581e-02
0.000000000000000000e+00 4.139069628876460571e-01 1.173216126824629280e+00 2.311018605173771778e+00 2.024319235664821193e+00 1.250380528270279124e+00 2.471731172485433614e+00 1.478196456512851675e+01 3.647292835970950886e+00 1.311245499127808856e-01
0.000000000000000000e+00 1.313156514981368428e-01 2.279839168071018385e-02 1.391189642593695375e+00 1.387878494682291963e+00 5.893943635030171047e-01 7.009695748188553566e-01 1.999929761741698828e-02 1.159310887792490974e-01 3.580851361958257290e-02
0.000000000000000000e+00 8.784006513051878517e-02 1.314351219829496265e-01 1.408609601737988992e+00 2.166516304844747332e+00 2.104352583553996681e+00 1.686692076776225235e+00 2.200993344279719821e+00 9.074383637562892790e-01 2.436875605003329393e-01
0.000000000000000000e+00 1.530534446819437899e-01 1.944158998218100121e-01 1.104170830501020717e+00 2.599590894090606508e+00 1.944018017787962904e+00 1.790520518372391789e+00 2.607055357199393519e+00 1.170067199496460653e+01 8.105260564329538897e-02
0.000000000000000000e+00 1.313156514981368428e-01 1.944145673594097068e-01 1.342330245747306861e-01 1.885505111540483614e-01 1.515576688613966827e-01 1.060764337901270137e-02 3.296905766840840801e-02 1.419895542203064749e-02 4.041168877443697058e-03
