0.000000000000000000e+00 1.092801686515678522e-03 1.096432395636813828e-01 9.620008808704849168e-04 2.913851058996225873e+00 3.144587559938853261e+01 1.490437141356346373e+01 2.110139522177564885e-04 2.110139522177564885e-04 3.566820820504548045e-03
0.000000000000000000e+00 1.092801686515678522e-03 4.442986001225633641e-02 9.811302652094316522e-04 7.058953932393602360e-02 5.389845017821843706e-03 5.103867135797553189e-02 8.973165310936154822e-04 8.973165310936154822e-04 2.952679536637380434e-02
0.000000000000000000e+00 1.092801686515678522e-03 1.096432395636813828e-01 9.620008808704849168e-04 2.942348484894028893e+00 3.199035878899436369e+01 1.224097859898734519e+01 2.110139522177564885e-04 2.110139522177564885e-04 3.566820820504548045e-03
0.000000000000000000e+00 2.262668557909372838e-02 2.269362509864800148e-02 9.811302652094316522e-04 7.058953932393602360e-02 7.060322456924687795e-02 5.108569521340562691e-02 9.008191692351847539e-04 9.008191692351847539e-04 7.837255021788253062e-03
0.000000000000000000e+00 1.092801686515678522e-03 4.123889026542634006e+00 3.666269990231879605e-01 5.320712496427933758e+00 1.746863648656728074e+01 8.471723722068857043e+00 2.179028024653633544e+00 2.110139522177564885e-04 3.566820820504548045e-03
0.000000000000000000e+00 1.092801686515678522e-03 3.164465291364554123e+00 7.720151217123112364e-01 5.216859970234826172e+00 1.710550075033948048e+01 8.224325479484834389e+00 2.179032302613768568e+00 9.540709897039310536e-03 3.566820820504548045e-03
0.000000000000000000e+00 2.262668557909372838e-02 2.269362509864800148e-02 9.811302652094316522e-04 7.058953932393602360e-02 5.389845017821843706e-03 5.110308603761350155e-02 8.973165310936154822e-04 2.263510971490264451e-02 5.128070272142008085e-02
0.000000000000000000e+00 2.262668557909372838e-02 2.269362509864800148e-02 4.445671663282544511e-02 1.141106997343083185e-01 7.479825849828478090e-02 6.330133303788192459e-03 7.320400923971376751e-04 7.320400923971376751e-04 2.398129459517502754e-02
0.000000000000000000e+00 2.262668557909372838e-02 2.138803774780707823e+00 2.807463648031043313e+00 2.932238739628851842e+00 3.556132137660087178e+00 1.823231546283265558e+01 5.872769350106395336e+00 6.095266768925241552e-01 9.653647012476706743e-03
0.000000000000000000e+00 1.092801686515678522e-03 3.164465291364554123e+00 7.720151217123112364e-01 5.216859970234826172e+00 1.692372938280898609e+01 8.346332848852782149e+00 2.179032302613768568e+00 2.422376362837622968e-04 3.912098351270302046e-03
0.000000000000000000e+00 2.262668557909372838e-02 2.269362509864800148e-02 9.811302652094316522e-04 7.058953932393602360e-02 5.389845017821843706e-03 5.103867135797553189e-02 9.173586554010304929e-04 2.263510971490264451e-02 5.128070272142008085e-02
0.000000000000000000e+00 1.092801686515678522e-03 4.442986001225633641e-02 9.811302652094316522e-04 7.062590433485695096e-02 5.389845017821843706e-03 5.103867135797553189e-02 8.973165310936154822e-04 8.973165310936154822e-04 2.952679536637380434e-02
0.000000000000000000e+00 2.262668557909372838e-02 1.096447978338820767e-01 5.815077069306295865e-01 4.677698661272760461e+00 2.672610388047738539e+01 1.066467813859828517e+01 1.694657460492146606e-01 2.110139522177564885e-04 3.566820820504548045e-03
0.000000000000000000e+00 1.092801686515678522e-03 1.531188259312973865e-01 1.285421282148039968e+00 4.253813773131279063e+00 1.982911951827583863e+01 1.188236076285135745e+01 2.108772433750696784e+00 2.377020460513788378e-04 1.330047663116363903e-02
0.000000000000000000e+00 1.092801686515678522e-03 1.313810327474904116e-01 2.794010885523189103e+00 7.293194287827357236e+00 1.801313090066622280e+01 9.461377350352202953e+00 1.224724693654735352e+00 2.110139522177564885e-04 3.490522795068585430e-03
0.000000000000000000e+00 2.262668557909372838e-02 2.269362509864800148e-02 9.811302652094316522e-04 7.058953932393602360e-02 7.060322456924687795e-02 5.128070272142008085e-02 1.832706587723589159e-02 7.301907375443283726e-04 6.357614381019505156e-03
0.000000000000000000e+00 1.092801686515678522e-03 8.790544637987234011e-02 1.066112334291246189e+00 5.749404973744466574e+00 2.708913833360207946e+01 9.321010702899922507e+00 9.540709897039310536e-03 2.110139522177564885e-04 3.566820820504548045e-03
0.000000000000000000e+00 2.262668557909372838e-02 3.270227296719662169e-01 1.121450291548235167e+00 2.417264388198114400e+00 4.801582713397655411e+00 1.968450853750449170e+01 4.102633338316812761e+00 2.303744830688568168e+00 3.913478388237391359e-01
0.000000000000000000e+00 2.262668557909372838e-02 2.269362509864800148e-02 4.445671663282544511e-02 1.141106997343083185e-01 5.443801461304042556e-03 5.896682351809142547e-02 7.474322780768706889e-04 7.311183541817235570e-04 6.370562423104305684e-03
0.000000000000000000e+00 1.092801686515678522e-03 4.442986001225633641e-02 9.811302652094316522e-04 1.358392838862819696e-01 5.403042950192345206e-03 5.108569521340562691e-02 9.008191692351847539e-04 1.832706587723589159e-02 6.357614381019505156e-03
0.000000000000000000e+00 1.092801686515678522e-03 8.790544637987234011e-02 4.443605465224832046e-02 4.890631110823440153e-02 9.236307111073656373e-02 2.387468645937521061e-02 1.833076456582471980e-02 7.338658914179793571e-04 6.409259257198190313e-03
0.000000000000000000e+00 1.092801686515678522e-03 2.835455850341474515e-01 1.355819787542582811e+00 2.080503373198144157e+00 4.593942330327531742e+00 1.913852810048021169e+01 5.784043879552331013e+00 2.143931618584715704e+00 4.009061439709705674e-03
0.000000000000000000e+00 4.436447876290276066e-02 1.096463497065994219e-01 1.461399368389626696e+00 2.176777685765973303e+00 4.178521316414423481e+00 1.037404262340429995e+01 7.915268275824331734e-03 7.915268275824331734e-03 8.675504860913922645e-02
0.000000000000000000e+00 1.092801686515678522e-03 1.096432395636813828e-01 1.966021395351456313e-01 3.949055996913277244e+00 2.944888065064505156e+01 1.224097859898734519e+01 2.110139522177564885e-04 2.110139522177564885e-04 3.566820820504548045e-03
0.000000000000000000e+00 3.052179969686029670e-01 1.056658234203980307e+00 1.789304960376017606e+00 3.066668161751814559e+00 4.640328594180565425e+00 1.478531037791396585e+01 3.468789618557590160e+00 6.219826378064150507e-01 3.503795589987331732e-02
0.000000000000000000e+00 3.486935833362209691e-01 8.370180411284030564e-01 2.743922761787664921e+00 2.345137380761600721e+00 4.640566693432030654e+00 1.660022671356860968e+01 2.631420070023972269e+00 2.781895284132095830e-03 3.504955550586635188e-02
0.000000000000000000e+00 5.225959288066891473e-01 1.582113500028266895e+00 3.306093580801105603e+00 6.537746026972002689e+00 8.755325622348934189e+00 8.636157801083049534e+00 3.096242454875709704e+00 1.845420220581915904e+00 3.199741186146642935e-01
0.000000000000000000e+00 8.051872401961982506e-01 5.781858121728962185e-01 3.929172727888557315e+00 7.215097454904086050e+00 1.401877162530540133e+01 4.387839032241282133e+00 3.343038211978604402e+00 1.687997058778413495e-01 8.889626167108491406e-02
0.000000000000000000e+00 1.092801686515678522e-03 1.313810327474904116e-01 1.461398138138565672e+00 2.272892591841673138e+00 4.282479554905386010e+00 6.052787862699393173e+00 3.439126769983714915e+00 1.894134063088105668e-01 8.679781698747564278e-02
0.000000000000000000e+00 1.092801686515678522e-03 8.790544637987234011e-02 4.445988505869768320e-02 2.716851792442536578e-02 7.061207740509579944e-02 4.154025917429291642e-02 7.311183541817235570e-04 7.311183541817235570e-04 6.370562423104305684e-03
0.000000000000000000e+00 2.262668557909372838e-02 6.616921146626401906e-02 4.445988505869768320e-02 1.803450351942668395e-01 2.202798147807055046e-02 6.381075463044627756e-03 7.520671921692758614e-04 1.833347667403153677e-02 2.393767331433711842e-02
0.000000000000000000e+00 1.092801686515678522e-03 1.748566191151064431e-01 1.320618124399769888e+00 2.561556579922517063e+00 2.024436264998123569e+00 4.801351700059300676e+00 6.714842579956386004e-01 7.418139276848493592e-03 2.438037968382083254e-01
0.000000000000000000e+00 1.092801686515678522e-03 4.442986001225633641e-02 6.617076333898343210e-02 1.141152224807244348e-01 2.200827280185172624e-02 2.379641761617229401e-02 7.311183541817235570e-04 7.311183541817235570e-04 2.396837104726180084e-02
0.000000000000000000e+00 2.262668557909372838e-02 1.313825910176890654e-01 2.794012877759223912e+00 3.948563348414850793e+00 2.618135365005951343e+01 8.879167597667565914e+00 1.884560999036045958e-02 2.110139522177564885e-04 3.566820820504548045e-03
0.000000000000000000e+00 1.092801686515678522e-03 1.096432395636813828e-01 1.748643463513366025e-01 3.766647128992533400e+00 3.017526960278818393e+01 1.245115029434167830e+01 2.110139522177564885e-04 2.110139522177564885e-04 3.566820820504548045e-03
0.000000000000000000e+00 1.313156514981368428e-01 8.806704535413285573e-01 2.409481763202558913e+00 5.735949988380610876e+00 1.474602495591071261e+01 5.253728275782694190e+00 3.803161252501025213e+00 2.474479122942256359e-01 5.124156340685974420e-02
0.000000000000000000e+00 1.313156514981368428e-01 8.806704535413285573e-01 2.409438466128658085e+00 5.735781595637634567e+00 1.474602495591071261e+01 5.397787118105151549e+00 3.803153813380474535e+00 2.123186040221651805e-01 5.124156340685974420e-02
0.000000000000000000e+00 2.262668557909372838e-02 1.313825910176890654e-01 2.851007729554832171e+00 4.028715914787297514e+00 2.527375551981997504e+01 9.055908255680968466e+00 1.884560999036045958e-02 2.110139522177564885e-04 3.566820820504548045e-03
0.000000000000000000e+00 3.486935833362209691e-01 8.514381959873801309e-01 1.752826289419503025e+00 3.066668161751814559e+00 4.369347800974350271e+00 1.442218346934842899e+01 3.592527452570890567e+00 5.336427020411166344e-01 4.269054192653592983e-02
0.000000000000000000e+00 1.092801686515678522e-03 1.096432395636813828e-01 8.052603486817840883e-01 6.434854278939676320e+00 2.708885147712278396e+01 9.232646783086826403e+00 1.884560999036045958e-02 2.110139522177564885e-04 3.566820820504548045e-03
0.000000000000000000e+00 2.262668557909372838e-02 1.748581773853050692e-01 1.338217152768093499e+00 2.417265284156574712e+00 2.104609305909538097e+00 4.803520237481139432e+00 1.003509399231637511e+00 1.734222729482570446e-01 7.655104737137231885e-02
0.000000000000000000e+00 1.092801686515678522e-03 1.313810327474904116e-01 2.072004639658256320e+00 8.019864684116752684e+00 2.363948074711532499e+01 6.715575846574219909e+00 9.542602139372528131e-03 2.377020460513788378e-04 1.330047663116363903e-02
0.000000000000000000e+00 2.262668557909372838e-02 2.269362509864800148e-02 4.445671663282544511e-02 1.141106997343083185e-01 7.479825849828478090e-02 4.152575055210649957e-02 7.338658914179793571e-04 7.338658914179793571e-04 2.400706788135734127e-02
0.000000000000000000e+00 1.092801686515678522e-03 6.616765319606536522e-02 1.826933556688741245e+00 5.872491007366870797e+00 2.273266939675664489e+01 1.192571856986977252e+01 1.884560999036045958e-02 2.110139522177564885e-04 3.566820820504548045e-03
0.000000000000000000e+00 1.092801686515678522e-03 1.313810327474904116e-01 9.874407821479733605e-04 4.890631110823440153e-02 9.236307111073656373e-02 7.656190989040774497e-02 7.356680498723839777e-04 7.520671921692758614e-04 6.327316589213596680e-03
0.000000000000000000e+00 1.092801686515678522e-03 1.313810327474904116e-01 2.908000589114406065e+00 2.446498700430922657e+00 2.745207293482581790e+01 9.055895437293756345e+00 2.110139522177564885e-04 2.110139522177564885e-04 3.566820820504548045e-03
0.000000000000000000e+00 1.092801686515678522e-03 1.313810327474904116e-01 1.767774679343368793e-01 1.334116058765167090e-01 1.204648505165690636e-01 1.608682941438966535e-02 5.018732136499049618e-04 5.130175437082384231e-04 4.456386380253141155e-03
0.000000000000000000e+00 6.610227194671179640e-02 1.965990679031058563e-01 1.338220780328299719e+00 2.320990195910930698e+00 4.282479554905386010e+00 1.387582402528487435e+01 1.749298755821636908e-01 7.135859245665948994e-03 8.091649247127910560e-02
0.000000000000000000e+00 3.486935833362209691e-01 8.658583508463580936e-01 1.752872396733092364e+00 2.825914411676041738e+00 5.047066195285693446e+00 1.460083820659943754e+01 3.345086033597755026e+00 6.220611513102942691e-01 3.470938856089161861e-02
0.000000000000000000e+00 2.262668557909372838e-02 1.096447978338820767e-01 1.391006903641930581e+00 2.369168122232223173e+00 4.490121698965403141e+00 6.384813003935392750e+00 1.452674893889852381e+00 1.885258417563409339e-01 8.595425573036939715e-02
0.000000000000000000e+00 1.092801686515678522e-03 1.748566191151064431e-01 1.320618124399769888e+00 2.561556579922517063e+00 2.024436264998123569e+00 4.801891537528407916e+00 1.501547111085631991e+00 7.396392041250430920e-03 7.807272780604512796e-02
0.000000000000000000e+00 1.092801686515678522e-03 1.096432395636813828e-01 2.618155190865706361e-01 3.912595312715700047e+00 3.162682085138062504e+01 9.055895437293756345e+00 2.110139522177564885e-04 2.110139522177564885e-04 3.566820820504548045e-03
0.000000000000000000e+00 6.610227194671179640e-02 8.791010198406275233e-02 1.591615302018831446e-01 3.949069247040240871e+00 2.926763889511538608e+01 1.213589189391160339e+01 2.110139522177564885e-04 2.110139522177564885e-04 3.566820820504548045e-03
0.000000000000000000e+00 1.092801686515678522e-03 1.748566191151064431e-01 1.320618124399769888e+00 2.561556579922517063e+00 2.024436264998123569e+00 4.665861303456189546e+00 6.714880024945230064e-01 7.422227626374231120e-03 7.773336483508841432e-02
0.000000000000000000e+00 2.262668557909372838e-02 6.616921146626401906e-02 4.443605465224832046e-02 2.155701412454648636e-01 2.200459036396144527e-02 6.298482542785642166e-03 7.538786916344401845e-04 7.374464823018738943e-04 6.460508275367367152e-03
0.000000000000000000e+00 2.262668557909372838e-02 1.531203842014980665e-01 2.027469734454601547e+00 3.069724238776830205e+00 6.402255630368892447e+00 1.061161768083150037e+01 3.427145618440893271e-01 7.126422437151037903e-03 8.018536365348014061e-02
0.000000000000000000e+00 1.092801686515678522e-03 6.616765319606536522e-02 1.826933556688741245e+00 5.952652828400827545e+00 2.273263094110430416e+01 1.182063128700880839e+01 1.884560999036045958e-02 2.110139522177564885e-04 3.566820820504548045e-03
0.000000000000000000e+00 3.704313765200279440e-01 8.802794703751349870e-01 1.679870620575814488e+00 2.425365081090931518e+00 4.369538304384532168e+00 1.787017401453281451e+01 5.258594679976170916e+00 2.529348005394496668e-01 1.667029563276314560e-02
0.000000000000000000e+00 4.139069628876460571e-01 1.207659448077327280e+00 1.974342623268968699e+00 2.505471110122562628e+00 4.098367007768136006e+00 1.532652225797940382e+01 5.571759254242504511e+00 1.614181272074497908e+00 4.279649766589267712e-02
0.000000000000000000e+00 2.262668557909372838e-02 1.096447978338820767e-01 1.478995946762724056e+00 2.224874847690323953e+00 4.282479554905386010e+00 6.052787862699393173e+00 3.077955827052346827e+00 7.930495430994112874e-03 8.587039917346997453e-02
0.000000000000000000e+00 1.313156514981368428e-01 8.278770276688527385e-01 2.372995174147739306e+00 5.943434369970953313e+00 1.547211102210699529e+01 4.966290638235556720e+00 4.244980851566503510e+00 2.474291813927095851e-01 1.300145903467332109e-01
0.000000000000000000e+00 8.051872401961982506e-01 5.647541087584899699e-01 3.929169848265436915e+00 7.079197398330794755e+00 1.401888488679774092e+01 4.387825696963033373e+00 3.415665848104068036e+00 1.688190280909847851e-01 8.890847390836793818e-02
0.000000000000000000e+00 3.704313765200279440e-01 8.802794703751349870e-01 1.643390199672830398e+00 2.826182698649938541e+00 4.369431795720857714e+00 1.787120759501696199e+01 4.943301992843164072e+00 2.110236289425702627e-01 1.667029563276314560e-02
0.000000000000000000e+00 1.092801686515678522e-03 1.313810327474904116e-01 5.639098983064720905e-01 4.677692812290214164e+00 2.672612894793785188e+01 1.234606363232076198e+01 9.540709897039310536e-03 2.110139522177564885e-04 3.566820820504548045e-03
0.000000000000000000e+00 1.092801686515678522e-03 8.790544637987234011e-02 2.618139864903324954e-01 3.912588826137257669e+00 3.144534169298373882e+01 9.055908255680968466e+00 1.884560999036045958e-02 2.110139522177564885e-04 3.566820820504548045e-03
0.000000000000000000e+00 1.530534446819437899e-01 8.454760665440727019e-01 2.518920982297533584e+00 5.320027607921774759e+00 1.529061288407401342e+01 5.254391613919406900e+00 3.891517733193569306e+00 2.474405353243936678e-01 1.300554992588359160e-01
0.000000000000000000e+00 2.262668557909372838e-02 6.616921146626401906e-02 4.443605465224832046e-02 1.979723326213056744e-01 9.015370534526510882e-02 1.971099705361135934e-02 6.213734314723219979e-04 6.078427641989703114e-04 5.345958693516644766e-03
0.000000000000000000e+00 1.092801686515678522e-03 1.965944122989134180e-01 1.938395253598532930e+00 1.791993956912277364e+00 4.593942330327531742e+00 1.895926219540961810e+01 7.472659831733733382e-01 4.987816997439669005e-03 5.994551055235577963e-02
0.000000000000000000e+00 1.092801686515678522e-03 1.531188259312973865e-01 1.338214708020515786e+00 2.561556579922517063e+00 4.282479554905386010e+00 6.384813003935392750e+00 2.175016779752589002e+00 7.952548987654827969e-03 2.680291822135033031e-01
0.000000000000000000e+00 1.092801686515678522e-03 1.313810327474904116e-01 2.270132020721122093e-02 1.803780969986343019e-01 1.334141699221975674e-01 3.416187467618700402e-02 6.106003849869242727e-04 6.106003849869242727e-04 5.387207563018242898e-03
0.000000000000000000e+00 2.262668557909372838e-02 2.269362509864800148e-02 9.811302652094316522e-04 2.227904566215160309e-01 2.198546721490033176e-02 6.117736794646909393e-03 7.320400923971376751e-04 7.320400923971376751e-04 6.383485971015869648e-03
0.000000000000000000e+00 1.092801686515678522e-03 1.313810327474904116e-01 1.355811286393613146e+00 2.465362256073815317e+00 4.490121698965403141e+00 6.384813003935392750e+00 1.885765936300594636e-01 5.497415430897383271e-01 8.570526450068849389e-02
0.000000000000000000e+00 6.610227194671179640e-02 1.096478951678717811e-01 1.320618124399769888e+00 2.561556579922517063e+00 4.178672865213220788e+00 6.217370184711081826e+00 2.175028469723930158e+00 7.926670202657252334e-03 2.671422372056811989e-01
0.000000000000000000e+00 1.092801686515678522e-03 1.313810327474904116e-01 5.111358317933525353e-01 3.583454958226794940e-01 3.147831013112816767e-01 2.541667690879252373e-01 1.276141251105835945e-03 1.304084719838832264e-03 1.186881175475071500e-02
0.000000000000000000e+00 2.262668557909372838e-02 1.531203842014980665e-01 2.027469734454601547e+00 3.069724238776830205e+00 6.537746026972002689e+00 1.061168316676670997e+01 3.427052317695093442e-01 7.116878447863728835e-03 8.020847258085804510e-02
0.000000000000000000e+00 1.092801686515678522e-03 1.531188259312973865e-01 1.591809231242553857e-01 1.334116058765167090e-01 1.204648505165690636e-01 1.154586559223514802e-01 4.027169666964711472e-04 4.116388713146402079e-04 3.577741295152925705e-03
0.000000000000000000e+00 2.262668557909372838e-02 6.616921146626401906e-02 4.445988505869768320e-02 2.155701412454648636e-01 6.129166422420442156e-02 5.280559681631621580e-03 6.199391530313852136e-04 6.064343798944251502e-04 5.325208573181368366e-03
0.000000000000000000e+00 1.092801686515678522e-03 1.313810327474904116e-01 3.527361948165672056e-01 4.260090556075149526e-01 2.317493274561429895e-01 4.096923019615842376e-01 1.274927321840945088e-03 1.302857491899920683e-03 1.193826795770082730e-02
0.000000000000000000e+00 2.262668557909372838e-02 6.616921146626401906e-02 4.445988505869768320e-02 1.979723326213056744e-01 5.719713090695952018e-02 1.968008754959033393e-02 6.192144712503231448e-04 6.057228259403469846e-04 5.137131115127857410e-03
0.000000000000000000e+00 1.092801686515678522e-03 1.965944122989134180e-01 1.426206195888886752e+00 2.128680523841622207e+00 4.490121698965403141e+00 1.787027336721172688e+01 7.473194408089605112e-01 1.287480583741989204e-01 5.994579136427808513e-02
0.000000000000000000e+00 1.092801686515678522e-03 1.965944122989134180e-01 2.680027133127580896e+00 4.589734117195235719e+00 2.436615263905346396e+01 8.437371504768968578e+00 9.328595960045288349e-02 2.377020460513788378e-04 1.330047663116363903e-02
0.000000000000000000e+00 2.262668557909372838e-02 6.616921146626401906e-02 6.617384783605531617e-02 1.803780969986343019e-01 5.722672779023296047e-02 1.963572741271172109e-02 6.057228259403469846e-04 6.057228259403469846e-04 5.270256490308591543e-03
0.000000000000000000e+00 1.092801686515678522e-03 1.096432395636813828e-01 2.183399327189546602e-01 3.766660563599698364e+00 2.981224135302126399e+01 1.245115029434167830e+01 2.110139522177564885e-04 2.110139522177564885e-04 3.566820820504548045e-03
0.000000000000000000e+00 1.092801686515678522e-03 1.313810327474904116e-01 1.943559171991381673e-01 1.478343247811755024e-01 1.557408662860991777e-01 5.013984532130783683e-02 4.019553881178862011e-04 4.108641930030876212e-04 3.595493544398389602e-03
0.000000000000000000e+00 2.262668557909372838e-02 6.616921146626401906e-02 4.445988505869768320e-02 1.803450351942668395e-01 3.962579010222970488e-02 2.399155780140311764e-02 7.538786916344401845e-04 2.944459475719529359e-02 5.225793660327602771e-03
0.000000000000000000e+00 2.262668557909372838e-02 8.790700465007304787e-02 1.966021395351456313e-01 3.912575576010293599e+00 3.198987255607634594e+01 9.144266034930188525e+00 2.110139522177564885e-04 2.110139522177564885e-04 3.566820820504548045e-03
0.000000000000000000e+00 1.092801686515678522e-03 1.748566191151064431e-01 1.320618124399769888e+00 2.561556579922517063e+00 2.024436264998123569e+00 4.801891537528407916e+00 6.714842579956386004e-01 3.394432805128475006e-01 7.790539673117634345e-02
0.000000000000000000e+00 2.262668557909372838e-02 1.748581773853050692e-01 1.391010578640569317e+00 2.224875951902266280e+00 4.490121698965403141e+00 1.677979423381258783e+01 5.995422627943444889e-03 5.995422627943444889e-03 6.972200772717855599e-02
0.000000000000000000e+00 1.092801686515678522e-03 1.313810327474904116e-01 2.270132020721122093e-02 1.803780969986343019e-01 4.433301917755504140e-03 6.166677915935130441e-03 7.356680498723839777e-04 1.833347667403153677e-02 6.339864690177962267e-03
0.000000000000000000e+00 2.262668557909372838e-02 6.616921146626401906e-02 4.443605465224832046e-02 2.155406524425834969e-01 6.131592314119040099e-02 5.147127776368539374e-03 6.064343798944251502e-04 6.064343798944251502e-04 1.974536343215931369e-02
0.000000000000000000e+00 2.262668557909372838e-02 6.616921146626401906e-02 2.138808524450845017e+00 3.007402049266875821e+00 6.537746026972002689e+00 1.224516640906355391e+01 1.501093774020006988e-01 6.041590212770175938e-03 2.137149588662810573e-01
0.000000000000000000e+00 2.262668557909372838e-02 1.313825910176890654e-01 4.583436697349527744e-01 6.347073890936408835e-01 4.065859751829414837e-01 4.106103951345973502e-01 4.394073523336624598e-01 2.172873989058441563e-03 2.070730536396502355e-02
0.000000000000000000e+00 1.092801686515678522e-03 1.313810327474904116e-01 1.767581085749806435e-01 1.478317607354946439e-01 7.575497952781359845e-02 4.340818871815142407e-03 5.103131040016557892e-04 4.992163263642198550e-04 4.340818871815142407e-03
0.000000000000000000e+00 1.092801686515678522e-03 1.096432395636813828e-01 2.116541088406703963e+00 7.189407019644932895e+00 1.855784696499109643e+01 9.213389207016485116e+00 1.571421619784143964e+00 2.377020460513788378e-04 1.321510620225823524e-02
0.000000000000000000e+00 2.262668557909372838e-02 1.531203842014980665e-01 1.443802784768880576e+00 2.176777685765973303e+00 4.386134695798749483e+00 1.696278267704682108e+01 5.985897441286278792e-03 1.500447397637436064e-01 6.974350493298878129e-02
0.000000000000000000e+00 1.092801686515678522e-03 1.748566191151064431e-01 1.443802784768880576e+00 2.176777685765973303e+00 4.386300773937355402e+00 1.768728492397749008e+01 5.946809676594026414e-03 1.500056519990513315e-01 6.977793695531117613e-02
0.000000000000000000e+00 1.092801686515678522e-03 1.313810327474904116e-01 1.767581085749806435e-01 1.334116058765167090e-01 4.688813989833098828e-02 1.971691755746319760e-02 6.112774144664223598e-04 6.112774144664223598e-04 5.306817611526410371e-03
0.000000000000000000e+00 1.092801686515678522e-03 1.313810327474904116e-01 9.874407821479733605e-04 1.803745239971482062e-01 1.334116058765167090e-01 1.959714974906164031e-02 6.092314568283717976e-04 6.092314568283717976e-04 5.276589875133816908e-03
0.000000000000000000e+00 1.092801686515678522e-03 1.313810327474904116e-01 9.874407821479733605e-04 1.803745239971482062e-01 1.478317607354946439e-01 1.960706426569151090e-02 6.099183960411786766e-04 6.099183960411786766e-04 5.331764050451204100e-03
0.000000000000000000e+00 1.092801686515678522e-03 1.696502141981699685e+00 1.643390199672830398e+00 1.511624725990695861e+00 2.932813263530360981e+00 1.986437549988336926e+01 3.892468073704249854e+00 6.196769830073967783e-02 2.867464208685149493e-02
0.000000000000000000e+00 2.262668557909372838e-02 2.836679991950071256e-01 1.320625363566360955e+00 2.080583978891412666e+00 4.697596025821435539e+00 1.913927002824134860e+01 5.828765561986777755e+00 2.143931618584715704e+00 1.331206929069763886e-02
0.000000000000000000e+00 2.262668557909372838e-02 1.313825910176890654e-01 1.355812516644675059e+00 2.417265253707840511e+00 4.490121698965403141e+00 6.384813003935392750e+00 5.497475365614276077e-01 1.885583145265981309e-01 2.647265566483277266e-01
0.000000000000000000e+00 2.262668557909372838e-02 1.313825910176890654e-01 1.461399368389626696e+00 5.488012543015218236e-01 1.262895064468863904e+00 8.373460215992218902e-01 2.441174963010727395e-01 3.631926298805455804e-03 3.592510230591773601e-02
0.000000000000000000e+00 1.092801686515678522e-03 1.696502141981699685e+00 1.643390199672830398e+00 1.511624725990695861e+00 2.932813263530360981e+00 1.986437549988336926e+01 3.787381411683332200e+00 1.216761726067770721e-01 2.867464208685149493e-02
0.000000000000000000e+00 8.784006513051878517e-02 1.313872273874803487e-01 1.303022749993037355e+00 2.513459577556542257e+00 4.282479554905386010e+00 1.037640805436985048e+01 1.893977556782514282e-01 7.891632532813237094e-03 2.683794247153143964e-01
0.000000000000000000e+00 2.262668557909372838e-02 3.270227296719662169e-01 1.121469582136334964e+00 2.465200698331244666e+00 4.697762668360056182e+00 1.914001412340554964e+01 4.312830611259492741e+00 2.303787724140705429e+00 4.052784141152868114e-01
0.000000000000000000e+00 2.262668557909372838e-02 1.096447978338820767e-01 1.767581085749806435e-01 1.333873599839853485e-01 1.439863862670724415e-01 4.389408630916577687e-03 5.023923142540447128e-04 5.023923142540447128e-04 4.389408630916577687e-03
0.000000000000000000e+00 1.092801686515678522e-03 1.313810327474904116e-01 1.767581085749806435e-01 1.478317607354946439e-01 1.557192738871725490e-01 1.615633317076334979e-02 5.039249222499689882e-04 5.039249222499689882e-04 4.489159293398573176e-03
0.000000000000000000e+00 1.092801686515678522e-03 1.965944122989134180e-01 2.794016836718798302e+00 6.877949979334003316e+00 1.801290117714002648e+01 8.966555306988864160e+00 1.600507258400482469e+00 9.540709897039310536e-03 3.490522795068585430e-03
0.000000000000000000e+00 4.445352198794184223e-02 2.138737701761572296e+00 2.745381657477028003e+00 2.932899219644354183e+00 3.282436617357243236e+00 1.823143327985120266e+01 5.605304184229884967e+00 7.656414075677203668e-01 1.896235763657129481e-02
0.000000000000000000e+00 1.092801686515678522e-03 1.313810327474904116e-01 1.767774679343368793e-01 1.334116058765167090e-01 1.322157192118965929e-01 1.154353870857921793e-01 4.030927700085925008e-04 4.030927700085925008e-04 3.614636454815473108e-03
0.000000000000000000e+00 2.262668557909372838e-02 1.096447978338820767e-01 1.391006903641930581e+00 2.417265284156574712e+00 4.282494084245190180e+00 6.384744009825079836e+00 5.497534309289308085e-01 1.885645072392022892e-01 8.565356898128749508e-02
0.000000000000000000e+00 1.092801686515678522e-03 2.183322054827224468e-01 1.408609601737988992e+00 1.249743476753831795e+00 1.449298408333904664e+00 2.433873784666248152e+00 1.416149870977324032e-01 2.771040052235511641e-01 6.207326893717366595e-02
0.000000000000000000e+00 5.225959288066891473e-01 1.582113500028266895e+00 3.306093580801105603e+00 6.537746026972002689e+00 8.755325622348934189e+00 8.636157801083049534e+00 3.096242454875709704e+00 1.845420220581915904e+00 3.199741186146642935e-01
0.000000000000000000e+00 3.921691697038370283e-01 1.173176020355867211e+00 2.022492678953643708e+00 2.585652428765017774e+00 4.911337778371113849e+00 1.587436370464912194e+01 2.526349450273831732e+00 2.181221631975359454e+00 1.993627993605243814e-02
0.000000000000000000e+00 1.092801686515678522e-03 1.313810327474904116e-01 9.635270234042374706e-04 7.064410429204137643e-02 7.476873612141990422e-02 7.666811233185098773e-02 7.356680498723839777e-04 7.356680498723839777e-04 6.434933580733478986e-03
0.000000000000000000e+00 2.262668557909372838e-02 1.096447978338820767e-01 1.391006903641930581e+00 2.417265284156574712e+00 4.386300773937355402e+00 6.384130461140108181e+00 7.991122164379624304e-03 3.693314499931038553e-01 8.560124989173968635e-02
0.000000000000000000e+00 1.092801686515678522e-03 1.531188259312973865e-01 1.391027526815364679e+00 2.224876537674002730e+00 4.697762668360056182e+00 1.823252343324063673e+01 8.710055562900639314e-01 5.016550922191595485e-03 5.880870784920446542e-02
0.000000000000000000e+00 4.436447876290276066e-02 1.096463497065994219e-01 4.407458611107936131e-01 6.481372519002055466e-01 3.843169690900519742e-01 4.391939110842843497e-01 3.299660896247125219e-01 5.026840605953527413e-02 2.065552999624885658e-02
0.000000000000000000e+00 4.445352198794184223e-02 2.161006707854462583e+00 2.807546217017991452e+00 2.932865728926004945e+00 3.283843736378042166e+00 1.823231546283265558e+01 5.782805628282305932e+00 7.459598934438106399e-01 9.653647012476706743e-03
0.000000000000000000e+00 1.092801686515678522e-03 1.718239935165507770e+00 1.643391898257299255e+00 1.449197515253819457e+00 3.036619953222520873e+00 1.968295018237236604e+01 3.682294749662415878e+00 1.216825821559898019e-01 2.868893686926653891e-02
0.000000000000000000e+00 1.092801686515678522e-03 1.313810327474904116e-01 1.373409095017772419e+00 2.465362415632190718e+00 2.024447484875580461e+00 4.803458220783943133e+00 1.734502906405285538e-01 7.433975523640549976e-03 7.615848653450606187e-02
0.000000000000000000e+00 1.092801686515678522e-03 1.313810327474904116e-01 1.767774679343368793e-01 1.333873599839853485e-01 1.322355175717438158e-01 1.433579255253778495e-01 4.042001578380727028e-04 9.740473126530455744e-03 3.639954174419614101e-03
0.000000000000000000e+00 2.262668557909372838e-02 3.052849364881572436e-01 2.651541378645377645e+00 6.981750249249709661e+00 1.783158681653575783e+01 8.841729773526710190e+00 1.513261596780752338e+00 2.815235117470972492e-02 3.912098351270302046e-03
0.000000000000000000e+00 3.486935833362209691e-01 9.091188154232906493e-01 1.606911477354315387e+00 2.825792334912807124e+00 5.182374175339502287e+00 1.351488791022036295e+01 3.345136894729548782e+00 5.344279531818866280e-01 1.310979215414859178e-01
0.000000000000000000e+00 1.092801686515678522e-03 1.965944122989134180e-01 1.355814961392252549e+00 1.395666442173533195e+00 1.511618108257535065e+00 2.952958055129879522e+00 1.225528914269685465e+00 6.097029244863289704e-03 6.273762437832776373e-02
0.000000000000000000e+00 1.092801686515678522e-03 8.790544637987234011e-02 4.443605465224832046e-02 2.155701412454648636e-01 6.129166422420442156e-02 1.970071454060956517e-02 6.206588094959711831e-04 6.071410289809976756e-04 5.335594047559783296e-03
0.000000000000000000e+00 1.092801686515678522e-03 1.965944122989134180e-01 1.426206195888886752e+00 1.176782634947865613e+00 1.511631169590903490e+00 3.264276234174921854e+00 1.225527144549071634e+00 6.094659502133684993e-03 6.222655309966770854e-02
0.000000000000000000e+00 1.092801686515678522e-03 1.313810327474904116e-01 1.767581085749806435e-01 1.334116058765167090e-01 4.688813989833098828e-02 5.131976427951274317e-02 4.997558626741897348e-04 4.997558626741897348e-04 4.423329398689393281e-03
0.000000000000000000e+00 4.445352198794184223e-02 2.183275713947352425e+00 2.807706687106669374e+00 2.932848538058671739e+00 3.148322262684302153e+00 1.823231546283265558e+01 5.694441708469209829e+00 7.459720852632214516e-01 1.895857800386202205e-02
0.000000000000000000e+00 2.262668557909372838e-02 2.400715569367321556e-01 1.960668850158456378e+00 3.007402049266875821e+00 6.266765233765789311e+00 1.224199472476282402e+01 7.263623511492169893e-01 6.023413110103104616e-03 2.137433722216815490e-01
0.000000000000000000e+00 2.262668557909372838e-02 1.653028113884282391e+00 1.679868909101001284e+00 1.511523732077509230e+00 3.140426642914686539e+00 1.913927002824134860e+01 3.787397301154907581e+00 6.194146230081671450e-02 2.843541018921031185e-02
0.000000000000000000e+00 1.092801686515678522e-03 1.313810327474904116e-01 1.767581085749806435e-01 1.478317607354946439e-01 1.439684051918450614e-01 2.985736315388244910e-01 1.402153177198579327e-02 1.403499269662370624e-02 5.392722519758063812e-03
0.000000000000000000e+00 3.704313765200279440e-01 1.173174872226774967e+00 2.070587658665103969e+00 2.585652428765017774e+00 4.911337778371113849e+00 1.568982703479732876e+01 2.631444018924818273e+00 2.181221631975359454e+00 1.993627993605243814e-02
0.000000000000000000e+00 1.092801686515678522e-03 1.096432395636813828e-01 1.748643463513366025e-01 3.766647128992533400e+00 3.017526960278818393e+01 1.245115029434167830e+01 2.110139522177564885e-04 2.110139522177564885e-04 3.566820820504548045e-03
0.000000000000000000e+00 1.092801686515678522e-03 1.096432395636813828e-01 2.183399327189546602e-01 3.766660563599698364e+00 2.981224135302126399e+01 1.245115029434167830e+01 2.110139522177564885e-04 2.110139522177564885e-04 3.566820820504548045e-03
0.000000000000000000e+00 1.092801686515678522e-03 1.313810327474904116e-01 1.943752765584943754e-01 1.622544796401521050e-01 1.805441089298087665e-02 5.306817611526410371e-03 6.112774144664223598e-04 6.112774144664223598e-04 5.397466990686337722e-03
0.000000000000000000e+00 1.092801686515678522e-03 1.965944122989134180e-01 1.338217152768093499e+00 1.359186096196475679e+00 1.511631169590903490e+00 3.264276234174921854e+00 1.225527144549071634e+00 6.094659502133684993e-03 6.279051105921475140e-02
0.000000000000000000e+00 1.313156514981368428e-01 1.056648539782915952e+00 2.117614292368866558e+00 2.826174186260727250e+00 4.369614212270152898e+00 1.714452274656775899e+01 2.841593394065806244e+00 4.385079015571782812e-01 2.816898277643541115e-02
0.000000000000000000e+00 6.610227194671179640e-02 1.096478951678717811e-01 1.443802784768880576e+00 2.224874847690323953e+00 4.178672865213220788e+00 1.055543772727207319e+01 7.899617645265194846e-03 7.899617645265194846e-03 8.524152152852203235e-02
0.000000000000000000e+00 4.436447876290276066e-02 1.748597292580244822e-01 2.680029099813461269e+00 4.589730137607159755e+00 2.418461604536813780e+01 8.434934032140493088e+00 8.398295174946494857e-02 9.542602139372528131e-03 3.954665997645479686e-03
0.000000000000000000e+00 1.092801686515678522e-03 1.531188259312973865e-01 1.461418761311998882e+00 1.176782634947865613e+00 1.511631169590903490e+00 3.263868554434314451e+00 5.480751615335375249e-01 1.415962321161160775e-01 6.257664245999430830e-02
0.000000000000000000e+00 2.262668557909372838e-02 1.096447978338820767e-01 1.767581085749806435e-01 1.333873599839853485e-01 1.909898610483858339e-01 3.479537878462295088e-03 4.003925235283245987e-04 4.003925235283245987e-04 3.509553013234342767e-03
0.000000000000000000e+00 1.092801686515678522e-03 3.052833782179564803e-01 2.737063512091236550e+00 6.877929863421543111e+00 1.783154033005992645e+01 8.842866510167153749e+00 1.571421619784143964e+00 9.540709897039310536e-03 3.528566292015173668e-03
0.000000000000000000e+00 2.262668557909372838e-02 1.096447978338820767e-01 1.408604712266089853e+00 1.359186021270549327e+00 1.449305026067062352e+00 3.159655250228563972e+00 8.190577244603597373e-01 1.415941310483282700e-01 6.150895495014390563e-02
0.000000000000000000e+00 1.092801686515678522e-03 1.313810327474904116e-01 1.767581085749806435e-01 1.478075148429633112e-01 6.131052484993617518e-02 4.295750816508860613e-03 4.986727259203574880e-04 4.986727259203574880e-04 4.332659643934147313e-03
0.000000000000000000e+00 1.530534446819437899e-01 8.278782579199135405e-01 2.482438505333700363e+00 5.216916539919792761e+00 1.547224724218104974e+01 5.398415116816500436e+00 4.244980851566503510e+00 1.772180621088502162e-01 1.300421592856224606e-01
0.000000000000000000e+00 1.092801686515678522e-03 1.313810327474904116e-01 1.938415101247285222e+00 2.080580731304060293e+00 4.282479554905386010e+00 1.877701784733958590e+01 7.472751124086302044e-01 4.997485878142786213e-03 5.994692707746182569e-02
0.000000000000000000e+00 1.092801686515678522e-03 1.313810327474904116e-01 1.767581085749806435e-01 1.333873599839853485e-01 1.204846488764163004e-01 1.619766734865153990e-01 4.045625911811425801e-04 9.731888426467315625e-03 3.646246432310346498e-03
0.000000000000000000e+00 1.092801686515678522e-03 1.531188259312973865e-01 1.461418761311998882e+00 1.176782634947865613e+00 1.573950869514536777e+00 3.160520612511391381e+00 4.125847649304269504e-01 1.415982665193857293e-01 6.252221465968217651e-02
0.000000000000000000e+00 4.436447876290276066e-02 1.748597292580244822e-01 2.651531673915658249e+00 4.589734117195235719e+00 2.436615263905346396e+01 8.436145381876777094e+00 8.398295174946494857e-02 9.542602139372528131e-03 3.954665997645479686e-03
0.000000000000000000e+00 1.092801686515678522e-03 1.965944122989134180e-01 2.794016836718798302e+00 6.981756669026163209e+00 1.801285624053548418e+01 8.842859425553029951e+00 1.600507258400482469e+00 9.540709897039310536e-03 3.490522795068585430e-03
0.000000000000000000e+00 1.092801686515678522e-03 1.313810327474904116e-01 6.343011328031070706e-01 6.247895179168779123e+00 2.781521949864962195e+01 9.232641703235602293e+00 9.540709897039310536e-03 2.110139522177564885e-04 3.566820820504548045e-03
0.000000000000000000e+00 6.530226879095392123e-01 1.403969957125916102e+00 1.878156392251910445e+00 2.344998382415625304e+00 4.640328594180565425e+00 1.460077756838397001e+01 4.829537744483493711e+00 1.673920044048172961e+00 1.631038435823540730e-02
0.000000000000000000e+00 1.092801686515678522e-03 1.313810327474904116e-01 1.373409095017772419e+00 2.465362415632190718e+00 4.282494084245190180e+00 6.550756580443084509e+00 7.991122164379624304e-03 3.691620650957477823e-01 8.560124989173968635e-02
0.000000000000000000e+00 4.436447876290276066e-02 1.313841428904084507e-01 1.303039742143296875e+00 1.432146575033890867e+00 1.636276839096817204e+00 3.160520612511391381e+00 2.580431110580145848e+00 7.433975523640549976e-03 2.428691263134624412e-01
0.000000000000000000e+00 4.436447876290276066e-02 1.313841428904084507e-01 1.320618124399769888e+00 2.465362256073815317e+00 2.184653723735491937e+00 4.667485448384353752e+00 2.331613708674518559e+00 1.886104850987092574e-01 8.521786428629278543e-02
0.000000000000000000e+00 1.092801686515678522e-03 1.653026555614082405e+00 1.716347605672166265e+00 1.449305026067062352e+00 3.140280575715797884e+00 1.931995390630639875e+01 3.892483963175824346e+00 6.198057166294800718e-02 2.870277753196872478e-02
0.000000000000000000e+00 6.964982742771552715e-01 9.662978262363687287e-01 1.132680707224525074e+00 1.823247957121286067e+00 5.995571138293520619e+00 1.496661175543562372e+01 5.324360689353618170e+00 1.554497877207777989e+00 1.662711220623376909e-02
0.000000000000000000e+00 4.436447876290276066e-02 8.790855652279244703e-02 1.478995946762724056e+00 2.176777685765973303e+00 4.074880704860864178e+00 1.841454000556731785e+01 5.936788699649452224e-03 5.936788699649452224e-03 6.977793695531117613e-02
0.000000000000000000e+00 2.262668557909372838e-02 1.096447978338820767e-01 1.373409095017772419e+00 2.417265253707840511e+00 4.489955430676360493e+00 6.384813003935392750e+00 1.452674893889852381e+00 7.940370290661104974e-03 8.590573517230477851e-02
0.000000000000000000e+00 2.262668557909372838e-02 2.183337637529230990e-01 1.982936332790418366e+00 3.007402049266875821e+00 6.402255630368892447e+00 1.115611209493044420e+01 3.426862509717070737e-01 7.097467118261199977e-03 8.101022777254539287e-02
0.000000000000000000e+00 1.092801686515678522e-03 1.313810327474904116e-01 1.767774679343368793e-01 1.334116058765167090e-01 1.322355175717438158e-01 1.060486221842335958e-01 4.027169666964711472e-04 9.738964706601252463e-03 3.523041168893523492e-03
0.000000000000000000e+00 6.610227194671179640e-02 8.791010198406275233e-02 1.461399368389626696e+00 2.224874847690323953e+00 4.178506979242047947e+00 1.019574753235894526e+01 1.894134063088105668e-01 7.907496092899779852e-03 8.679781698747564278e-02
0.000000000000000000e+00 1.092801686515678522e-03 2.400699986665314756e-01 1.982936332790418366e+00 3.007402049266875821e+00 6.402042328102840685e+00 1.115611209493044420e+01 7.116878447863728835e-03 1.749015647097893478e-01 8.098790846092618345e-02
0.000000000000000000e+00 1.092801686515678522e-03 1.313810327474904116e-01 1.478995946762724056e+00 2.128680523841622207e+00 4.489955430676360493e+00 1.641754205291082158e+01 6.014180024454860059e-03 6.014180024454860059e-03 2.137565555277476936e-01
0.000000000000000000e+00 1.092801686515678522e-03 1.531188259312973865e-01 1.338214708020515786e+00 2.561556579922517063e+00 4.282313668934214057e+00 6.218800433317388965e+00 2.175022674120083099e+00 7.959691796935560587e-03 2.679823783587828578e-01
0.000000000000000000e+00 1.092801686515678522e-03 1.313810327474904116e-01 1.267822243272819893e+00 4.378451257893246407e+00 2.001061765630881339e+01 1.231325753674614987e+01 1.629592866403931861e+00 2.377020460513788378e-04 1.330047663116363903e-02
0.000000000000000000e+00 1.092801686515678522e-03 1.313810327474904116e-01 1.960684107340174842e+00 2.032482432184677723e+00 4.282479554905386010e+00 1.859551970930660048e+01 8.709877381910641203e-01 4.997485878142786213e-03 5.994692707746182569e-02
0.000000000000000000e+00 4.436447876290276066e-02 1.313841428904084507e-01 1.338215933023929161e+00 2.417265253707840511e+00 2.184782119784623777e+00 4.803520237481139432e+00 1.999584822939634687e+00 1.886157919003546013e-01 8.516068757448712334e-02
0.000000000000000000e+00 4.436447876290276066e-02 1.748597292580244822e-01 1.355816175865513173e+00 1.359125076303508761e+00 1.449298408333904664e+00 3.159298903536371661e+00 1.361017541152182320e+00 1.734771989129287317e-01 7.567992360894759685e-02
0.000000000000000000e+00 1.092801686515678522e-03 2.183322054827224468e-01 1.355816175865513173e+00 1.322705427326507532e+00 1.511624725990695861e+00 2.018647025897596148e+00 1.085028087246223127e-01 2.123086392630305075e-01 4.737903026699571279e-02
0.000000000000000000e+00 3.486935833362209691e-01 8.658583508463580936e-01 1.752872396733092364e+00 2.825914411676041738e+00 5.047066195285693446e+00 1.460083820659943754e+01 3.468789618557590160e+00 5.336187179933197244e-01 3.470938856089161861e-02
0.000000000000000000e+00 2.262668557909372838e-02 1.748581773853050692e-01 1.338217152768093499e+00 1.432146938002441861e+00 1.449298408333904664e+00 3.159705050437382035e+00 1.902979127564605744e+00 1.734644185172589947e-01 7.592311487556935301e-02
0.000000000000000000e+00 4.436447876290276066e-02 1.313841428904084507e-01 1.303020315775611282e+00 1.432085646284196434e+00 1.636276839096817204e+00 3.158893885229084653e+00 2.173959920770820453e+00 1.734575240673785212e-01 7.743641112991826725e-02
0.000000000000000000e+00 1.092801686515678522e-03 8.790544637987234011e-02 4.445988505869768320e-02 2.155701412454648636e-01 3.963200364789877528e-02 7.736070698550073788e-02 6.220830097491583492e-04 6.085395765079340113e-04 5.356302439853030152e-03
0.000000000000000000e+00 1.092801686515678522e-03 2.618077918503405321e-01 1.338220780328299719e+00 2.321070275750968026e+00 4.282313668934214057e+00 1.369581619245314030e+01 7.154413103529832368e-03 7.154413103529832368e-03 2.463971180178204379e-01
0.000000000000000000e+00 2.262668557909372838e-02 2.183337637529230990e-01 1.982936332790418366e+00 3.007402049266875821e+00 6.266765233765789311e+00 1.206353675000838876e+01 1.748623078577604129e-01 7.067534848839339412e-03 8.031286206285014051e-02
0.000000000000000000e+00 1.092801686515678522e-03 1.313810327474904116e-01 1.943559171991381673e-01 1.334141699221975674e-01 9.696493041053165507e-02 1.611606115428368402e-02 5.013500104406564935e-04 5.013500104406564935e-04 4.298717840608148703e-03
0.000000000000000000e+00 2.262668557909372838e-02 1.096447978338820767e-01 1.767581085749806435e-01 1.333873599839853485e-01 6.130829475730893707e-02 2.782622055695829419e-02 4.992163263642198550e-04 4.992163263642198550e-04 4.415021231943856359e-03
0.000000000000000000e+00 2.262668557909372838e-02 2.836679991950071256e-01 1.338223172190519339e+00 2.032406211273792618e+00 4.697596025821435539e+00 1.913927002824134860e+01 5.827341680735128371e+00 2.143931618584715704e+00 1.310014348777061716e-02
0.000000000000000000e+00 1.092801686515678522e-03 1.313810327474904116e-01 1.338232837128811026e+00 1.432146575033890867e+00 1.573957139173183695e+00 3.159655250228563972e+00 2.038471293888323377e+00 1.734644185172589947e-01 7.731411338861807203e-02
0.000000000000000000e+00 1.092801686515678522e-03 4.574479305046156297e-01 1.304352323174814698e-01 5.014321701331984293e+00 2.926712743734301370e+01 9.321005623048696620e+00 2.110139522177564885e-04 2.110139522177564885e-04 3.566820820504548045e-03
0.000000000000000000e+00 1.092801686515678522e-03 1.748566191151064431e-01 1.982931722268821417e+00 8.123678819556646502e+00 2.382102537162413469e+01 6.715575846574219909e+00 1.884560999036045958e-02 2.110139522177564885e-04 3.566820820504548045e-03
0.000000000000000000e+00 4.436447876290276066e-02 8.790855652279244703e-02 1.478995946762724056e+00 2.176617591477842062e+00 4.386300773937355402e+00 1.750727709114576314e+01 5.956730578237734962e-03 5.956730578237734962e-03 6.976216248012283294e-02
0.000000000000000000e+00 2.262668557909372838e-02 1.096447978338820767e-01 1.443800329514406400e+00 6.627916121350405643e-01 4.106610636597121666e-01 6.938345856340244477e-01 6.514116585761628442e-02 6.514149672907362798e-02 2.752671614703738542e-02
0.000000000000000000e+00 1.092801686515678522e-03 1.313810327474904116e-01 1.461417497497921714e+00 6.057964716524806281e-01 4.471440418784979332e-01 5.974595095173127479e-01 6.514042292769112175e-02 2.821107977293293816e-03 2.743042241653727287e-02
0.000000000000000000e+00 1.092801686515678522e-03 1.313810327474904116e-01 1.767774679343368793e-01 1.766720704534491537e-01 1.439521204522232756e-01 5.010989521830593735e-02 4.019553881178862011e-04 4.108641930030876212e-04 3.474273673104122731e-03
0.000000000000000000e+00 2.262668557909372838e-02 2.183337637529230990e-01 1.982936332790418366e+00 3.007402049266875821e+00 6.402255630368892447e+00 1.115611209493044420e+01 3.426862509717070737e-01 1.748821533801868666e-01 8.103179528835717516e-02
0.000000000000000000e+00 2.262668557909372838e-02 1.096447978338820767e-01 1.408604712266089853e+00 2.417265185371408887e+00 4.178672865213220788e+00 6.549395325947082291e+00 7.991122164379624304e-03 7.991122164379624304e-03 8.549475584686275220e-02
0.000000000000000000e+00 2.262668557909372838e-02 1.748581773853050692e-01 1.320619344143935114e+00 2.513459577556542257e+00 2.024308164183306502e+00 4.802975844987464882e+00 1.667559681703635555e+00 7.391779498087863720e-03 7.812744630925247402e-02
0.000000000000000000e+00 1.092801686515678522e-03 8.790544637987234011e-02 2.094270512265065332e+00 1.743893606788148087e+00 2.184782119784623777e+00 4.531452138814967334e+00 7.441379241405285221e-03 7.441379241405285221e-03 2.434489817479138507e-01
0.000000000000000000e+00 7.182360674609642448e-01 9.835400364823163599e-01 1.974344672834530856e+00 2.425299201795557913e+00 3.556614813031198530e+00 1.514777125243266376e+01 5.448097839046738500e+00 1.554516023062089136e+00 5.179593442892296840e-02
0.000000000000000000e+00 2.262668557909372838e-02 1.313825910176890654e-01 3.175418078193105176e-01 1.204846488764163004e-01 3.481810182307205626e-01 1.530495416495689098e-01 7.640068867082141406e-04 7.640068867082141406e-04 6.742779098970266838e-03
0.000000000000000000e+00 1.092801686515678522e-03 3.164465291364554123e+00 7.720151217123112364e-01 5.216859970234826172e+00 1.692400261230650216e+01 8.346332848852782149e+00 2.179032302613768568e+00 2.422376362837622968e-04 3.997468780175705838e-03
0.000000000000000000e+00 4.436447876290276066e-02 1.531219360742154256e-01 1.303040995214726383e+00 2.513459417998165968e+00 2.104609305909538097e+00 4.800813457758956737e+00 2.663635105411632953e+00 8.178431784205320368e-03 8.377902810294032832e-02
0.000000000000000000e+00 2.262668557909372838e-02 1.531203842014980665e-01 1.373411550272246595e+00 1.395666442173533195e+00 1.511618108257535065e+00 9.971195938263718306e-01 6.275403901173016719e-01 4.696119032456944585e-03 4.724209794191988609e-02
0.000000000000000000e+00 1.092801686515678522e-03 1.313810327474904116e-01 1.461417497497921714e+00 2.224875464664467728e+00 4.386300773937355402e+00 6.218800433317388965e+00 3.077950031448508206e+00 1.894210726237203768e-01 8.675504860913922645e-02
0.000000000000000000e+00 1.092801686515678522e-03 1.313810327474904116e-01 1.320615669145295712e+00 1.468626679344709141e+00 1.698596539020447382e+00 2.641537986053393183e+00 1.416106572732040159e-01 6.250050032142678326e-03 6.213068384104646069e-02
0.000000000000000000e+00 4.436447876290276066e-02 8.790855652279244703e-02 1.478995946762724056e+00 2.176617591477842062e+00 4.386300773937355402e+00 1.768802901914169112e+01 5.946809676594026414e-03 5.946809676594026414e-03 6.911091577451808354e-02
0.000000000000000000e+00 1.092801686515678522e-03 3.164465291364554123e+00 7.720151217123112364e-01 5.216859970234826172e+00 1.710550075033948048e+01 8.222636830717913625e+00 2.179032302613768568e+00 9.540709897039310536e-03 3.566820820504548045e-03
0.000000000000000000e+00 3.486935833362209691e-01 1.138691433978973988e+00 1.534000322367254032e+00 2.585688723158850788e+00 4.233995435271876495e+00 1.550776417437698562e+01 5.695488396888081617e+00 1.673895745612943964e+00 1.372795043252930669e-02
0.000000000000000000e+00 6.530226879095392123e-01 1.035260244018294973e+00 1.878150348985826890e+00 2.505480971671527168e+00 4.369376191958683542e+00 1.532658501431886044e+01 5.324343392955113607e+00 1.494783509034633529e+00 1.661204368262268055e-02
0.000000000000000000e+00 2.262668557909372838e-02 1.748581773853050692e-01 1.320619344143935114e+00 2.513459577556542257e+00 1.944146343149348866e+00 4.937322319839974938e+00 1.667559681703635555e+00 1.886261155004264889e-01 8.427234533071596700e-02
0.000000000000000000e+00 1.092801686515678522e-03 1.965944122989134180e-01 1.373412770016410933e+00 2.320990509381044120e+00 4.386300773937355402e+00 1.151634823085611181e+01 7.850092750428557323e-03 1.893482307834062350e-01 8.550481015700030218e-02
0.000000000000000000e+00 1.092801686515678522e-03 1.313810327474904116e-01 1.267822243272819893e+00 4.253811858045982497e+00 2.019217851129959485e+01 1.245859613214118866e+01 1.629592866403931861e+00 2.377020460513788378e-04 1.330047663116363903e-02
0.000000000000000000e+00 1.092801686515678522e-03 1.096432395636813828e-01 2.072003076220923834e+00 1.791990768712498960e+00 2.104609305909538097e+00 4.801891537528407916e+00 1.734465461416361265e-01 7.430145473689043698e-03 2.436286748360910748e-01
0.000000000000000000e+00 1.092801686515678522e-03 1.748566191151064431e-01 1.355813741648087545e+00 2.465362446080924919e+00 2.024436264998123569e+00 4.803520237481139432e+00 7.433975523640549976e-03 1.734465461416361265e-01 7.621608751176046914e-02
0.000000000000000000e+00 1.092801686515678522e-03 2.400699986665314756e-01 1.982961041803190660e+00 3.007402049266875821e+00 6.537746026972002689e+00 1.133767571889863923e+01 1.013805584689795314e+00 6.041590212770175938e-03 6.965611654382371232e-02
0.000000000000000000e+00 1.092801686515678522e-03 1.965944122989134180e-01 1.373412770016410933e+00 1.322705427326507532e+00 1.573944425914326484e+00 3.056764744822045188e+00 1.416039717242120188e-01 6.242799095065712511e-03 6.235665783699894521e-02
0.000000000000000000e+00 2.262668557909372838e-02 8.790700465007304787e-02 2.072027531746733153e+00 1.791990768712498960e+00 2.104609305909538097e+00 4.801891537528407916e+00 1.734465461416361265e-01 1.734427160916924560e-01 2.436875605003329393e-01
0.000000000000000000e+00 3.486935833362209691e-01 8.658583508463580936e-01 1.752828026575149911e+00 2.746012365226769170e+00 5.046883778736392046e+00 1.460381223988098576e+01 3.592501894885145930e+00 6.219826378064150507e-01 3.503795589987331732e-02
0.000000000000000000e+00 1.092801686515678522e-03 1.313810327474904116e-01 1.767774679343368793e-01 1.478317607354946439e-01 1.322175364965164357e-01 4.389408630916577687e-03 5.023923142540447128e-04 5.023923142540447128e-04 4.464606396091820237e-03
0.000000000000000000e+00 4.436447876290276066e-02 1.096463497065994219e-01 1.461418761311998882e+00 6.342935319949338790e-01 4.471388266237044662e-01 4.533999411136462321e-01 2.820311082567585840e-03 1.274597109298314657e-01 2.743042241653727287e-02
0.000000000000000000e+00 2.262668557909372838e-02 1.096447978338820767e-01 1.767581085749806435e-01 1.334116058765167090e-01 1.322157192118965929e-01 2.788309155653745028e-02 5.029073044521557888e-04 5.029073044521557888e-04 4.472808595565713925e-03
0.000000000000000000e+00 1.092801686515678522e-03 1.531188259312973865e-01 4.583436697349527744e-01 6.212756856792345239e-01 4.065856627664299339e-01 4.391939110842843497e-01 2.934856687217303195e-01 2.170660504962362760e-03 2.078439032551675572e-02
0.000000000000000000e+00 2.262668557909372838e-02 6.616921146626401906e-02 4.443605465224832046e-02 2.155701412454648636e-01 7.573607800016834979e-02 3.413115191258794118e-02 6.220830097491583492e-04 6.085395765079340113e-04 5.356302439853030152e-03
0.000000000000000000e+00 8.784006513051878517e-02 1.313872273874803487e-01 1.303022749993037355e+00 2.513459577556542257e+00 4.282479554905386010e+00 1.037640805436985048e+01 1.893977556782514282e-01 7.891632532813237094e-03 8.688128668233671692e-02
0.000000000000000000e+00 1.092801686515678522e-03 2.183322054827224468e-01 1.408609601737988992e+00 1.249743476753831795e+00 1.511618108257535065e+00 2.433107779240968771e+00 6.123212017336289795e-03 6.123212017336289795e-03 1.974477432086147177e-01
0.000000000000000000e+00 1.092801686515678522e-03 8.790544637987234011e-02 2.116539518357955618e+00 3.069724238776830205e+00 6.537746026972002689e+00 1.224211844151118456e+01 1.501093774020006988e-01 6.041590212770175938e-03 6.965611654382371232e-02
0.000000000000000000e+00 1.092801686515678522e-03 1.313810327474904116e-01 1.320615669145295712e+00 1.432146258441727049e+00 1.698602634928000343e+00 2.745293853742739376e+00 6.120260670099773176e-03 1.416106572732040159e-01 6.213068384104646069e-02
0.000000000000000000e+00 1.092801686515678522e-03 1.313810327474904116e-01 9.874407821479733605e-04 1.803745239971482062e-01 1.189914510175401202e-01 4.842752430996388746e-02 1.503007325501776008e-02 6.106003849869242727e-04 5.296762698485254009e-03
0.000000000000000000e+00 1.092801686515678522e-03 1.313810327474904116e-01 1.461398138138565672e+00 5.488016198568722581e-01 1.262898171217717191e+00 8.373140337562108293e-01 3.631996820677088102e-03 3.631996820677088102e-03 3.576926774529162051e-02
0.000000000000000000e+00 1.092801686515678522e-03 1.313810327474904116e-01 3.351383861924080443e-01 1.322355175717438158e-01 3.481651860765352935e-01 2.997968263219849550e-01 9.910092319005471030e-04 9.910092319005471030e-04 9.194014521326173556e-03
0.000000000000000000e+00 1.092801686515678522e-03 1.313810327474904116e-01 3.527555541759234692e-01 5.200160051701412378e-01 6.737334457440663504e-01 3.537512916762898807e-01 2.570052478187463962e-01 2.217342566273643612e-03 6.867427036092636772e-02
0.000000000000000000e+00 4.436447876290276066e-02 1.313841428904084507e-01 1.320618124399769888e+00 2.465362256073815317e+00 2.184653723735491937e+00 4.801891537528407916e+00 2.165597393557630035e+00 1.886104850987092574e-01 8.521786428629278543e-02
0.000000000000000000e+00 1.092801686515678522e-03 2.183322054827224468e-01 1.355816175865513173e+00 1.359185848229491400e+00 1.511618108257535065e+00 1.914891158208250621e+00 1.085028087246223127e-01 1.085019495708651471e-01 4.733365819690409093e-02
0.000000000000000000e+00 2.262668557909372838e-02 3.270227296719662169e-01 9.235551045534653447e-01 2.513297239294725927e+00 4.697762668360056182e+00 1.950301039947151338e+01 4.102641397746084273e+00 2.303750256017353504e+00 4.055437057749059493e-01
0.000000000000000000e+00 1.092801686515678522e-03 1.531188259312973865e-01 1.338214708020515786e+00 2.513459417998165968e+00 4.386300773937355402e+00 6.218800433317388965e+00 2.175022674120083099e+00 1.894578298299218200e-01 8.653104418052565139e-02
0.000000000000000000e+00 2.262668557909372838e-02 6.616921146626401906e-02 4.443605465224832046e-02 2.155701412454648636e-01 6.131592314119040099e-02 5.280559681631621580e-03 6.199391530313852136e-04 6.064343798944251502e-04 5.325208573181368366e-03
0.000000000000000000e+00 8.784006513051878517e-02 1.096494342036713199e-01 1.408608387264728368e+00 2.224875464664467728e+00 4.282494084245190180e+00 1.823244904442703884e+01 1.287928246420656786e-01 5.080461571219746508e-03 5.879630318251186094e-02
0.000000000000000000e+00 1.092801686515678522e-03 1.531188259312973865e-01 1.443801559765468312e+00 5.772990457546770537e-01 1.262895064468863904e+00 7.747864323440977197e-01 5.647647440583907219e-01 8.379331435320559740e-02 4.671951018852935067e-02
0.000000000000000000e+00 2.262668557909372838e-02 1.096447978338820767e-01 1.355811286393613146e+00 2.561556579922517063e+00 4.282479554905386010e+00 1.019582258290416910e+01 1.894056341258774645e-01 7.899617645265194846e-03 8.603939107817945575e-02
0.000000000000000000e+00 1.530534446819437899e-01 8.791621943325669819e-02 1.267828341935373526e+00 2.513459417998165968e+00 2.024447484875580461e+00 4.938405031762354902e+00 2.829647676029628300e+00 8.002812135721204881e-03 8.538581169510219004e-02
0.000000000000000000e+00 1.092801686515678522e-03 1.313810327474904116e-01 3.527555541759234692e-01 7.152840031415339528e-01 4.510864295333424923e-01 2.966370580687493486e-01 1.640521239984438174e-03 1.676356902573262597e-03 1.526964204762802993e-02
0.000000000000000000e+00 2.262668557909372838e-02 1.097656537245410013e-01 3.351383861924080443e-01 1.439863862670724415e-01 3.380191436501769342e-01 1.261029407551998993e-01 1.800465807794925793e-02 7.808105033309778627e-04 6.802569764853944566e-03
0.000000000000000000e+00 4.436447876290276066e-02 8.790855652279244703e-02 1.391006903641930581e+00 2.465362446080924919e+00 4.074866175521059120e+00 6.549327779408799621e+00 7.997016531874227840e-03 7.997016531874227840e-03 8.544058822354891336e-02
0.000000000000000000e+00 1.092801686515678522e-03 6.616765319606536522e-02 2.094268935619389094e+00 1.743815625933148317e+00 2.184792885850434629e+00 4.530851130030649543e+00 7.444953449375089904e-03 7.444953449375089904e-03 7.737551066628788055e-02
0.000000000000000000e+00 1.092801686515678522e-03 1.965944122989134180e-01 1.982957890899557096e+00 3.132046258508256908e+00 6.537319030750171400e+00 1.133691025382457340e+01 1.748821533801868666e-01 1.748722851246446164e-01 8.105260564329538897e-02
0.000000000000000000e+00 2.262668557909372838e-02 1.096447978338820767e-01 1.461398138138565672e+00 6.627913234480891091e-01 4.106584057207205429e-01 6.461265377614082706e-01 2.821465933982872376e-03 6.520237894284897084e-02 2.749475902681005821e-02
0.000000000000000000e+00 1.313156514981368428e-01 1.056648539782915952e+00 2.117614292368866558e+00 2.826174186260727250e+00 4.369614212270152898e+00 1.696151037294879771e+01 2.841601453495077756e+00 4.384586404367175616e-01 3.427665870829760958e-02
0.000000000000000000e+00 2.262668557909372838e-02 1.531203842014980665e-01 1.355813741648087545e+00 1.432146938002441861e+00 1.511618108257535065e+00 9.971195938263718306e-01 7.313470798094670045e-01 4.695259878704666559e-03 4.728801363367221566e-02
0.000000000000000000e+00 1.092801686515678522e-03 1.313810327474904116e-01 4.055489800483991769e-01 6.615405828507932018e-01 1.768579184340857147e-01 2.761988766216085800e-01 2.977415712466014927e-02 5.830011733045790262e-02 1.183134943602004614e-02
0.000000000000000000e+00 2.262668557909372838e-02 1.096447978338820767e-01 1.426202520890248238e+00 2.321070633378851777e+00 4.386300773937355402e+00 6.216758656270414463e+00 1.633266259723035185e+00 7.940370290661104974e-03 8.590573517230477851e-02
0.000000000000000000e+00 1.092801686515678522e-03 1.965944122989134180e-01 1.373412770016410933e+00 1.286225006423525219e+00 1.636270569438167399e+00 3.056764744822045188e+00 1.416039717242120188e-01 6.111739523458334551e-03 6.235665783699894521e-02
0.000000000000000000e+00 2.262668557909372838e-02 1.313825910176890654e-01 1.355812516644675059e+00 2.417265253707840511e+00 4.490121698965403141e+00 6.384813003935392750e+00 1.091503950958484070e+00 1.885391341263924214e-01 8.585657188013924579e-02
0.000000000000000000e+00 4.436447876290276066e-02 1.096463497065994219e-01 1.355812516644675059e+00 2.513459577556542257e+00 4.282479554905386010e+00 6.051424711539021395e+00 1.885882836014010355e-01 7.997016531874227840e-03 8.544058822354891336e-02
0.000000000000000000e+00 2.262668557909372838e-02 1.313825910176890654e-01 1.408605942517150877e+00 2.176779147605796272e+00 4.697762668360056182e+00 1.750653088110870925e+01 9.947437348553582748e-01 1.287480583741989204e-01 1.836493763241129618e-01
0.000000000000000000e+00 7.834494470123892773e-01 5.781849973469210813e-01 3.929169848265436915e+00 7.079197398330794755e+00 1.401888488679774092e+01 4.511529281922868506e+00 3.343045077282445821e+00 1.928173099493581677e-01 6.898239229213003199e-02
0.000000000000000000e+00 4.436447876290276066e-02 1.965975224418334832e-01 1.338219576432008617e+00 2.369087671305395215e+00 4.282479554905386010e+00 1.351282774921891239e+01 1.749482172959360149e-01 7.154413103529832368e-03 8.086521842822848305e-02
0.000000000000000000e+00 1.092801686515678522e-03 1.748566191151064431e-01 1.408626593888248513e+00 6.627916121350405643e-01 1.214791291747243207e+00 7.745782483583212308e-01 6.449266014708675554e-01 1.085087335162376321e-01 4.681687565951164753e-02
0.000000000000000000e+00 3.486935833362209691e-01 8.946986605643132417e-01 1.606954249683546276e+00 2.826190987051961034e+00 4.911420595912641573e+00 1.678014108985751918e+01 3.051766718107641108e+00 7.536730446227765667e-02 3.498649889508723132e-02
0.000000000000000000e+00 4.436447876290276066e-02 1.313841428904084507e-01 1.338215933023929161e+00 1.286225231295950788e+00 1.823146571989443299e+00 3.055947917393945890e+00 2.580431110580145848e+00 7.433975523640549976e-03 7.615848653450606187e-02
0.000000000000000000e+00 2.262668557909372838e-02 1.313825910176890654e-01 1.443801559765468312e+00 5.772990457546770537e-01 1.310992226393214999e+00 7.124981941312527045e-01 6.449265650923520221e-01 1.085090622660651455e-01 4.676832133831878430e-02
0.000000000000000000e+00 3.486935833362209691e-01 8.225978862694249827e-01 1.716342355865609237e+00 2.986530534945901039e+00 5.182612031387424878e+00 1.369632154971607996e+01 3.345136894729548782e+00 6.220376171229512474e-01 4.272399938328318159e-02
0.000000000000000000e+00 2.262668557909372838e-02 1.096447978338820767e-01 1.478995946762724056e+00 2.224874847690323953e+00 4.282479554905386010e+00 6.216082060401356912e+00 3.077950031448508206e+00 7.922934590742678265e-03 8.591366378540483961e-02
0.000000000000000000e+00 1.092801686515678522e-03 1.313810327474904116e-01 4.446302714976398812e-02 1.803816257584887339e-01 2.200459036396144527e-02 2.378881090083870622e-02 6.050063760812606981e-04 6.050063760812606981e-04 5.215572553735139255e-03
0.000000000000000000e+00 1.092801686515678522e-03 8.790544637987234011e-02 4.443605465224832046e-02 4.890631110823440153e-02 9.236307111073656373e-02 4.147249508353435810e-02 7.338658914179793571e-04 7.338658914179793571e-04 2.400706788135734127e-02
0.000000000000000000e+00 1.092801686515678522e-03 1.313810327474904116e-01 9.874407821479733605e-04 1.803745239971482062e-01 1.334116058765167090e-01 1.959714974906164031e-02 6.092314568283717976e-04 6.092314568283717976e-04 5.276589875133816908e-03
0.000000000000000000e+00 2.262668557909372838e-02 1.965959705691140980e-01 1.408609601737988992e+00 2.080583361917268892e+00 4.593775873905125096e+00 1.805102529520765486e+01 8.710143344010751187e-01 5.025947986417602341e-03 1.836506695640404141e-01
0.000000000000000000e+00 1.092801686515678522e-03 1.313810327474904116e-01 1.943559171991381673e-01 1.622544796401521050e-01 3.609921490005084995e-03 6.307063297484136188e-02 5.002913272382392574e-04 5.689281642043119433e-04 4.431620058174196193e-03
0.000000000000000000e+00 1.092801686515678522e-03 1.748566191151064431e-01 1.338215933023929161e+00 2.513459577556542257e+00 4.282479554905386010e+00 6.218800433317388965e+00 1.885824879975625812e-01 1.885765936300594636e-01 8.554831095229062377e-02
0.000000000000000000e+00 2.262668557909372838e-02 1.531203842014980665e-01 1.443802784768880576e+00 2.128680523841622207e+00 4.386315009273237919e+00 1.732421529165026186e+01 5.976274004362237303e-03 5.976274004362237303e-03 2.138023472554426707e-01
0.000000000000000000e+00 1.747912378657528187e-01 8.791773262568990110e-02 1.267829545831665516e+00 2.369168091783486751e+00 2.184792885850434629e+00 4.938948617387054263e+00 2.663635105411632953e+00 8.008509313808729463e-03 8.533042983940865300e-02
0.000000000000000000e+00 1.092801686515678522e-03 1.313810327474904116e-01 3.527361948165672056e-01 4.377599243028435505e-01 1.243417215212745675e-01 3.171774022011399907e-01 9.926813462127770122e-04 1.014464130780403728e-03 3.150396046072983375e-02
0.000000000000000000e+00 1.092801686515678522e-03 1.313810327474904116e-01 1.938390603100915710e+00 2.080580731304060293e+00 4.282479554905386010e+00 1.877701784733958590e+01 8.709786973684651157e-01 4.987816997439669005e-03 5.994551055235577963e-02
0.000000000000000000e+00 2.262668557909372838e-02 1.313825910176890654e-01 4.583436697349527744e-01 6.212756856792345239e-01 4.065856627664299339e-01 4.390914007860535206e-01 4.394073523336624598e-01 5.027003591340943600e-02 2.073304001427470761e-02
0.000000000000000000e+00 1.092801686515678522e-03 1.531188259312973865e-01 1.443820952687840498e+00 1.140302682003396351e+00 1.698602634928000343e+00 3.055898360745216369e+00 6.115344841715077834e-03 6.115344841715077834e-03 6.224441176322691172e-02
0.000000000000000000e+00 1.092801686515678522e-03 1.096432395636813828e-01 4.446145940335590602e-02 1.803780969986343019e-01 1.334141699221975674e-01 1.965185837535827346e-02 6.234869981575388550e-04 6.099183960411786766e-04 5.376926946827598718e-03
0.000000000000000000e+00 4.436447876290276066e-02 1.096463497065994219e-01 1.461418761311998882e+00 1.249743476753831795e+00 4.932000396543151921e-01 7.749943338325775422e-01 3.631924594934231136e-03 8.379374562889549405e-02 3.545395719147045877e-02
0.000000000000000000e+00 2.264656660080180059e-02 1.096447978338820767e-01 1.355811286393613146e+00 1.395666372984105452e+00 1.698596539020447382e+00 3.056764744822045188e+00 1.496507937755286566e+00 1.734741292268963675e-01 7.712696760203227586e-02
0.000000000000000000e+00 1.092801686515678522e-03 1.313810327474904116e-01 1.767581085749806435e-01 1.333873599839853485e-01 1.322355175717438158e-01 1.713695924240336566e-01 4.416520728062174410e-04 4.416520728062174410e-04 3.980347217102339109e-03
0.000000000000000000e+00 1.092801686515678522e-03 1.313810327474904116e-01 3.351383861924080443e-01 1.322355175717438158e-01 3.481651860765352935e-01 2.997968263219849550e-01 9.910092319005471030e-04 2.326001532479010300e-02 9.207702066133882993e-03
0.000000000000000000e+00 1.092801686515678522e-03 1.965944122989134180e-01 1.373412770016410933e+00 2.321070633378851777e+00 4.386300773937355402e+00 1.133485009282312816e+01 1.893567553439423068e-01 7.850092750428557323e-03 8.707769450096543296e-02
0.000000000000000000e+00 1.092801686515678522e-03 1.313810327474904116e-01 1.250224434648660843e+00 4.440769750691239359e+00 2.001061765630881339e+01 1.231455645303478796e+01 1.629592866403931861e+00 2.377020460513788378e-04 1.330047663116363903e-02
0.000000000000000000e+00 2.262668557909372838e-02 1.096447978338820767e-01 3.351383861924080443e-01 1.322355175717438158e-01 3.278362308926184854e-01 3.171926316970107851e-01 9.904345867522937764e-04 9.904345867522937764e-04 9.022768538028679355e-03
0.000000000000000000e+00 1.092801686515678522e-03 1.313810327474904116e-01 1.767581085749806435e-01 1.478317607354946439e-01 1.674899443102912666e-01 1.807224070153111983e-01 2.077249015672046062e-02 4.540748744861790027e-04 4.027769908584393106e-03
0.000000000000000000e+00 2.262668557909372838e-02 3.270227296719662169e-01 9.235389702822686120e-01 2.513297239294725927e+00 4.697762668360056182e+00 1.950301039947151338e+01 4.102641397746084273e+00 2.353791552391479414e+00 3.912807121461289728e-01
0.000000000000000000e+00 2.262668557909372838e-02 1.096447978338820767e-01 1.373409095017772419e+00 2.417265253707840511e+00 4.490121698965403141e+00 6.384813003935392750e+00 5.497475365614276077e-01 5.498980849934945736e-01 8.423900401176007136e-02
0.000000000000000000e+00 1.092801686515678522e-03 1.313810327474904116e-01 1.767581085749806435e-01 1.478317607354946439e-01 1.204864695289778881e-01 7.484916267440260007e-02 4.007881871089635892e-04 4.007881871089635892e-04 3.576219684602153018e-03
0.000000000000000000e+00 1.092801686515678522e-03 1.313810327474904116e-01 3.351383861924080443e-01 1.204846488764163004e-01 3.481810182307205626e-01 1.531414600782233792e-01 5.248743417892342417e-02 3.524772594875720533e-02 7.035985587138591027e-03
0.000000000000000000e+00 1.092801686515678522e-03 1.531188259312973865e-01 1.443801559765468312e+00 2.272972626588818823e+00 4.178672865213220788e+00 6.218731439207084932e+00 3.258541298518035312e+00 7.922934590742678265e-03 8.671159702911052092e-02
0.000000000000000000e+00 2.262668557909372838e-02 1.748581773853050692e-01 1.338217152768093499e+00 1.432146938002441861e+00 1.511618108257535065e+00 2.952141227701780668e+00 1.632000104079004421e+00 1.734741292268963675e-01 7.712696760203227586e-02
0.000000000000000000e+00 1.092801686515678522e-03 1.313810327474904116e-01 1.767774679343368793e-01 1.478317607354946439e-01 1.322175364965164357e-01 1.900306373768190782e-01 6.142965844851770718e-02 4.547986213083833411e-04 3.938193695381343208e-03
0.000000000000000000e+00 2.262668557909372838e-02 1.096447978338820767e-01 1.767581085749806435e-01 1.334116058765167090e-01 1.439665879072252186e-01 2.789114602157272138e-02 5.034181764079257533e-04 1.225428687173655065e-02 4.489159293398573176e-03
0.000000000000000000e+00 1.092801686515678522e-03 1.313810327474904116e-01 1.767774679343368793e-01 1.333873599839853485e-01 1.204648505165690636e-01 1.433515835846425612e-01 4.038343721335374689e-04 9.740101155270918659e-03 3.510873574665629177e-03
0.000000000000000000e+00 4.436447876290276066e-02 1.313841428904084507e-01 1.338215933023929161e+00 2.465362415632190718e+00 2.104481056698778385e+00 4.801891537528407916e+00 1.999584822939634687e+00 1.886157919003546013e-01 8.516068757448712334e-02
0.000000000000000000e+00 2.262668557909372838e-02 6.616921146626401906e-02 4.443605465224832046e-02 1.803450351942668395e-01 3.962579010222970488e-02 2.388389285823616648e-02 7.538786916344401845e-04 1.833525510646102571e-02 5.304375421938933508e-03
0.000000000000000000e+00 1.092801686515678522e-03 1.531188259312973865e-01 1.461399368389626696e+00 1.176782634947865613e+00 1.573950869514536777e+00 3.159298903536371661e+00 5.480751615335375249e-01 1.415962321161160775e-01 6.145643313192593327e-02
0.000000000000000000e+00 1.092801686515678522e-03 1.531188259312973865e-01 1.443820952687840498e+00 1.176783102906378664e+00 1.698596539020447382e+00 2.952141227701780668e+00 6.115344841715077834e-03 1.416057414448257390e-01 6.230072098929807789e-02
0.000000000000000000e+00 2.262668557909372838e-02 6.616921146626401906e-02 4.443605465224832046e-02 2.155406524425834969e-01 6.129166422420442156e-02 1.961167062928267923e-02 6.071410289809976756e-04 6.071410289809976756e-04 5.335594047559783296e-03
0.000000000000000000e+00 4.436447876290276066e-02 1.531219360742154256e-01 1.320619344143935114e+00 1.359125204953979704e+00 1.698596539020447382e+00 9.175885449931336924e-01 1.354187737718228535e+00 6.121768804873205065e-03 6.201548923977628913e-02
0.000000000000000000e+00 1.092801686515678522e-03 1.313810327474904116e-01 3.351383861924080443e-01 1.322355175717438158e-01 3.380178552170159390e-01 1.530495416495689098e-01 1.800514931744634506e-02 3.524677641077185453e-02 7.014803852367149095e-03
0.000000000000000000e+00 1.092801686515678522e-03 1.965944122989134180e-01 1.373412770016410933e+00 2.369167795303202873e+00 4.282479554905386010e+00 1.206233295015631057e+01 7.823862526787931856e-03 7.823862526787931856e-03 8.557366604008870281e-02
0.000000000000000000e+00 2.262668557909372838e-02 1.096447978338820767e-01 1.355811286393613146e+00 1.468627214790071633e+00 1.511624725990695861e+00 3.056713922819225715e+00 9.545481210634705338e-01 6.101566512612351979e-03 1.981210846336692588e-01
0.000000000000000000e+00 1.092801686515678522e-03 1.313810327474904116e-01 1.767581085749806435e-01 1.334116058765167090e-01 6.130829475730893707e-02 1.972697247050435310e-02 4.986727259203574880e-04 4.986727259203574880e-04 4.406695618686467912e-03
0.000000000000000000e+00 2.262668557909372838e-02 1.653028113884282391e+00 1.679868909101001284e+00 1.511523732077509230e+00 3.140263003882072912e+00 1.913927002824134860e+01 3.787397301154907581e+00 6.198692728740651248e-02 2.843541018921031185e-02
0.000000000000000000e+00 1.092801686515678522e-03 8.790544637987234011e-02 1.982925481800615231e+00 8.227497016201155589e+00 2.400265972973116746e+01 6.933435595032420906e+00 9.540709897039310536e-03 2.110139522177564885e-04 3.566820820504548045e-03
0.000000000000000000e+00 2.262668557909372838e-02 1.531203842014980665e-01 1.391009358896404979e+00 2.272973471454500682e+00 4.490121698965403141e+00 1.659829609577960241e+01 6.004850008960871920e-03 6.004850008960871920e-03 6.839999624538257994e-02
0.000000000000000000e+00 2.262668557909372838e-02 2.836679991950071256e-01 1.320625363566360955e+00 2.080503944144266981e+00 4.697596025821435539e+00 1.913927002824134860e+01 5.828765561986777755e+00 2.143931618584715704e+00 1.331206929069763886e-02
0.000000000000000000e+00 4.436447876290276066e-02 1.096463497065994219e-01 1.461438345012177953e+00 6.057961060971301936e-01 4.471414845626943690e-01 5.012905154040072642e-01 2.820311082567585840e-03 6.514001100620099571e-02 2.644132401760802831e-02
0.000000000000000000e+00 1.092801686515678522e-03 1.313810327474904116e-01 1.767774679343368793e-01 1.334116058765167090e-01 1.322157192118965929e-01 6.309829397907397441e-02 9.727718358814498728e-03 4.007881871089635892e-04 3.515875653433700714e-03
0.000000000000000000e+00 2.262668557909372838e-02 1.531203842014980665e-01 1.426204976144722192e+00 6.627913234480891091e-01 4.105986838917359272e-01 6.457630568771859370e-01 2.521002656285106780e-01 2.822626215459748955e-03 8.966746333090663823e-02
0.000000000000000000e+00 2.262668557909372838e-02 1.313825910176890654e-01 4.583436697349527744e-01 6.347073890936408835e-01 4.065859751829414837e-01 4.107130919944318448e-01 4.394073523336624598e-01 9.836719783776269599e-02 2.075867204273378064e-02
0.000000000000000000e+00 2.262668557909372838e-02 6.616921146626401906e-02 4.443605465224832046e-02 2.155701412454648636e-01 2.200459036396144527e-02 6.298482542785642166e-03 7.538786916344401845e-04 7.374464823018738943e-04 6.460508275367367152e-03
0.000000000000000000e+00 1.092801686515678522e-03 1.313810327474904116e-01 1.767774679343368793e-01 1.478075148429633112e-01 1.204666678011878100e-01 3.493497465021326853e-01 5.911434021381237192e-04 5.911434021381237192e-04 5.401405851290621077e-03
0.000000000000000000e+00 1.313156514981368428e-01 8.454748362930110117e-01 2.555356163752176002e+00 4.905474714419869819e+00 1.547229157150823120e+01 5.542455337691026607e+00 3.979889092127216532e+00 2.471383291561671247e-01 1.300554992588359160e-01
0.000000000000000000e+00 4.436447876290276066e-02 1.313841428904084507e-01 1.303039742143296875e+00 1.432146575033890867e+00 1.698596539020447382e+00 3.055947917393945890e+00 2.309450317373930694e+00 1.734539498594008522e-01 7.749681205003991491e-02
0.000000000000000000e+00 4.436447876290276066e-02 1.096463497065994219e-01 1.355812516644675059e+00 2.465362415632190718e+00 4.282328006106584262e+00 6.216692495505807159e+00 8.002812135721204881e-03 8.002812135721204881e-03 8.538581169510219004e-02
0.000000000000000000e+00 1.092801686515678522e-03 1.313810327474904116e-01 1.320615669145295712e+00 2.657750197819873428e+00 4.282479554905386010e+00 5.719399570303023594e+00 1.885995798670748180e-01 8.008509313808729463e-03 8.533042983940865300e-02
0.000000000000000000e+00 2.262668557909372838e-02 1.096447978338820767e-01 3.351383861924080443e-01 1.322355175717438158e-01 1.982348811353857876e-01 1.360035035147853233e-01 1.402284681654371312e-02 5.915717304285196890e-04 5.317781262948619199e-03
0.000000000000000000e+00 1.092801686515678522e-03 1.313810327474904116e-01 3.351383861924080443e-01 1.322157192118965929e-01 1.982348811353857876e-01 1.360035035147853233e-01 1.402284681654371312e-02 2.745497855924033254e-02 5.334666945637242183e-03
0.000000000000000000e+00 1.092801686515678522e-03 1.313810327474904116e-01 1.767581085749806435e-01 1.478317607354946439e-01 9.015083456789069194e-02 4.311886733922907708e-03 4.997558626741897348e-04 4.997558626741897348e-04 4.348960790317790183e-03
0.000000000000000000e+00 1.092801686515678522e-03 1.313810327474904116e-01 1.767581085749806435e-01 1.333873599839853485e-01 1.439863862670724415e-01 2.782377245473772742e-01 2.077428025481510565e-02 1.403408711082367380e-02 5.375287260029971807e-03
0.000000000000000000e+00 1.092801686515678522e-03 1.313810327474904116e-01 1.767774679343368793e-01 1.622519155944725788e-01 1.557210614185007835e-01 1.714551634211360365e-01 7.159450893076474420e-02 4.456718713705921323e-04 4.019962215140963392e-03
0.000000000000000000e+00 4.436447876290276066e-02 1.096463497065994219e-01 1.461399368389626696e+00 5.772986801993252870e-01 1.262812953555659368e+00 7.752990599861866450e-01 2.441174963010727395e-01 1.639555683667242025e-01 3.600186150887363379e-02
0.000000000000000000e+00 1.313156514981368428e-01 1.039050731158757568e+00 2.117612428763639087e+00 2.826182698649938541e+00 4.369642129284739163e+00 1.696295740892854198e+01 2.736522774315666151e+00 4.384726732474539257e-01 3.430604360846756934e-02
0.000000000000000000e+00 1.530534446819437899e-01 8.454760665440727019e-01 2.518920982297533584e+00 5.009281404112031488e+00 1.547224724218104974e+01 5.542473959138956907e+00 3.891517733193569306e+00 2.474405353243936678e-01 1.300554992588359160e-01
0.000000000000000000e+00 1.092801686515678522e-03 1.965944122989134180e-01 1.426206195888886752e+00 2.176777685765973303e+00 4.386300773937355402e+00 1.787027336721172688e+01 7.473194408089605112e-01 5.044473414364037712e-03 5.994383420219555336e-02
0.000000000000000000e+00 6.610227194671179640e-02 1.096478951678717811e-01 1.320618124399769888e+00 2.561556579922517063e+00 4.178672865213220788e+00 6.217370184711081826e+00 2.175028469723930158e+00 7.926670202657252334e-03 2.679349164932848804e-01
0.000000000000000000e+00 2.262668557909372838e-02 1.096447978338820767e-01 3.527555541759234692e-01 7.287157065559403124e-01 4.510867589313702908e-01 2.966533706537360926e-01 1.641129552088977685e-03 1.641129552088977685e-03 1.529005272650267241e-02
0.000000000000000000e+00 2.262668557909372838e-02 1.531203842014980665e-01 1.426204976144722192e+00 2.224875464664467728e+00 4.386300773937355402e+00 1.696278267704682108e+01 5.985897441286278792e-03 1.500447397637436064e-01 6.974350493298878129e-02
0.000000000000000000e+00 1.530534446819437899e-01 8.278782579199135405e-01 2.518918926236682676e+00 5.216905806735774753e+00 1.529070423662081879e+01 5.398415116816500436e+00 4.244980851566503510e+00 1.772180621088502162e-01 1.300421592856224606e-01
0.000000000000000000e+00 3.921691697038370283e-01 8.802804306478873020e-01 1.643436419090268608e+00 2.665850544192812421e+00 5.046910992515751815e+00 1.677944817558736901e+01 2.946671919689164199e+00 7.536730446227765667e-02 3.498649889508723132e-02
0.000000000000000000e+00 2.262668557909372838e-02 1.313825910176890654e-01 3.175418078193105176e-01 1.322355175717438158e-01 3.481823328089748704e-01 4.560441431294693510e-02 5.924132945319603117e-04 1.402411670893818213e-02 5.435908476940372325e-03
0.000000000000000000e+00 2.262668557909372838e-02 1.096447978338820767e-01 1.391006903641930581e+00 2.417265284156574712e+00 4.386300773937355402e+00 6.384813003935392750e+00 1.885765936300594636e-01 3.691560716240500639e-01 8.565356898128749508e-02
0.000000000000000000e+00 2.262668557909372838e-02 1.096447978338820767e-01 4.231274293132021302e-01 6.749742272910609353e-01 8.337757186765144546e-01 5.622081534529537183e-01 2.172873989058441563e-03 9.836719783776269599e-02 2.094155526074116536e-02
0.000000000000000000e+00 1.092801686515678522e-03 8.790544637987234011e-02 2.005194487893504629e+00 8.227494561826574682e+00 2.400261486220391660e+01 6.788198975129521529e+00 1.884560999036045958e-02 2.110139522177564885e-04 3.566820820504548045e-03
0.000000000000000000e+00 2.262668557909372838e-02 1.096447978338820767e-01 5.111164724339962717e-01 3.278349172539695711e-01 1.243445434564068447e-01 2.482559450255366618e-01 4.553069353199293290e-02 4.553176490074864469e-02 9.288963196986228452e-03
0.000000000000000000e+00 1.092801686515678522e-03 1.313810327474904116e-01 3.527361948165672056e-01 5.082651364748125289e-01 3.492646856104068553e-01 4.104607048103977029e-01 2.977585878766263183e-02 1.278977269559459758e-03 1.174381817139420574e-02
0.000000000000000000e+00 3.486935833362209691e-01 8.514381959873801309e-01 1.789306710322487115e+00 2.825653812602014092e+00 4.369404190040151903e+00 1.478504695213899467e+01 3.592527452570890567e+00 3.459183162545532812e-03 4.275231207522395271e-02
0.000000000000000000e+00 2.262668557909372838e-02 1.096447978338820767e-01 1.767581085749806435e-01 1.333873599839853485e-01 1.909898610483858339e-01 2.213418954903376146e-02 4.011805566468784438e-04 4.011805566468784438e-04 3.522184015008371100e-03
0.000000000000000000e+00 1.092801686515678522e-03 1.748566191151064431e-01 1.338215933023929161e+00 2.513459577556542257e+00 2.024436264998123569e+00 4.802975844987464882e+00 6.714842579956386004e-01 5.056138589863913291e-01 7.796170001184345166e-02
0.000000000000000000e+00 3.486935833362209691e-01 8.514381959873801309e-01 1.789306710322487115e+00 2.826174186260727250e+00 4.369404190040151903e+00 1.460354881410601635e+01 3.468832216026925153e+00 6.220934910487886382e-01 4.228914393347057987e-02
0.000000000000000000e+00 1.092801686515678522e-03 1.313810327474904116e-01 3.351383861924080443e-01 1.322157192118965929e-01 1.982506156538621778e-01 1.360372622519370189e-01 8.118136388857356833e-02 7.620026071540575126e-04 6.999581047190876586e-03
0.000000000000000000e+00 1.092801686515678522e-03 1.313810327474904116e-01 1.767581085749806435e-01 1.333873599839853485e-01 1.439863862670724415e-01 2.884022021393362056e-01 4.456718713705921323e-04 4.555070381188812217e-04 4.054500096330649131e-03
0.000000000000000000e+00 1.092801686515678522e-03 1.531188259312973865e-01 1.461418761311998882e+00 1.213263055850848149e+00 1.386985326143431951e+00 3.264224921274636593e+00 4.125865346510405596e-01 1.416002344570152505e-01 6.246740663387254089e-02
0.000000000000000000e+00 1.092801686515678522e-03 1.313810327474904116e-01 3.527555541759234692e-01 7.287157065559403124e-01 4.510867589313702908e-01 1.541662411647156672e-01 1.279510184985872302e-03 1.307487084263339334e-03 1.207259542872887552e-02
0.000000000000000000e+00 1.092801686515678522e-03 1.313810327474904116e-01 1.767581085749806435e-01 3.962579010222970488e-02 6.129166422420442156e-02 3.407630395673089119e-02 6.078427641989703114e-04 6.078427641989703114e-04 1.976611355249322660e-02
0.000000000000000000e+00 6.610227194671179640e-02 1.313856883516787422e-01 1.408608387264728368e+00 2.176778302740116633e+00 4.490121698965403141e+00 1.037640805436985048e+01 7.899617645265194846e-03 1.893977556782514282e-01 8.688128668233671692e-02
0.000000000000000000e+00 1.092801686515678522e-03 1.313810327474904116e-01 1.767581085749806435e-01 1.333873599839853485e-01 1.322157192118965929e-01 1.247032738548059377e-01 4.034652406672948905e-04 4.034652406672948905e-04 3.559731469138712693e-03
0.000000000000000000e+00 2.262668557909372838e-02 2.138803774780707823e+00 2.869783347954676156e+00 2.932222963055975296e+00 3.285118996216928711e+00 1.841375105035410797e+01 5.871169548095401147e+00 6.095266768925241552e-01 9.653647012476706743e-03
0.000000000000000000e+00 6.312848947257301280e-01 1.426237562972708428e+00 1.878156392251910445e+00 2.345127067468555371e+00 4.640328594180565425e+00 1.478227570641695188e+01 4.829529053115773962e+00 1.673914047093703061e+00 1.629563083328332621e-02
0.000000000000000000e+00 1.092801686515678522e-03 4.442986001225633641e-02 6.619450981663446698e-02 1.141152224807244348e-01 5.720389005016837669e-02 2.382153242189577122e-02 7.329559416655675487e-04 7.329559416655675487e-04 2.399419356724738495e-02
0.000000000000000000e+00 1.092801686515678522e-03 1.313810327474904116e-01 1.461398138138565672e+00 2.272892591841673138e+00 4.282479554905386010e+00 6.052787862699393173e+00 3.619712241449402956e+00 7.907496092899779852e-03 8.520113842419409222e-02
0.000000000000000000e+00 1.092801686515678522e-03 2.400699986665314756e-01 1.960667326697528745e+00 3.007404538853199583e+00 6.537769631033288675e+00 1.133761023296342785e+01 7.107226826706938491e-03 7.107226826706938491e-03 8.023084482639704362e-02
0.000000000000000000e+00 2.262668557909372838e-02 2.618093501205391305e-01 1.320624170294265376e+00 2.321070275750968026e+00 4.178672865213220788e+00 1.314975811689168061e+01 7.190254032861316189e-03 7.190254032861316189e-03 8.000339855500103459e-02
0.000000000000000000e+00 4.436447876290276066e-02 1.748597292580244822e-01 2.680029099813461269e+00 4.589730137607159755e+00 2.418461604536813780e+01 8.436145381876777094e+00 8.398295174946494857e-02 9.542602139372528131e-03 3.954665997645479686e-03
0.000000000000000000e+00 6.610227194671179640e-02 1.096478951678717811e-01 1.373411550272246595e+00 2.321070861522706696e+00 4.490121698965403141e+00 6.384813003935392750e+00 1.452674893889852381e+00 7.940370290661104974e-03 2.657042864729903808e-01
0.000000000000000000e+00 1.092801686515678522e-03 1.965944122989134180e-01 1.373412770016410933e+00 1.286225006423525219e+00 1.636270569438167399e+00 3.056764744822045188e+00 1.416039717242120188e-01 6.111739523458334551e-03 1.978470544401095821e-01
0.000000000000000000e+00 1.092801686515678522e-03 1.313810327474904116e-01 4.446302714976398812e-02 1.099903912618537677e-01 4.394209613917237842e-03 2.367486851254418240e-02 7.338658914179793571e-04 7.338658914179793571e-04 2.389995494216805988e-02
0.000000000000000000e+00 1.092801686515678522e-03 1.313810327474904116e-01 6.343011328031070706e-01 6.247895179168779123e+00 2.763343341154572741e+01 9.232646783086826403e+00 1.884560999036045958e-02 2.110139522177564885e-04 3.566820820504548045e-03
0.000000000000000000e+00 1.092801686515678522e-03 1.313810327474904116e-01 9.874407821479733605e-04 7.064410429204137643e-02 7.476873612141990422e-02 7.666811233185098773e-02 1.833347667403153677e-02 7.365602372100257464e-04 6.447733423597167522e-03
0.000000000000000000e+00 1.092801686515678522e-03 1.965944122989134180e-01 1.373412770016410933e+00 2.369167795303202873e+00 4.282479554905386010e+00 1.206233295015631057e+01 7.823862526787931856e-03 7.823862526787931856e-03 2.670718040730749587e-01
0.000000000000000000e+00 1.092801686515678522e-03 1.965944122989134180e-01 1.320619344143935114e+00 1.432146914907883151e+00 1.511523732077509230e+00 3.158893885229084653e+00 1.767488730961501497e+00 1.734677392877097823e-01 7.586304352897438319e-02
0.000000000000000000e+00 1.092801686515678522e-03 1.313810327474904116e-01 5.111358317933525353e-01 3.278520630468041985e-01 2.975397203285782832e-01 3.653782585368094971e-01 2.977415712466014927e-02 1.305265534849457155e-03 4.039955454540169327e-02
0.000000000000000000e+00 1.092801686515678522e-03 1.313810327474904116e-01 1.767581085749806435e-01 1.333873599839853485e-01 1.204648505165690636e-01 1.899882127610725835e-01 4.420360322628734515e-04 4.420360322628734515e-04 3.919569668356784331e-03
0.000000000000000000e+00 2.262668557909372838e-02 1.096447978338820767e-01 1.478995946762724056e+00 5.202564353246927897e-01 5.201096968695059219e-01 5.014459379366181802e-01 6.883365714406473046e-01 3.631493775319036797e-03 3.529705330316989381e-02
0.000000000000000000e+00 2.262668557909372838e-02 1.748581773853050692e-01 1.426206195888886752e+00 2.176777685765973303e+00 4.386300773937355402e+00 1.714353460504274906e+01 5.976274004362237303e-03 1.500351163268161536e-01 6.843870326954330785e-02
0.000000000000000000e+00 2.262668557909372838e-02 1.531203842014980665e-01 2.027469734454601547e+00 3.069724238776830205e+00 6.402255630368892447e+00 1.079311581886447868e+01 1.749205455075915905e-01 7.126422437151037903e-03 8.018536365348014061e-02
0.000000000000000000e+00 1.092801686515678522e-03 1.313810327474904116e-01 1.943752765584943754e-01 1.334141699221975674e-01 1.322175364965164357e-01 1.993579632121048051e-01 2.077212097097113491e-02 4.439004465472273114e-04 4.021045175869612277e-03
0.000000000000000000e+00 1.092801686515678522e-03 2.183322054827224468e-01 1.355816175865513173e+00 2.369167795303202873e+00 4.178506979242047947e+00 1.387575066902360099e+01 1.749390993654554582e-01 7.294593641012613039e-03 8.089121839331425701e-02
0.000000000000000000e+00 1.092801686515678522e-03 1.313810327474904116e-01 1.767581085749806435e-01 1.334116058765167090e-01 1.557174566025538442e-01 1.340432417542129218e-01 9.731888426467315625e-03 4.049216655323605940e-04 3.584470986369288088e-03
0.000000000000000000e+00 1.092801686515678522e-03 1.096432395636813828e-01 4.574556577408478431e-01 3.547845315340463657e+00 2.890466189234900796e+01 1.245115029434167830e+01 2.110139522177564885e-04 2.110139522177564885e-04 3.566820820504548045e-03
0.000000000000000000e+00 1.092801686515678522e-03 1.313810327474904116e-01 3.527555541759234692e-01 1.204864695289778881e-01 3.481651860765352935e-01 3.343378934494813937e-01 2.326113872343154448e-02 9.926813462127770122e-04 9.155510750682341325e-03
0.000000000000000000e+00 4.436447876290276066e-02 4.443297015517439635e-02 2.094270512265065332e+00 1.791990768712498960e+00 2.104481056698778385e+00 4.260471345608752181e+00 1.734610135315785562e-01 7.444953449375089904e-03 7.737551066628788055e-02
0.000000000000000000e+00 1.092801686515678522e-03 2.183322054827224468e-01 1.982934802629782611e+00 3.069724238776830205e+00 6.266765233765789311e+00 1.224427140077705012e+01 8.704211934716742372e-01 6.014180024454860059e-03 6.904197217535668063e-02
0.000000000000000000e+00 3.704313765200279440e-01 8.946996252341121725e-01 1.643436419090268608e+00 2.746012365226769170e+00 5.046883778736392046e+00 1.677951030244032182e+01 2.841577043917620227e+00 2.753339130584667692e-03 3.500013161317662436e-02
0.000000000000000000e+00 3.486935833362209691e-01 8.658583508463580936e-01 1.679867184769183952e+00 2.665607055978419737e+00 5.046964246354789019e+00 1.641632604660181016e+01 2.841617342966652249e+00 3.658587079157609168e-01 3.500013161317662436e-02
0.000000000000000000e+00 4.436447876290276066e-02 1.313841428904084507e-01 1.355813741648087545e+00 1.359186096196475679e+00 1.573950869514536777e+00 9.970813250864835053e-01 1.085074614122881198e-01 4.700251964338894237e-03 4.696098511829181060e-02
0.000000000000000000e+00 1.092801686515678522e-03 1.313810327474904116e-01 1.461398138138565672e+00 5.772990457546770537e-01 1.262895064468863904e+00 8.373460215992218902e-01 8.379385423315401094e-02 8.379385466947525396e-02 3.588643180862777921e-02
0.000000000000000000e+00 1.092801686515678522e-03 1.313810327474904116e-01 1.461417497497921714e+00 1.213263523809362310e+00 1.573950869514536777e+00 3.159298903536371661e+00 2.770943683273226488e-01 1.416002344570152505e-01 6.246740663387254089e-02
0.000000000000000000e+00 1.313156514981368428e-01 1.056648539782915952e+00 2.117614292368866558e+00 2.826174186260727250e+00 4.369614212270152898e+00 1.696302460853478067e+01 2.841601453495077756e+00 4.384586404367175616e-01 3.427665870829760958e-02
0.000000000000000000e+00 4.436447876290276066e-02 1.313841428904084507e-01 1.303039742143296875e+00 2.561556291378213057e+00 2.024447484875580461e+00 4.937322319839974938e+00 2.497622534793629612e+00 1.887696771593075917e-01 8.377902810294032832e-02
0.000000000000000000e+00 2.262668557909372838e-02 1.748581773853050692e-01 1.355814961392252549e+00 1.395666442173533195e+00 1.511618108257535065e+00 2.952958055129879522e+00 9.545481210634705338e-01 1.415919631157166181e-01 6.268434934975666839e-02
0.000000000000000000e+00 2.262668557909372838e-02 2.618093501205391305e-01 1.320643762110811359e+00 2.321070275750968026e+00 4.178672865213220788e+00 1.296974821047569826e+01 3.427683253802745189e-01 7.181451070268725020e-03 8.003152355990579558e-02
0.000000000000000000e+00 2.262668557909372838e-02 1.748581773853050692e-01 1.338217152768093499e+00 1.432146938002441861e+00 1.449298408333904664e+00 2.952091671053056032e+00 1.632001808116103403e+00 1.734771989129287317e-01 7.637075617538251204e-02
0.000000000000000000e+00 2.262668557909372838e-02 1.748581773853050692e-01 1.338217152768093499e+00 1.432146938002441861e+00 1.449197515253819457e+00 3.158893885229084653e+00 2.038469524167716429e+00 3.394735841495820639e-01 7.743641112991826725e-02
0.000000000000000000e+00 1.092801686515678522e-03 1.313810327474904116e-01 3.527361948165672056e-01 1.322373382243064999e-01 3.380191436501769342e-01 2.137088140628648492e-01 7.649696208743374031e-04 7.649696208743374031e-04 7.004166590177452086e-03
0.000000000000000000e+00 2.262668557909372838e-02 1.096447978338820767e-01 1.408604712266089853e+00 2.417185018150946885e+00 4.282479554905386010e+00 6.384130461140108181e+00 1.885765936300594636e-01 8.154330009687182912e-03 8.554831095229062377e-02
0.000000000000000000e+00 1.092801686515678522e-03 1.313810327474904116e-01 1.461398138138565672e+00 5.488016198568722581e-01 1.262898171217717191e+00 8.373140337562108293e-01 3.631996820677088102e-03 3.631996820677088102e-03 1.159310887792490974e-01
0.000000000000000000e+00 1.092801686515678522e-03 1.313810327474904116e-01 1.767581085749806435e-01 1.478317607354946439e-01 9.696493041053165507e-02 4.365192458955059231e-03 5.008227123928970029e-04 5.008227123928970029e-04 1.604166126626773922e-02
0.000000000000000000e+00 1.092801686515678522e-03 1.313810327474904116e-01 1.478995946762724056e+00 2.080503373198144157e+00 2.264954706884392266e+00 1.292688775847416593e+00 6.120260670099773176e-03 6.120260670099773176e-03 6.096695468666246676e-02
0.000000000000000000e+00 2.262668557909372838e-02 1.748581773853050692e-01 1.373412770016410933e+00 2.176779147605796272e+00 4.697762668360056182e+00 1.841402157127362216e+01 7.472931060652493462e-01 1.287201358820264929e-01 5.994765790416921314e-02
0.000000000000000000e+00 1.092801686515678522e-03 1.313810327474904116e-01 1.767774679343368793e-01 1.334116058765167090e-01 1.204648505165690636e-01 2.272679543335172914e-01 4.435349728031134941e-04 2.078229104343956579e-02 1.419224750054282579e-02
0.000000000000000000e+00 2.262668557909372838e-02 1.748581773853050692e-01 1.320619344143935114e+00 2.513459577556542257e+00 2.024308164183306502e+00 4.801891537528407916e+00 1.667559681703635555e+00 7.391779498087863720e-03 7.812744630925247402e-02
0.000000000000000000e+00 4.436447876290276066e-02 1.313841428904084507e-01 1.303020315775611282e+00 1.432146575033890867e+00 1.698596539020447382e+00 3.056764744822045188e+00 2.309450317373930694e+00 1.734539498594008522e-01 7.749681205003991491e-02
0.000000000000000000e+00 3.486935833362209691e-01 8.514381959873801309e-01 1.789351029646060853e+00 2.826174186260727250e+00 5.047066195285693446e+00 1.460235270217303594e+01 3.468789618557590160e+00 5.336187179933197244e-01 1.076635208375593539e-01
0.000000000000000000e+00 1.092801686515678522e-03 8.790544637987234011e-02 2.094270512265065332e+00 1.743893606788148087e+00 2.184782119784623777e+00 4.531452138814967334e+00 7.441379241405285221e-03 7.441379241405285221e-03 7.743641112991826725e-02
0.000000000000000000e+00 1.092801686515678522e-03 8.790544637987234011e-02 2.094270512265065332e+00 1.743893606788148087e+00 2.184782119784623777e+00 4.530910744322192762e+00 7.441379241405285221e-03 7.441379241405285221e-03 2.434489817479138507e-01
0.000000000000000000e+00 2.262668557909372838e-02 1.096447978338820767e-01 1.461417497497921714e+00 1.286224365615328491e+00 5.413750689434938534e-01 8.359164535881142832e-01 8.854120645727437955e-01 4.700771720122749048e-03 4.691320881285655775e-02
0.000000000000000000e+00 1.747912378657528187e-01 6.617993944188087230e-02 1.285426150559532799e+00 2.513459577556542257e+00 1.944274443964166599e+00 4.938948617387054263e+00 2.663635105411632953e+00 1.885939807794885514e-01 8.538581169510219004e-02
0.000000000000000000e+00 1.092801686515678522e-03 2.400699986665314756e-01 1.355817385056166557e+00 2.321070275750968026e+00 4.282313668934214057e+00 1.351282774921891239e+01 1.749482172959360149e-01 7.154413103529832368e-03 7.861243175589481547e-02
0.000000000000000000e+00 2.262668557909372838e-02 1.313825910176890654e-01 1.355812516644675059e+00 2.369168091783486751e+00 4.593942330327531742e+00 6.384813003935392750e+00 1.091503950958484070e+00 7.953662660712571691e-03 8.580676976344735196e-02
0.000000000000000000e+00 1.092801686515678522e-03 1.965944122989134180e-01 1.355814961392252549e+00 2.369168023447057347e+00 4.386134695798749483e+00 1.151783853605736674e+01 1.893482307834062350e-01 7.841459050354899346e-03 8.550481015700030218e-02
0.000000000000000000e+00 1.092801686515678522e-03 1.313810327474904116e-01 3.351383861924080443e-01 1.204846488764163004e-01 3.481638724378859906e-01 3.343859003738870461e-01 9.915752527847362507e-04 9.915752527847362507e-04 3.139756262640452933e-02
0.000000000000000000e+00 1.092801686515678522e-03 1.313810327474904116e-01 1.338213477769454984e+00 2.609653453302564596e+00 4.178506979242047947e+00 5.884667354269807582e+00 8.014108401386490707e-03 8.014108401386490707e-03 8.372489767333458899e-02
0.000000000000000000e+00 4.436447876290276066e-02 1.313841428904084507e-01 1.338215933023929161e+00 2.417265253707840511e+00 2.184782119784623777e+00 4.803520237481139432e+00 1.833572252321631124e+00 1.886210019267622329e-01 8.510291950756181112e-02
0.000000000000000000e+00 1.092801686515678522e-03 1.313810327474904116e-01 1.391006903641930581e+00 1.432146938002441861e+00 1.449298408333904664e+00 7.562822263673955048e-01 4.702043824072256115e-03 2.123154232083981074e-01 4.686517190379343306e-02
0.000000000000000000e+00 1.092801686515678522e-03 1.313810327474904116e-01 1.943559171991381673e-01 1.334141699221975674e-01 1.556994501187421165e-01 4.080616843967844326e-02 9.728506391933051597e-03 4.104717598912891959e-04 3.589083404895523216e-03
0.000000000000000000e+00 2.262668557909372838e-02 1.096447978338820767e-01 3.879511714242400711e-01 6.884246556299093989e-01 8.337276562876422270e-01 5.623216370380592632e-01 2.172350926266076836e-03 2.172350926266076836e-03 6.859711378496267942e-02
0.000000000000000000e+00 1.092801686515678522e-03 1.313810327474904116e-01 1.767581085749806435e-01 1.333873599839853485e-01 1.204648505165690636e-01 2.179701902669302083e-01 4.431657870537908232e-04 4.431657870537908232e-04 3.939521854493965684e-03
0.000000000000000000e+00 2.262668557909372838e-02 1.965959705691140980e-01 1.408609601737988992e+00 2.080583361917268892e+00 4.593942330327531742e+00 1.805102529520765486e+01 8.710143344010751187e-01 5.025947986417602341e-03 5.994708460420551666e-02
0.000000000000000000e+00 3.486935833362209691e-01 8.370180411284030564e-01 1.752824539473035514e+00 3.066676450153837497e+00 4.233885795355572412e+00 1.442205067607303270e+01 3.468840479689383915e+00 4.453021329009473339e-01 4.273400172839041805e-02
0.000000000000000000e+00 1.092801686515678522e-03 2.618077918503405321e-01 1.320622971704141557e+00 2.321070633378851777e+00 4.386300773937355402e+00 1.242532922622227076e+01 1.750007260192904257e-01 7.207547959644282354e-03 8.069425138614411130e-02
0.000000000000000000e+00 4.436447876290276066e-02 1.313841428904084507e-01 1.391009358896404979e+00 1.359185848229491400e+00 1.511618108257535065e+00 1.077281414860329356e+00 4.699684127739262723e-03 1.085063738199046335e-01 4.705575079343913419e-02
0.000000000000000000e+00 1.092801686515678522e-03 2.183322054827224468e-01 1.960665796536892103e+00 3.132046258508256908e+00 6.402255630368892447e+00 1.169907982513591094e+01 7.087598862722926593e-03 1.748722851246446164e-01 8.029348916265854896e-02
0.000000000000000000e+00 1.092801686515678522e-03 1.531188259312973865e-01 3.703352336917862808e-01 4.965178191163319710e-01 3.492653861727588183e-01 4.389749729979313675e-01 8.677178787839788521e-02 1.639898081400235821e-03 1.524915905708679187e-02
0.000000000000000000e+00 2.262668557909372838e-02 1.096447978338820767e-01 1.373409095017772419e+00 1.432146914907883151e+00 1.573944425914326484e+00 9.971195938263718306e-01 7.313470798094670045e-01 4.695259878704666559e-03 4.728801363367221566e-02
0.000000000000000000e+00 2.262668557909372838e-02 1.313825910176890654e-01 1.461399368389626696e+00 5.488012543015218236e-01 1.310992226393214999e+00 7.750581704738214173e-01 8.379385423315401094e-02 8.379385466947525396e-02 3.525371110288382653e-02
0.000000000000000000e+00 1.092801686515678522e-03 1.313810327474904116e-01 1.767581085749806435e-01 1.478075148429633112e-01 6.131052484993617518e-02 5.141017039999986465e-02 5.008227123928970029e-04 5.008227123928970029e-04 4.439893149295464324e-03
0.000000000000000000e+00 1.092801686515678522e-03 1.313810327474904116e-01 1.443800329514406400e+00 5.772993344416271766e-01 5.564701844136186182e-01 6.455820011770624367e-01 3.144199655521440206e-01 6.520371040998992895e-02 1.157320273324508597e-01
0.000000000000000000e+00 1.092801686515678522e-03 1.531188259312973865e-01 1.408625335439522841e+00 2.369167795303202873e+00 4.282479554905386010e+00 1.732354672015038943e+01 1.500253941904229060e-01 5.956730578237734962e-03 6.910318843553817092e-02
0.000000000000000000e+00 2.262668557909372838e-02 2.618093501205391305e-01 1.303026361670106992e+00 2.321070633378851777e+00 4.386134695798749483e+00 1.206233295015631057e+01 3.708201385927518134e-01 7.216039757364749521e-03 8.066330724751111236e-02
0.000000000000000000e+00 4.436447876290276066e-02 1.096463497065994219e-01 1.443840536388019347e+00 6.057964716524806281e-01 4.471440418784979332e-01 5.012651856686085594e-01 2.819872280697389554e-03 2.819872280697389554e-03 2.733287113679214175e-02
0.000000000000000000e+00 4.436447876290276066e-02 1.965975224418334832e-01 1.355817385056166557e+00 2.320990195910930698e+00 4.282313668934214057e+00 1.224234078298804285e+01 7.814898841383347353e-03 1.893130368743610181e-01 7.916895091041070698e-02
0.000000000000000000e+00 3.486935833362209691e-01 9.091188154232906493e-01 1.606911477354315387e+00 2.825792334912807124e+00 5.182374175339502287e+00 1.369638604825334305e+01 3.345128631067090019e+00 5.345316935120345558e-01 4.272399938328318159e-02
0.000000000000000000e+00 2.262668557909372838e-02 1.096447978338820767e-01 1.461398138138565672e+00 6.627913234480891091e-01 4.106584057207205429e-01 6.461265377614082706e-01 2.821465933982872376e-03 6.520237894284897084e-02 2.749475902681005821e-02
0.000000000000000000e+00 1.530534446819437899e-01 8.791621943325669819e-02 1.267828341935373526e+00 2.561556579922517063e+00 1.944274443964166599e+00 4.938948617387054263e+00 2.829647676029628300e+00 8.002812135721204881e-03 2.659712831607820016e-01
0.000000000000000000e+00 4.445352198794184223e-02 2.138737701761572296e+00 2.745381657477028003e+00 2.932899219644354183e+00 3.283904741203502287e+00 1.823143327985120266e+01 5.605697514781108559e+00 7.656414075677203668e-01 1.896235763657129481e-02
0.000000000000000000e+00 1.092801686515678522e-03 1.313810327474904116e-01 4.407445972967175551e-01 6.615670802706453690e-01 8.052306519172228727e-01 5.624554726018317075e-01 3.869496463210831405e-01 6.513910658957075550e-02 2.661671681663738478e-02
0.000000000000000000e+00 1.092801686515678522e-03 1.531188259312973865e-01 1.426203751141309262e+00 5.772993344416271766e-01 4.836292759665220542e-01 6.460739442815265354e-01 6.883374221640107260e-01 3.631816616348418000e-03 3.537587980327244058e-02
0.000000000000000000e+00 8.784006513051878517e-02 8.791164101986434498e-02 1.415649465811374130e-01 3.876108405234274468e+00 3.126386203097485250e+01 9.409374622713016834e+00 2.110139522177564885e-04 2.110139522177564885e-04 3.566820820504548045e-03
0.000000000000000000e+00 1.092801686515678522e-03 1.096432395636813828e-01 4.446145940335590602e-02 1.627507880388512351e-01 1.478317607354946439e-01 1.974171981721042218e-02 1.504364185713412405e-02 6.106003849869242727e-04 5.341942108570043278e-03
0.000000000000000000e+00 2.262668557909372838e-02 1.313825910176890654e-01 3.527374250676288403e-01 7.152860499488163937e-01 3.843169690900519742e-01 4.390914007860535206e-01 1.110835642068142143e-01 3.812436809719830372e-02 1.541098102549910871e-02
0.000000000000000000e+00 4.436447876290276066e-02 2.400731088094495147e-01 1.338241570734970409e+00 2.272972626588818823e+00 4.282479554905386010e+00 1.296982364032122170e+01 7.190254032861316189e-03 7.190254032861316189e-03 2.477880848169187467e-01
0.000000000000000000e+00 1.092801686515678522e-03 1.313810327474904116e-01 1.767774679343368793e-01 1.766720704534491537e-01 1.803007634898302555e-02 5.132795794761443875e-02 5.002913272382392574e-04 5.114074251289024231e-04 1.618248875350282445e-02
0.000000000000000000e+00 2.262668557909372838e-02 1.096447978338820767e-01 2.823449603199322810e-01 7.967292835083524816e-01 5.179298899723417948e-01 3.536482224493445736e-01 3.299660896247125219e-01 2.218532039678987582e-03 2.081083926494776970e-02
0.000000000000000000e+00 1.092801686515678522e-03 1.531188259312973865e-01 1.461399368389626696e+00 2.224874847690323953e+00 4.282479554905386010e+00 6.052787862699393173e+00 3.258541298518035312e+00 7.922934590742678265e-03 2.682097350620881726e-01
0.000000000000000000e+00 1.530534446819437899e-01 8.454760665440727019e-01 2.518920982297533584e+00 5.320027607921774759e+00 1.529061288407401342e+01 5.254391613919406900e+00 3.891517733193569306e+00 2.474405353243936678e-01 1.300554992588359160e-01
0.000000000000000000e+00 1.092801686515678522e-03 1.313810327474904116e-01 1.461398138138565672e+00 2.176618116802012892e+00 4.489955430676360493e+00 1.841476778131067249e+01 5.071596306240035330e-03 5.071596306240035330e-03 1.836376164533677358e-01
0.000000000000000000e+00 1.092801686515678522e-03 1.313810327474904116e-01 6.343011328031070706e-01 6.247895179168779123e+00 2.763343341154572741e+01 9.232646783086826403e+00 1.884560999036045958e-02 2.110139522177564885e-04 3.566820820504548045e-03
0.000000000000000000e+00 1.092801686515678522e-03 1.313810327474904116e-01 1.408604712266089853e+00 1.395666442173533195e+00 1.511517215177449858e+00 9.971195938263718306e-01 1.085069416564993783e-01 1.085063738199046335e-01 1.508624404855898327e-01
0.000000000000000000e+00 4.436447876290276066e-02 1.313841428904084507e-01 1.355813741648087545e+00 2.369168122232223173e+00 2.184782119784623777e+00 4.397049047671814037e+00 2.165608371483372263e+00 1.886261155004264889e-01 8.504456349593787767e-02
0.000000000000000000e+00 2.262668557909372838e-02 1.096447978338820767e-01 1.767774679343368793e-01 1.334116058765167090e-01 1.439665879072252186e-01 2.789114602157272138e-02 5.034181764079257533e-04 5.145898372723564564e-04 4.405464475434725004e-03
0.000000000000000000e+00 1.092801686515678522e-03 1.313810327474904116e-01 1.391006903641930581e+00 1.432146938002441861e+00 1.511618108257535065e+00 6.761581907096250177e-01 4.702043824072256115e-03 4.702043824072256115e-03 4.676832133831878430e-02
0.000000000000000000e+00 6.610227194671179640e-02 1.096478951678717811e-01 1.426204976144722192e+00 2.176778302740116633e+00 4.490121698965403141e+00 1.019582258290416910e+01 7.907496092899779852e-03 1.894056341258774645e-01 8.683989781138744257e-02
0.000000000000000000e+00 2.262668557909372838e-02 1.313825910176890654e-01 1.267823473523880917e+00 1.505106174218188375e+00 1.698501345783705041e+00 3.160112296627407780e+00 1.496507937755286566e+00 1.734741292268963675e-01 7.643319187195091180e-02
0.000000000000000000e+00 4.445352198794184223e-02 2.161006707854462583e+00 2.807704034744558985e+00 2.932865728926004945e+00 3.148353339774931037e+00 1.823074032904358788e+01 5.694449383623116034e+00 7.658979090102302489e-01 1.895857800386202205e-02
0.000000000000000000e+00 1.092801686515678522e-03 2.400699986665314756e-01 1.355817385056166557e+00 2.320990195910930698e+00 4.282479554905386010e+00 1.260608115421820585e+01 1.749922342215620152e-01 1.749836391183567375e-01 8.000339855500103459e-02
0.000000000000000000e+00 2.262668557909372838e-02 1.096447978338820767e-01 1.373409095017772419e+00 1.468627335810866796e+00 1.511618108257535065e+00 1.077281414860329356e+00 7.313465119728674857e-01 4.694351691822226495e-03 4.733365819690409093e-02
0.000000000000000000e+00 2.262668557909372838e-02 1.313825910176890654e-01 1.355812516644675059e+00 1.432146914907883151e+00 1.573944425914326484e+00 9.971195938263718306e-01 8.351537695016275631e-01 1.085010413839875981e-01 4.737903026699571279e-02
0.000000000000000000e+00 2.262668557909372838e-02 1.531203842014980665e-01 1.391009358896404979e+00 2.224876309530147811e+00 4.593942330327531742e+00 1.659829609577960241e+01 6.004850008960871920e-03 6.004850008960871920e-03 6.971020752513552854e-02
0.000000000000000000e+00 4.436447876290276066e-02 8.790855652279244703e-02 1.478995946762724056e+00 2.128520429553491411e+00 4.386315009273237919e+00 1.787019793736620343e+01 5.946809676594026414e-03 5.946809676594026414e-03 6.977041285790577807e-02
0.000000000000000000e+00 1.092801686515678522e-03 4.442986001225633641e-02 6.619450981663446698e-02 1.141152224807244348e-01 7.480169867432752417e-02 6.236244798365764286e-03 1.833076456582471980e-02 7.338658914179793571e-04 6.409259257198190313e-03
0.000000000000000000e+00 7.182360674609642448e-01 9.835400364823163599e-01 1.974344672834530856e+00 2.425299201795557913e+00 3.556614813031198530e+00 1.514777125243266376e+01 5.448097839046738500e+00 1.554516023062089136e+00 5.179593442892296840e-02
0.000000000000000000e+00 4.436447876290276066e-02 1.096463497065994219e-01 3.175418078193105176e-01 1.204846488764163004e-01 3.481810182307205626e-01 1.530495416495689098e-01 7.640068867082141406e-04 3.524629174818529054e-02 7.004166590177452086e-03
0.000000000000000000e+00 1.092801686515678522e-03 2.400699986665314756e-01 1.355817385056166557e+00 2.321070275750968026e+00 4.282313668934214057e+00 1.332984797504018815e+01 1.749572298080576682e-01 7.163531034018274200e-03 8.083849758126508689e-02
0.000000000000000000e+00 3.486935833362209691e-01 8.514381959873801309e-01 1.789306710322487115e+00 2.826174186260727250e+00 4.369404190040151903e+00 1.460354881410601635e+01 3.592535800986759398e+00 5.336505554581824073e-01 4.270227472449926454e-02
0.000000000000000000e+00 1.092801686515678522e-03 3.052833782179564803e-01 2.737063512091236550e+00 6.877929863421543111e+00 1.783126662016859143e+01 8.842866510167153749e+00 1.571421619784143964e+00 9.540709897039310536e-03 3.490522795068585430e-03
0.000000000000000000e+00 1.092801686515678522e-03 1.313810327474904116e-01 1.426202520890248238e+00 5.772995463350882872e-01 5.565923738520143216e-01 6.936538333660146050e-01 6.883381650939357499e-01 3.631996820677088102e-03 1.159310887792490974e-01
0.000000000000000000e+00 1.092801686515678522e-03 1.531188259312973865e-01 3.703352336917862808e-01 4.847669504210032621e-01 3.492646856104068553e-01 4.389581307082012773e-01 8.677125496297280471e-02 1.639260110849347953e-03 1.522860405775001459e-02
0.000000000000000000e+00 2.262668557909372838e-02 1.096447978338820767e-01 4.231274293132021302e-01 6.749968742329252036e-01 8.337757186765144546e-01 5.623418848581749341e-01 1.945615216864669539e-01 5.027192478900761180e-02 6.874877122935338369e-02
0.000000000000000000e+00 1.092801686515678522e-03 1.531188259312973865e-01 3.703352336917862808e-01 4.965178191163319710e-01 3.492653861727588183e-01 4.959698247935398485e-01 3.811968101383152868e-02 3.812031898438413696e-02 1.526964204762802993e-02
0.000000000000000000e+00 1.092801686515678522e-03 1.313810327474904116e-01 1.391006903641930581e+00 1.395666517099457771e+00 1.573944425914326484e+00 9.971195938263718306e-01 1.085069416564993783e-01 1.085063738199046335e-01 4.705575079343913419e-02
0.000000000000000000e+00 2.262668557909372838e-02 1.313825910176890654e-01 3.175418078193105176e-01 1.204846488764163004e-01 3.481810182307205626e-01 1.530495416495689098e-01 7.640068867082141406e-04 7.640068867082141406e-04 7.043147402406100231e-03
0.000000000000000000e+00 2.262668557909372838e-02 6.616921146626401906e-02 4.443605465224832046e-02 2.155701412454648636e-01 4.406781739802293450e-03 2.388389285823616648e-02 7.538786916344401845e-04 7.374464823018738943e-04 2.405831689952651897e-02
0.000000000000000000e+00 1.092801686515678522e-03 1.313810327474904116e-01 1.767774679343368793e-01 1.333873599839853485e-01 1.322355175717438158e-01 1.433579255253778495e-01 4.042001578380727028e-04 4.131472912447212045e-04 1.283819940995136431e-02
0.000000000000000000e+00 1.530534446819437899e-01 9.334651096648659552e-01 3.321053672219931752e+00 4.905415236126357215e+00 1.510906825956520194e+01 5.399099350305725409e+00 4.156601985384966724e+00 2.048530774066830429e-01 1.367280517081201699e-02
0.000000000000000000e+00 1.092801686515678522e-03 1.313810327474904116e-01 4.407445972967175551e-01 6.615670802706453690e-01 8.052782927787095479e-01 5.624554726018317075e-01 3.869496463210831405e-01 6.513910658957075550e-02 8.893641674026786514e-02
0.000000000000000000e+00 2.262668557909372838e-02 2.400715569367321556e-01 1.960693600894150679e+00 3.007402049266875821e+00 6.402255630368892447e+00 1.206055871358279497e+01 1.748522211107610136e-01 1.501182270385661155e-01 6.898739801103849489e-02
0.000000000000000000e+00 1.092801686515678522e-03 1.313810327474904116e-01 1.767774679343368793e-01 1.333873599839853485e-01 1.204648505165690636e-01 2.272679543335172914e-01 4.435349728031134941e-04 4.435349728031134941e-04 1.417878128638631191e-02
0.000000000000000000e+00 2.262668557909372838e-02 1.096447978338820767e-01 4.231274293132021302e-01 6.615425238766547977e-01 8.622727447780109689e-01 5.623418848581749341e-01 1.464643597621136661e-01 1.945629689495441961e-01 8.914250897715220168e-02
0.000000000000000000e+00 1.092801686515678522e-03 1.313810327474904116e-01 5.111553814241016624e-01 3.583454958226794940e-01 3.147831013112816767e-01 2.762776614590197188e-01 2.977415712466014927e-02 1.305265534849457155e-03 1.179862512876839707e-02
0.000000000000000000e+00 3.486935833362209691e-01 8.658583508463580936e-01 1.679867184769183952e+00 2.665607055978419737e+00 5.046964246354789019e+00 1.660085649522106976e+01 2.736522774315666151e+00 3.658587079157609168e-01 3.500013161317662436e-02
0.000000000000000000e+00 1.530534446819437899e-01 9.334651096648659552e-01 3.320996292454045928e+00 4.905248047342697149e+00 1.510906825956520194e+01 5.543158192628181880e+00 4.068230489833673857e+00 2.048530774066830429e-01 4.261713948000422914e-02
0.000000000000000000e+00 2.262668557909372838e-02 1.531203842014980665e-01 1.355813741648087545e+00 2.465362446080924919e+00 4.282479554905386010e+00 5.554750150845398693e+00 1.886050811967806828e-01 1.885995798670748180e-01 8.533042983940865300e-02
0.000000000000000000e+00 1.092801686515678522e-03 1.531188259312973865e-01 1.591615302018831446e-01 1.334116058765167090e-01 1.322355175717438158e-01 1.247032738548059377e-01 4.034652406672948905e-04 4.123999217863883555e-04 1.288705730442444783e-02
0.000000000000000000e+00 1.092801686515678522e-03 1.748566191151064431e-01 1.320618124399769888e+00 2.561556579922517063e+00 2.024436264998123569e+00 4.801891537528407916e+00 1.501547111085631991e+00 7.396392041250430920e-03 7.807272780604512796e-02
0.000000000000000000e+00 2.262668557909372838e-02 3.270227296719662169e-01 9.235389702822686120e-01 2.513297239294725927e+00 4.697762668360056182e+00 1.968450853750449170e+01 4.102633338316812761e+00 2.303744830688568168e+00 3.912807121461289728e-01
0.000000000000000000e+00 2.262668557909372838e-02 3.270227296719662169e-01 1.121450291548235167e+00 2.417264388198114400e+00 4.697776023705489301e+00 1.968443414869089381e+01 4.102641397746084273e+00 2.353791552391479414e+00 3.913478388237391359e-01
0.000000000000000000e+00 4.436447876290276066e-02 1.096463497065994219e-01 3.703546266141586329e-01 6.615612488010977899e-01 4.288538656007815919e-01 4.678800449314151066e-01 3.812272240084812330e-02 3.812328596455004381e-02 1.564244832737501922e-02
0.000000000000000000e+00 4.436447876290276066e-02 1.096463497065994219e-01 1.320616899396357402e+00 1.468626995936874735e+00 1.573950869514536777e+00 1.076929510503233045e+00 3.161203210408153885e-01 4.698403677543094847e-03 4.710273757479037371e-02
0.000000000000000000e+00 1.092801686515678522e-03 1.096432395636813828e-01 2.116541088406703963e+00 7.189407019644932895e+00 1.855784696499109643e+01 9.213389207016485116e+00 1.571421619784143964e+00 2.377020460513788378e-04 1.321510620225823524e-02
0.000000000000000000e+00 4.436447876290276066e-02 1.313841428904084507e-01 1.320618124399769888e+00 1.468627214790071633e+00 1.573944425914326484e+00 1.077281414860329356e+00 3.161197532042206992e-01 4.697690794515634732e-03 1.509561482677173883e-01
0.000000000000000000e+00 1.092801686515678522e-03 2.618077918503405321e-01 1.338220780328299719e+00 2.272973113826616931e+00 4.386300773937355402e+00 1.242532922622227076e+01 1.750007260192904257e-01 7.207547959644282354e-03 2.484789376480618650e-01
0.000000000000000000e+00 4.445352198794184223e-02 2.138737701761572296e+00 2.745381657477028003e+00 2.932899219644354183e+00 3.285357768546393054e+00 1.823294873116225290e+01 5.605304184229884967e+00 7.656414075677203668e-01 1.896235763657129481e-02
0.000000000000000000e+00 1.092801686515678522e-03 1.096432395636813828e-01 2.072003076220923834e+00 1.791990768712498960e+00 2.104609305909538097e+00 4.801891537528407916e+00 1.734465461416361265e-01 7.430145473689043698e-03 2.436286748360910748e-01
0.000000000000000000e+00 1.092801686515678522e-03 2.183322054827224468e-01 1.303022749993037355e+00 2.465362415632190718e+00 4.386134695798749483e+00 1.097259791192136369e+01 1.893734787287159882e-01 7.867033153448976454e-03 8.700125689063947787e-02
0.000000000000000000e+00 1.092801686515678522e-03 1.965944122989134180e-01 1.391010578640569317e+00 2.321070275750968026e+00 4.282479554905386010e+00 1.187860257916094042e+01 7.832715785486679683e-03 7.832715785486679683e-03 8.553959814510679605e-02
0.000000000000000000e+00 1.092801686515678522e-03 1.313810327474904116e-01 1.767774679343368793e-01 1.333873599839853485e-01 1.204648505165690636e-01 1.993155385963583104e-01 4.424163093698836070e-04 4.424163093698836070e-04 3.926236782752399838e-03
0.000000000000000000e+00 4.436447876290276066e-02 1.096463497065994219e-01 1.338214708020515786e+00 1.468627214790071633e+00 1.511624725990695861e+00 1.076929510503233045e+00 3.161203210408153885e-01 4.698403677543094847e-03 4.626723739474832703e-02
0.000000000000000000e+00 1.092801686515678522e-03 8.790544637987234011e-02 2.116539518357955618e+00 3.069621188322462668e+00 6.537746026972002689e+00 1.242666454709653401e+01 6.041590212770175938e-03 6.041590212770175938e-03 6.965611654382371232e-02
0.000000000000000000e+00 6.964982742771552715e-01 9.662978262363687287e-01 1.132680707224525074e+00 1.823247957121286067e+00 5.995784440559573270e+00 1.478511361740264185e+01 5.324369208449562407e+00 1.554503977594724695e+00 5.176747985725091428e-02
0.000000000000000000e+00 1.092801686515678522e-03 2.400699986665314756e-01 1.982961041803190660e+00 3.007402049266875821e+00 6.266765233765789311e+00 1.206353675000838876e+01 1.748623078577604129e-01 1.748522211107610136e-01 6.897208003430646550e-02
0.000000000000000000e+00 1.092801686515678522e-03 1.313810327474904116e-01 1.767774679343368793e-01 1.766720704534491537e-01 1.803007634898302555e-02 5.132795794761443875e-02 1.225116002256686557e-02 5.119483209130980955e-04 4.439893149295464324e-03
0.000000000000000000e+00 1.092801686515678522e-03 1.313810327474904116e-01 1.767581085749806435e-01 3.962579010222970488e-02 6.129166422420442156e-02 3.407630395673089119e-02 6.078427641989703114e-04 6.078427641989703114e-04 1.976611355249322660e-02
0.000000000000000000e+00 8.784006513051878517e-02 1.096494342036713199e-01 1.426206195888886752e+00 2.224794858971199218e+00 4.282479554905386010e+00 1.823252343324063673e+01 5.080461571219746508e-03 5.080461571219746508e-03 5.879630318251186094e-02
0.000000000000000000e+00 8.051872401961982506e-01 5.781858121728962185e-01 3.929172727888557315e+00 7.215097454904086050e+00 1.401877162530540133e+01 4.387839032241282133e+00 3.343038211978604402e+00 1.687997058778413495e-01 8.889626167108491406e-02
0.000000000000000000e+00 1.092801686515678522e-03 1.748566191151064431e-01 2.005200728361711260e+00 8.019868548249094786e+00 2.400224932288790214e+01 6.788180170357796861e+00 2.110139522177564885e-04 2.110139522177564885e-04 3.566820820504548045e-03
0.000000000000000000e+00 1.092801686515678522e-03 1.965944122989134180e-01 1.373412770016410933e+00 2.369167795303202873e+00 4.282479554905386010e+00 1.206233295015631057e+01 7.823862526787931856e-03 7.823862526787931856e-03 2.670718040730749587e-01
0.000000000000000000e+00 2.262668557909372838e-02 1.096447978338820767e-01 5.111164724339962717e-01 3.278349172539695711e-01 1.377762468708124410e-01 2.137843637711119571e-01 2.326113872343154448e-02 2.326168743910338177e-02 3.151752488908254185e-02
0.000000000000000000e+00 2.262668557909372838e-02 1.313825910176890654e-01 1.391008133892992493e+00 2.369087856226596234e+00 4.386300773937355402e+00 1.079035567872418611e+01 1.893816783849636143e-01 7.875340695729756563e-03 2.684601087710825618e-01
0.000000000000000000e+00 2.262668557909372838e-02 2.618093501205391305e-01 1.320624170294265376e+00 2.272973113826616931e+00 4.386300773937355402e+00 1.315132177835420180e+01 1.749661373321864666e-01 7.172543546132010249e-03 8.005894666021931561e-02
0.000000000000000000e+00 1.092801686515678522e-03 1.313810327474904116e-01 1.767774679343368793e-01 1.334116058765167090e-01 1.557372549624010949e-01 1.614831411679637507e-02 5.636354635125934154e-02 4.019553881178862011e-04 3.504483030111061725e-03
0.000000000000000000e+00 4.436447876290276066e-02 1.096463497065994219e-01 1.443820952687840498e+00 1.249743944712344623e+00 5.894773383087311691e-01 8.368668710446792725e-01 8.854120645727437955e-01 4.700771720122749048e-03 1.507198985050219320e-01
0.000000000000000000e+00 1.092801686515678522e-03 2.618077918503405321e-01 1.355818588952458770e+00 2.272892591841673138e+00 4.282479554905386010e+00 1.260533705905400303e+01 1.749922342215620152e-01 1.749836391183567375e-01 8.000339855500103459e-02
0.000000000000000000e+00 4.436447876290276066e-02 1.313841428904084507e-01 1.443802784768880576e+00 5.772986801993252870e-01 4.836244627814800245e-01 6.455820011770624367e-01 6.260184651703024628e-01 8.379374562889549405e-02 1.156157782254279148e-01
0.000000000000000000e+00 1.092801686515678522e-03 2.183322054827224468e-01 1.373413984489671558e+00 1.322705156075250299e+00 1.511618108257535065e+00 2.018697847900416065e+00 1.085019495708651471e-01 2.123077310761480319e-01 6.189884287557430309e-02
0.000000000000000000e+00 2.262668557909372838e-02 1.313825910176890654e-01 3.175418078193105176e-01 1.204846488764163004e-01 3.380165406387626303e-01 1.664727223861413308e-01 1.800514931744634506e-02 7.644915492947770451e-04 7.053962635670465477e-03
0.000000000000000000e+00 2.262668557909372838e-02 1.096447978338820767e-01 1.443839238504511790e+00 2.272973113826616931e+00 4.386300773937355402e+00 1.823326964327769062e+01 1.287840465310546301e-01 1.288801490596409027e-01 5.993794910410978755e-02
0.000000000000000000e+00 1.092801686515678522e-03 1.313810327474904116e-01 3.351383861924080443e-01 1.322355175717438158e-01 1.982506156538621778e-01 1.360372622519370189e-01 8.118136388857356833e-02 7.620026071540575126e-04 2.424072347792900761e-02
0.000000000000000000e+00 1.092801686515678522e-03 1.313810327474904116e-01 1.461398138138565672e+00 2.224715278726363987e+00 4.386134695798749483e+00 1.841476778131067249e+01 5.071596306240035330e-03 5.071596306240035330e-03 1.836376164533677358e-01
0.000000000000000000e+00 4.445352198794184223e-02 2.161006707854462583e+00 2.807546217017991452e+00 2.932865728926004945e+00 3.283843736378042166e+00 1.823231546283265558e+01 5.782805628282305932e+00 7.658737628227655359e-01 3.486932326606013055e-04
0.000000000000000000e+00 1.092801686515678522e-03 1.313810327474904116e-01 1.767581085749806435e-01 1.478075148429633112e-01 1.556994501187421165e-01 2.782190455501151183e-01 5.893800240003428626e-04 6.023836964174493795e-04 5.366535504917157098e-03
0.000000000000000000e+00 4.436447876290276066e-02 1.531219360742154256e-01 1.408608387264728368e+00 5.772990457546770537e-01 4.836269195799662857e-01 6.461002919025882196e-01 6.883378071372432405e-01 3.631924594934231136e-03 3.541501257458203045e-02
0.000000000000000000e+00 1.092801686515678522e-03 1.313810327474904116e-01 1.767581085749806435e-01 1.910922253124271164e-01 9.697020364858222052e-02 1.614027732624520248e-02 5.029073044521557888e-04 5.029073044521557888e-04 4.322388967441137542e-03
0.000000000000000000e+00 1.092801686515678522e-03 1.965944122989134180e-01 1.320638803838885433e+00 1.468505512741440810e+00 1.449197515253819457e+00 3.158893885229084653e+00 2.038469524167716429e+00 7.448442913582971857e-03 7.592311487556935301e-02
0.000000000000000000e+00 1.092801686515678522e-03 1.313810327474904116e-01 3.351383861924080443e-01 1.204648505165690636e-01 1.982494093449690686e-01 1.462966656644195118e-01 2.745455023094993743e-02 1.402369844579959279e-02 1.872019828125098470e-02
0.000000000000000000e+00 2.262668557909372838e-02 1.096447978338820767e-01 1.478995946762724056e+00 2.224874847690323953e+00 4.282479554905386010e+00 6.218800433317388965e+00 3.077950031448508206e+00 7.922934590742678265e-03 8.591366378540483961e-02
0.000000000000000000e+00 2.262668557909372838e-02 1.096447978338820767e-01 4.231467886725583938e-01 6.749968742329252036e-01 8.337757186765144546e-01 5.623418848581749341e-01 1.945615216864669539e-01 5.027192478900761180e-02 2.065160930500011677e-02
0.000000000000000000e+00 1.092801686515678522e-03 4.139723441369996260e-01 1.448534887058041953e-01 5.014314740723910369e+00 2.944864962239351058e+01 9.321005623048696620e+00 2.110139522177564885e-04 2.110139522177564885e-04 3.566820820504548045e-03
0.000000000000000000e+00 4.436447876290276066e-02 1.096463497065994219e-01 1.426203751141309262e+00 5.772518873737322309e-01 5.565901177724881244e-01 6.455820011770624367e-01 6.883381650939357499e-01 8.379381785463457799e-02 1.159703346535438245e-01
0.000000000000000000e+00 1.092801686515678522e-03 1.531188259312973865e-01 1.461399368389626696e+00 1.249743476753831795e+00 1.511416153337393320e+00 3.055947917393945890e+00 2.770943683273226488e-01 1.416002344570152505e-01 6.135025710049702569e-02
0.000000000000000000e+00 2.262668557909372838e-02 1.096447978338820767e-01 3.351383861924080443e-01 1.322355175717438158e-01 3.278362308926184854e-01 3.860397038856693275e-01 2.326168743910338177e-02 9.932213807400573982e-04 9.089513808741529061e-03
0.000000000000000000e+00 2.262668557909372838e-02 1.748581773853050692e-01 1.391010578640569317e+00 2.224715676184992219e+00 4.490121698965403141e+00 1.659904019094380345e+01 1.500636923314181692e-01 5.995422627943444889e-03 6.972200772717855599e-02
0.000000000000000000e+00 2.262668557909372838e-02 1.748581773853050692e-01 1.320619344143935114e+00 2.513459577556542257e+00 2.024308164183306502e+00 4.802975844987464882e+00 1.833572252321631124e+00 1.886210019267622329e-01 8.432975671572584542e-02
0.000000000000000000e+00 2.262668557909372838e-02 1.965959705691140980e-01 1.355816175865513173e+00 2.369167795303202873e+00 4.282479554905386010e+00 1.151783853605736674e+01 3.708463688163924910e-01 7.832715785486679683e-03 8.634406800790772607e-02
0.000000000000000000e+00 1.092801686515678522e-03 1.313810327474904116e-01 1.443800329514406400e+00 5.772993344416271766e-01 5.564701844136186182e-01 6.455820011770624367e-01 2.521002656285106780e-01 1.274620260627236379e-01 2.692538650318468049e-02
0.000000000000000000e+00 1.092801686515678522e-03 1.313810327474904116e-01 5.463120896823129291e-01 3.278546660582180028e-01 3.492357363671722559e-01 9.806002959134506314e-02 9.942753296435223077e-04 2.326328142253307474e-02 9.208925609559642095e-03
0.000000000000000000e+00 2.262668557909372838e-02 1.096447978338820767e-01 3.879511714242400711e-01 6.884246556299093989e-01 8.622250821854471337e-01 5.623418848581749341e-01 2.172873989058441563e-03 2.172873989058441563e-03 6.862264571882921438e-02
0.000000000000000000e+00 1.092801686515678522e-03 1.313810327474904116e-01 1.767774679343368793e-01 1.334116058765167090e-01 1.557372549624010949e-01 1.614831411679637507e-02 4.703622051597315668e-02 4.015696257801690608e-04 3.498268172267427877e-03
0.000000000000000000e+00 2.262668557909372838e-02 1.096447978338820767e-01 3.351383861924080443e-01 1.322355175717438158e-01 3.380007084845764731e-01 2.825450061425431869e-01 7.663641475458342301e-04 7.832002894814934189e-04 7.096914537274387480e-03
0.000000000000000000e+00 1.092801686515678522e-03 1.965944122989134180e-01 1.391010578640569317e+00 2.272973113826616931e+00 4.386300773937355402e+00 1.115335195479014985e+01 7.867033153448976454e-03 1.893651711864266507e-01 8.703983302426318569e-02
0.000000000000000000e+00 2.262668557909372838e-02 1.313825910176890654e-01 1.267823473523880917e+00 1.505106174218188375e+00 1.698501345783705041e+00 3.160112296627407780e+00 1.496507937755286566e+00 1.734741292268963675e-01 7.643319187195091180e-02
0.000000000000000000e+00 1.092801686515678522e-03 2.835455850341474515e-01 1.338221978918424648e+00 2.080503944144266981e+00 4.697762668360056182e+00 1.913852810048021169e+01 5.784043879552331013e+00 2.143931618584715704e+00 4.009061439709705674e-03
0.000000000000000000e+00 2.262668557909372838e-02 3.270227296719662169e-01 1.121469582136334964e+00 2.465200698331244666e+00 4.697762668360056182e+00 1.914001412340554964e+01 4.312830611259492741e+00 2.303787724140705429e+00 4.052784141152868114e-01
0.000000000000000000e+00 4.436447876290276066e-02 1.096463497065994219e-01 1.461399368389626696e+00 5.772986801993252870e-01 1.262812953555659368e+00 7.129793600625561334e-01 3.242792809565145373e-01 2.441173894006816447e-01 1.162017693879134755e-01
0.000000000000000000e+00 4.436447876290276066e-02 8.790855652279244703e-02 1.478995946762724056e+00 2.224714753402193157e+00 4.178672865213220788e+00 1.787019793736620343e+01 5.946809676594026414e-03 5.946809676594026414e-03 6.977041285790577807e-02
0.000000000000000000e+00 1.092801686515678522e-03 1.313810327474904116e-01 1.767774679343368793e-01 1.333873599839853485e-01 1.204648505165690636e-01 1.991100418539915595e-01 4.424163093698836070e-04 4.424163093698836070e-04 3.926236782752399838e-03
0.000000000000000000e+00 2.262668557909372838e-02 2.183337637529230990e-01 1.355817385056166557e+00 2.320910000033694853e+00 4.282479554905386010e+00 1.260682736425525796e+01 8.461309792692487397e-01 7.163531034018274200e-03 8.083849758126508689e-02
0.000000000000000000e+00 1.092801686515678522e-03 1.313810327474904116e-01 1.767774679343368793e-01 1.334116058765167090e-01 1.204846488764163004e-01 1.806905109968789391e-01 4.416520728062174410e-04 4.514219247568133616e-04 3.912886248154115280e-03
0.000000000000000000e+00 1.092801686515678522e-03 1.313810327474904116e-01 1.767774679343368793e-01 1.766720704534491537e-01 3.249887299696409965e-02 3.958526572991891146e-02 5.002913272382392574e-04 5.114074251289024231e-04 4.431620058174196193e-03
0.000000000000000000e+00 2.262668557909372838e-02 1.096447978338820767e-01 1.479015306122080098e+00 1.249743476753831795e+00 5.894722308678449485e-01 7.122585484346907192e-01 8.854120281942281512e-01 4.701243527660214049e-03 4.686517190379343306e-02
0.000000000000000000e+00 1.092801686515678522e-03 1.313810327474904116e-01 1.461398138138565672e+00 2.128681140815763317e+00 4.593775873905125096e+00 1.623529981971364222e+01 6.023413110103104616e-03 1.500822554325604019e-01 6.969771320529037639e-02
0.000000000000000000e+00 4.436447876290276066e-02 1.965975224418334832e-01 1.355817385056166557e+00 2.320990195910930698e+00 4.282313668934214057e+00 1.224383108818929422e+01 7.814898841383347353e-03 1.893130368743610181e-01 7.916895091041070698e-02
0.000000000000000000e+00 1.092801686515678522e-03 1.313810327474904116e-01 3.351577455517642523e-01 1.204846488764163004e-01 3.583283500298448110e-01 3.343378934494813937e-01 9.921326305419883671e-04 1.013908450154288408e-03 3.149035482910408912e-02
0.000000000000000000e+00 2.262668557909372838e-02 2.183337637529230990e-01 1.982936332790418366e+00 3.007402049266875821e+00 6.402255630368892447e+00 1.133684575528731386e+01 7.107226826706938491e-03 7.107226826706938491e-03 8.098790846092618345e-02
0.000000000000000000e+00 1.092801686515678522e-03 1.965944122989134180e-01 1.391010578640569317e+00 2.321070275750968026e+00 4.178672865213220788e+00 1.133626496817886320e+01 7.867033153448976454e-03 1.893651711864266507e-01 8.703983302426318569e-02
0.000000000000000000e+00 2.262668557909372838e-02 1.748581773853050692e-01 1.373412770016410933e+00 2.224876309530147811e+00 4.593942330327531742e+00 1.823252343324063673e+01 8.710055562900639314e-01 5.016550922191595485e-03 1.836512935463232576e-01
0.000000000000000000e+00 2.262668557909372838e-02 2.400715569367321556e-01 1.960668850158456378e+00 3.007402049266875821e+00 6.266765233765789311e+00 1.242349286279580589e+01 1.501182270385661155e-01 6.050535079543403229e-03 6.898739801103849489e-02
0.000000000000000000e+00 1.092801686515678522e-03 1.313810327474904116e-01 1.267822243272819893e+00 4.253811858045982497e+00 2.019217851129959485e+01 1.245859613214118866e+01 1.629592866403931861e+00 2.377020460513788378e-04 1.330047663116363903e-02
0.000000000000000000e+00 2.262668557909372838e-02 1.096447978338820767e-01 3.351383861924080443e-01 1.439863862670724415e-01 3.380019961755342250e-01 2.653145414605078689e-01 2.325885742899719971e-02 1.012188274510914020e-03 9.180286264444345937e-03
0.000000000000000000e+00 2.262668557909372838e-02 1.313825910176890654e-01 3.175418078193105176e-01 1.322355175717438158e-01 3.481823328089748704e-01 4.560441431294693510e-02 5.924132945319603117e-04 4.088752353774999931e-02 2.424072347792900761e-02
0.000000000000000000e+00 4.436447876290276066e-02 1.313841428904084507e-01 1.338215933023929161e+00 2.513459577556542257e+00 4.074700289549888055e+00 1.091801387391937972e+01 7.891632532813237094e-03 1.893897705657909547e-01 8.532023214098592712e-02
0.000000000000000000e+00 4.436447876290276066e-02 1.096463497065994219e-01 1.461438345012177953e+00 6.057961060971301936e-01 4.471414845626943690e-01 5.012905154040072642e-01 2.820311082567585840e-03 6.514001100620099571e-02 2.644132401760802831e-02
0.000000000000000000e+00 1.092801686515678522e-03 1.313810327474904116e-01 1.943752765584943754e-01 1.334141699221975674e-01 1.204666678011878100e-01 1.993515699298917254e-01 4.427928967656716611e-04 4.427928967656716611e-04 4.000770733446461398e-03
0.000000000000000000e+00 1.313156514981368428e-01 1.039050731158757568e+00 2.117612428763639087e+00 2.826182698649938541e+00 4.369642129284739163e+00 1.696295740892854198e+01 2.736522774315666151e+00 4.384726732474539257e-01 3.430604360846756934e-02
0.000000000000000000e+00 2.262668557909372838e-02 1.096447978338820767e-01 3.527555541759234692e-01 5.200160051701412378e-01 6.292328626294717564e-01 3.824217877765198059e-01 1.641722983012941853e-03 1.677567338311366585e-03 5.192568392670770389e-02
0.000000000000000000e+00 2.262668557909372838e-02 1.531203842014980665e-01 3.527386500710406603e-01 7.018563590443157585e-01 1.768296251994918300e-01 4.390761704493517659e-01 2.977693608278942153e-02 1.280031609753721307e-03 1.208913648727589184e-02
0.000000000000000000e+00 1.092801686515678522e-03 1.748566191151064431e-01 1.982931722268821417e+00 8.123678819556646502e+00 2.382102537162413469e+01 6.715575846574219909e+00 1.884560999036045958e-02 2.110139522177564885e-04 3.566820820504548045e-03
0.000000000000000000e+00 1.092801686515678522e-03 1.748566191151064431e-01 2.005200728361711260e+00 8.019868548249094786e+00 2.400224932288790214e+01 6.788180170357796861e+00 2.110139522177564885e-04 2.110139522177564885e-04 3.566820820504548045e-03
0.000000000000000000e+00 1.092801686515678522e-03 1.313810327474904116e-01 3.527361948165672056e-01 4.260090556075149526e-01 2.049311480448842426e-01 4.096650673153952593e-01 2.326430041570563823e-02 1.274303419304007598e-03 1.192123056654756548e-02
0.000000000000000000e+00 2.262668557909372838e-02 1.096447978338820767e-01 1.373409095017772419e+00 2.417265253707840511e+00 4.490121698965403141e+00 6.384813003935392750e+00 7.303330080271159819e-01 3.693061304594325578e-01 8.580676976344735196e-02
0.000000000000000000e+00 1.092801686515678522e-03 1.531188259312973865e-01 4.055308509401046035e-01 4.612686442490325223e-01 3.665058280411450653e-01 4.959698247935398485e-01 3.811968101383152868e-02 1.639898081400235821e-03 1.524915905708679187e-02
0.000000000000000000e+00 1.092801686515678522e-03 1.313810327474904116e-01 1.943752765584943754e-01 1.766746344991300677e-01 3.821586017194020246e-02 1.606275542925153510e-02 1.225116002256686557e-02 5.008227123928970029e-04 4.439893149295464324e-03
0.000000000000000000e+00 1.092801686515678522e-03 1.313810327474904116e-01 3.351383861924080443e-01 1.322355175717438158e-01 1.889232898185760068e-01 1.461614696044849782e-01 6.041744025423419814e-04 5.911434021381237192e-04 5.309304069729531110e-03
0.000000000000000000e+00 4.436447876290276066e-02 1.313841428904084507e-01 1.391009358896404979e+00 1.359185848229491400e+00 1.511618108257535065e+00 6.764723096905344013e-01 1.085087335162376321e-01 1.085083572108397204e-01 4.686517190379343306e-02
0.000000000000000000e+00 2.262668557909372838e-02 1.313825910176890654e-01 1.426223144063681225e+00 1.322705156075250299e+00 1.511618108257535065e+00 1.077912187061052629e+00 1.146573270741519046e+00 1.417436705995762658e-01 1.975636655402779329e-01
0.000000000000000000e+00 2.262668557909372838e-02 1.096447978338820767e-01 3.703533628000825750e-01 5.082669271459490101e-01 6.515018687223622651e-01 2.967399412386686475e-01 2.934838884638469869e-01 1.644969096415729382e-03 1.556715722038253848e-02
0.000000000000000000e+00 4.436447876290276066e-02 1.313841428904084507e-01 1.338215933023929161e+00 2.513459577556542257e+00 4.074700289549888055e+00 1.091801387391937972e+01 7.891632532813237094e-03 1.893897705657909547e-01 8.532023214098592712e-02
0.000000000000000000e+00 8.784006513051878517e-02 1.313872273874803487e-01 1.320620558617195739e+00 2.465362446080924919e+00 4.282479554905386010e+00 1.079184598392543926e+01 7.883540351985938305e-03 1.893816783849636143e-01 8.696197073809630584e-02
0.000000000000000000e+00 2.262668557909372838e-02 1.096447978338820767e-01 1.320615669145295712e+00 1.541587521150675322e+00 1.511624725990695861e+00 9.166058684353143304e-01 1.665608278602252135e+00 6.118687424630711927e-03 6.213068384104646069e-02
0.000000000000000000e+00 1.092801686515678522e-03 1.313810327474904116e-01 1.767581085749806435e-01 1.333873599839853485e-01 1.439665879072252186e-01 2.782377245473772742e-01 2.077428025481510565e-02 6.023836964174493795e-04 5.229633060555420945e-03
0.000000000000000000e+00 2.262668557909372838e-02 2.400715569367321556e-01 1.960668850158456378e+00 3.007402049266875821e+00 6.402255630368892447e+00 1.187906057554981309e+01 1.748623078577604129e-01 7.067534848839339412e-03 7.955576302019223833e-02
0.000000000000000000e+00 4.436447876290276066e-02 1.313841428904084507e-01 1.443802784768880576e+00 5.772986801993252870e-01 4.836244627814800245e-01 6.455820011770624367e-01 6.883381650939357499e-01 3.631996820677088102e-03 3.545395719147045877e-02
0.000000000000000000e+00 1.530534446819437899e-01 8.278782579199135405e-01 2.518918926236682676e+00 5.216905806735774753e+00 1.529070423662081879e+01 5.398415116816500436e+00 4.244980851566503510e+00 1.772180621088502162e-01 1.300421592856224606e-01
0.000000000000000000e+00 2.262668557909372838e-02 3.270227296719662169e-01 9.235389702822686120e-01 2.513297239294725927e+00 4.697762668360056182e+00 1.968450853750449170e+01 4.102633338316812761e+00 2.303744830688568168e+00 3.912807121461289728e-01
0.000000000000000000e+00 2.262668557909372838e-02 1.096447978338820767e-01 3.527555541759234692e-01 5.082651364748125289e-01 6.960015218634133527e-01 3.537512916762898807e-01 2.570052478187463962e-01 2.217342566273643612e-03 2.039681618125262566e-02
0.000000000000000000e+00 4.436447876290276066e-02 1.096463497065994219e-01 1.355812516644675059e+00 2.465362415632190718e+00 4.282328006106584262e+00 6.216692495505807159e+00 8.002812135721204881e-03 8.002812135721204881e-03 8.538581169510219004e-02
0.000000000000000000e+00 1.092801686515678522e-03 2.183322054827224468e-01 1.373413984489671558e+00 1.322705156075250299e+00 1.511618108257535065e+00 2.018697847900416065e+00 1.085019495708651471e-01 4.795309994081896864e-03 4.733365819690409093e-02
0.000000000000000000e+00 1.092801686515678522e-03 1.313810327474904116e-01 3.351383861924080443e-01 1.322157192118965929e-01 1.982348811353857876e-01 1.360035035147853233e-01 1.402284681654371312e-02 2.745497855924033254e-02 5.334666945637242183e-03
0.000000000000000000e+00 2.262668557909372838e-02 1.313825910176890654e-01 2.851007729554832171e+00 4.028715914787297514e+00 2.527375551981997504e+01 9.055908255680968466e+00 1.884560999036045958e-02 2.110139522177564885e-04 3.566820820504548045e-03
0.000000000000000000e+00 1.092801686515678522e-03 1.965944122989134180e-01 1.982933265784313059e+00 3.131943137510084352e+00 6.402255630368892447e+00 1.133684575528731386e+01 3.426765993505502816e-01 7.087598862722926593e-03 8.103179528835717516e-02
0.000000000000000000e+00 1.092801686515678522e-03 1.313810327474904116e-01 4.407252379373613471e-01 6.615670802706453690e-01 8.052782927787095479e-01 5.261092151874591227e-01 4.350462649444170049e-01 6.513910658957075550e-02 8.965257106042262558e-02
0.000000000000000000e+00 2.262668557909372838e-02 3.052849364881572436e-01 2.651541378645377645e+00 6.981750249249709661e+00 1.783158681653575783e+01 8.841729773526710190e+00 1.513261596780752338e+00 2.815235117470972492e-02 3.912098351270302046e-03
0.000000000000000000e+00 1.092801686515678522e-03 1.313810327474904116e-01 1.478995946762724056e+00 2.080503373198144157e+00 2.264954706884392266e+00 1.292688775847416593e+00 6.120260670099773176e-03 6.120260670099773176e-03 6.096695468666246676e-02
0.000000000000000000e+00 8.784006513051878517e-02 1.313872273874803487e-01 1.408629094641807855e+00 2.224874847690323953e+00 4.282313668934214057e+00 1.823029770193070220e+01 1.287840465310546301e-01 1.288801490596409027e-01 5.993794910410978755e-02
0.000000000000000000e+00 1.092801686515678522e-03 1.313810327474904116e-01 3.351383861924080443e-01 1.204846488764163004e-01 1.982494093449690686e-01 1.462966656644195118e-01 2.745455023094993743e-02 1.402369844579959279e-02 1.872019828125098470e-02
0.000000000000000000e+00 1.092801686515678522e-03 1.965944122989134180e-01 1.373412770016410933e+00 2.369167795303202873e+00 4.282479554905386010e+00 1.187860257916094042e+01 1.893308538184643730e-01 7.823862526787931856e-03 8.718694385377301348e-02
0.000000000000000000e+00 2.262668557909372838e-02 1.096447978338820767e-01 3.527361948165672056e-01 7.152840031415339528e-01 4.510864295333424923e-01 3.823353484262048685e-01 3.812272240084812330e-02 1.678716703336709205e-03 1.562185880493387885e-02
0.000000000000000000e+00 1.092801686515678522e-03 1.313810327474904116e-01 5.111164724339962717e-01 3.278520630468041985e-01 1.109128400420006239e-01 2.655459873877335508e-01 2.326168743910338177e-02 4.553123356652021003e-02 9.195634005805888161e-03
0.000000000000000000e+00 1.092801686515678522e-03 1.313810327474904116e-01 5.111358317933525353e-01 3.481638724378859906e-01 3.665058280411450653e-01 3.818791681240956137e-01 1.278432889859076969e-03 1.306399727035839706e-03 1.193522596715908442e-02
0.000000000000000000e+00 1.092801686515678522e-03 1.313810327474904116e-01 3.351383861924080443e-01 1.322355175717438158e-01 1.889232898185760068e-01 1.359969920125260745e-01 1.402241347138073572e-02 5.911434021381237192e-04 5.309304069729531110e-03
0.000000000000000000e+00 1.092801686515678522e-03 1.531188259312973865e-01 1.461399368389626696e+00 5.488012543015218236e-01 1.310992226393214999e+00 7.748178940548833271e-01 8.379385423315401094e-02 3.632033635517780117e-03 3.521582119090690965e-02
0.000000000000000000e+00 6.530226879095392123e-01 1.381700951033025593e+00 1.878154395448747405e+00 2.425170374577314547e+00 4.775818990783676554e+00 1.460083820659943754e+01 4.705825468155939717e+00 1.673920044048172961e+00 1.664184106109109149e-02
0.000000000000000000e+00 1.092801686515678522e-03 1.313810327474904116e-01 1.767581085749806435e-01 1.622519155944725788e-01 1.439701927231721579e-01 2.782190455501151183e-01 1.402108343840656642e-02 5.898283575802024592e-04 5.375287260029971807e-03
0.000000000000000000e+00 1.092801686515678522e-03 1.531188259312973865e-01 5.111177026850561855e-01 5.944175937759619277e-01 8.337757186765144546e-01 5.623418848581749341e-01 5.027003591340943600e-02 5.027053868852569829e-02 2.075867204273378064e-02
0.000000000000000000e+00 4.436447876290276066e-02 1.096463497065994219e-01 1.320616899396357402e+00 1.468626995936874735e+00 1.636169475903226367e+00 1.076967295879419861e+00 3.161197532042206992e-01 4.697690794515634732e-03 4.714945857555691983e-02
0.000000000000000000e+00 1.092801686515678522e-03 1.313810327474904116e-01 1.391006903641930581e+00 1.432146938002441861e+00 1.449298408333904664e+00 7.562822263673955048e-01 4.702043824072256115e-03 1.085087335162376321e-01 4.681687565951164753e-02
0.000000000000000000e+00 2.262668557909372838e-02 1.096447978338820767e-01 1.478995946762724056e+00 5.202564353246927897e-01 5.565901177724881244e-01 5.014715711041307644e-01 6.883370102425175885e-01 3.631672978729773727e-03 3.533655975566710183e-02
0.000000000000000000e+00 1.092801686515678522e-03 1.313810327474904116e-01 1.767774679343368793e-01 1.622519155944725788e-01 1.322193240278446424e-01 1.993643424650855811e-01 6.143040052455515238e-02 4.555070381188812217e-04 3.985497059205727298e-03
0.000000000000000000e+00 2.262668557909372838e-02 1.748581773853050692e-01 1.373412770016410933e+00 2.176779147605796272e+00 4.697762668360056182e+00 1.841402157127362216e+01 7.472931060652493462e-01 1.287201358820264929e-01 5.994765790416921314e-02
0.000000000000000000e+00 2.262668557909372838e-02 1.096447978338820767e-01 1.373409095017772419e+00 1.468627335810866796e+00 1.511517215177449858e+00 8.361685888098058239e-01 1.085079332198206903e-01 4.700771720122749048e-03 4.608263009338332133e-02
0.000000000000000000e+00 4.436447876290276066e-02 1.313841428904084507e-01 1.338215933023929161e+00 1.286225231295950788e+00 1.823146571989443299e+00 3.055947917393945890e+00 2.580431110580145848e+00 7.433975523640549976e-03 7.615848653450606187e-02
0.000000000000000000e+00 2.262668557909372838e-02 1.096447978338820767e-01 1.767581085749806435e-01 1.334116058765167090e-01 1.322157192118965929e-01 3.963396025186496918e-02 5.034181764079257533e-04 5.034181764079257533e-04 4.480992915762371798e-03
0.000000000000000000e+00 1.092801686515678522e-03 1.313810327474904116e-01 3.527555541759234692e-01 1.204864695289778881e-01 3.481823328089748704e-01 3.515790358802194371e-01 9.926813462127770122e-04 9.926813462127770122e-04 3.142451684357294717e-02
0.000000000000000000e+00 1.313156514981368428e-01 8.791469975863626385e-02 1.373413984489671558e+00 2.321070275750968026e+00 4.282479554905386010e+00 1.133634039802437954e+01 7.858617310956064750e-03 1.893567553439423068e-01 8.546930679240916096e-02
0.000000000000000000e+00 1.092801686515678522e-03 2.618077918503405321e-01 1.338220780328299719e+00 2.272973113826616931e+00 4.386300773937355402e+00 1.242235728487528412e+01 1.750007260192904257e-01 7.207547959644282354e-03 7.994506176627477756e-02
0.000000000000000000e+00 4.436447876290276066e-02 1.096463497065994219e-01 1.338214708020515786e+00 2.561556579922517063e+00 4.282313668934214057e+00 5.718720944416419982e+00 8.014108401386490707e-03 8.014108401386490707e-03 8.372489767333458899e-02
0.000000000000000000e+00 2.262668557909372838e-02 1.096447978338820767e-01 3.527555541759234692e-01 5.082651364748125289e-01 6.960015218634133527e-01 3.537512916762898807e-01 1.840444060127802983e-01 3.816125197457913981e-02 1.558721169177082651e-02
0.000000000000000000e+00 2.262668557909372838e-02 1.096447978338820767e-01 1.373409095017772419e+00 1.468627335810866796e+00 1.511618108257535065e+00 1.077281414860329356e+00 7.313465119728674857e-01 4.694351691822226495e-03 4.733365819690409093e-02
0.000000000000000000e+00 1.092801686515678522e-03 1.313810327474904116e-01 1.767581085749806435e-01 1.334116058765167090e-01 1.439863862670724415e-01 1.247096018726524258e-01 4.038343721335374689e-04 4.127753199847453971e-04 1.295465077943703906e-02
0.000000000000000000e+00 1.092801686515678522e-03 1.313810327474904116e-01 1.943752765584943754e-01 1.334141699221975674e-01 1.204864695289778881e-01 1.993515699298917254e-01 2.077174808068301542e-02 4.435349728031134941e-04 4.014303694427880966e-03
0.000000000000000000e+00 2.262668557909372838e-02 1.313825910176890654e-01 1.355812516644675059e+00 2.369168091783486751e+00 4.593942330327531742e+00 6.384813003935392750e+00 1.091503950958484070e+00 7.953662660712571691e-03 8.423900401176007136e-02
0.000000000000000000e+00 2.262668557909372838e-02 1.096447978338820767e-01 3.527361948165672056e-01 5.200160051701412378e-01 6.069638565365821359e-01 4.105939748882499463e-01 3.812214388599512865e-02 1.642301497865938454e-03 1.533065592719505717e-02
0.000000000000000000e+00 4.436447876290276066e-02 1.313841428904084507e-01 3.175624591904090965e-01 1.204864695289778881e-01 3.481823328089748704e-01 8.585362480701656807e-02 1.800314503789218756e-02 7.625134935123105894e-04 7.010518211794699271e-03
0.000000000000000000e+00 2.262668557909372838e-02 1.097905327852481128e-01 3.351383861924080443e-01 1.322355175717438158e-01 3.481823328089748704e-01 1.261029407551998993e-01 7.635156472103176578e-04 1.802145471628313275e-02 6.802569764853944566e-03
0.000000000000000000e+00 1.092801686515678522e-03 1.313810327474904116e-01 1.943752765584943754e-01 1.334141699221975674e-01 1.204666678011878100e-01 1.993515699298917254e-01 4.427928967656716611e-04 4.525816377014475517e-04 3.966794134185958401e-03
0.000000000000000000e+00 1.092801686515678522e-03 1.313810327474904116e-01 1.391006903641930581e+00 2.369168122232223173e+00 4.490121698965403141e+00 1.079035567872418611e+01 1.893816783849636143e-01 7.875340695729756563e-03 8.696197073809630584e-02
0.000000000000000000e+00 6.612215296841986167e-02 8.791010198406275233e-02 1.461399368389626696e+00 2.224874847690323953e+00 4.178506979242047947e+00 1.019500611044921357e+01 1.894134063088105668e-01 7.907496092899779852e-03 8.679781698747564278e-02
0.000000000000000000e+00 1.092801686515678522e-03 1.965944122989134180e-01 1.338217152768093499e+00 2.417265284156574712e+00 4.386300773937355402e+00 1.151783853605736674e+01 3.708463688163924910e-01 7.832715785486679683e-03 8.634406800790772607e-02
0.000000000000000000e+00 4.436447876290276066e-02 8.790855652279244703e-02 1.478995946762724056e+00 2.176777685765973303e+00 4.074880704860864178e+00 1.841454000556731785e+01 5.936788699649452224e-03 5.936788699649452224e-03 6.977793695531117613e-02
0.000000000000000000e+00 1.092801686515678522e-03 1.531188259312973865e-01 4.935198940608986895e-01 3.380165406387626303e-01 3.319938382777821162e-01 2.761071859180479482e-01 2.977356714890938560e-02 5.829953273763511384e-02 1.191870486737469682e-02
0.000000000000000000e+00 1.092801686515678522e-03 1.531188259312973865e-01 1.408625335439522841e+00 1.359185848229491400e+00 1.449197515253819457e+00 9.166058684353143304e-01 1.085079332198206903e-01 1.085074614122881198e-01 4.696098511829181060e-02
0.000000000000000000e+00 4.436447876290276066e-02 1.313841428904084507e-01 1.303020315775611282e+00 1.505107416839856604e+00 1.573843432001139409e+00 9.974345651765321730e-01 5.237337004251413353e-01 4.696929291791438962e-03 4.719591247508607423e-02
0.000000000000000000e+00 2.262668557909372838e-02 1.096447978338820767e-01 1.461398138138565672e+00 5.772990457546770537e-01 1.262895064468863904e+00 8.368668710446792725e-01 3.242793173350301816e-01 8.379363936685270409e-02 1.963255035767923484e-01
0.000000000000000000e+00 2.262668557909372838e-02 1.313825910176890654e-01 1.443801559765468312e+00 6.342938975502855348e-01 4.106012913155508981e-01 6.938345856340244477e-01 1.897805657048801664e-01 2.822377015892833969e-03 2.755853161632404111e-02
0.000000000000000000e+00 4.436447876290276066e-02 1.096463497065994219e-01 1.338214708020515786e+00 1.468627214790071633e+00 1.573944425914326484e+00 9.977503660270947705e-01 3.161203210408153885e-01 1.085050933697084691e-01 4.631273485891184566e-02
0.000000000000000000e+00 2.262668557909372838e-02 1.748581773853050692e-01 1.408608387264728368e+00 2.224875464664467728e+00 4.386300773937355402e+00 1.714353460504274906e+01 5.976274004362237303e-03 1.500351163268161536e-01 6.843870326954330785e-02
0.000000000000000000e+00 2.262668557909372838e-02 1.965959705691140980e-01 1.408609601737988992e+00 2.080583361917268892e+00 4.593775873905125096e+00 1.805102529520765486e+01 8.710143344010751187e-01 5.025947986417602341e-03 1.836506695640404141e-01
0.000000000000000000e+00 1.092801686515678522e-03 4.442986001225633641e-02 4.445671663282544511e-02 1.358484929181173473e-01 5.411570293759894977e-03 4.138163259504114289e-02 7.311183541817235570e-04 1.832892697833921752e-02 6.383485971015869648e-03
0.000000000000000000e+00 1.092801686515678522e-03 1.531188259312973865e-01 1.408625335439522841e+00 1.359185848229491400e+00 1.449197515253819457e+00 9.172339885650215852e-01 1.085079332198206903e-01 1.085074614122881198e-01 4.696098511829181060e-02
0.000000000000000000e+00 3.486935833362209691e-01 8.370180411284030564e-01 1.752868807659313743e+00 2.826190987051961034e+00 5.182401389118856727e+00 1.387629759952958253e+01 3.468832216026925153e+00 5.336583388888916923e-01 1.306644289650141511e-01
0.000000000000000000e+00 4.436447876290276066e-02 1.096463497065994219e-01 1.443840536388019347e+00 6.057964716524806281e-01 4.471440418784979332e-01 5.012651856686085594e-01 2.819872280697389554e-03 2.819872280697389554e-03 2.733287113679214175e-02
0.000000000000000000e+00 1.092801686515678522e-03 1.313810327474904116e-01 1.943752765584943754e-01 1.478343247811755024e-01 1.322193240278446424e-01 1.900370166297994101e-01 6.143003133880583361e-02 4.551547498551069214e-04 3.944658884837547175e-03
0.000000000000000000e+00 1.092801686515678522e-03 1.313810327474904116e-01 9.635270234042374706e-04 7.064410429204137643e-02 7.476873612141990422e-02 5.907030370769350558e-02 1.833257855519766777e-02 7.356680498723839777e-04 6.434933580733478986e-03
0.000000000000000000e+00 2.262668557909372838e-02 1.096447978338820767e-01 1.478995946762724056e+00 5.772986801993252870e-01 1.262891825333139151e+00 7.745782483583212308e-01 3.242793173350301816e-01 8.379363936685270409e-02 1.161636825428311037e-01
0.000000000000000000e+00 1.313156514981368428e-01 1.096524929424452927e-01 1.267828341935373526e+00 2.513459417998165968e+00 1.944285663841619272e+00 5.073833878473450909e+00 2.995660246647624092e+00 7.997016531874227840e-03 8.544058822354891336e-02
0.000000000000000000e+00 6.610227194671179640e-02 1.096478951678717811e-01 4.407865474215627022e-01 6.347073890936408835e-01 9.192679963699263990e-01 4.533662458795525430e-01 5.027003591340943600e-02 2.173376764172434833e-03 2.018807015373600203e-02
0.000000000000000000e+00 2.262668557909372838e-02 1.531203842014980665e-01 1.355833168015772694e+00 2.465362446080924919e+00 4.282313668934214057e+00 5.554750150845398693e+00 1.886050811967806828e-01 1.885995798670748180e-01 8.533042983940865300e-02
0.000000000000000000e+00 2.262668557909372838e-02 1.313825910176890654e-01 3.175418078193105176e-01 1.204846488764163004e-01 3.583454958226794940e-01 4.560441431294693510e-02 5.924132945319603117e-04 5.924132945319603117e-04 5.427317602546151074e-03
0.000000000000000000e+00 1.092801686515678522e-03 1.313810327474904116e-01 3.351383861924080443e-01 1.204846488764163004e-01 1.889063498534254149e-01 1.563530392332996011e-01 9.461306730297913692e-02 3.526158056561622817e-02 6.852008803953448662e-03
0.000000000000000000e+00 1.092801686515678522e-03 1.313810327474904116e-01 3.351383861924080443e-01 1.204846488764163004e-01 3.379993948459280029e-01 1.531327538521974063e-01 1.042103702316415637e-01 2.328060332831055276e-02 3.137044563029089267e-02
0.000000000000000000e+00 2.262668557909372838e-02 1.748581773853050692e-01 1.355814961392252549e+00 1.395666442173533195e+00 1.511618108257535065e+00 3.055541144554243971e+00 9.546774889155971167e-01 6.099331513520887642e-03 6.268434934975666839e-02
0.000000000000000000e+00 1.092801686515678522e-03 1.531188259312973865e-01 4.935198940608986895e-01 3.481810182307205626e-01 3.492357363671722559e-01 7.586995583866419646e-02 9.937527149684781749e-04 4.555356099461260050e-02 9.208925609559642095e-03
0.000000000000000000e+00 3.486935833362209691e-01 8.658583508463580936e-01 1.679867184769183952e+00 2.665867344984042209e+00 5.046964246354789019e+00 1.641632604660181016e+01 2.841617342966652249e+00 3.658587079157609168e-01 3.500013161317662436e-02
0.000000000000000000e+00 2.262668557909372838e-02 1.096447978338820767e-01 3.527361948165672056e-01 7.287157065559403124e-01 4.510867589313702908e-01 2.968597565129272864e-01 1.641129552088977685e-03 1.676969736489761914e-03 5.204006696921237990e-02
0.000000000000000000e+00 8.784006513051878517e-02 1.313872273874803487e-01 1.320620558617195739e+00 2.465362446080924919e+00 4.282479554905386010e+00 1.079184598392543926e+01 7.883540351985938305e-03 1.893816783849636143e-01 8.696197073809630584e-02
0.000000000000000000e+00 1.092801686515678522e-03 1.313810327474904116e-01 3.351577455517642523e-01 1.204846488764163004e-01 3.481638724378859906e-01 3.343270995260011480e-01 1.346056118101252308e-01 1.016597778705962286e-03 9.288963196986228452e-03
0.000000000000000000e+00 6.610227194671179640e-02 1.965990679031058563e-01 1.338220780328299719e+00 2.321070275750968026e+00 4.282313668934214057e+00 1.369432588725188893e+01 3.427237856273732675e-01 7.285010696312084998e-03 8.091649247127910560e-02
0.000000000000000000e+00 3.486935833362209691e-01 8.370180411284030564e-01 1.752824539473035514e+00 3.066416161148214137e+00 4.233885795355572412e+00 1.442205067607303270e+01 3.468840479689383915e+00 5.336660527140428822e-01 4.272399938328318159e-02
0.000000000000000000e+00 1.092801686515678522e-03 2.400699986665314756e-01 1.355817385056166557e+00 2.321070275750968026e+00 4.178506979242047947e+00 1.351275439295763547e+01 1.749572298080576682e-01 7.163531034018274200e-03 8.083849758126508689e-02
0.000000000000000000e+00 2.262668557909372838e-02 1.096447978338820767e-01 1.479015306122080098e+00 1.249743476753831795e+00 5.894722308678449485e-01 7.122585484346907192e-01 8.854120281942281512e-01 4.701243527660214049e-03 4.686517190379343306e-02
0.000000000000000000e+00 1.092801686515678522e-03 1.313810327474904116e-01 3.527555541759234692e-01 7.152840031415339528e-01 4.288174234404519281e-01 4.106103951345973502e-01 1.642301497865938454e-03 3.812272240084812330e-02 5.210227970791778823e-02
0.000000000000000000e+00 6.964982742771552715e-01 9.662978262363687287e-01 1.096200286321542983e+00 1.823253706094441817e+00 5.995808044620858368e+00 1.460430931227485551e+01 5.324385990424445048e+00 1.673920044048172961e+00 5.176747985725091428e-02
0.000000000000000000e+00 6.964982742771552715e-01 9.662978262363687287e-01 1.132680707224525074e+00 1.823247957121286067e+00 5.995784440559573270e+00 1.478511361740264185e+01 5.324369208449562407e+00 1.554503977594724695e+00 5.176747985725091428e-02
0.000000000000000000e+00 2.262668557909372838e-02 1.096447978338820767e-01 3.527361948165672056e-01 5.082651364748125289e-01 3.665058280411450653e-01 4.104775471001265719e-01 2.977640316736435144e-02 1.279510184985872302e-03 1.186385337230432165e-02
0.000000000000000000e+00 6.530226879095392123e-01 1.035260244018294973e+00 1.878150348985826890e+00 2.505480971671527168e+00 4.369376191958683542e+00 1.532658501431886044e+01 5.324343392955113607e+00 1.494783509034633529e+00 1.661204368262268055e-02
0.000000000000000000e+00 2.262668557909372838e-02 2.618093501205391305e-01 1.320624170294265376e+00 2.272973113826616931e+00 4.386300773937355402e+00 1.242532922622227076e+01 1.750007260192904257e-01 1.749922342215620152e-01 8.072450351551724301e-02
0.000000000000000000e+00 1.092801686515678522e-03 1.313810327474904116e-01 1.938390603100915710e+00 2.080580731304060293e+00 4.282479554905386010e+00 1.877701784733958590e+01 8.709786973684651157e-01 4.987816997439669005e-03 5.994551055235577963e-02
0.000000000000000000e+00 4.436447876290276066e-02 2.161074370669891387e+00 2.807468568990469926e+00 2.932865728926004945e+00 3.283843736378042166e+00 1.841381360086563745e+01 5.694433532833047984e+00 7.459598934438106399e-01 9.653647012476706743e-03
0.000000000000000000e+00 2.262668557909372838e-02 1.313825910176890654e-01 1.443801559765468312e+00 6.342938975502855348e-01 4.106012913155508981e-01 6.938345856340244477e-01 1.897805657048801664e-01 2.822377015892833969e-03 8.987823153995451453e-02
0.000000000000000000e+00 1.092801686515678522e-03 1.531188259312973865e-01 1.373410325268833221e+00 2.465362446080924919e+00 4.282479554905386010e+00 6.217437282157018075e+00 1.885824879975625812e-01 1.885765936300594636e-01 8.554831095229062377e-02
0.000000000000000000e+00 1.092801686515678522e-03 1.965944122989134180e-01 1.426206195888886752e+00 2.176777685765973303e+00 4.386300773937355402e+00 1.787027336721172688e+01 7.473194408089605112e-01 5.044473414364037712e-03 5.994383420219555336e-02
0.000000000000000000e+00 1.092801686515678522e-03 1.313810327474904116e-01 1.443800329514406400e+00 5.772993344416271766e-01 5.564701844136186182e-01 6.457630568771859370e-01 2.521002656285106780e-01 1.274620260627236379e-01 2.692538650318468049e-02
0.000000000000000000e+00 1.092801686515678522e-03 8.790544637987234011e-02 1.982925481800615231e+00 8.331303705893320810e+00 2.382111672417093828e+01 6.933435595032420906e+00 9.540709897039310536e-03 2.110139522177564885e-04 3.566820820504548045e-03
0.000000000000000000e+00 1.092801686515678522e-03 1.313810327474904116e-01 1.767970175650860620e-01 1.478317607354946439e-01 1.322175364965164357e-01 2.086852890473909761e-01 6.143040052455515238e-02 4.555070381188812217e-04 3.916795547620357740e-03
0.000000000000000000e+00 1.092801686515678522e-03 1.313810327474904116e-01 1.320615669145295712e+00 2.657750197819873428e+00 4.282479554905386010e+00 5.719399570303023594e+00 1.885995798670748180e-01 8.008509313808729463e-03 8.533042983940865300e-02
0.000000000000000000e+00 2.262668557909372838e-02 1.096447978338820767e-01 5.111164724339962717e-01 3.278349172539695711e-01 1.109128400420006239e-01 2.654863539227416691e-01 2.326168743910338177e-02 4.553123356652021003e-02 9.115926058132212476e-03
0.000000000000000000e+00 1.092801686515678522e-03 1.313810327474904116e-01 1.767581085749806435e-01 1.622519155944725788e-01 1.557408662860991777e-01 1.713950811800250273e-01 4.431657870537908232e-04 4.431657870537908232e-04 4.007545526375216362e-03
0.000000000000000000e+00 1.092801686515678522e-03 1.313810327474904116e-01 3.351383861924080443e-01 1.204846488764163004e-01 3.481810182307205626e-01 1.530495416495689098e-01 3.524629174818529054e-02 3.524725448235141445e-02 2.426655265604115569e-02
0.000000000000000000e+00 2.262668557909372838e-02 2.183337637529230990e-01 1.982936332790418366e+00 3.007402049266875821e+00 6.402255630368892447e+00 1.169756243751683300e+01 1.748722851246446164e-01 1.748623078577604129e-01 7.955576302019223833e-02
0.000000000000000000e+00 1.092801686515678522e-03 2.183322054827224468e-01 1.408609601737988992e+00 1.249743476753831795e+00 1.511618108257535065e+00 2.226311227284741623e+00 4.693394332185295802e-03 2.771066976288329986e-01 6.195734660551049239e-02
0.000000000000000000e+00 2.262668557909372838e-02 1.965959705691140980e-01 1.320620558617195739e+00 1.432146938002441861e+00 1.511618108257535065e+00 2.848334538009619887e+00 1.632001808116103403e+00 1.734771989129287317e-01 7.637075617538251204e-02
0.000000000000000000e+00 1.092801686515678522e-03 1.965944122989134180e-01 1.338217152768093499e+00 2.417265284156574712e+00 4.386300773937355402e+00 1.151709232602031463e+01 3.708463688163924910e-01 7.832715785486679683e-03 8.634406800790772607e-02
0.000000000000000000e+00 2.262668557909372838e-02 1.096447978338820767e-01 1.320615669145295712e+00 1.541587521150675322e+00 1.511624725990695861e+00 9.166058684353143304e-01 1.665608278602252135e+00 6.118687424630711927e-03 6.213068384104646069e-02
0.000000000000000000e+00 1.092801686515678522e-03 1.313810327474904116e-01 5.463120896823129291e-01 3.380191436501769342e-01 3.147831013112816767e-01 1.427425930908544083e-01 2.326379529830165105e-02 1.017108823728042231e-03 9.222175526751330912e-03
0.000000000000000000e+00 4.436447876290276066e-02 2.161074370669891387e+00 2.807468568990469926e+00 2.932865728926004945e+00 3.283843736378042166e+00 1.841381360086563745e+01 5.694433532833047984e+00 7.459598934438106399e-01 9.653647012476706743e-03
0.000000000000000000e+00 2.262668557909372838e-02 1.096447978338820767e-01 3.351383861924080443e-01 1.322355175717438158e-01 1.982348811353857876e-01 1.360035035147853233e-01 1.402284681654371312e-02 5.915717304285196890e-04 5.317781262948619199e-03
0.000000000000000000e+00 6.530226879095392123e-01 1.381700951033025593e+00 1.878154395448747405e+00 2.425170374577314547e+00 4.775818990783676554e+00 1.460083820659943754e+01 4.705825468155939717e+00 1.673920044048172961e+00 1.664184106109109149e-02
0.000000000000000000e+00 1.092801686515678522e-03 1.313810327474904116e-01 1.767774679343368793e-01 1.478075148429633112e-01 1.204666678011878100e-01 3.493497465021326853e-01 5.911434021381237192e-04 5.911434021381237192e-04 5.401405851290621077e-03
0.000000000000000000e+00 4.139069628876460571e-01 1.207659448077327280e+00 1.974342623268968699e+00 2.505471110122562628e+00 4.098367007768136006e+00 1.532652225797940382e+01 5.571759254242504511e+00 1.614181272074497908e+00 4.279649766589267712e-02
0.000000000000000000e+00 3.486935833362209691e-01 1.138691433978973988e+00 1.534000322367254032e+00 2.585688723158850788e+00 4.233995435271876495e+00 1.550776417437698562e+01 5.695488396888081617e+00 1.673895745612943964e+00 1.372795043252930669e-02
0.000000000000000000e+00 2.262668557909372838e-02 1.313825910176890654e-01 1.443801559765468312e+00 6.342938975502855348e-01 4.106012913155508981e-01 6.936538333660146050e-01 1.897805657048801664e-01 2.822377015892833969e-03 2.707504365065960955e-02
0.000000000000000000e+00 1.092801686515678522e-03 1.313810327474904116e-01 4.231274293132021302e-01 6.749968742329252036e-01 8.337757186765144546e-01 5.622081534529537183e-01 5.027003591340943600e-02 9.836770061287669620e-02 2.096738956716389518e-02
0.000000000000000000e+00 1.092801686515678522e-03 1.313810327474904116e-01 1.943752765584943754e-01 1.334141699221975674e-01 1.322175364965164357e-01 2.796634378674796306e-02 5.034181764079257533e-04 5.034181764079257533e-04 4.405464475434725004e-03
0.000000000000000000e+00 2.262668557909372838e-02 1.096447978338820767e-01 4.231274293132021302e-01 6.749968742329252036e-01 8.337757186765144546e-01 5.623418848581749341e-01 1.945615216864669539e-01 5.027192478900761180e-02 2.101874562517687395e-02
0.000000000000000000e+00 2.262668557909372838e-02 2.618093501205391305e-01 1.285428553045948830e+00 2.321070861522706696e+00 4.490121698965403141e+00 1.206233295015631057e+01 3.708201385927518134e-01 7.216039757364749521e-03 8.066330724751111236e-02
0.000000000000000000e+00 8.784006513051878517e-02 1.313872273874803487e-01 1.320620558617195739e+00 2.465362446080924919e+00 4.178672865213220788e+00 1.097326869211289946e+01 1.893816783849636143e-01 7.875340695729756563e-03 2.684601087710825618e-01
0.000000000000000000e+00 1.092801686515678522e-03 1.313810327474904116e-01 1.767774679343368793e-01 1.478317607354946439e-01 1.322175364965164357e-01 6.314375210755859835e-02 4.007881871089635892e-04 4.007881871089635892e-04 3.515875653433700714e-03
0.000000000000000000e+00 2.262668557909372838e-02 8.790700465007304787e-02 1.748643463513366025e-01 3.949049233507447632e+00 3.198987255607634594e+01 9.144266034930188525e+00 2.110139522177564885e-04 2.110139522177564885e-04 3.566820820504548045e-03
0.000000000000000000e+00 1.092801686515678522e-03 1.313810327474904116e-01 1.320635028504651753e+00 1.505107100247693230e+00 1.573950869514536777e+00 3.159705050437382035e+00 2.038469524167716429e+00 7.448442913582971857e-03 2.433266840066136416e-01
0.000000000000000000e+00 4.436447876290276066e-02 1.313841428904084507e-01 3.175430328227240029e-01 1.204864695289778881e-01 3.481823328089748704e-01 8.585362480701656807e-02 7.620026071540575126e-04 3.524428746863113304e-02 7.021425071324153590e-03
0.000000000000000000e+00 1.092801686515678522e-03 2.400699986665314756e-01 1.982961041803190660e+00 3.007402049266875821e+00 6.266765233765789311e+00 1.206353675000838876e+01 1.748623078577604129e-01 1.748522211107610136e-01 6.897208003430646550e-02
0.000000000000000000e+00 1.092801686515678522e-03 1.313810327474904116e-01 1.461398138138565672e+00 2.128681140815763317e+00 4.593775873905125096e+00 1.623529981971364222e+01 6.023413110103104616e-03 1.500822554325604019e-01 6.969771320529037639e-02
0.000000000000000000e+00 2.262668557909372838e-02 2.618093501205391305e-01 1.303026361670106992e+00 2.272973471454500682e+00 4.386148740984194383e+00 1.315124634850868546e+01 1.749749402947790577e-01 7.181451070268725020e-03 8.003152355990579558e-02
0.000000000000000000e+00 2.262668557909372838e-02 1.748581773853050692e-01 1.373412770016410933e+00 2.224876309530147811e+00 4.593775873905125096e+00 1.823252343324063673e+01 8.710055562900639314e-01 5.016550922191595485e-03 1.836512935463232576e-01
0.000000000000000000e+00 1.092801686515678522e-03 1.313810327474904116e-01 1.767581085749806435e-01 1.478075148429633112e-01 1.439684051918450614e-01 3.087056128565600632e-01 5.902717053384103595e-04 6.032892822187492553e-04 5.384016293733375445e-03
0.000000000000000000e+00 1.092801686515678522e-03 1.313810327474904116e-01 1.767581085749806435e-01 1.622519155944725788e-01 1.439701927231721579e-01 2.782190455501151183e-01 1.402108343840656642e-02 5.898283575802024592e-04 5.375287260029971807e-03
0.000000000000000000e+00 1.092801686515678522e-03 1.313810327474904116e-01 1.320615669145295712e+00 1.432146258441727049e+00 1.636282935004366834e+00 3.159655250228563972e+00 2.038471293888323377e+00 1.734644185172589947e-01 7.731411338861807203e-02
0.000000000000000000e+00 1.092801686515678522e-03 8.790544637987234011e-02 2.094270512265065332e+00 1.743893606788148087e+00 2.184782119784623777e+00 4.530910744322192762e+00 7.441379241405285221e-03 7.441379241405285221e-03 7.743641112991826725e-02
0.000000000000000000e+00 1.092801686515678522e-03 1.531188259312973865e-01 1.461418761311998882e+00 1.140302214044881746e+00 1.698596539020447382e+00 2.952141227701780668e+00 6.115344841715077834e-03 1.416057414448257390e-01 6.118819143408868455e-02
0.000000000000000000e+00 2.262668557909372838e-02 2.183337637529230990e-01 1.960692035710301040e+00 3.069724238776830205e+00 6.537746026972002689e+00 1.206062030347820446e+01 1.501182270385661155e-01 6.050535079543403229e-03 6.964089644989203409e-02
0.000000000000000000e+00 2.262668557909372838e-02 1.313825910176890654e-01 1.355812516644675059e+00 1.432146914907883151e+00 1.511624725990695861e+00 9.977111201528002793e-01 1.146574358333902532e+00 1.416149870977324032e-01 6.195734660551049239e-02
0.000000000000000000e+00 1.092801686515678522e-03 1.313810327474904116e-01 1.478995946762724056e+00 5.772986801993252870e-01 1.214794663408788278e+00 8.368668710446792725e-01 3.242793173350301816e-01 3.631818332891465027e-03 1.161254002155078513e-01
0.000000000000000000e+00 3.486935833362209691e-01 8.658583508463580936e-01 1.752872396733092364e+00 2.825914411676041738e+00 5.047066195285693446e+00 1.460235270217303594e+01 3.345086033597755026e+00 6.220611513102942691e-01 3.470938856089161861e-02
0.000000000000000000e+00 2.262668557909372838e-02 1.096447978338820767e-01 1.408604712266089853e+00 1.359186021270549327e+00 1.573944425914326484e+00 9.968054748454624470e-01 1.085069416564993783e-01 4.699684127739262723e-03 4.700849954147128668e-02
0.000000000000000000e+00 1.092801686515678522e-03 1.313810327474904116e-01 3.527361948165672056e-01 5.082651364748125289e-01 3.492646856104068553e-01 4.097608737689240610e-01 2.977585878766263183e-02 1.278977269559459758e-03 1.174381817139420574e-02
0.000000000000000000e+00 1.092801686515678522e-03 1.313810327474904116e-01 1.767774679343368793e-01 1.334116058765167090e-01 1.204648505165690636e-01 1.900178368321651101e-01 4.420360322628734515e-04 2.077099121618021516e-02 3.932887531525276412e-03
0.000000000000000000e+00 4.436447876290276066e-02 1.313841428904084507e-01 1.408607167520563141e+00 5.772993344416271766e-01 4.836292759665220542e-01 7.417255652550247547e-01 6.883381650939357499e-01 3.631996820677088102e-03 3.576926774529162051e-02
0.000000000000000000e+00 1.092801686515678522e-03 1.965944122989134180e-01 1.373412770016410933e+00 2.321070633378851777e+00 4.386300773937355402e+00 1.133263101907395765e+01 1.893567553439423068e-01 7.850092750428557323e-03 8.707769450096543296e-02
0.000000000000000000e+00 1.092801686515678522e-03 1.313810327474904116e-01 1.767774679343368793e-01 1.334116058765167090e-01 1.204648505165690636e-01 1.900178368321651101e-01 1.060651362422130629e-02 1.060689390132879550e-02 3.932887531525276412e-03
0.000000000000000000e+00 1.313156514981368428e-01 8.454748362930110117e-01 2.482438505333700363e+00 5.216916539919792761e+00 1.565374538021402628e+01 5.397143499140721445e+00 4.156609492632856728e+00 2.825548201888686273e-01 4.275469237738883932e-02
0.000000000000000000e+00 1.092801686515678522e-03 1.313810327474904116e-01 3.527361948165672056e-01 4.377599243028435505e-01 2.317501329106907426e-01 3.429764409339093878e-01 2.326430041570563823e-02 1.302226538071687111e-03 1.192123056654756548e-02
0.000000000000000000e+00 2.262668557909372838e-02 1.096447978338820767e-01 1.373409095017772419e+00 1.468627335810866796e+00 1.511517215177449858e+00 8.361685888098058239e-01 1.085079332198206903e-01 4.700771720122749048e-03 4.608263009338332133e-02
0.000000000000000000e+00 1.092801686515678522e-03 1.965944122989134180e-01 1.982933265784313059e+00 3.131943137510084352e+00 6.537319030750171400e+00 1.133691025382457340e+01 1.748821533801868666e-01 7.087598862722926593e-03 8.103179528835717516e-02
0.000000000000000000e+00 2.262668557909372838e-02 1.096447978338820767e-01 1.408604712266089853e+00 1.359186021270549327e+00 1.573944425914326484e+00 9.968054748454624470e-01 1.085069416564993783e-01 4.699684127739262723e-03 4.617545466661502479e-02
0.000000000000000000e+00 2.262668557909372838e-02 1.096447978338820767e-01 4.407252379373613471e-01 6.615444307830130599e-01 8.337757186765144546e-01 5.623418848581749341e-01 1.464643597621136661e-01 5.027148317648896109e-02 2.062659026458255745e-02
0.000000000000000000e+00 1.092801686515678522e-03 1.313810327474904116e-01 3.527361948165672056e-01 7.152840031415339528e-01 3.843166566735393141e-01 4.390749270366577361e-01 1.110829856919612058e-01 3.812383454182093068e-02 1.539101069652522649e-02
0.000000000000000000e+00 1.092801686515678522e-03 1.313810327474904116e-01 1.767774679343368793e-01 1.622519155944725788e-01 1.439701927231721579e-01 1.713887301336822211e-01 7.159413604047612512e-02 4.453250708977606943e-04 4.013375020119885374e-03
0.000000000000000000e+00 2.262668557909372838e-02 1.313825910176890654e-01 1.355812516644675059e+00 1.432146914907883151e+00 1.573944425914326484e+00 9.971195938263718306e-01 8.351537695016275631e-01 1.085010413839875981e-01 4.737903026699571279e-02
0.000000000000000000e+00 2.262668557909372838e-02 1.096447978338820767e-01 3.527555541759234692e-01 5.082651364748125289e-01 6.960015218634133527e-01 3.537512916762898807e-01 2.570052478187463962e-01 2.217342566273643612e-03 2.057710843657311120e-02
0.000000000000000000e+00 2.262668557909372838e-02 1.096447978338820767e-01 1.478995946762724056e+00 5.772986801993252870e-01 1.262812953555659368e+00 7.745782483583212308e-01 3.242793173350301816e-01 8.379363936685270409e-02 1.161636825428311037e-01
0.000000000000000000e+00 2.262668557909372838e-02 6.616921146626401906e-02 6.617384783605531617e-02 1.803780969986343019e-01 5.722672779023296047e-02 1.963572741271172109e-02 6.057228259403469846e-04 6.057228259403469846e-04 5.137131115127857410e-03
0.000000000000000000e+00 1.092801686515678522e-03 1.313810327474904116e-01 1.767581085749806435e-01 1.478075148429633112e-01 1.439684051918450614e-01 3.087056128565600632e-01 5.902717053384103595e-04 6.032892822187492553e-04 5.384016293733375445e-03
0.000000000000000000e+00 2.262668557909372838e-02 2.400715569367321556e-01 1.960668850158456378e+00 3.007402049266875821e+00 6.266765233765789311e+00 1.224275126668105607e+01 7.263623511492169893e-01 1.500822554325604019e-01 6.969771320529037639e-02
0.000000000000000000e+00 1.092801686515678522e-03 1.313810327474904116e-01 3.527361948165672056e-01 7.287157065559403124e-01 4.511239873687217794e-01 2.968597565129272864e-01 1.641129552088977685e-03 1.676969736489761914e-03 1.555964606622848266e-02
0.000000000000000000e+00 1.092801686515678522e-03 1.313810327474904116e-01 1.461417497497921714e+00 5.202567736085784711e-01 5.565324065396427544e-01 6.936538333660146050e-01 5.636987652466718401e-01 3.631816616348418000e-03 3.506237183027655080e-02
0.000000000000000000e+00 2.262668557909372838e-02 1.096447978338820767e-01 4.231274293132021302e-01 6.615425238766547977e-01 8.622727447780109689e-01 5.623418848581749341e-01 1.464643597621136661e-01 1.945629689495441961e-01 2.682280905351879310e-02
0.000000000000000000e+00 1.092801686515678522e-03 1.313810327474904116e-01 1.767581085749806435e-01 1.333873599839853485e-01 1.204648505165690636e-01 2.272679543335172914e-01 2.077249015672046062e-02 2.078303005840351908e-02 1.420564646940213060e-02
0.000000000000000000e+00 1.092801686515678522e-03 1.313810327474904116e-01 3.351383861924080443e-01 1.204846488764163004e-01 3.481810182307205626e-01 1.530495416495689098e-01 3.524629174818529054e-02 3.524725448235141445e-02 2.426655265604115569e-02
0.000000000000000000e+00 1.092801686515678522e-03 1.313810327474904116e-01 1.767581085749806435e-01 1.333873599839853485e-01 1.792389923530572360e-01 1.620378052417373871e-01 1.060727048872410309e-02 4.431657870537908232e-04 4.007545526375216362e-03
0.000000000000000000e+00 2.262668557909372838e-02 1.096447978338820767e-01 1.478995946762724056e+00 5.202564353246927897e-01 5.565901177724881244e-01 5.014715711041307644e-01 6.883370102425175885e-01 3.631672978729773727e-03 3.565039376122166453e-02
0.000000000000000000e+00 4.436447876290276066e-02 1.313841428904084507e-01 1.320637550767455037e+00 2.465362256073815317e+00 2.024458477716704508e+00 4.937262369033541987e+00 2.663638849910517248e+00 8.014108401386490707e-03 8.372489767333458899e-02
0.000000000000000000e+00 1.092801686515678522e-03 1.313810327474904116e-01 1.943559171991381673e-01 1.478343247811755024e-01 1.439701927231721579e-01 4.405464475434725004e-03 5.034181764079257533e-04 5.034181764079257533e-04 4.480992915762371798e-03
0.000000000000000000e+00 4.445352198794184223e-02 2.138737701761572296e+00 2.745381657477028003e+00 2.932899219644354183e+00 3.282436617357243236e+00 1.823143327985120266e+01 5.605304184229884967e+00 7.656414075677203668e-01 1.896235763657129481e-02
0.000000000000000000e+00 6.964982742771552715e-01 9.662978262363687287e-01 1.096200286321542983e+00 1.823253706094441817e+00 5.995808044620858368e+00 1.460430931227485551e+01 5.324385990424445048e+00 1.673920044048172961e+00 5.176747985725091428e-02
0.000000000000000000e+00 1.092801686515678522e-03 2.183322054827224468e-01 1.408629094641807855e+00 2.224874847690323953e+00 4.178506979242047947e+00 1.841246321614148940e+01 1.287840465310546301e-01 1.288801490596409027e-01 5.936945248150946042e-02
0.000000000000000000e+00 2.262668557909372838e-02 1.096447978338820767e-01 4.407252379373613471e-01 6.615444307830130599e-01 8.337757186765144546e-01 5.623418848581749341e-01 1.464643597621136661e-01 5.027148317648896109e-02 2.062659026458255745e-02
0.000000000000000000e+00 1.092801686515678522e-03 4.442986001225633641e-02 9.811302652094316522e-04 1.358029188753610561e-01 5.403042950192345206e-03 5.108569521340562691e-02 9.008191692351847539e-04 1.832706587723589159e-02 6.357614381019505156e-03
0.000000000000000000e+00 1.092801686515678522e-03 1.313810327474904116e-01 1.767581085749806435e-01 1.334116058765167090e-01 1.204648505165690636e-01 2.272975161022163793e-01 2.077249015672046062e-02 2.078303005840351908e-02 1.420564646940213060e-02
0.000000000000000000e+00 1.313156514981368428e-01 8.791469975863626385e-02 1.373413984489671558e+00 2.321070275750968026e+00 4.282479554905386010e+00 1.133634039802437954e+01 7.858617310956064750e-03 1.893567553439423068e-01 8.707769450096543296e-02
0.000000000000000000e+00 1.092801686515678522e-03 1.531188259312973865e-01 4.935198940608986895e-01 3.481810182307205626e-01 3.492357363671722559e-01 7.586995583866419646e-02 9.937527149684781749e-04 4.555356099461260050e-02 9.208925609559642095e-03
0.000000000000000000e+00 2.262668557909372838e-02 1.096447978338820767e-01 3.527361948165672056e-01 5.082651364748125289e-01 3.665058280411450653e-01 3.821827528369098892e-01 5.827328468546752460e-02 1.279510184985872302e-03 1.186385337230432165e-02
0.000000000000000000e+00 1.092801686515678522e-03 1.313810327474904116e-01 5.111358317933525353e-01 3.583454958226794940e-01 3.147831013112816767e-01 2.761988766216085800e-01 1.276731226855258019e-03 1.304680942026674451e-03 1.178218090263924260e-02
0.000000000000000000e+00 1.092801686515678522e-03 1.531188259312973865e-01 1.426203751141309262e+00 6.627916121350405643e-01 4.106012913155508981e-01 6.938345856340244477e-01 1.897805657048801664e-01 6.514207693952329958e-02 2.734776340727321231e-02
0.000000000000000000e+00 2.262668557909372838e-02 1.096447978338820767e-01 4.231274293132021302e-01 6.615425238766547977e-01 8.622727447780109689e-01 5.623418848581749341e-01 1.464643597621136661e-01 1.945629689495441961e-01 2.682280905351879310e-02
0.000000000000000000e+00 1.092801686515678522e-03 1.313810327474904116e-01 3.527361948165672056e-01 7.152840031415339528e-01 3.843166566735393141e-01 4.390749270366577361e-01 1.110829856919612058e-01 3.812383454182093068e-02 1.539101069652522649e-02
0.000000000000000000e+00 1.092801686515678522e-03 1.096432395636813828e-01 4.574556577408478431e-01 3.547845315340463657e+00 2.890466189234900796e+01 1.245115029434167830e+01 2.110139522177564885e-04 2.110139522177564885e-04 3.566820820504548045e-03
0.000000000000000000e+00 1.092801686515678522e-03 1.313810327474904116e-01 5.111358317933525353e-01 3.481638724378859906e-01 3.665058280411450653e-01 3.818791681240956137e-01 1.278432889859076969e-03 1.278432889859076969e-03 1.203934534449562464e-02
0.000000000000000000e+00 4.436447876290276066e-02 1.313841428904084507e-01 3.175430328227240029e-01 1.204864695289778881e-01 3.481823328089748704e-01 8.585362480701656807e-02 7.620026071540575126e-04 3.524428746863113304e-02 6.961311058299185332e-03
0.000000000000000000e+00 3.486935833362209691e-01 8.370180411284030564e-01 1.752824539473035514e+00 3.066676450153837497e+00 4.233885795355572412e+00 1.442205067607303270e+01 3.468840479689383915e+00 5.336660527140428822e-01 4.272399938328318159e-02
0.000000000000000000e+00 1.092801686515678522e-03 1.965944122989134180e-01 1.320619344143935114e+00 1.432146914907883151e+00 1.511523732077509230e+00 3.159705050437382035e+00 1.767488730961501497e+00 1.734677392877097823e-01 7.586304352897438319e-02
0.000000000000000000e+00 2.262668557909372838e-02 2.618093501205391305e-01 1.303026361670106992e+00 2.272973471454500682e+00 4.386315009273237919e+00 1.315124634850868546e+01 1.749749402947790577e-01 7.181451070268725020e-03 8.003152355990579558e-02
0.000000000000000000e+00 1.530534446819437899e-01 8.791621943325669819e-02 1.267828341935373526e+00 2.561556579922517063e+00 1.944274443964166599e+00 4.938948617387054263e+00 2.829647676029628300e+00 8.002812135721204881e-03 2.659712831607820016e-01
0.000000000000000000e+00 4.436447876290276066e-02 1.096463497065994219e-01 1.443801559765468312e+00 6.627913234480891091e-01 4.106584057207205429e-01 5.014715711041307644e-01 6.514001100620099571e-02 6.514042292769112175e-02 2.743042241653727287e-02
0.000000000000000000e+00 1.092801686515678522e-03 2.835455850341474515e-01 1.355819787542582811e+00 2.128680523841622207e+00 4.386148740984194383e+00 1.242525379637675442e+01 1.893130368743610181e-01 7.216039757364749521e-03 8.066330724751111236e-02
0.000000000000000000e+00 1.092801686515678522e-03 1.631288762430273653e+00 1.752826289419503025e+00 1.511624725990695861e+00 3.036456314189907246e+00 1.950145204433938417e+01 3.787389394524837360e+00 6.198057166294800718e-02 2.870277753196872478e-02
0.000000000000000000e+00 2.262668557909372838e-02 1.313825910176890654e-01 3.175418078193105176e-01 1.204846488764163004e-01 3.583454958226794940e-01 4.560441431294693510e-02 5.924132945319603117e-04 5.924132945319603117e-04 5.427317602546151074e-03
0.000000000000000000e+00 3.486935833362209691e-01 9.091188154232906493e-01 1.606911477354315387e+00 2.825792334912807124e+00 5.182374175339502287e+00 1.351488791022036295e+01 3.468840479689383915e+00 5.345316935120345558e-01 4.272399938328318159e-02
0.000000000000000000e+00 1.092801686515678522e-03 1.965944122989134180e-01 1.408608387264728368e+00 2.128681140815763317e+00 4.593775873905125096e+00 1.786952715717467299e+01 8.710230257687954225e-01 1.287388402975925272e-01 5.994708460420551666e-02
0.000000000000000000e+00 1.092801686515678522e-03 1.313810327474904116e-01 9.635270234042374706e-04 7.064410429204137643e-02 7.476873612141990422e-02 7.666811233185098773e-02 7.356680498723839777e-04 7.356680498723839777e-04 6.434933580733478986e-03
0.000000000000000000e+00 2.262668557909372838e-02 2.618093501205391305e-01 1.320643762110811359e+00 2.272973113826616931e+00 4.282494084245190180e+00 1.315124634850868546e+01 1.749749402947790577e-01 7.181451070268725020e-03 8.003152355990579558e-02
0.000000000000000000e+00 1.092801686515678522e-03 1.313810327474904116e-01 5.111164724339962717e-01 3.583454958226794940e-01 2.975419588805436333e-01 2.763430914165958541e-01 1.276141251105835945e-03 2.980151061764238149e-02 1.178218090263924260e-02
0.000000000000000000e+00 1.092801686515678522e-03 2.400699986665314756e-01 1.355817385056166557e+00 2.321070275750968026e+00 4.178506979242047947e+00 1.351275439295763547e+01 1.749572298080576682e-01 7.163531034018274200e-03 8.083849758126508689e-02
0.000000000000000000e+00 1.092801686515678522e-03 1.313810327474904116e-01 1.461417497497921714e+00 5.202567736085784711e-01 5.565324065396427544e-01 6.936538333660146050e-01 5.636987652466718401e-01 3.631816616348418000e-03 3.506237183027655080e-02
0.000000000000000000e+00 1.092801686515678522e-03 1.313810327474904116e-01 4.231274293132021302e-01 6.749968742329252036e-01 8.337757186765144546e-01 5.623418848581749341e-01 5.027003591340943600e-02 9.836770061287669620e-02 2.060146773787494001e-02
0.000000000000000000e+00 4.445352198794184223e-02 2.138737701761572296e+00 2.745381657477028003e+00 2.932899219644354183e+00 3.285357768546393054e+00 1.823143327985120266e+01 5.605304184229884967e+00 7.656414075677203668e-01 1.896235763657129481e-02
0.000000000000000000e+00 3.921691697038370283e-01 1.173176020355867211e+00 2.070530693644657472e+00 2.425319150637565979e+00 4.911365776452581322e+00 1.587429920611186063e+01 2.526357356903901064e+00 2.253842402796982114e+00 1.954107154469223243e-02
