0.000000000000000000e+00 2.262668557909372838e-02 9.558319148389736496e-04 4.139739024072002782e-01 5.227415531249335334e-01 3.725343247589985651e+01 1.994972869437102503e+01 2.377020460513788378e-04 3.997468780175705838e-03 9.634333559284065374e-03
0.000000000000000000e+00 1.092801686515678522e-03 1.202271164499381763e-03 2.269206682844730760e-02 2.714563176316988832e-02 5.339758519072275618e-03 7.579744276359186642e-03 9.112629607553282985e-04 7.707986862631369118e-03 9.573837875583785569e-04
0.000000000000000000e+00 1.092801686515678522e-03 2.269206682844730760e-02 3.704983160395822206e-01 3.657238760554320844e+00 2.799725997269144173e+01 1.564598348570270936e+01 2.395942883845946436e-04 1.331206929069763886e-02 9.634333559284065374e-03
0.000000000000000000e+00 1.092801686515678522e-03 2.269206682844730760e-02 8.704675592671776707e-01 1.945103953280503450e+00 3.362353243509395639e+01 9.232236473582863923e+00 9.542602139372528131e-03 1.330047663116363903e-02 2.948291899282263367e-04
0.000000000000000000e+00 1.092801686515678522e-03 2.269206682844730760e-02 8.704675592671776707e-01 3.000712573200038591e+00 3.289732679724759379e+01 6.860482490913566878e+00 9.542602139372528131e-03 1.330047663116363903e-02 2.948291899282263367e-04
0.000000000000000000e+00 2.262668557909372838e-02 1.003472416420051047e-03 2.269362509864800148e-02 5.047620203629563790e-03 5.376159772510975474e-03 2.931753746016822065e-02 8.925456451359593162e-04 7.724248865844703625e-03 9.589292488307242209e-04
0.000000000000000000e+00 1.092801686515678522e-03 2.269206682844730760e-02 7.183030069805185214e-01 4.629571016256586624e+00 2.672595413713926860e+01 1.515119920098312178e+01 2.377020460513788378e-04 3.997468780175705838e-03 9.634333559284065374e-03
0.000000000000000000e+00 1.092801686515678522e-03 1.202271164499381763e-03 2.269206682844730760e-02 2.714563176316988832e-02 5.339758519072275618e-03 7.643808927311098768e-03 9.112629607553282985e-04 7.707986862631369118e-03 9.573837875583785569e-04
0.000000000000000000e+00 1.141823646555060285e-03 2.271572880413281342e-02 9.558319148389736496e-04 2.681745923097591730e-02 5.376159772510975474e-03 2.931753746016822065e-02 8.925456451359593162e-04 7.659913451918533810e-03 9.589292488307242209e-04
0.000000000000000000e+00 2.227951635809436670e+00 2.744858820987057246e+00 3.431030196892977724e+00 1.583474055461109486e+01 4.352084441624385569e+00 3.216398804616374729e+00 2.113030374334353922e+00 1.908665416264554160e-01 2.824763438922173880e-02
0.000000000000000000e+00 1.092801686515678522e-03 2.271572880413281342e-02 2.269362509864800148e-02 6.168412508712589393e+00 4.905235457054026860e+00 2.494646851753561378e+01 5.162869247949208429e+00 3.566820820504548045e-03 2.948291899282263367e-04
0.000000000000000000e+00 6.095471015419212657e-01 1.069760018513629785e+00 2.118636158607588360e+00 4.178535361599869269e+00 1.510805879893246484e+01 6.839651271643803376e+00 1.703215979205822350e+00 8.232292828771612392e-01 1.542619888909215531e+00
0.000000000000000000e+00 1.092801686515678522e-03 1.202271164499381763e-03 4.442986001225633641e-02 6.120315346788236077e+00 4.593827978266210366e+00 2.258743828995437397e+01 9.143854970918106062e+00 3.566820820504548045e-03 2.948291899282263367e-04
0.000000000000000000e+00 1.092801686515678522e-03 2.269206682844730760e-02 9.558319148389736496e-04 5.079666047166890228e-03 7.058486947416738044e-02 7.611610424932045704e-03 8.937491181483686901e-04 7.611610424932045704e-03 9.604682846302586190e-04
0.000000000000000000e+00 1.092801686515678522e-03 1.202271164499381763e-03 2.271572880413281342e-02 2.703648075738130860e-02 5.376159772510975474e-03 5.092756163528119884e-02 9.604682846302586190e-04 7.675988710706737293e-03 9.604682846302586190e-04
0.000000000000000000e+00 1.092801686515678522e-03 2.269206682844730760e-02 2.269362509864800148e-02 5.084198407485427187e-03 5.376159772510975474e-03 7.285718847873613735e-02 9.149424124372242074e-04 7.498795682566881428e-03 9.620008808704849168e-04
0.000000000000000000e+00 1.092801686515678522e-03 6.619131517175087798e-02 1.748612747192967998e-01 4.131437534880760154e+00 4.386273207116194506e+00 2.512714454876513770e+01 6.933435595032420906e+00 1.330047663116363903e-02 2.948291899282263367e-04
0.000000000000000000e+00 7.399738606447733291e-01 2.195650246709413000e+00 2.309017017691662232e+00 3.036438446176822570e+00 1.710522752084196796e+01 7.601347467000159064e+00 1.929222701039691845e+00 2.773656183612503434e-01 2.948291899282263367e-04
0.000000000000000000e+00 1.092801686515678522e-03 8.790544637987234011e-02 1.479130404783606467e+00 2.753854312092521628e+00 5.009221925818523324e+00 2.404121006033308916e+01 6.642591500131311832e+00 3.566820820504548045e-03 2.948291899282263367e-04
0.000000000000000000e+00 1.313156514981368428e-01 1.355811286393613146e+00 1.497476879407029893e+00 2.906206228540308967e+00 3.827414605546253679e+00 1.496558662676033613e+01 4.953283499207399743e+00 9.064171394861822995e-01 2.751983929974989324e-03
0.000000000000000000e+00 1.313156514981368428e-01 1.461398138138565672e+00 1.242123537743049289e+00 2.906344519683895289e+00 4.233913793437047879e+00 1.496647789056573963e+01 4.087341792410227548e+00 9.064677832623954101e-01 3.378541684755252163e-03
0.000000000000000000e+00 1.092801686515678522e-03 2.271572880413281342e-02 9.558319148389736496e-04 2.010116285770174593e-01 2.197873991651788303e-02 6.251511791382616083e-03 7.861209959468121785e-04 6.357614381019505156e-03 7.861209959468121785e-04
0.000000000000000000e+00 1.092801686515678522e-03 8.790544637987234011e-02 1.479130404783606467e+00 2.705837824324284657e+00 5.009234404170793020e+00 2.440413090655352946e+01 6.569966268413253374e+00 3.566820820504548045e-03 2.948291899282263367e-04
0.000000000000000000e+00 1.092801686515678522e-03 3.270211714017655091e-01 6.695076324146462809e-01 3.812018562413300504e+00 3.162665081646902010e+01 6.497394456077304703e+00 2.815419273997983932e-02 4.009061439709705674e-03 1.893919508250800285e-02
0.000000000000000000e+00 4.436447876290276066e-02 2.269517697136740758e-02 1.982923905154938549e+00 3.381335421236529193e+00 6.131107791635133530e+00 2.277172552375901304e+01 4.984020559481726842e+00 1.330047663116363903e-02 2.948291899282263367e-04
0.000000000000000000e+00 1.092801686515678522e-03 1.202271164499381763e-03 4.442986001225633641e-02 5.412524783431905441e-03 5.230368630967569855e-03 2.925359121133560072e-02 8.925456451359593162e-04 7.595691928788563321e-03 9.589292488307242209e-04
0.000000000000000000e+00 1.092801686515678522e-03 1.173181201448080142e-03 4.445352198794184223e-02 5.412524783431905441e-03 5.376159772510975474e-03 7.266535481909022764e-02 9.858730357398864854e-04 7.627499669997493507e-03 9.620008808704849168e-04
0.000000000000000000e+00 1.092801686515678522e-03 1.202271164499381763e-03 1.202271164499381763e-03 2.681287625234728481e-02 5.371489922742340127e-03 5.091189702947641199e-02 9.589292488307242209e-04 7.659913451918533810e-03 9.589292488307242209e-04
0.000000000000000000e+00 1.092801686515678522e-03 1.202271164499381763e-03 1.748566191151064431e-01 2.710434448272001223e-02 5.407333777384454830e-03 2.910469710932547110e-02 9.695667713737459587e-04 7.771820302428681521e-03 9.695667713737459587e-04
0.000000000000000000e+00 7.182360674609642448e-01 2.224145867659101494e+00 2.246618821245427000e+00 3.036619953222520873e+00 1.764976848213560601e+01 7.481554128806892301e+00 1.887281247766644299e+00 2.773656183612503434e-01 2.948291899282263367e-04
0.000000000000000000e+00 2.262668557909372838e-02 9.795362129460328041e-04 2.269362509864800148e-02 2.682199159129445773e-02 5.380775598694032685e-03 2.901426410133237099e-02 8.937491181483686901e-04 7.740481495695601330e-03 9.604682846302586190e-04
0.000000000000000000e+00 1.092801686515678522e-03 1.173181201448080142e-03 2.269206682844730760e-02 2.678089902738570519e-02 5.376159772510975474e-03 5.105533064397520249e-02 9.137232606967528878e-04 7.675988710706737293e-03 9.604682846302586190e-04
0.000000000000000000e+00 1.092801686515678522e-03 2.271572880413281342e-02 2.269362509864800148e-02 5.120765497880805373e-03 7.058953932393602360e-02 7.284087922142253035e-02 8.984912912969966834e-04 7.545354023008630368e-03 9.665598904558357759e-04
0.000000000000000000e+00 1.092801686515678522e-03 2.271572880413281342e-02 6.616921146626401906e-02 2.715952699907630413e-02 2.712763820163087078e-02 6.628122582410560064e-03 9.161542149603251178e-04 7.772858250835532577e-03 9.635270234042374706e-04
0.000000000000000000e+00 4.436447876290276066e-02 1.313841428904084507e-01 1.408607167520563141e+00 1.249683575835798255e+00 2.826190987051961034e+00 5.209200161715217270e+00 2.165601138056522768e+00 8.432975671572584542e-02 9.253183776439978178e-03
0.000000000000000000e+00 6.610227194671179640e-02 1.313856883516787422e-01 1.408608387264728368e+00 1.249743944712344623e+00 2.826182698649938541e+00 5.209262386777569809e+00 2.165597393557630035e+00 8.516068757448712334e-02 9.251477682917287962e-03
0.000000000000000000e+00 1.530534446819437899e-01 1.443801559765468312e+00 2.166731270966377298e+00 2.184653723735491937e+00 4.233857404371246247e+00 1.641783760704738881e+01 4.989997290856567069e+00 7.245179254177329664e-01 3.667148567492164307e-02
0.000000000000000000e+00 2.262668557909372838e-02 9.795362129460328041e-04 2.274126560022908181e-02 2.682199159129445773e-02 5.380775598694032685e-03 2.933348511259554342e-02 8.937491181483686901e-04 7.740481495695601330e-03 9.604682846302586190e-04
0.000000000000000000e+00 4.436447876290276066e-02 2.183353156256425398e-01 1.144644885462554162e+00 1.723987383761932835e+00 2.986368049574267047e+00 4.802975844987464882e+00 1.089801569492540523e+01 2.487495289180450264e-01 8.407642268855809037e-03
0.000000000000000000e+00 3.704313765200279440e-01 8.514553214534651415e-01 1.679867184769183952e+00 2.986514629119875863e+00 5.046856173055691563e+00 2.004882087940768542e+01 4.682384817286818546e+00 3.770280874559872597e-01 3.754885293670146007e-02
0.000000000000000000e+00 2.262668557909372838e-02 2.618330544186461828e-01 1.338221978918424648e+00 3.630513422771251886e+00 3.140263003882072912e+00 5.221361858449028226e+00 8.030320434674787997e-03 8.432975671572584542e-02 9.253183776439978178e-03
0.000000000000000000e+00 1.092801686515678522e-03 2.094264166244815595e+00 1.733866885599945507e+00 2.345147468054643358e+00 3.827232179036041071e+00 1.732574890882844443e+01 5.515430600961153118e+00 8.581047255414474551e-01 7.302010697430143249e-02
0.000000000000000000e+00 6.095471015419212657e-01 1.069760018513629785e+00 2.118636158607588360e+00 4.178535361599869269e+00 1.510805879893246484e+01 6.839651271643803376e+00 1.703215979205822350e+00 8.232292828771612392e-01 1.542619888909215531e+00
0.000000000000000000e+00 6.610227194671179640e-02 6.617230880025576356e-02 1.461398138138565672e+00 1.286163661383604051e+00 2.986368049574267047e+00 4.802975844987464882e+00 1.667559681703635555e+00 2.655710943835420390e-01 9.254794135851890716e-03
0.000000000000000000e+00 1.092801686515678522e-03 2.400936606422169883e-01 1.391013002304484436e+00 2.224794858971199218e+00 3.970893599857722833e+00 1.460159503819597404e+01 7.135859245665948994e-03 2.479462094466243494e-01 8.420156034928726399e-03
0.000000000000000000e+00 1.092801686515678522e-03 2.936485884182120643e+00 2.371240231491884121e+00 3.659562348046014879e+00 1.928297745484287162e+01 7.195850987524686104e+00 1.128728341256707957e+00 1.332344799107750867e-02 3.331793805321401031e-04
0.000000000000000000e+00 2.965077281569927337e+00 2.433265233135591288e+00 3.534700776995812088e+00 1.692400261230650216e+01 3.860441726536782525e+00 3.576897084683580363e+00 1.843023366916956229e+00 4.127593510061664667e-02 9.638019033290166904e-03
0.000000000000000000e+00 1.092801686515678522e-03 2.400936606422169883e-01 1.373415193680326052e+00 2.224795429917322043e+00 3.970907937030097923e+00 1.442002207847021111e+01 7.154413103529832368e-03 8.011166789079109118e-02 1.762228010391741484e-01
0.000000000000000000e+00 4.436447876290276066e-02 2.183343376762781229e+00 2.371233095106599631e+00 3.348189405624114379e+00 1.837602905347550930e+01 8.223197632804041035e+00 1.546795759049999219e+00 1.844848684456839860e-01 3.331793805321401031e-04
0.000000000000000000e+00 1.092801686515678522e-03 8.790544637987234011e-02 1.826935095724541824e+00 1.322705156075250299e+00 1.449298408333904664e+00 1.157719451666897825e+00 8.351532016650328183e-01 1.511857199591561673e-01 6.940271973504107648e-03
0.000000000000000000e+00 1.530534446819437899e-01 1.443801559765468312e+00 2.214828432890727949e+00 2.829200428554923707e+00 4.233828619979229657e+00 1.623716484967824769e+01 4.989997290856567069e+00 7.745592217918582101e-01 1.541944198748227681e-03
0.000000000000000000e+00 1.092801686515678522e-03 3.270448333774511052e-01 6.343120151663288464e-01 3.860107392717849084e+00 3.217116825949521797e+01 6.497374347435243891e+00 1.884748510208116706e-02 3.997468780175705838e-03 9.634333559284065374e-03
0.000000000000000000e+00 1.092801686515678522e-03 1.748566191151064431e-01 1.373411550272246595e+00 2.369168023447057347e+00 4.386134695798749483e+00 1.587156161588653980e+01 1.158512328792425050e+00 6.909474492999234663e-02 7.125928907595144128e-03
0.000000000000000000e+00 7.182360674609642448e-01 2.224145867659101494e+00 2.246618821245427000e+00 3.140426642914686539e+00 1.746822379690793170e+01 7.480990338968526387e+00 1.887311494487103447e+00 2.773656183612503434e-01 2.948291899282263367e-04
0.000000000000000000e+00 1.092801686515678522e-03 2.271572880413281342e-02 1.096447978338820767e-01 2.507657584937831308e-01 3.243199080470974410e-02 1.956728263534648210e-02 6.557193091063356081e-04 5.290842194633416616e-03 6.557193091063356081e-04
0.000000000000000000e+00 1.092801686515678522e-03 1.202271164499381763e-03 2.269206682844730760e-02 2.714563176316988832e-02 5.339758519072275618e-03 7.579744276359186642e-03 9.112629607553282985e-04 7.707986862631369118e-03 9.573837875583785569e-04
0.000000000000000000e+00 2.262668557909372838e-02 3.487605228557731363e-01 1.190416014657513788e+00 2.320990694302244695e+00 4.489955430676360493e+00 1.605454577684485784e+01 1.500913920196659812e-01 2.130881854363744221e-01 7.159314708235142363e-03
0.000000000000000000e+00 1.092801686515678522e-03 1.173181201448080142e-03 2.269206682844730760e-02 5.371489922742340127e-03 4.870135242972118556e-02 1.159654368365664323e-01 8.984912912969966834e-04 7.674990942979601979e-03 9.665598904558357759e-04
0.000000000000000000e+00 1.092801686515678522e-03 2.269206682844730760e-02 3.704983160395822206e-01 3.657238760554320844e+00 2.799725997269144173e+01 1.564598348570270936e+01 2.395942883845946436e-04 1.322658924641789864e-02 9.634333559284065374e-03
0.000000000000000000e+00 1.092801686515678522e-03 2.269206682844730760e-02 9.558319148389736496e-04 6.168402139991435718e+00 4.386214598881885252e+00 2.295028347456576867e+01 9.143854970918106062e+00 3.566820820504548045e-03 2.948291899282263367e-04
0.000000000000000000e+00 4.436447876290276066e-02 8.793230300044350967e-02 1.443800329514406400e+00 2.321070275750968026e+00 4.178506979242047947e+00 1.641746766409722369e+01 1.734729520979587436e+00 1.836376164533677358e-01 6.075250052673923304e-03
0.000000000000000000e+00 1.530534446819437899e-01 2.005223718809365785e+00 1.733872716392381719e+00 2.184664344520560686e+00 3.827414605546253679e+00 1.514859752060941922e+01 6.492475290047150516e+00 7.246004219600170604e-01 1.871208072015628993e-03
0.000000000000000000e+00 4.436447876290276066e-02 2.908023666299595078e+00 2.495881963132815962e+00 3.451899177386822615e+00 1.910170703920476853e+01 7.195850987524686104e+00 1.128728341256707957e+00 1.332344799107750867e-02 3.331793805321401031e-04
0.000000000000000000e+00 1.530534446819437899e-01 1.426223144063681225e+00 2.214826365831492172e+00 2.184653723735491937e+00 4.233857404371246247e+00 1.641783760704738881e+01 4.884910628835650748e+00 7.745739799649700164e-01 1.545846878761815077e-03
0.000000000000000000e+00 1.313156514981368428e-01 1.391006903641930581e+00 2.022431412458038036e+00 2.745985481656461502e+00 3.827386214561927069e+00 1.478415574911865527e+01 5.076987084167233988e+00 9.060652131567940026e-01 6.244866589102592708e-02
0.000000000000000000e+00 1.092801686515678522e-03 2.618077918503405321e-01 1.373416397576617154e+00 2.224794858971199218e+00 4.282313668934214057e+00 1.496630315868402050e+01 1.158556104948648580e+00 6.969771320529037639e-02 7.159314708235142363e-03
0.000000000000000000e+00 1.965290310495598214e-01 2.295552094460951986e-01 1.693455639849327454e+00 1.840087930636849833e+00 4.074700289549888055e+00 2.367583639857597078e+01 4.972849841837198248e+00 3.769957902531781424e-01 3.313257082961330521e-04
0.000000000000000000e+00 4.436447876290276066e-02 3.052864883608766289e-01 1.190414861271189340e+00 2.417265284156574712e+00 4.385968327673597678e+00 1.478331471544978015e+01 5.480329847442488855e+00 1.554841829204117454e-01 5.047687269260405125e-03
0.000000000000000000e+00 1.092801686515678522e-03 1.202271164499381763e-03 1.748566191151064431e-01 1.275881998860129429e-01 2.199522756116521760e-02 5.900121649787790079e-02 8.153893233505828770e-04 6.352387990971086577e-03 7.956029257997442299e-04
0.000000000000000000e+00 2.262668557909372838e-02 9.558319148389736496e-04 2.264781502182755188e-02 7.055313807049731767e-02 5.389845017821843706e-03 5.097438205018289120e-02 8.973165310936154822e-04 7.529863853267873379e-03 9.650466980226360056e-04
0.000000000000000000e+00 1.313156514981368428e-01 1.355811286393613146e+00 1.497476879407029893e+00 2.906336007294688439e+00 3.827414605546253679e+00 1.496558662676033613e+01 4.953283499207399743e+00 9.064171394861822995e-01 2.751983929974989324e-03
0.000000000000000000e+00 1.092801686515678522e-03 4.442986001225633641e-02 1.870407597595085791e+00 2.224795872062228508e+00 4.489955430676360493e+00 1.587379384884892985e+01 1.158512328792425050e+00 6.975319135168209228e-02 7.125928907595144128e-03
0.000000000000000000e+00 4.436447876290276066e-02 3.053102348385277054e-01 1.173173718840451185e+00 2.321070929859135656e+00 4.593789336129270318e+00 2.331439690935050635e+01 6.352184733591718313e+00 5.990250948936808040e-02 2.824403473526602981e-02
0.000000000000000000e+00 1.313156514981368428e-01 1.426202520890248238e+00 1.205639967987689243e+00 1.698602634928000343e+00 3.140263003882072912e+00 1.442180874458506956e+01 6.344699567818805619e+00 1.279443721061594097e+00 3.396563075379768846e-03
0.000000000000000000e+00 8.784006513051878517e-02 6.617384783605531617e-02 1.461399368389626696e+00 1.249743476753831795e+00 1.449298408333904664e+00 1.157719451666897825e+00 7.313465119728674857e-01 2.549470375812299405e-01 6.940271973504107648e-03
0.000000000000000000e+00 1.092801686515678522e-03 4.445352198794184223e-02 1.965975224418334832e-01 4.094957113977775620e+00 4.490090752088836012e+00 2.567163896286407621e+01 6.715566205026104463e+00 1.330047663116363903e-02 2.948291899282263367e-04
0.000000000000000000e+00 1.092801686515678522e-03 1.314046947231758966e-01 1.767581085749806435e-01 1.333873599839853485e-01 1.439467676092486825e-01 7.804328093625496898e-02 9.729281223404060222e-03 3.571425582793141904e-03 4.372833049257384753e-04
0.000000000000000000e+00 1.092801686515678522e-03 1.202271164499381763e-03 2.271572880413281342e-02 2.703648075738130860e-02 5.376159772510975474e-03 1.161409411867062452e-01 9.650466980226360056e-04 7.659190025120729030e-03 9.650466980226360056e-04
0.000000000000000000e+00 1.092801686515678522e-03 1.202271164499381763e-03 1.965944122989134180e-01 1.451894929949197333e-01 5.719713090695952018e-02 5.215572553735139255e-03 6.528915648454622399e-04 5.304375421938933508e-03 6.528915648454622399e-04
0.000000000000000000e+00 6.610227194671179640e-02 6.617230880025576356e-02 1.478995946762724056e+00 2.176777685765973303e+00 4.385968327673597678e+00 1.641679795774662409e+01 2.941318646693694694e-01 6.972200772717855599e-02 7.146259819871692530e-03
0.000000000000000000e+00 1.530534446819437899e-01 2.072030737088035313e+00 1.685781224388962496e+00 2.104609305909538097e+00 4.369347800974350271e+00 1.641638923863218125e+01 5.406053840486007012e+00 9.417191757962625198e-01 4.901582921195089121e-02
0.000000000000000000e+00 4.436447876290276066e-02 1.748834757356755309e-01 1.109446855127290688e+00 3.042519529509165377e+00 4.178506979242047947e+00 1.768721156771621850e+01 1.242150904775028319e+00 5.994708460420551666e-02 6.048250280346746492e-03
0.000000000000000000e+00 6.610227194671179640e-02 6.619609731415962428e-02 1.285420051896978277e+00 2.705685139283849239e+00 4.386134695798749483e+00 6.384130461140108181e+00 5.497475365614276077e-01 8.565356898128749508e-02 1.898172248438129983e-01
0.000000000000000000e+00 4.436447876290276066e-02 1.314078893680595272e-01 1.215031272654817585e+00 2.609650080085237800e+00 4.593802507375715827e+00 2.349582016494048275e+01 6.424798698923409823e+00 4.128630894425885933e-02 3.754885293670146007e-02
0.000000000000000000e+00 6.610227194671179640e-02 6.619609731415962428e-02 1.461398138138565672e+00 2.283969954724644202e-01 9.211692122793722071e-01 1.649987911370202620e-01 2.174321252135695028e-03 6.906455149151714823e-02 2.425469409068449662e-03
0.000000000000000000e+00 6.610227194671179640e-02 6.619609731415962428e-02 1.285420051896978277e+00 2.657507315899502398e+00 4.386148740984194383e+00 6.550074989858037711e+00 3.691620650957477823e-01 8.560124989173968635e-02 9.234337918989888108e-03
0.000000000000000000e+00 2.262668557909372838e-02 9.558319148389736496e-04 2.269362509864800148e-02 7.055313807049731767e-02 5.389845017821843706e-03 5.097438205018289120e-02 8.973165310936154822e-04 7.529863853267873379e-03 9.650466980226360056e-04
0.000000000000000000e+00 1.092801686515678522e-03 1.314046947231758966e-01 1.767581085749806435e-01 1.333873599839853485e-01 1.439665879072252186e-01 7.813254258527027596e-02 1.905660705868935517e-02 3.577741295152925705e-03 4.378190382796901719e-04
0.000000000000000000e+00 1.092801686515678522e-03 1.314046947231758966e-01 1.767774679343368793e-01 1.477832431593602280e-01 1.792210112778298281e-01 2.219428157844174215e-02 9.728506391933051597e-03 3.589083404895523216e-03 4.362027172628853253e-04
0.000000000000000000e+00 1.092801686515678522e-03 4.442986001225633641e-02 1.870407597595085791e+00 2.272893033986579603e+00 4.386134695798749483e+00 1.659978640098085734e+01 6.004850008960871920e-03 6.971020752513552854e-02 7.152836834241897875e-03
0.000000000000000000e+00 2.262668557909372838e-02 9.795362129460328041e-04 1.531203842014980665e-01 1.451564969832140062e-01 2.196877247316934151e-02 2.403274220489263341e-02 1.833436886136918104e-02 6.460508275367367152e-03 7.956029257997442299e-04
0.000000000000000000e+00 1.092801686515678522e-03 2.183322054827224468e-01 1.408609601737988992e+00 2.224874847690323953e+00 3.866920733414620059e+00 1.496599847196829991e+01 1.749111086990687847e-01 8.096484265611940401e-02 8.413953617393870460e-03
0.000000000000000000e+00 1.092801686515678522e-03 1.202271164499381763e-03 2.269206682844730760e-02 7.058486947416738044e-02 4.886092372832638586e-02 1.996591248019482512e-01 1.833347667403153677e-02 6.393749177243966686e-03 7.944364235590406324e-04
0.000000000000000000e+00 4.436447876290276066e-02 3.053102348385277054e-01 8.802785057053353901e-01 1.687445895016145503e+00 2.986376432261874214e+00 4.802372523001587012e+00 9.627532822478364949e+00 8.075405895717738258e-02 8.460565119266811457e-03
0.000000000000000000e+00 4.436447876290276066e-02 1.096463497065994219e-01 1.443801559765468312e+00 2.272972626588818823e+00 4.282313668934214057e+00 1.641605602998548719e+01 1.158484918604110181e+00 2.138367792777684795e-01 6.094551848058890609e-03
0.000000000000000000e+00 4.436447876290276066e-02 2.835486951770676001e-01 1.804790337543025647e+00 1.888188280760981774e+00 4.386134695798749483e+00 1.750504485818337486e+01 8.710401498955233635e-01 1.830758820071669291e-01 6.061932365674274625e-03
0.000000000000000000e+00 1.092801686515678522e-03 1.314046947231758966e-01 1.943559171991381673e-01 1.189940150632196325e-01 1.204648505165690636e-01 1.247562400437844110e-01 4.030927700085925008e-04 3.553509856062115561e-03 4.383517215489517909e-04
0.000000000000000000e+00 1.092801686515678522e-03 1.313810327474904116e-01 1.767581085749806435e-01 1.333873599839853485e-01 1.204648505165690636e-01 1.620358593263070413e-01 4.045625911811425801e-04 3.639954174419614101e-03 4.404518058994013729e-04
0.000000000000000000e+00 1.092801686515678522e-03 1.202271164499381763e-03 1.966180742745989307e-01 1.627577792422139902e-01 6.129166422420442156e-02 3.403182548826062109e-02 6.729966626633273469e-04 5.301103958967310660e-03 6.566529894234754156e-04
0.000000000000000000e+00 1.530534446819437899e-01 2.072030737088035313e+00 1.349101090918498613e+00 2.665685005431776222e+00 4.233857404371246247e+00 1.696082046070075577e+01 4.776943377120114853e+00 8.160551353226237481e-01 3.034186275211788256e-02
0.000000000000000000e+00 6.610227194671179640e-02 3.053118223360507533e-01 8.370190057982017651e-01 1.760404981163590232e+00 2.986506340717857366e+00 4.938405031762354902e+00 8.538539900496644464e+00 8.637894150930561232e-02 9.179872774214559161e-03
0.000000000000000000e+00 1.092801686515678522e-03 1.202271164499381763e-03 2.269206682844730760e-02 2.681745923097591730e-02 5.376159772510975474e-03 7.279312382778421742e-02 9.149424124372242074e-04 7.498795682566881428e-03 9.620008808704849168e-04
0.000000000000000000e+00 1.530534446819437899e-01 2.072006196469615702e+00 1.349101090918498613e+00 2.585652428765017774e+00 4.233885795355572412e+00 1.713778508549917490e+01 4.776943377120114853e+00 8.581590848508863223e-01 3.033842758748081861e-02
0.000000000000000000e+00 1.313156514981368428e-01 1.391006903641930581e+00 1.974334250533687163e+00 2.745735419803922106e+00 4.233885795355572412e+00 1.460279055194659215e+01 5.076978820504775669e+00 9.060529561231495110e-01 6.244328005016729771e-02
0.000000000000000000e+00 4.436447876290276066e-02 3.270242815446835483e-01 8.514391606571797277e-01 1.687445065425649204e+00 3.146708234588363684e+00 4.802975844987464882e+00 9.627528728694535687e+00 8.078291298033159207e-02 8.455111209307461517e-03
0.000000000000000000e+00 2.227951635809436670e+00 2.744858820987057246e+00 3.431030196892977724e+00 1.601623869264407674e+01 4.207601954149943424e+00 3.221062371093708077e+00 2.113030374334353922e+00 2.032204798020970649e-01 1.894283723472559716e-02
0.000000000000000000e+00 1.092801686515678522e-03 1.202271164499381763e-03 1.748566191151064431e-01 1.099313379552788739e-01 9.238325273471133248e-02 3.382570825967425032e-02 1.507399344566063594e-02 5.280559681631621580e-03 6.547811714735796975e-04
0.000000000000000000e+00 2.262668557909372838e-02 9.795362129460328041e-04 2.269362509864800148e-02 1.355109575103355113e-01 5.403042950192345206e-03 2.902550216776492165e-02 8.996588416053593077e-04 7.821200666433065357e-03 9.680665863708229476e-04
0.000000000000000000e+00 2.205682629716546828e+00 2.869496930643698818e+00 3.327225759487738799e+00 1.619801006017457468e+01 4.207870560977665875e+00 3.483780947294734531e+00 2.114699304010205783e+00 1.632603698688318838e-01 9.634333559284065374e-03
0.000000000000000000e+00 1.092801686515678522e-03 1.313810327474904116e-01 3.351383861924080443e-01 5.200141845175785260e-01 2.112776088838795585e-01 4.321440590669120008e-01 2.977415712466014927e-02 1.190212864759814144e-02 1.411571476492111963e-03
0.000000000000000000e+00 1.092801686515678522e-03 2.271572880413281342e-02 1.096447978338820767e-01 2.330793961539916470e-01 4.687399422642608837e-02 3.398743749432442396e-02 6.566529894234754156e-04 5.301103958967310660e-03 6.566529894234754156e-04
0.000000000000000000e+00 6.610227194671179640e-02 3.053118223360507533e-01 8.514391606571797277e-01 1.723986579862480495e+00 3.066668161751814559e+00 4.803520237481139432e+00 8.720038038529631663e+00 2.679112237418135312e-01 8.476298825357331257e-03
0.000000000000000000e+00 4.436447876290276066e-02 3.052864883608766289e-01 9.091188154232906493e-01 1.651027857830120515e+00 2.906336007294688439e+00 4.667424238556139748e+00 9.264540546961333334e+00 1.087371424819041144e+00 8.443886522081764379e-03
0.000000000000000000e+00 4.436447876290276066e-02 8.790855652279244703e-02 1.461398138138565672e+00 1.286224365615328491e+00 2.986368049574267047e+00 4.667485448384353752e+00 1.003513143730522250e+00 7.714394249846434626e-02 1.745275734484553753e-01
0.000000000000000000e+00 4.436447876290276066e-02 1.313841428904084507e-01 1.426204976144722192e+00 2.224795429917322043e+00 4.386134695798749483e+00 1.714204858211741467e+01 1.158447012584017388e+00 5.993794910410978755e-02 1.297788350125088086e-01
0.000000000000000000e+00 4.436447876290276066e-02 2.400968552871005635e-01 1.091852658180202162e+00 2.898150222759285910e+00 4.386134695798749483e+00 1.768877522917874145e+01 1.242142385679083638e+00 5.994770858648838102e-02 6.041271343839825503e-03
0.000000000000000000e+00 4.436447876290276066e-02 1.313841428904084507e-01 1.443802784768880576e+00 2.128600535122497472e+00 4.386148740984194383e+00 1.732347438794360173e+01 1.158447012584017388e+00 5.993794910410978755e-02 6.075250052673923304e-03
0.000000000000000000e+00 1.965290310495598214e-01 1.767617835736193799e-01 1.626644234136428002e+00 1.888193090554014519e+00 4.489995817683550605e+00 2.367576309223337105e+01 5.045472496408404339e+00 3.769957902531781424e-01 9.634333559284065374e-03
0.000000000000000000e+00 2.262668557909372838e-02 9.795362129460328041e-04 1.531440884996051188e-01 1.451564969832140062e-01 1.622276697019412739e-01 3.408200835748896596e-02 6.112774144664223598e-04 5.397466990686337722e-03 6.612541725697657774e-04
0.000000000000000000e+00 1.530534446819437899e-01 1.320616899396357402e+00 1.497519901464270387e+00 3.066538253295831851e+00 3.962876611165031537e+00 1.714445554696152385e+01 3.098439003167559935e+00 1.196156819995930265e+00 5.237460771191276843e-02
0.000000000000000000e+00 1.117243355909501492e-03 1.314046947231758966e-01 1.767581085749806435e-01 1.478317607354946439e-01 1.322175364965164357e-01 1.247691717616998264e-01 9.731160207419710731e-03 3.633646993605622617e-03 4.399313969963139287e-04
0.000000000000000000e+00 6.610227194671179640e-02 1.748612747192967998e-01 2.822518187433849857e+00 2.072572278499145160e+00 3.555722760822992434e+00 6.052105319904108605e+00 2.175028469723930158e+00 8.521343631936299789e-02 9.210852320335452884e-03
0.000000000000000000e+00 1.092801686515678522e-03 1.202271164499381763e-03 1.748802810907919281e-01 2.710434448272001223e-02 9.236654474557906558e-02 4.137868869083057705e-02 7.920872968706603456e-04 6.368376935841157417e-03 7.920872968706603456e-04
0.000000000000000000e+00 6.610227194671179640e-02 1.748612747192967998e-01 1.303023959183690961e+00 3.879897442131910346e+00 3.140426642914686539e+00 5.885412140921026491e+00 8.008509313808729463e-03 8.533042983940865300e-02 9.245781317842318228e-03
0.000000000000000000e+00 1.092801686515678522e-03 2.271572880413281342e-02 2.269362509864800148e-02 5.376159772510975474e-03 1.356571277338176340e-01 5.082749042270357648e-02 9.695667713737459587e-04 7.771820302428681521e-03 9.695667713737459587e-04
0.000000000000000000e+00 1.092801686515678522e-03 1.173181201448080142e-03 1.748566191151064431e-01 9.233352933111969862e-02 3.955698002440845990e-02 2.395346230278266528e-02 1.833257855519766777e-02 6.220113598115683921e-03 7.932645432083070165e-04
0.000000000000000000e+00 1.313156514981368428e-01 1.285420051896978277e+00 1.533950635548349206e+00 2.906360872746936330e+00 3.962987819690892533e+00 1.532769579518315162e+01 5.324715569267776338e+00 9.786541620469817460e-01 2.288515285183565211e-03
0.000000000000000000e+00 8.784006513051878517e-02 1.314110577939296975e-01 1.355816175865513173e+00 7.197866758241088236e-01 3.376378420857698570e-01 6.460739442815265354e-01 6.514042292769112175e-02 2.743042241653727287e-02 3.154203342175274181e-03
0.000000000000000000e+00 4.436447876290276066e-02 2.400968552871005635e-01 1.355819787542582811e+00 2.224794858971199218e+00 3.970893599857722833e+00 1.841305593688859688e+01 9.947266107286302228e-01 5.994708460420551666e-02 6.048250280346746492e-03
0.000000000000000000e+00 2.227951635809436670e+00 2.744858820987057246e+00 3.431030196892977724e+00 1.583474055461109486e+01 4.352084441624385569e+00 3.218697162585516303e+00 2.113030374334353922e+00 1.908665416264554160e-01 2.824763438922173880e-02
0.000000000000000000e+00 1.092801686515678522e-03 1.202271164499381763e-03 1.748566191151064431e-01 1.451564969832140062e-01 1.189429334414056905e-01 1.976611355249322660e-02 6.085395765079340113e-04 5.356302439853030152e-03 6.575822022226881190e-04
0.000000000000000000e+00 6.610227194671179640e-02 1.531472700493916317e-01 1.408609601737988992e+00 3.630616324721887889e+00 2.932631756484656904e+00 6.384744009825079836e+00 7.997016531874227840e-03 2.660260596892372598e-01 9.239209978636666459e-03
0.000000000000000000e+00 1.092801686515678522e-03 1.173181201448080142e-03 2.269206682844730760e-02 7.058486947416738044e-02 4.886092372832638586e-02 2.348547420502665461e-01 1.833525510646102571e-02 5.259932690613750364e-03 6.528915648454622399e-04
0.000000000000000000e+00 1.092801686515678522e-03 3.270211714017655091e-01 1.232637508387724123e+00 2.417265284156574712e+00 4.282328006106584262e+00 1.532773577328745951e+01 5.336253965883317463e+00 5.087878059988103219e-02 5.047687269260405125e-03
0.000000000000000000e+00 1.530534446819437899e-01 1.443801559765468312e+00 2.214828432890727949e+00 2.829200428554923707e+00 4.233828619979229657e+00 1.623716484967824769e+01 4.989997290856567069e+00 7.745592217918582101e-01 1.541944198748227681e-03
0.000000000000000000e+00 1.092801686515678522e-03 1.314046947231758966e-01 1.767581085749806435e-01 2.776131544662934214e-01 2.075610015239973405e-01 7.515211387715693692e-02 4.453250708977606943e-04 1.421232057937997333e-02 4.870468320572875838e-04
0.000000000000000000e+00 6.610227194671179640e-02 6.617230880025576356e-02 1.267822243272819893e+00 2.657587103025371711e+00 4.593775873905125096e+00 6.383449852775020972e+00 1.633260365355532429e+00 8.595425573036939715e-02 9.214142009700540537e-03
0.000000000000000000e+00 1.092801686515678522e-03 1.313810327474904116e-01 3.527361948165672056e-01 1.439882069196351255e-01 1.329459397300647439e-01 1.868936226218204932e-01 1.349081775461971888e-01 2.422394231221650096e-02 8.395110629623448980e-04
0.000000000000000000e+00 1.092801686515678522e-03 1.314046947231758966e-01 3.703340034407263670e-01 7.018317087946275290e-01 1.940127218262789055e-01 4.961724564281268512e-01 7.460010191681543112e-02 1.540404212627659829e-02 1.817748576392126843e-03
0.000000000000000000e+00 6.610227194671179640e-02 1.313856883516787422e-01 1.355814961392252549e+00 1.359186021270549327e+00 1.449305026067062352e+00 3.056255175049988448e+00 2.173963394528526383e+00 2.432647926199919541e-01 8.519816690057156749e-03
0.000000000000000000e+00 1.092801686515678522e-03 1.314046947231758966e-01 3.351383861924080443e-01 5.317650532129071239e-01 3.492364467254371885e-01 7.580418472410210828e-02 9.942753296435223077e-04 9.195634005805888161e-03 1.095957734898325188e-03
0.000000000000000000e+00 2.262668557909372838e-02 9.795362129460328041e-04 2.269362509864800148e-02 4.855978477510144303e-02 7.059871691213337463e-02 2.939698320892975697e-02 8.984912912969966834e-04 7.674990942979601979e-03 9.665598904558357759e-04
0.000000000000000000e+00 1.092801686515678522e-03 1.202271164499381763e-03 2.269206682844730760e-02 1.357254466764223622e-01 5.398697853670759127e-03 5.074841885445725148e-02 8.996588416053593077e-04 7.690762225354179187e-03 9.680665863708229476e-04
0.000000000000000000e+00 8.784006513051878517e-02 6.619767824250466504e-02 3.703352336917862808e-01 7.018563590443157585e-01 2.952037162811402826e-01 4.963260353956477910e-01 3.664453385819193554e-01 2.078439032551675572e-02 2.414145427903672918e-03
0.000000000000000000e+00 1.092801686515678522e-03 1.202271164499381763e-03 1.531188259312973865e-01 2.717293149483322387e-02 9.233352933111969862e-02 6.276877835216057924e-03 7.483713506851668402e-04 2.392794192794734515e-02 7.897167544578481777e-04
0.000000000000000000e+00 1.092801686515678522e-03 1.202271164499381763e-03 1.748566191151064431e-01 1.627838171343295726e-01 5.719713090695952018e-02 3.414468513989345200e-02 6.547811714735796975e-04 5.280559681631621580e-03 6.547811714735796975e-04
0.000000000000000000e+00 6.610227194671179640e-02 1.531234815354877710e-01 1.320620558617195739e+00 1.432086101219239849e+00 1.449298408333904664e+00 3.056305606935241670e+00 1.902980897285219575e+00 2.432024098053873207e-01 8.519932798373677091e-03
0.000000000000000000e+00 2.205609196709266584e+00 2.807177230720064642e+00 3.431030196892977724e+00 1.601651192214158925e+01 4.352007170928883895e+00 3.134711706482856020e+00 2.112472726783078514e+00 1.908086650769776349e-01 2.824763438922173880e-02
0.000000000000000000e+00 1.092801686515678522e-03 1.173181201448080142e-03 2.269206682844730760e-02 2.681745923097591730e-02 7.058953932393602360e-02 5.110308603761350155e-02 8.973165310936154822e-04 7.724037935616124076e-03 9.650466980226360056e-04
0.000000000000000000e+00 4.436447876290276066e-02 8.793230300044350967e-02 1.426202520890248238e+00 6.627443507972576864e-01 1.118521467782604306e+00 8.372819074965369701e-01 1.045735598036404035e+00 4.691320881285655775e-02 5.303458940636700952e-03
0.000000000000000000e+00 4.436447876290276066e-02 2.183590621032935608e-01 1.355818588952458770e+00 2.224875464664467728e+00 4.282328006106584262e+00 1.514698069786635060e+01 7.087598862722926593e-03 8.103179528835717516e-02 8.394690713401105342e-03
0.000000000000000000e+00 4.436447876290276066e-02 2.161074370669891387e+00 2.495870069372311484e+00 3.555787371611979442e+00 1.946488628140388499e+01 8.718623244235750747e+00 1.152742734897054921e+00 2.261507714168557032e-02 2.948291899282263367e-04
0.000000000000000000e+00 4.436447876290276066e-02 3.053102348385277054e-01 1.190414861271189340e+00 2.272973798383519206e+00 4.593789336129270318e+00 2.331439690935050635e+01 6.352184733591718313e+00 5.990250948936808040e-02 2.824403473526602981e-02
0.000000000000000000e+00 1.092801686515678522e-03 1.202271164499381763e-03 1.748566191151064431e-01 7.061642250161738465e-02 3.957993420727280026e-02 2.387468645937521061e-02 7.897167544578481777e-04 6.396384943088232258e-03 7.897167544578481777e-04
0.000000000000000000e+00 1.092801686515678522e-03 1.313810327474904116e-01 1.338213477769454984e+00 8.622737154773078005e-01 3.376378420857698570e-01 7.417255652550247547e-01 1.897805657048801664e-01 8.963617708781938809e-02 3.161653277857158235e-03
0.000000000000000000e+00 1.092801686515678522e-03 6.616765319606536522e-02 1.848671349872549108e+00 2.032487304204857903e+00 4.905235457054026860e+00 2.186248619390025993e+01 6.669665216151433818e+00 4.055790752078682893e-01 2.948291899282263367e-04
0.000000000000000000e+00 1.092801686515678522e-03 4.442986001225633641e-02 1.826932011227469843e+00 2.224796370453540728e+00 4.697596025821435539e+00 1.587379384884892985e+01 1.158512328792425050e+00 6.975319135168209228e-02 7.125928907595144128e-03
0.000000000000000000e+00 2.262668557909372838e-02 9.558319148389736496e-04 2.269362509864800148e-02 2.682199159129445773e-02 5.380775598694032685e-03 1.380866725547665597e-01 8.996588416053593077e-04 7.821200666433065357e-03 9.680665863708229476e-04
0.000000000000000000e+00 6.610227194671179640e-02 4.357385814389028167e-01 1.671188082519842188e+00 3.069726558584626730e+00 6.673046442967680569e+00 6.946612702711702170e+00 1.893977556782514282e-01 8.607993026281517135e-02 9.218610483606044445e-03
0.000000000000000000e+00 2.262668557909372838e-02 1.096447978338820767e-01 3.879318120648839185e-01 4.965178191163319710e-01 3.492364467254371885e-01 7.596252902935309026e-02 2.326328142253307474e-02 9.208925609559642095e-03 1.096874068791293261e-03
0.000000000000000000e+00 1.092801686515678522e-03 1.313810327474904116e-01 1.355811286393613146e+00 8.335379639112181493e-01 3.376378420857698570e-01 6.936284033306736596e-01 1.897802077481876570e-01 2.752671614703738542e-02 6.547845131069772451e-02
0.000000000000000000e+00 1.092801686515678522e-03 1.173181201448080142e-03 2.269206682844730760e-02 5.407838579360856046e-03 4.884707629036039167e-02 1.162846578478296117e-01 8.984912912969966834e-04 7.674990942979601979e-03 9.665598904558357759e-04
0.000000000000000000e+00 2.262668557909372838e-02 1.314062953157961178e-01 1.267823473523880917e+00 2.753862857159802946e+00 4.282147492183271176e+00 5.720762721463394485e+00 2.536210708920964230e+00 6.309311925592487880e-01 9.246865358514197442e-03
0.000000000000000000e+00 4.436447876290276066e-02 8.790855652279244703e-02 1.373409095017772419e+00 2.417185002847380915e+00 4.282342051292034490e+00 1.424015925060854748e+01 7.145189320245941451e-03 8.013695625598546424e-02 8.432236112198336631e-03
0.000000000000000000e+00 4.436447876290276066e-02 8.793230300044350967e-02 1.373409095017772419e+00 1.395605625856963572e+00 1.511530076055962235e+00 3.055848560536403191e+00 8.190594284974587191e-01 6.196207179105233526e-02 6.950780997796560806e-03
0.000000000000000000e+00 4.436447876290276066e-02 8.793230300044350967e-02 1.443800329514406400e+00 6.912890380328440276e-01 1.166611885985598507e+00 7.750581704738214173e-01 8.379385423315401094e-02 2.760167415173231387e-01 4.086368689758715367e-03
0.000000000000000000e+00 2.161071184523486455e+00 2.807174576034417335e+00 3.431025556496874795e+00 1.637960171227190642e+01 4.352007170928883895e+00 3.223075626295950791e+00 2.070004227443778877e+00 2.031626032526193115e-01 1.894283723472559716e-02
0.000000000000000000e+00 1.092801686515678522e-03 2.835455850341474515e-01 1.338221978918424648e+00 2.272812440650715082e+00 4.282313668934214057e+00 1.551005136274591223e+01 1.501182270385661155e-01 6.898739801103849489e-02 7.184244617588609813e-03
0.000000000000000000e+00 8.784006513051878517e-02 4.443605465224832046e-02 1.391006903641930581e+00 1.432146938002441861e+00 1.449298408333904664e+00 3.160112296627407780e+00 1.090036747945967388e+00 1.976648218908034216e-01 6.952970828173908949e-03
0.000000000000000000e+00 1.092801686515678522e-03 1.314046947231758966e-01 1.943559171991381673e-01 1.478343247811755024e-01 1.087175866371873773e-01 1.527149407534617587e-01 4.045625911811425801e-04 1.290563408911317086e-02 4.409691275282973696e-04
0.000000000000000000e+00 4.436447876290276066e-02 4.445671663282544511e-02 1.566081577518840584e+00 1.760467000765464363e+00 2.986368049574267047e+00 4.667485448384353752e+00 7.631053304115559932e+00 2.684601087710825618e-01 9.204901171089973494e-03
0.000000000000000000e+00 1.092801686515678522e-03 3.052833782179564803e-01 1.250234129069726086e+00 2.465282236572915675e+00 4.178340802491105954e+00 1.460026362460430249e+01 5.480346513884062354e+00 5.089879368275575938e-02 1.101550578750650489e-01
0.000000000000000000e+00 1.092801686515678522e-03 1.173181201448080142e-03 2.269206682844730760e-02 2.678089902738570519e-02 4.885174614012698785e-02 5.108719679255011026e-02 8.961345737250833200e-04 7.708051048734405886e-03 9.635270234042374706e-04
0.000000000000000000e+00 1.092801686515678522e-03 1.314046947231758966e-01 1.767581085749806435e-01 1.333873599839853485e-01 1.204648505165690636e-01 1.900178368321651101e-01 4.420360322628734515e-04 2.428229111471176191e-02 4.827684555037569563e-04
0.000000000000000000e+00 1.313156514981368428e-01 1.461398138138565672e+00 1.278603958646033156e+00 2.986497828328645632e+00 3.827176418637834310e+00 1.496565388715163714e+01 4.087350140826096379e+00 9.064764725019094360e-01 7.599858026465737548e-02
0.000000000000000000e+00 4.436447876290276066e-02 2.908023666299595078e+00 2.433562263209185783e+00 3.451916071130827213e+00 1.946474986246542471e+01 7.090764730601363475e+00 1.128728341256707957e+00 1.332344799107750867e-02 3.331793805321401031e-04
0.000000000000000000e+00 1.092801686515678522e-03 1.314046947231758966e-01 3.351383861924080443e-01 7.152592917631395153e-01 2.113113542806768774e-01 5.247715455336882107e-01 5.488462116261449975e-01 1.647914376336669651e-01 2.422754364135265830e-03
0.000000000000000000e+00 1.092801686515678522e-03 2.400936606422169883e-01 1.162241490190421223e+00 1.687506962858948745e+00 3.066538253295831851e+00 4.803520237481139432e+00 1.035352128082646672e+01 8.013695625598546424e-02 8.432236112198336631e-03
0.000000000000000000e+00 2.262668557909372838e-02 1.313825910176890654e-01 1.373410325268833221e+00 2.507036002282012621e-01 3.777656692946048111e-01 5.624759555923728449e-01 9.836719783776269599e-02 2.075867204273378064e-02 5.051991628848626070e-02
0.000000000000000000e+00 1.530534446819437899e-01 1.461399368389626696e+00 1.974344672834530856e+00 2.344879504860019725e+00 4.369376191958683542e+00 1.460361547936965998e+01 6.314758200112128073e+00 7.746417183341425261e-01 1.866830250888604258e-03
0.000000000000000000e+00 6.610227194671179640e-02 6.617230880025576356e-02 1.373409095017772419e+00 1.395666494004901059e+00 1.511530076055962235e+00 2.952448485357822783e+00 1.090041860249490346e+00 1.980670390631049382e-01 6.951853869793588742e-03
0.000000000000000000e+00 2.262668557909372838e-02 2.094265762594927693e+00 1.781966008915600863e+00 2.345127067468555371e+00 3.962876611165031537e+00 1.732444142747824145e+01 5.094600488047827724e+00 8.998271522081352503e-01 4.902182511592801523e-02
0.000000000000000000e+00 1.092801686515678522e-03 2.183558674584079595e-01 1.373413984489671558e+00 2.272732532999291788e+00 4.282328006106584262e+00 1.532847883589933069e+01 7.077621595838734340e-03 8.105260564329538897e-02 8.388049460945038935e-03
0.000000000000000000e+00 4.436447876290276066e-02 3.270480280223346803e-01 8.514391606571797277e-01 1.723925486328631518e+00 3.066668161751814559e+00 4.802975844987464882e+00 8.901536176562609981e+00 8.066330724751111236e-02 1.762609850872829953e-01
0.000000000000000000e+00 2.262668557909372838e-02 3.270464339700732692e-01 1.155932576409712143e+00 2.561556579922517063e+00 4.282479554905386010e+00 6.384130461140108181e+00 2.355602251218269050e+00 4.495734619989985581e-01 9.239319921725625689e-03
0.000000000000000000e+00 1.092801686515678522e-03 1.173181201448080142e-03 2.269206682844730760e-02 2.681745923097591730e-02 4.885174614012698785e-02 2.934940360874107798e-02 8.949454318686140761e-04 2.936529285380652318e-02 9.635270234042374706e-04
0.000000000000000000e+00 2.227811223811790864e+00 2.433630516915589848e+00 3.742304838527948707e+00 1.764843563732691578e+01 2.746971175891381289e+00 3.841628649313419075e+00 2.017405040862068510e+00 3.196236059729058721e-02 9.638019033290166904e-03
0.000000000000000000e+00 6.610227194671179640e-02 2.183606496008166920e-01 1.827056330347397006e+00 1.888109934287772962e+00 4.489955430676360493e+00 1.859626591934365791e+01 9.946913231508991426e-01 5.937373641089194187e-02 6.019776842770279898e-03
0.000000000000000000e+00 1.530534446819437899e-01 2.049761730995145914e+00 1.782033603494165508e+00 3.140440082320419268e+00 3.962728744935748892e+00 1.369555934349871329e+01 6.612814443977818257e+00 7.243647583988066518e-01 4.377740061443768926e-02
0.000000000000000000e+00 1.092801686515678522e-03 2.269206682844730760e-02 2.269362509864800148e-02 5.084198407485427187e-03 1.358029188753610561e-01 2.934790202959659117e-02 8.996588416053593077e-04 2.942855540916321233e-02 9.695667713737459587e-04
0.000000000000000000e+00 4.436447876290276066e-02 3.270242815446835483e-01 8.225988509392244685e-01 1.760465101497154405e+00 3.066676450153837497e+00 4.938405031762354902e+00 8.901536176562609981e+00 2.476995455808018165e-01 8.471158456915902149e-03
0.000000000000000000e+00 6.610227194671179640e-02 6.617230880025576356e-02 1.267822243272819893e+00 2.705845335570607357e+00 4.489955430676360493e+00 6.217437282157018075e+00 1.452680788257346922e+00 8.585657188013924579e-02 9.220415930627898562e-03
0.000000000000000000e+00 1.092801686515678522e-03 1.313810327474904116e-01 1.943559171991381673e-01 1.478343247811755024e-01 8.519602223575804822e-02 2.786692984961119945e-02 5.018732136499049618e-04 4.381354165880198964e-03 5.439450666913707389e-04
0.000000000000000000e+00 1.092801686515678522e-03 1.313810327474904116e-01 1.767581085749806435e-01 1.334116058765167090e-01 1.322157192118965929e-01 1.616970246821443358e-02 5.023923142540447128e-04 4.389408630916577687e-03 5.446579258685090713e-04
0.000000000000000000e+00 1.313156514981368428e-01 1.285420051896978277e+00 1.533950635548349206e+00 2.906360872746936330e+00 3.962987819690892533e+00 1.532769579518315162e+01 5.324715569267776338e+00 9.786541620469817460e-01 2.288515285183565211e-03
0.000000000000000000e+00 6.610227194671179640e-02 1.313856883516787422e-01 1.355814961392252549e+00 1.359186021270549327e+00 1.511422569897061807e+00 2.952498917243081777e+00 2.173963394528526383e+00 2.432647926199919541e-01 8.519816690057156749e-03
0.000000000000000000e+00 1.092801686515678522e-03 2.269206682844730760e-02 2.269362509864800148e-02 5.084198407485427187e-03 5.376159772510975474e-03 7.285718847873613735e-02 9.149424124372242074e-04 7.498795682566881428e-03 9.620008808704849168e-04
0.000000000000000000e+00 1.092801686515678522e-03 1.173181201448080142e-03 2.183322054827224468e-01 5.448050958325530331e-03 2.197873991651788303e-02 2.395542300517865611e-02 7.873248922389301449e-04 6.370562423104305684e-03 7.873248922389301449e-04
0.000000000000000000e+00 6.610227194671179640e-02 6.619609731415962428e-02 1.285420051896978277e+00 2.657587977359499032e+00 4.386148740984194383e+00 6.384062419240033925e+00 9.109243738602988971e-01 2.662907359663683193e-01 9.226285308542423250e-03
0.000000000000000000e+00 1.092801686515678522e-03 1.313810327474904116e-01 1.767581085749806435e-01 1.334116058765167090e-01 1.674683252978813597e-01 2.783198163655884946e-02 4.345591423297504139e-04 3.569766206983227257e-03 4.345591423297504139e-04
0.000000000000000000e+00 1.092801686515678522e-03 1.173181201448080142e-03 2.269206682844730760e-02 1.355064251500169570e-01 1.275846711261585109e-01 2.383405342252491524e-02 7.338658914179793571e-04 6.302146318008906324e-03 7.909046966150669973e-04
0.000000000000000000e+00 8.784006513051878517e-02 4.443605465224832046e-02 1.443800329514406400e+00 6.342467391693406009e-01 1.166539633090977635e+00 2.199302415472145888e+00 1.354186650125845048e+00 6.213068384104646069e-02 1.424353831220611655e-01
0.000000000000000000e+00 6.610227194671179640e-02 8.793389049796661305e-02 1.391008133892992493e+00 1.395666442173533195e+00 1.449096453413762919e+00 3.056305606935241670e+00 9.545481210634705338e-01 6.263068803056502654e-02 6.951853869793588742e-03
0.000000000000000000e+00 6.610227194671179640e-02 6.617230880025576356e-02 1.267822243272819893e+00 2.657587103025371711e+00 4.593775873905125096e+00 6.216082060401356912e+00 1.633266259723035185e+00 8.590573517230477851e-02 9.217329742259755196e-03
0.000000000000000000e+00 1.092801686515678522e-03 1.314046947231758966e-01 3.351383861924080443e-01 4.964926487670756616e-01 3.837164646525719758e-01 1.427560906279843889e-01 2.326430041570563823e-02 4.031585453997823393e-02 1.407113577760908977e-03
0.000000000000000000e+00 1.092801686515678522e-03 2.400936606422169883e-01 1.144643681566262838e+00 2.898070784585069504e+00 4.282313668934214057e+00 1.768580328783175659e+01 1.365845970638918772e+00 1.830802619238619533e-01 6.027035142370487826e-03
0.000000000000000000e+00 2.262668557909372838e-02 2.835708476024552116e-01 1.197460327745568209e+00 2.561475960618113223e+00 4.386134695798749483e+00 2.313222906496692843e+01 6.279570768260025027e+00 5.991250901465654255e-02 3.754885293670146007e-02
0.000000000000000000e+00 3.486935833362209691e-01 9.235389702822686120e-01 2.599586500509374787e+00 2.104491902701534745e+00 4.098185287178042202e+00 1.514797602859872150e+01 2.974001094212701535e+00 1.103149331938503730e+00 7.603926267949905060e-02
0.000000000000000000e+00 1.092801686515678522e-03 1.202271164499381763e-03 1.761715521533124829e+00 2.561555873971171682e+00 4.489955430676360493e+00 6.384130461140108181e+00 5.497475365614276077e-01 8.565356898128749508e-02 9.231753378124655379e-03
0.000000000000000000e+00 2.262668557909372838e-02 8.790700465007304787e-02 1.916120033570694048e+00 2.080181801732348568e+00 4.282342051292034490e+00 2.186085501824615562e+01 6.581724108842738730e+00 4.341161087471325786e-01 9.634333559284065374e-03
0.000000000000000000e+00 1.530534446819437899e-01 2.072030737088035313e+00 1.733878386313313369e+00 2.024436264998123569e+00 3.827386214561927069e+00 1.714438781589622351e+01 5.406993814794033959e+00 9.417191757962625198e-01 4.901582921195089121e-02
0.000000000000000000e+00 4.436447876290276066e-02 2.835486951770676001e-01 1.804790337543025647e+00 1.840091118836630457e+00 4.489955430676360493e+00 1.750504485818337486e+01 9.947437348553582748e-01 5.937449236168975547e-02 6.061932365674274625e-03
0.000000000000000000e+00 1.092801686515678522e-03 2.271572880413281342e-02 1.313825910176890654e-01 4.854502397247432988e-02 5.717092749726240819e-02 6.264206968052865761e-03 7.311183541817235570e-04 6.264206968052865761e-03 7.873248922389301449e-04
0.000000000000000000e+00 4.436447876290276066e-02 8.790855652279244703e-02 1.916121597008025201e+00 3.319015721312898126e+00 5.995639944002062904e+00 2.277083009491863663e+01 5.103447425668724335e+00 1.330047663116363903e-02 2.948291899282263367e-04
0.000000000000000000e+00 8.784006513051878517e-02 6.617384783605531617e-02 1.373410325268833221e+00 1.395666517099457771e+00 1.511624725990695861e+00 3.160112296627407780e+00 2.770943683273226488e-01 6.185361785077322927e-02 6.949447663958261724e-03
0.000000000000000000e+00 6.610227194671179640e-02 6.619609731415962428e-02 1.320615669145295712e+00 3.175102036777301961e-01 4.062638929539949539e-01 5.261299347680374883e-01 3.388524843967321010e-01 2.104426644612247127e-02 2.428106394258177508e-03
0.000000000000000000e+00 8.784006513051878517e-02 1.096732646101206687e-01 1.408608387264728368e+00 1.286102868832338375e+00 4.451807450947896649e-01 8.370427943966400886e-01 3.631924594934231136e-03 3.572983188442251795e-02 4.077219701942432981e-03
0.000000000000000000e+00 1.092801686515678522e-03 1.314046947231758966e-01 1.391006903641930581e+00 7.197868695285833951e-01 5.200450615343682470e-01 5.967895280503183741e-01 6.514116585761628442e-02 2.749475902681005821e-02 3.237299700139026522e-03
0.000000000000000000e+00 1.092801686515678522e-03 1.313810327474904116e-01 1.943559171991381673e-01 1.334141699221975674e-01 1.322175364965164357e-01 2.792870822119571106e-02 1.225428687173655065e-02 4.451275277110580339e-03 5.467739552001512531e-04
0.000000000000000000e+00 1.092801686515678522e-03 1.314046947231758966e-01 1.767581085749806435e-01 1.622519155944725788e-01 3.247240871266238171e-02 2.775264461006909933e-02 4.992163263642198550e-04 4.415021231943856359e-03 5.403247962776934260e-04
0.000000000000000000e+00 4.436447876290276066e-02 8.790855652279244703e-02 1.443800329514406400e+00 1.286103170294158549e+00 3.066538253295831851e+00 4.531452138814967334e+00 1.667567085421400197e+00 7.731019960623017329e-02 8.511866517073007551e-03
0.000000000000000000e+00 1.092801686515678522e-03 1.202271164499381763e-03 2.269206682844730760e-02 2.681745923097591730e-02 4.885174614012698785e-02 5.095880423896754358e-02 8.961345737250833200e-04 2.925213755855046727e-02 9.650466980226360056e-04
0.000000000000000000e+00 6.610227194671179640e-02 6.617230880025576356e-02 1.461398138138565672e+00 6.627913234480891091e-01 1.118514724061247634e+00 8.373460215992218902e-01 1.045735706640662510e+00 2.542047897144597557e-01 5.309161204743373906e-03
0.000000000000000000e+00 8.784006513051878517e-02 6.617384783605531617e-02 1.373410325268833221e+00 1.395666517099457771e+00 1.449305026067062352e+00 3.160061864742148341e+00 4.125865346510405596e-01 1.973440144538774477e-01 6.950146775950251030e-03
0.000000000000000000e+00 2.262668557909372838e-02 1.314062953157961178e-01 3.175418078193105176e-01 6.884185152354955761e-01 2.457929006303053998e-01 5.814621024869518484e-01 1.840432340670033196e-01 5.200724399174686680e-02 3.830684328076106038e-02
0.000000000000000000e+00 1.092801686515678522e-03 1.314046947231758966e-01 1.767774679343368793e-01 1.766720704534491537e-01 3.245023120796096394e-02 4.369642215846791800e-03 4.986727259203574880e-04 4.406695618686467912e-03 5.395896081832519562e-04
0.000000000000000000e+00 1.092801686515678522e-03 1.173181201448080142e-03 2.269206682844730760e-02 2.681745923097591730e-02 5.376159772510975474e-03 7.279312382778421742e-02 8.949454318686140761e-04 7.627499669997493507e-03 9.620008808704849168e-04
0.000000000000000000e+00 6.610227194671179640e-02 1.313856883516787422e-01 1.391010578640569317e+00 6.912890380328440276e-01 2.259420445899337881e+00 1.077596386210489809e+00 1.665606719202336272e+00 6.230072098929807789e-02 1.424382522647867910e-01
0.000000000000000000e+00 6.610227194671179640e-02 8.793389049796661305e-02 1.373410325268833221e+00 1.432146938002441861e+00 1.511517215177449858e+00 3.056355794021326400e+00 1.631998334358397029e+00 2.431395382200278454e-01 1.745325368781251163e-01
0.000000000000000000e+00 2.262668557909372838e-02 2.116534768687817536e+00 1.733870790604801648e+00 2.345127067468555371e+00 3.963086002840517263e+00 1.732671318091803769e+01 5.095085538510161882e+00 8.998271522081352503e-01 7.302010697430143249e-02
0.000000000000000000e+00 6.610227194671179640e-02 1.314094768655826306e-01 1.408608387264728368e+00 6.627913234480891091e-01 2.259420445899337881e+00 3.055541144554243971e+00 2.173959920770820453e+00 2.433880812842913466e-01 8.519335341829997743e-03
0.000000000000000000e+00 1.965290310495598214e-01 2.119574008219360373e-01 1.671185178125298210e+00 1.840091118836630457e+00 4.386148740984194383e+00 2.367590921909794233e+01 4.900226713281896629e+00 3.769957902531781424e-01 3.313257082961330521e-04
0.000000000000000000e+00 1.092801686515678522e-03 1.314046947231758966e-01 1.767581085749806435e-01 3.064049466081135153e-01 1.982360627714340184e-01 1.157827520349522799e-01 5.907100569745134732e-04 5.392722519758063812e-03 6.463180399894969579e-04
0.000000000000000000e+00 1.092801686515678522e-03 1.314046947231758966e-01 1.767581085749806435e-01 1.333873599839853485e-01 1.203456592336693137e-01 1.900178368321651101e-01 1.060651362422130629e-02 3.960073249787264375e-03 4.822182429795990300e-04
0.000000000000000000e+00 1.092801686515678522e-03 2.269206682844730760e-02 1.531203842014980665e-01 1.451564969832140062e-01 1.333630883003822931e-01 3.415165462184040907e-02 1.503007325501776008e-02 5.387207563018242898e-03 6.603429327873410349e-04
0.000000000000000000e+00 4.436447876290276066e-02 4.443297015517439635e-02 1.826935095724541824e+00 2.321070275750968026e+00 4.282479554905386010e+00 1.659978640098085734e+01 6.004850008960871920e-03 6.971020752513552854e-02 1.512116791566992247e-01
0.000000000000000000e+00 6.610227194671179640e-02 8.791010198406275233e-02 1.373410325268833221e+00 1.395544756449530022e+00 1.511523732077509230e+00 3.056305606935241670e+00 6.835673278572554912e-01 6.252221465968217651e-02 1.424411776009008312e-01
0.000000000000000000e+00 4.436447876290276066e-02 3.052864883608766289e-01 8.658583508463580936e-01 1.723864308513618937e+00 3.066538253295831851e+00 4.802432932021181600e+00 9.627528728694535687e+00 8.078291298033159207e-02 8.455111209307461517e-03
0.000000000000000000e+00 2.227811223811790864e+00 2.433630516915589848e+00 3.762571471853114691e+00 1.779684252460920746e+01 2.746901383342410075e+00 3.930395949938143119e+00 2.018349524035842446e+00 3.194063296931429208e-02 3.313257082961330521e-04
0.000000000000000000e+00 3.704313765200279440e-01 8.514553214534651415e-01 1.679867184769183952e+00 2.986514629119875863e+00 5.046856173055691563e+00 2.004882087940768542e+01 4.682384817286818546e+00 3.770280874559872597e-01 3.754885293670146007e-02
0.000000000000000000e+00 6.610227194671179640e-02 6.617230880025576356e-02 1.408604712266089853e+00 1.395666442173533195e+00 1.324558115406555547e+00 3.263817878895808100e+00 1.416057414448257390e-01 6.230072098929807789e-02 6.947855661682529257e-03
0.000000000000000000e+00 1.092801686515678522e-03 1.313810327474904116e-01 3.703340034407263670e-01 7.018317087946275290e-01 1.940127218262789055e-01 5.245684481427637103e-01 7.460073988736631856e-02 1.542468905466043427e-02 1.819030050524289089e-03
0.000000000000000000e+00 2.262668557909372838e-02 1.531440884996051188e-01 1.320618124399769888e+00 2.465362256073815317e+00 4.282342051292034490e+00 6.550006496445416992e+00 2.536193617051451632e+00 4.487781381941656766e-01 9.239319921725625689e-03
0.000000000000000000e+00 1.095778583143278001e-01 4.446145940335590602e-02 1.443801559765468312e+00 4.633093421634601472e-01 5.930169458692713391e-01 7.422682681302286145e-01 5.013790653230384420e-01 1.154983807896283465e-01 8.423739506191094129e-02
0.000000000000000000e+00 1.530534446819437899e-01 1.303019090772198352e+00 1.497518192758015232e+00 3.066546413554405603e+00 4.369376191958683542e+00 1.714458941183140794e+01 2.993351677251776977e+00 9.840087016488435756e-01 5.236967383301951301e-02
0.000000000000000000e+00 1.092801686515678522e-03 1.313810327474904116e-01 1.767581085749806435e-01 1.334116058765167090e-01 1.792191939932099298e-01 2.218787938067936019e-02 4.007881871089635892e-04 3.515875653433700714e-03 4.351100167826111621e-04
0.000000000000000000e+00 6.610227194671179640e-02 1.313856883516787422e-01 1.426206195888886752e+00 6.342461389159096408e-01 2.259420445899337881e+00 2.745344675745554408e+00 6.118687424630711927e-03 3.331114770472613507e-01 7.124170973379822906e-03
0.000000000000000000e+00 1.092801686515678522e-03 2.183558674584079595e-01 1.373413984489671558e+00 2.272893033986579603e+00 4.386134695798749483e+00 1.532855322471293036e+01 7.067534848839339412e-03 8.107265340881074367e-02 8.381297186237195163e-03
0.000000000000000000e+00 1.092801686515678522e-03 1.173181201448080142e-03 1.748566191151064431e-01 1.451564969832140062e-01 1.766235528773147379e-01 3.413707241644113599e-02 1.224954142124898282e-02 4.377884457051181046e-03 5.403247962776934260e-04
0.000000000000000000e+00 1.092801686515678522e-03 1.313810327474904116e-01 1.943559171991381673e-01 1.189697625185272140e-01 1.204648505165690636e-01 1.619766734865153990e-01 1.905921426175304773e-02 3.980347217102339109e-03 4.811076338112129725e-04
0.000000000000000000e+00 4.436447876290276066e-02 1.748834757356755309e-01 1.109446855127290688e+00 2.994422367584815170e+00 4.386134695798749483e+00 1.841327747610942112e+01 1.242107445904574448e+00 5.092214669347367578e-02 5.107577186554398962e-03
0.000000000000000000e+00 4.436447876290276066e-02 4.445671663282544511e-02 1.587819370702648447e+00 1.723987383761932835e+00 2.986368049574267047e+00 4.667485448384353752e+00 7.631226779050745535e+00 2.676570653982728865e-01 9.204901171089973494e-03
0.000000000000000000e+00 2.262668557909372838e-02 9.795362129460328041e-04 2.269362509864800148e-02 2.682199159129445773e-02 5.380775598694032685e-03 1.380866725547665597e-01 8.996588416053593077e-04 7.755922660242350539e-03 9.680665863708229476e-04
0.000000000000000000e+00 1.092801686515678522e-03 2.271572880413281342e-02 1.095989877570616305e-01 2.507657584937831308e-01 3.243199080470974410e-02 1.956728263534648210e-02 6.557193091063356081e-04 5.290842194633416616e-03 6.557193091063356081e-04
0.000000000000000000e+00 1.092801686515678522e-03 1.313810327474904116e-01 3.527361948165672056e-01 7.286930724050817432e-01 4.510867589313702908e-01 1.178218090263924260e-02 2.977415712466014927e-02 1.190212864759814144e-02 1.411571476492111963e-03
0.000000000000000000e+00 6.610227194671179640e-02 1.748612747192967998e-01 1.338219576432008617e+00 3.817473501595780139e+00 2.932631756484656904e+00 6.550074989858037711e+00 1.885765936300594636e-01 8.554831095229062377e-02 1.898222947881675060e-01
0.000000000000000000e+00 6.610227194671179640e-02 8.793389049796661305e-02 1.391008133892992493e+00 1.395666442173533195e+00 1.511618108257535065e+00 3.056355794021326400e+00 1.416039717242120188e-01 6.179882850146830447e-02 1.424390804883432504e-01
0.000000000000000000e+00 6.610227194671179640e-02 1.966228564170097171e-01 1.303025163079983173e+00 3.817473741198976089e+00 3.140263003882072912e+00 6.384130461140108181e+00 9.109184794927958073e-01 2.655575715326705666e-01 9.223400984069556399e-03
0.000000000000000000e+00 1.313156514981368428e-01 2.272523396595495584e-02 1.426203751141309262e+00 1.249744314269284340e+00 3.146708234588363684e+00 4.531995051781249728e+00 1.734539498594008522e-01 7.679756022538085369e-02 8.518969500640872008e-03
0.000000000000000000e+00 1.313156514981368428e-01 2.272523396595495584e-02 1.443801559765468312e+00 1.213263523809362310e+00 3.146838271187794245e+00 4.531995051781249728e+00 7.441379241405285221e-03 7.673806521431840444e-02 8.519335341829997743e-03
0.000000000000000000e+00 1.092801686515678522e-03 1.314046947231758966e-01 1.767581085749806435e-01 2.775889085737620610e-01 2.075610015239973405e-01 1.406353114843342765e-02 4.431657870537908232e-04 3.973498523407600035e-03 4.833152621613513332e-04
0.000000000000000000e+00 1.092801686515678522e-03 2.618077918503405321e-01 1.144644885462554162e+00 1.723987383761932835e+00 2.986368049574267047e+00 4.667485448384353752e+00 1.071669512561143733e+01 2.487011787332047419e-01 8.420156034928726399e-03
0.000000000000000000e+00 4.436447876290276066e-02 2.183353156256425398e-01 1.162242694086713435e+00 1.687507669480635242e+00 2.986368049574267047e+00 4.666942535418070470e+00 1.089801978870923627e+01 2.487257218612339837e-01 8.413953617393870460e-03
0.000000000000000000e+00 1.092801686515678522e-03 2.183322054827224468e-01 1.320620558617195739e+00 2.417185074648564580e+00 4.386134695798749483e+00 1.532855322471293036e+01 7.067534848839339412e-03 8.107265340881074367e-02 8.381297186237195163e-03
0.000000000000000000e+00 1.092801686515678522e-03 1.314046947231758966e-01 1.943559171991381673e-01 1.189697625185272140e-01 1.322157192118965929e-01 1.900539937680793545e-01 1.020871922289565970e-01 5.366535504917157098e-03 6.442872240321644624e-04
0.000000000000000000e+00 4.436447876290276066e-02 1.096700961842504846e-01 1.355812516644675059e+00 1.432086046759945885e+00 1.449204032153875499e+00 1.077518686016051719e+00 6.275409098730904134e-01 4.635796799132781143e-02 5.311731215979912865e-03
0.000000000000000000e+00 2.262668557909372838e-02 3.053086407862642959e-01 1.197441891139406689e+00 2.561556579922517063e+00 4.074700289549888055e+00 6.716019067063420778e+00 3.258529608546693268e+00 2.682959550204533361e-01 9.222965102307922186e-03
0.000000000000000000e+00 8.784006513051878517e-02 8.791164101986434498e-02 3.703364586951997661e-01 6.884039896796050328e-01 2.952037162811402826e-01 5.248234612934526977e-01 3.664459320128417019e-01 2.081083926494776970e-02 2.415628235193775005e-03
0.000000000000000000e+00 1.092801686515678522e-03 1.313810327474904116e-01 1.767581085749806435e-01 1.334116058765167090e-01 1.322157192118965929e-01 1.616970246821443358e-02 5.023923142540447128e-04 4.389408630916577687e-03 5.446579258685090713e-04
0.000000000000000000e+00 1.092801686515678522e-03 1.313810327474904116e-01 1.767581085749806435e-01 1.334116058765167090e-01 1.322157192118965929e-01 2.792057116354306270e-02 5.029073044521557888e-04 4.397445421468857037e-03 5.453670329259022913e-04
0.000000000000000000e+00 1.092801686515678522e-03 1.314046947231758966e-01 3.351383861924080443e-01 3.319209671244926496e-01 1.550584558290975801e-01 1.530410189717351099e-01 1.800465807794925793e-02 6.982799881478370801e-03 8.387205207682136470e-04
0.000000000000000000e+00 1.092801686515678522e-03 1.202271164499381763e-03 2.183322054827224468e-01 5.448050958325530331e-03 2.197873991651788303e-02 6.357614381019505156e-03 7.861209959468121785e-04 6.357614381019505156e-03 7.861209959468121785e-04
0.000000000000000000e+00 1.092801686515678522e-03 1.313810327474904116e-01 1.767581085749806435e-01 1.334116058765167090e-01 1.674683252978813597e-01 2.794492903600163600e-02 4.003925235283245987e-04 3.509553013234342767e-03 4.345591423297504139e-04
0.000000000000000000e+00 1.092801686515678522e-03 1.202271164499381763e-03 1.748566191151064431e-01 2.710434448272001223e-02 9.236654474557906558e-02 6.289524312231804110e-03 7.897167544578481777e-04 6.342905773917472019e-03 7.897167544578481777e-04
0.000000000000000000e+00 4.436447876290276066e-02 8.793230300044350967e-02 1.443800329514406400e+00 2.321070275750968026e+00 4.282147492183271176e+00 1.659904019094380345e+01 1.302534430911073349e+00 1.836330555739867643e-01 6.081773469730368704e-03
0.000000000000000000e+00 1.092801686515678522e-03 2.269206682844730760e-02 2.269362509864800148e-02 4.852320657124557096e-02 4.886092372832638586e-02 2.348547420502665461e-01 1.839341154995889627e-02 5.304375421938933508e-03 6.528915648454622399e-04
0.000000000000000000e+00 6.610227194671179640e-02 1.748612747192967998e-01 1.338219576432008617e+00 3.817577318604940206e+00 2.932468033721177925e+00 6.550756580443084509e+00 1.885765936300594636e-01 8.554831095229062377e-02 9.236823322479187359e-03
0.000000000000000000e+00 1.092801686515678522e-03 1.202271164499381763e-03 1.748566191151064431e-01 2.714083613399933051e-02 1.099643533697382131e-01 4.160487650551483035e-02 7.932645432083070165e-04 6.434933580733478986e-03 7.932645432083070165e-04
0.000000000000000000e+00 1.092801686515678522e-03 2.271572880413281342e-02 1.748581773853050692e-01 1.451894929949197333e-01 1.478100722364830977e-01 1.979708180580418142e-02 6.106003849869242727e-04 5.387207563018242898e-03 6.603429327873410349e-04
0.000000000000000000e+00 6.610227194671179640e-02 3.053118223360507533e-01 8.370190057982017651e-01 1.723924560260608363e+00 3.146838271187794245e+00 4.802975844987464882e+00 8.538539900496644464e+00 2.678770795422918405e-01 9.174535866041829552e-03
0.000000000000000000e+00 8.784006513051878517e-02 4.443605465224832046e-02 1.408604712266089853e+00 1.395666442173533195e+00 1.511618108257535065e+00 3.056355794021326400e+00 1.090036747945967388e+00 6.217442528769916155e-02 6.952664461976097894e-03
0.000000000000000000e+00 2.262668557909372838e-02 1.096447978338820767e-01 3.351383861924080443e-01 3.554822244231354844e-01 1.448956383084138155e-01 1.530954518950367882e-01 5.248743417892342417e-02 2.425594628310609457e-02 8.418457857147650884e-04
0.000000000000000000e+00 8.784006513051878517e-02 4.443605465224832046e-02 1.443800329514406400e+00 6.627441650671455076e-01 1.118439230445268606e+00 2.199302415472145888e+00 1.250379960433684490e+00 1.975636655402779329e-01 6.944986518950493903e-03
0.000000000000000000e+00 6.610227194671179640e-02 6.619609731415962428e-02 1.426202520890248238e+00 1.359064216675201164e+00 2.906206228540308967e+00 4.803458220783943133e+00 1.667563426202520294e+00 7.807272780604512796e-02 8.510648139627785894e-03
0.000000000000000000e+00 2.205542217718901021e+00 2.495947717399833010e+00 3.846111528220109044e+00 1.764839199367196798e+01 2.746901383342410075e+00 3.753259145174524303e+00 2.052530679658228330e+00 3.195159719646833985e-02 3.331793805321401031e-04
0.000000000000000000e+00 1.092801686515678522e-03 1.314046947231758966e-01 1.767581085749806435e-01 1.622519155944725788e-01 1.674719301138293814e-01 2.985943946922915426e-01 9.462609830338336581e-02 6.950521150124329070e-03 8.363122143322603529e-04
0.000000000000000000e+00 6.610227194671179640e-02 1.531472700493916317e-01 1.355816175865513173e+00 3.817577318604940206e+00 2.932631756484656904e+00 6.550756580443084509e+00 7.991122164379624304e-03 8.549475584686275220e-02 1.898246814443165231e-01
0.000000000000000000e+00 8.784006513051878517e-02 6.617384783605531617e-02 1.355812516644675059e+00 1.432146914907883151e+00 1.511422569897061807e+00 3.056305606935241670e+00 4.125865346510405596e-01 1.973440144538774477e-01 6.950146775950251030e-03
0.000000000000000000e+00 4.436447876290276066e-02 8.793230300044350967e-02 1.478995946762724056e+00 2.224874847690323953e+00 4.282147492183271176e+00 1.677905230605145093e+01 1.014407318885141240e+00 1.830606587913463645e-01 6.088207243534765264e-03
0.000000000000000000e+00 2.400046174171778790e-01 3.600126423820520366e-02 1.179841701300996304e+00 2.561555327824044159e+00 4.593775873905125096e+00 2.313297316013112592e+01 6.933096456245260164e+00 1.330047663116363903e-02 2.948291899282263367e-04
0.000000000000000000e+00 4.436447876290276066e-02 2.835724416547186211e-01 1.091855039394454163e+00 2.850135889706997716e+00 4.178506979242047947e+00 1.732421529165026186e+01 1.242167686749911182e+00 1.836474191620304508e-01 6.055137120237564195e-03
0.000000000000000000e+00 1.092801686515678522e-03 1.202271164499381763e-03 2.183322054827224468e-01 1.275655916614694685e-01 1.333656389163210276e-01 5.366625214962312575e-03 1.507866179621285795e-02 5.376926946827598718e-03 6.594271842131245454e-04
0.000000000000000000e+00 1.092801686515678522e-03 1.314046947231758966e-01 3.703340034407263670e-01 4.729945161923664321e-01 1.780487897407468656e-01 4.098612343460813490e-01 2.977296583872049429e-02 1.186881175475071500e-02 1.409363824100154068e-03
0.000000000000000000e+00 6.610227194671179640e-02 2.835740291522437784e-01 1.155932576409712143e+00 2.561476288644697785e+00 4.282313668934214057e+00 6.383449852775020972e+00 3.077944137081005227e+00 8.675504860913922645e-02 9.231354346894629984e-03
0.000000000000000000e+00 1.092801686515678522e-03 1.313810327474904116e-01 1.320615669145295712e+00 8.907232754862796087e-01 2.281965793768215567e-01 8.862996820398972853e-01 4.390593653994079859e-01 1.154588743371273707e-01 4.073894113416432275e-03
0.000000000000000000e+00 1.313156514981368428e-01 2.272523396595495584e-02 1.443801559765468312e+00 1.286224365615328491e+00 2.906336007294688439e+00 4.532477427577727980e+00 7.444953449375089904e-03 7.667807339595389404e-02 8.519617637731947274e-03
0.000000000000000000e+00 2.262668557909372838e-02 2.183341786966488396e+00 1.493450631948054941e+00 2.504824171356391904e+00 4.098367007768136006e+00 1.659851409688283397e+01 3.829289094872281751e+00 9.836806320740877352e-01 1.932891554224324153e-03
0.000000000000000000e+00 6.610227194671179640e-02 6.617230880025576356e-02 1.461398138138565672e+00 1.286163661383604051e+00 2.986368049574267047e+00 4.802975844987464882e+00 1.667559681703635555e+00 2.632644130691347839e-01 9.254794135851890716e-03
0.000000000000000000e+00 6.610227194671179640e-02 1.096716836817756419e-01 1.373411550272246595e+00 7.197868109986667040e-01 3.376404495095848279e-01 6.460474953420932698e-01 6.514001100620099571e-02 2.715793474899712290e-02 3.152635585698377371e-03
0.000000000000000000e+00 6.610227194671179640e-02 6.617230880025576356e-02 1.443800329514406400e+00 1.249683575835798255e+00 5.413071273606749889e-01 8.363292620233886421e-01 6.449264928666090801e-01 1.158830470122757528e-01 5.297015084197204300e-03
0.000000000000000000e+00 1.313156514981368428e-01 2.272523396595495584e-02 1.426203751141309262e+00 1.249744314269284340e+00 3.146838271187794245e+00 4.531995051781249728e+00 7.441379241405285221e-03 7.673806521431840444e-02 8.519335341829997743e-03
0.000000000000000000e+00 8.784006513051878517e-02 4.445988505869768320e-02 1.461398138138565672e+00 1.286224365615328491e+00 1.386978708410271155e+00 1.237842328083970322e+00 7.313465119728674857e-01 1.507189696979580051e-01 5.316302813302979831e-03
0.000000000000000000e+00 1.092801686515678522e-03 1.314046947231758966e-01 3.527361948165672056e-01 7.018296655762699121e-01 2.113113542806768774e-01 5.244672506913434784e-01 5.488462116261449975e-01 2.086343274483158303e-02 2.418536435799757169e-03
0.000000000000000000e+00 6.610227194671179640e-02 8.791010198406275233e-02 1.391008133892992493e+00 1.395666442173533195e+00 1.449298408333904664e+00 3.056305606935241670e+00 1.361019310872789490e+00 1.977169497027783385e-01 6.953210931279259904e-03
0.000000000000000000e+00 6.610227194671179640e-02 6.619609731415962428e-02 1.267822243272819893e+00 2.705845335570607357e+00 4.489955430676360493e+00 6.217437282157018075e+00 1.452680788257346922e+00 8.507054387688289809e-02 9.220415930627898562e-03
0.000000000000000000e+00 1.092801686515678522e-03 2.400936606422169883e-01 1.144643681566262838e+00 1.723986579862480495e+00 3.066538253295831851e+00 4.667485448384353752e+00 1.017202723657730701e+01 8.008566305547606956e-02 8.443886522081764379e-03
0.000000000000000000e+00 6.610227194671179640e-02 4.357147929249990392e-01 1.671188082519842188e+00 3.069726558584626730e+00 6.673046442967680569e+00 7.125677211251317367e+00 1.893897705657909547e-01 8.611977717775261276e-02 9.214148595410736470e-03
0.000000000000000000e+00 1.092801686515678522e-03 1.202271164499381763e-03 1.748802810907919281e-01 5.366551298913032134e-03 9.239258263769462021e-02 6.330133303788192459e-03 1.838633210652129008e-02 6.342905773917472019e-03 7.897167544578481777e-04
0.000000000000000000e+00 8.784006513051878517e-02 4.445988505869768320e-02 1.478995946762724056e+00 8.849392677240013327e-01 9.741372371800459673e-01 2.199611268232019690e+00 1.085063738199046335e-01 4.663804474501977854e-02 1.091144953817773100e-01
0.000000000000000000e+00 2.262668557909372838e-02 2.835708476024552116e-01 1.320625363566360955e+00 3.630617124137943907e+00 3.036456314189907246e+00 5.554681156735085779e+00 8.025013633020947404e-03 2.657461590401755114e-01 9.249675488706319074e-03
0.000000000000000000e+00 1.092801686515678522e-03 1.314046947231758966e-01 1.767581085749806435e-01 2.775646368901589778e-01 2.075610015239973405e-01 4.465868110128114882e-02 4.442622007842728440e-04 1.419224750054282579e-02 4.854682611133106823e-04
0.000000000000000000e+00 8.784006513051878517e-02 1.096732646101206687e-01 1.408608387264728368e+00 1.286224365615328491e+00 4.451028777299619321e-01 8.370427943966400886e-01 3.631924594934231136e-03 3.572983188442251795e-02 8.423904073590368635e-02
0.000000000000000000e+00 6.610227194671179640e-02 2.835740291522437784e-01 1.155932576409712143e+00 2.513379126720346690e+00 4.282328006106584262e+00 6.549395325947082291e+00 3.077944137081005227e+00 8.675504860913922645e-02 1.907294923798808772e-01
0.000000000000000000e+00 1.313156514981368428e-01 2.272523396595495584e-02 1.426203751141309262e+00 1.213263893366300472e+00 3.146716172664125732e+00 4.802914635159244661e+00 7.437720022525148508e-03 2.428101308433842642e-01 8.518519810285920396e-03
0.000000000000000000e+00 4.436447876290276066e-02 8.790855652279244703e-02 1.478995946762724056e+00 1.249743476753831795e+00 2.986368049574267047e+00 4.531995051781249728e+00 5.054790910953999017e-01 7.691504886609648595e-02 1.745305565826981153e-01
0.000000000000000000e+00 1.092801686515678522e-03 1.314046947231758966e-01 1.767581085749806435e-01 1.333630883003822931e-01 1.439665879072252186e-01 1.900306373768190782e-01 1.060727048872410309e-02 1.413797611536651150e-02 4.838586545323867198e-04
0.000000000000000000e+00 8.784006513051878517e-02 4.443605465224832046e-02 1.408604712266089853e+00 7.482842368964703894e-01 4.470192876852380759e-01 9.611554694711441638e-01 3.767405765576845589e-01 1.155377008372299175e-01 4.077219701942432981e-03
0.000000000000000000e+00 2.262668557909372838e-02 2.183337637529230990e-01 1.162241490190421223e+00 1.687506962858948745e+00 2.986376432261874214e+00 4.802372523001587012e+00 1.071669512561143733e+01 8.091649247127910560e-02 8.426250031499831969e-03
0.000000000000000000e+00 1.092801686515678522e-03 3.052833782179564803e-01 1.320625363566360955e+00 3.505977724290679998e+00 3.347911231113728903e+00 5.553386999685026915e+00 1.886050811967806828e-01 8.449846948902298149e-02 9.247776824424710010e-03
0.000000000000000000e+00 1.092801686515678522e-03 1.314046947231758966e-01 2.119537258232973009e-01 1.766771620130112019e-01 1.473563382655692852e-02 2.787962184770732474e-02 5.002913272382392574e-04 4.431620058174196193e-03 5.417840644330934249e-04
0.000000000000000000e+00 8.784006513051878517e-02 6.619767824250466504e-02 1.461399368389626696e+00 6.342461389159096408e-01 1.118514724061247634e+00 8.373460215992218902e-01 1.045735706640662510e+00 4.609874211583026571e-01 5.311731215979912865e-03
0.000000000000000000e+00 2.262668557909372838e-02 3.053086407862642959e-01 1.320626551508517377e+00 3.630616324721887889e+00 3.036438446176822570e+00 5.388055037432110339e+00 1.886104850987092574e-01 8.367017576835708570e-02 9.249675488706319074e-03
0.000000000000000000e+00 2.262668557909372838e-02 1.313825910176890654e-01 3.351396164434696234e-01 7.152613689906754946e-01 1.940705126032076788e-01 5.530658740405686169e-01 1.110817839489327136e-01 1.560119504375597800e-02 1.821550798743664214e-03
0.000000000000000000e+00 1.141823646555060285e-03 1.202271164499381763e-03 1.748566191151064431e-01 2.717729041550979649e-02 5.717092749726240819e-02 6.264206968052865761e-03 7.311183541817235570e-04 6.370562423104305684e-03 7.873248922389301449e-04
0.000000000000000000e+00 2.262668557909372838e-02 1.748581773853050692e-01 1.426206195888886752e+00 1.249743476753831795e+00 2.745882586472391029e+00 5.208721881524104091e+00 1.734465461416361265e-01 2.436286748360910748e-01 8.517367655581847136e-03
0.000000000000000000e+00 2.262668557909372838e-02 1.314062953157961178e-01 3.703352336917862808e-01 4.847669504210032621e-01 1.511865955617520407e-01 5.864601199620925881e-02 1.800658351801907170e-02 7.086223160346085369e-03 8.418457857147650884e-04
0.000000000000000000e+00 2.227831590671931927e+00 2.682831594724761182e+00 3.430894087303646867e+00 1.601628523983877272e+01 4.351736818877134816e+00 3.223081210621749904e+00 2.113030374334353922e+00 2.032204798020970649e-01 1.894283723472559716e-02
0.000000000000000000e+00 1.092801686515678522e-03 3.487826265612600785e-01 1.155932576409712143e+00 2.513379126720346690e+00 4.282161637981431568e+00 6.550074989858037711e+00 3.619700551478061357e+00 8.607993026281517135e-02 9.218610483606044445e-03
0.000000000000000000e+00 2.262668557909372838e-02 2.835471433043481038e-01 1.338223172190519339e+00 3.630304954132328454e+00 3.036438446176822570e+00 5.554750150845398693e+00 8.019609731100862601e-03 2.658033357519726247e-01 9.247776824424710010e-03
0.000000000000000000e+00 4.436447876290276066e-02 1.965975224418334832e-01 1.162241490190421223e+00 1.687506962858948745e+00 2.986376432261874214e+00 4.938405031762354902e+00 1.089801569492540523e+01 8.096484265611940401e-02 8.413953617393870460e-03
0.000000000000000000e+00 6.610227194671179640e-02 6.617230880025576356e-02 1.461398138138565672e+00 6.627913234480891091e-01 1.118514724061247634e+00 8.373460215992218902e-01 1.045735706640662510e+00 2.542047897144597557e-01 1.091158508969087421e-01
0.000000000000000000e+00 6.610227194671179640e-02 8.791010198406275233e-02 1.443801559765468312e+00 6.342464771997952111e-01 2.259424900175514228e+00 1.157719451666897825e+00 1.561800029510170607e+00 6.224441176322691172e-02 1.424373598168400812e-01
0.000000000000000000e+00 1.092801686515678522e-03 1.173181201448080142e-03 2.269206682844730760e-02 2.681745923097591730e-02 4.885174614012698785e-02 1.379099769741995718e-01 9.008191692351847539e-04 7.837255021788253062e-03 9.695667713737459587e-04
0.000000000000000000e+00 8.784006513051878517e-02 4.443605465224832046e-02 1.408604712266089853e+00 7.482367380559329373e-01 4.470192876852380759e-01 9.611554694711441638e-01 3.767405765576845589e-01 3.506237183027655080e-02 8.423739506191094129e-02
0.000000000000000000e+00 6.610227194671179640e-02 1.314094768655826306e-01 1.408608387264728368e+00 6.627913234480891091e-01 2.259522469022127833e+00 3.055541144554243971e+00 2.173959920770820453e+00 2.433880812842913466e-01 8.519335341829997743e-03
0.000000000000000000e+00 1.092801686515678522e-03 3.270211714017655091e-01 1.232637508387724123e+00 2.465362446080924919e+00 4.282147492183271176e+00 1.478331471544978015e+01 5.336271005120030608e+00 1.559794144980559405e-01 5.054674246387597276e-03
0.000000000000000000e+00 6.610227194671179640e-02 8.791010198406275233e-02 1.443801559765468312e+00 1.286102868832338375e+00 2.986368049574267047e+00 4.803520237481139432e+00 1.003509399231637511e+00 2.439179673491718991e-01 1.745255688267374483e-01
0.000000000000000000e+00 2.262668557909372838e-02 1.096685021319891290e-01 1.355811286393613146e+00 8.337288881969950882e-01 1.070417562136896539e+00 8.991553560675352719e-01 1.639556752671114670e-01 3.556965323202845863e-02 4.083457854442378368e-03
0.000000000000000000e+00 4.436447876290276066e-02 2.400731088094495147e-01 1.144646084052678869e+00 1.650966207135072583e+00 3.066538253295831851e+00 4.666942535418070470e+00 1.053502351264327075e+01 8.089121839331425701e-02 1.762169223741160695e-01
0.000000000000000000e+00 1.092801686515678522e-03 1.313810327474904116e-01 1.767774679343368793e-01 1.622276697019412739e-01 1.557210614185007835e-01 2.986201942547930255e-01 9.461263395781617513e-02 6.999581047190876586e-03 8.354972716939228260e-04
0.000000000000000000e+00 1.092801686515678522e-03 1.314046947231758966e-01 1.767581085749806435e-01 1.478075148429633112e-01 1.439684051918450614e-01 1.713823649592274845e-01 1.060689390132879550e-02 3.966794134185958401e-03 4.827684555037569563e-04
0.000000000000000000e+00 4.436447876290276066e-02 2.400731088094495147e-01 1.804787324254506498e+00 1.936208313080334031e+00 4.489955430676360493e+00 1.859477561414240299e+01 8.709877381910641203e-01 5.937554730464256886e-02 6.027035142370487826e-03
0.000000000000000000e+00 4.436447876290276066e-02 3.270242815446835483e-01 1.190416014657513788e+00 2.321070861522706696e+00 4.282175493812127698e+00 6.715340350026802518e+00 3.439115080012373760e+00 4.498361738773513641e-01 9.214148595410736470e-03
0.000000000000000000e+00 4.436447876290276066e-02 1.748834757356755309e-01 1.109446855127290688e+00 2.994341723560854263e+00 4.386134695798749483e+00 1.823177933807643925e+01 1.365819896129389033e+00 5.043609121611782042e-02 5.107577186554398962e-03
0.000000000000000000e+00 1.092801686515678522e-03 2.271572880413281342e-02 8.790700465007304787e-02 2.683528455992767459e-02 1.627472265701077059e-01 2.389995494216805988e-02 7.920872968706603456e-04 6.314743771003178234e-03 7.920872968706603456e-04
0.000000000000000000e+00 6.610227194671179640e-02 8.793389049796661305e-02 1.391008133892992493e+00 1.395666442173533195e+00 1.511618108257535065e+00 3.056355794021326400e+00 1.361017541152182320e+00 2.430123392486429612e-01 8.519786423295084427e-03
0.000000000000000000e+00 1.092801686515678522e-03 2.271572880413281342e-02 1.096447978338820767e-01 2.331384610667426582e-01 2.200762279407580957e-02 1.959145338333579192e-02 6.192144712503231448e-04 1.969041134928653167e-02 6.547811714735796975e-04
0.000000000000000000e+00 1.092801686515678522e-03 1.202271164499381763e-03 1.748802810907919281e-01 9.233352933111969862e-02 1.099778078987117547e-01 3.378201663858409337e-02 6.538385866826957075e-04 5.270256490308591543e-03 6.538385866826957075e-04
0.000000000000000000e+00 6.610227194671179640e-02 1.314094768655826306e-01 1.408608387264728368e+00 6.627913234480891091e-01 2.197100745975707703e+00 3.159298903536371661e+00 2.173959920770820453e+00 2.433880812842913466e-01 1.745319059598255951e-01
0.000000000000000000e+00 1.313156514981368428e-01 2.272523396595495584e-02 1.443801559765468312e+00 1.249743944712344623e+00 2.986506340717857366e+00 4.396987030974623956e+00 7.448442913582971857e-03 7.661758747946446901e-02 8.519816690057156749e-03
0.000000000000000000e+00 6.610227194671179640e-02 6.617230880025576356e-02 1.285420051896978277e+00 2.609571371386748329e+00 4.593775873905125096e+00 6.383449852775020972e+00 1.091503950958484070e+00 8.580676976344735196e-02 9.223400984069556399e-03
0.000000000000000000e+00 1.092801686515678522e-03 1.314046947231758966e-01 3.351383861924080443e-01 3.319804870324787882e-01 1.550584558290975801e-01 1.664727223861413308e-01 7.640068867082141406e-04 2.422394231221650096e-02 8.395110629623448980e-04
0.000000000000000000e+00 2.262668557909372838e-02 1.096685021319891290e-01 3.527361948165672056e-01 4.965142677794850967e-01 1.511860068662559398e-01 2.415311400417483392e-02 7.640068867082141406e-04 2.428428983314423473e-02 8.395110629623448980e-04
0.000000000000000000e+00 6.610227194671179640e-02 8.793389049796661305e-02 1.373410325268833221e+00 1.432146938002441861e+00 1.511517215177449858e+00 3.056764744822045188e+00 1.631998334358397029e+00 2.431395382200278454e-01 8.519966260129531108e-03
0.000000000000000000e+00 1.092801686515678522e-03 1.314046947231758966e-01 3.527361948165672056e-01 5.082453347470224925e-01 2.113065969212639672e-01 4.321440590669120008e-01 1.276731226855258019e-03 1.188549753488503738e-02 1.410472989109290204e-03
0.000000000000000000e+00 1.092801686515678522e-03 1.314046947231758966e-01 1.767774679343368793e-01 1.766720704534491537e-01 3.245023120796096394e-02 4.369642215846791800e-03 4.986727259203574880e-04 4.406695618686467912e-03 5.395896081832519562e-04
0.000000000000000000e+00 1.092801686515678522e-03 1.313810327474904116e-01 1.943559171991381673e-01 1.622544796401521050e-01 4.996500091459107895e-02 2.788784671040072174e-02 5.008227123928970029e-04 4.439893149295464324e-03 5.425081272148355935e-04
0.000000000000000000e+00 1.092801686515678522e-03 1.313810327474904116e-01 1.943559171991381673e-01 1.189940150632196325e-01 1.322157192118965929e-01 1.153463212260773807e-01 1.905774444058006001e-02 3.627324944150865909e-03 4.394079083274492290e-04
0.000000000000000000e+00 2.262668557909372838e-02 1.096685021319891290e-01 1.373409095017772419e+00 7.482367289886141526e-01 1.118521467782604306e+00 8.368043041987744957e-01 8.379374562889549405e-02 1.156157782254279148e-01 4.080407901977321262e-03
0.000000000000000000e+00 1.530534446819437899e-01 2.072030737088035313e+00 1.349101090918498613e+00 2.665814249798975410e+00 4.233857404371246247e+00 1.696157506606343546e+01 4.776943377120114853e+00 8.579613278650447539e-01 1.256540380903994327e-03
0.000000000000000000e+00 2.262668557909372838e-02 2.618093501205391305e-01 1.338221978918424648e+00 3.692833122694882064e+00 3.036438446176822570e+00 5.387374429067024018e+00 8.025013633020947404e-03 8.516068757448712334e-02 9.251477682917287962e-03
0.000000000000000000e+00 2.262668557909372838e-02 1.748581773853050692e-01 1.426206195888886752e+00 1.213263055850848149e+00 2.745890969159997752e+00 5.073170065930158401e+00 1.734539498594008522e-01 2.435093826680433393e-01 8.518519810285920396e-03
0.000000000000000000e+00 6.610227194671179640e-02 1.096716836817756419e-01 1.303020315775611282e+00 3.175103969373650470e-01 4.062630951924083300e-01 5.262855387079911074e-01 3.869501693838754419e-01 2.709354443644759053e-02 6.546912284982815688e-02
0.000000000000000000e+00 2.262668557909372838e-02 3.487605228557731363e-01 1.190416014657513788e+00 2.320990694302244695e+00 4.489955430676360493e+00 1.623604391487783971e+01 1.500822554325604019e-01 6.904197217535668063e-02 7.159314708235142363e-03
0.000000000000000000e+00 6.610227194671179640e-02 8.793389049796661305e-02 1.373410325268833221e+00 1.432146938002441861e+00 1.511517215177449858e+00 3.055135504825287285e+00 1.631998334358397029e+00 2.431395382200278454e-01 8.519966260129531108e-03
0.000000000000000000e+00 4.436447876290276066e-02 3.053102348385277054e-01 8.658583508463580936e-01 1.723864308513618937e+00 3.066668161751814559e+00 4.802432932021181600e+00 9.809026866727514005e+00 2.485957470629435728e-01 8.443886522081764379e-03
0.000000000000000000e+00 1.095778583143278001e-01 6.619925258716492789e-02 1.391009358896404979e+00 7.195963879862787849e-01 4.469593803451202829e-01 6.880446728831601799e-02 2.907563483102851842e-01 2.730007752937850876e-02 3.147778176839644872e-03
0.000000000000000000e+00 2.262668557909372838e-02 1.314062953157961178e-01 1.267823473523880917e+00 2.753943300756375390e+00 4.282147492183271176e+00 5.720762721463394485e+00 2.536210708920964230e+00 4.494330545262710808e-01 9.250481612573807286e-03
0.000000000000000000e+00 2.262668557909372838e-02 1.096447978338820767e-01 3.703340034407263670e-01 7.018543465344100341e-01 4.065856627664299339e-01 1.828198324734909563e-01 2.977585878766263183e-02 1.195169171834112483e-02 1.414802578764304221e-03
0.000000000000000000e+00 1.095778583143278001e-01 2.272366621954891377e-02 1.443800329514406400e+00 1.286224735172266209e+00 1.449102869973428298e+00 1.156741075803551011e+00 7.313470798094670045e-01 1.506739336721304723e-01 5.315231359195307301e-03
0.000000000000000000e+00 1.092801686515678522e-03 1.202271164499381763e-03 2.269206682844730760e-02 2.010479772336359883e-01 2.197873991651788303e-02 2.384932041554176443e-02 7.311183541817235570e-04 6.370562423104305684e-03 7.873248922389301449e-04
0.000000000000000000e+00 1.092801686515678522e-03 1.313810327474904116e-01 3.351383861924080443e-01 3.554425635883339263e-01 1.550601159003727469e-01 3.344558595603234208e-01 4.553014481632213645e-02 9.168926409929483573e-03 1.094100528669144680e-03
0.000000000000000000e+00 1.092801686515678522e-03 1.314046947231758966e-01 1.767581085749806435e-01 1.333873599839853485e-01 1.674485049999048236e-01 1.900433818042541190e-01 1.060801256476154482e-02 3.986857572125785884e-03 4.843986241560592813e-04
0.000000000000000000e+00 6.610227194671179640e-02 6.617230880025576356e-02 1.267822243272819893e+00 2.705684264949724582e+00 4.489955430676360493e+00 6.383449852775020972e+00 1.452674893889852381e+00 2.664912066379845901e-01 9.214142009700540537e-03
0.000000000000000000e+00 1.965290310495598214e-01 2.295552094460951986e-01 1.693455639849327454e+00 1.840087930636849833e+00 4.074700289549888055e+00 2.367583639857597078e+01 4.972849841837198248e+00 3.769957902531781424e-01 3.313257082961330521e-04
0.000000000000000000e+00 2.205682629716546828e+00 1.781748826870706459e+00 7.865303966368709432e+00 1.601562893045588254e+01 3.173646075049785242e+00 2.431286711183151095e+00 1.525861584818191119e+00 4.020440140089575481e-03 9.638019033290166904e-03
0.000000000000000000e+00 4.436447876290276066e-02 8.793230300044350967e-02 3.527361948165672056e-01 5.199962034423510904e-01 2.113073072795296770e-01 3.876198259235965615e-01 2.862504002291480498e-01 1.540404212627659829e-02 1.817748576392126843e-03
0.000000000000000000e+00 6.610227194671179640e-02 8.791010198406275233e-02 1.426203751141309262e+00 6.342941862372356576e-01 2.321748883691787668e+00 1.157719451666897825e+00 1.457993339818010492e+00 6.218773207910242851e-02 6.946006760321015577e-03
0.000000000000000000e+00 4.436447876290276066e-02 4.443297015517439635e-02 1.674770543437882786e+00 2.657750197819873428e+00 4.074700289549888055e+00 6.716019067063420778e+00 1.994431308286900517e+00 8.648424032579664356e-02 1.907521321627679567e-01
0.000000000000000000e+00 1.092801686515678522e-03 1.314046947231758966e-01 1.767774679343368793e-01 1.333630883003822931e-01 1.557174566025538442e-01 2.986388205315899103e-01 1.080434556728261941e-01 5.397917859755623805e-03 6.502541306886309904e-04
0.000000000000000000e+00 1.092801686515678522e-03 1.314046947231758966e-01 1.943559171991381673e-01 1.189940150632196325e-01 1.322157192118965929e-01 1.154056374123183654e-01 9.730418605294326173e-03 3.498731534214947168e-03 9.766207182651538699e-03
0.000000000000000000e+00 1.092801686515678522e-03 1.314046947231758966e-01 1.408604712266089853e+00 7.481415396055933753e-01 3.376378420857698570e-01 5.496982713378587571e-01 2.819872280697389554e-03 2.709354443644759053e-02 3.149422926197679128e-03
0.000000000000000000e+00 1.092801686515678522e-03 1.202271164499381763e-03 4.442986001225633641e-02 6.120315346788236077e+00 4.593827978266210366e+00 2.258743828995437397e+01 9.143854970918106062e+00 3.566820820504548045e-03 2.948291899282263367e-04
0.000000000000000000e+00 6.610227194671179640e-02 1.314094768655826306e-01 1.408608387264728368e+00 6.627913234480891091e-01 2.197100745975707703e+00 3.159298903536371661e+00 2.173959920770820453e+00 2.433880812842913466e-01 1.745319059598255951e-01
0.000000000000000000e+00 8.784006513051878517e-02 1.096732646101206687e-01 1.355814961392252549e+00 6.912418862603244563e-01 1.166618629706957622e+00 8.370745321992238974e-01 5.647647440583907219e-01 1.162017693879134755e-01 5.297015084197204300e-03
0.000000000000000000e+00 4.436447876290276066e-02 3.052864883608766289e-01 8.370180411284030564e-01 1.760465101497154405e+00 3.066676450153837497e+00 4.938405031762354902e+00 8.901536176562609981e+00 2.476995455808018165e-01 1.762558447188336541e-01
0.000000000000000000e+00 6.610227194671179640e-02 8.793389049796661305e-02 1.443801559765468312e+00 1.286102868832338375e+00 2.986368049574267047e+00 4.802432932021181600e+00 1.169521969849633081e+00 7.796170001184345166e-02 8.512998208734023908e-03
0.000000000000000000e+00 6.610227194671179640e-02 8.793389049796661305e-02 1.373410325268833221e+00 1.432146938002441861e+00 1.511517215177449858e+00 3.056355794021326400e+00 1.496507937755286566e+00 2.430761804976212248e-01 8.519917370676857379e-03
0.000000000000000000e+00 1.092801686515678522e-03 6.616765319606536522e-02 1.848671349872549108e+00 2.080584466129208554e+00 4.697776023705489301e+00 2.204390994311963681e+01 6.669665216151433818e+00 4.055790752078682893e-01 2.948291899282263367e-04
0.000000000000000000e+00 1.092801686515678522e-03 1.314046947231758966e-01 1.767581085749806435e-01 1.766478245609178210e-01 1.087193443912330831e-01 2.985991709577964226e-01 9.461130392484073948e-02 5.427317602546151074e-03 6.489608099407782578e-04
0.000000000000000000e+00 8.784006513051878517e-02 2.183622305291637589e-01 1.091853851452297963e+00 2.898231991740013225e+00 4.282313668934214057e+00 1.786730142586473491e+01 1.242133780648300156e+00 1.836512428640041106e-01 6.027035142370487826e-03
0.000000000000000000e+00 2.262668557909372838e-02 3.053086407862642959e-01 1.197441891139406689e+00 2.513459417998165968e+00 4.178354948289271675e+00 6.550687132420932812e+00 3.439120974379876294e+00 8.679781698747564278e-02 9.227212906409791235e-03
0.000000000000000000e+00 1.092801686515678522e-03 1.966180742745989307e-01 1.391010578640569317e+00 2.224795872062228508e+00 4.074728671907709376e+00 1.532825271778892251e+01 7.107226826706938491e-03 8.098790846092618345e-02 8.407642268855809037e-03
0.000000000000000000e+00 1.092801686515678522e-03 2.183322054827224468e-01 1.373413984489671558e+00 2.224795872062228508e+00 4.074728671907709376e+00 1.514749661000127823e+01 7.116878447863728835e-03 8.096484265611940401e-02 8.413953617393870460e-03
0.000000000000000000e+00 1.092801686515678522e-03 1.202271164499381763e-03 2.271572880413281342e-02 2.703648075738130860e-02 5.376159772510975474e-03 5.092756163528119884e-02 9.604682846302586190e-04 7.611610424932045704e-03 9.604682846302586190e-04
0.000000000000000000e+00 8.784006513051878517e-02 4.445988505869768320e-02 1.461398138138565672e+00 6.627439030975988965e-01 9.742232382881923503e-01 2.279689257156526594e+00 6.275403901173016719e-01 4.724209794191988609e-02 5.312945402943720398e-03
0.000000000000000000e+00 2.262668557909372838e-02 2.071996756502037407e+00 1.733866885599945507e+00 2.345147468054643358e+00 3.827652625857730140e+00 1.732424262061574893e+01 5.515430600961153118e+00 8.579067907114183988e-01 7.302010697430143249e-02
0.000000000000000000e+00 4.436447876290276066e-02 3.270242815446835483e-01 8.370190057982017651e-01 1.723985678776335018e+00 3.146838271187794245e+00 4.802975844987464882e+00 8.901536176562609981e+00 7.991485931887618022e-02 1.762609850872829953e-01
0.000000000000000000e+00 2.262668557909372838e-02 2.183574680510302068e-01 1.162241490190421223e+00 1.723926315919129371e+00 2.986368049574267047e+00 4.802432932021181600e+00 1.017219647630355972e+01 2.478963541527167413e-01 8.432236112198336631e-03
0.000000000000000000e+00 2.262668557909372838e-02 2.400715569367321556e-01 1.373416397576617154e+00 2.176697697046848123e+00 4.282494084245190180e+00 1.478472959080551519e+01 1.181600030660158840e+00 6.965611654382371232e-02 7.178158409315548057e-03
0.000000000000000000e+00 1.092801686515678522e-03 1.313810327474904116e-01 3.351383861924080443e-01 6.749868118210893275e-01 2.630336053887170067e-01 5.816647341215387401e-01 1.475628131640211449e-01 1.537096619362429001e-02 7.478485682092744780e-02
0.000000000000000000e+00 1.092801686515678522e-03 2.835455850341474515e-01 1.338221978918424648e+00 2.224875464664467728e+00 4.386134695798749483e+00 1.551005136274591223e+01 1.501182270385661155e-01 6.898739801103849489e-02 7.184244617588609813e-03
0.000000000000000000e+00 1.092801686515678522e-03 1.202271164499381763e-03 2.269206682844730760e-02 2.010479772336359883e-01 2.197873991651788303e-02 4.144712903969926393e-02 7.320400923971376751e-04 6.383485971015869648e-03 7.885234823621367368e-04
0.000000000000000000e+00 1.092801686515678522e-03 1.313810327474904116e-01 3.351383861924080443e-01 3.554822244231354844e-01 1.550601159003727469e-01 3.516970019910615197e-01 4.553069353199293290e-02 9.182300883598802643e-03 1.095033214198490789e-03
0.000000000000000000e+00 1.092801686515678522e-03 1.202271164499381763e-03 2.269206682844730760e-02 7.058486947416738044e-02 4.886092372832638586e-02 7.285673912009531239e-02 9.680665863708229476e-04 7.755922660242350539e-03 9.680665863708229476e-04
0.000000000000000000e+00 8.784006513051878517e-02 4.445988505869768320e-02 1.461398138138565672e+00 6.627913234480891091e-01 1.166611885985598507e+00 7.120195509212134954e-01 8.052502071602706257e-01 4.640226720256165893e-02 5.300329114319803081e-03
0.000000000000000000e+00 1.092801686515678522e-03 1.314046947231758966e-01 1.767774679343368793e-01 1.766720704534491537e-01 1.803007634898302555e-02 2.786312004680083915e-02 4.992163263642198550e-04 4.415021231943856359e-03 5.403247962776934260e-04
0.000000000000000000e+00 6.610227194671179640e-02 3.053118223360507533e-01 8.225988509392244685e-01 1.760403958708708361e+00 3.146838271187794245e+00 4.802975844987464882e+00 8.538539900496644464e+00 2.678770795422918405e-01 9.174535866041829552e-03
0.000000000000000000e+00 1.092801686515678522e-03 3.270211714017655091e-01 1.232637508387724123e+00 2.417265284156574712e+00 4.386134695798749483e+00 1.514631099151574745e+01 5.336253965883317463e+00 5.087878059988103219e-02 1.101343492901775550e-01
0.000000000000000000e+00 1.092801686515678522e-03 3.052833782179564803e-01 1.232636320445567701e+00 2.513379326696083105e+00 4.178506979242047947e+00 1.496548255983336517e+01 5.912506374409860044e+00 1.311323163971416794e-01 4.226379425185804693e-03
0.000000000000000000e+00 1.092801686515678522e-03 2.183558674584079595e-01 1.373413984489671558e+00 2.272973113826616931e+00 4.282328006106584262e+00 1.532847883589933069e+01 7.077621595838734340e-03 8.105260564329538897e-02 8.388049460945038935e-03
0.000000000000000000e+00 6.610227194671179640e-02 2.400746542707218878e-01 1.197440703197250267e+00 2.513378798693762572e+00 4.490121698965403141e+00 6.383449852775020972e+00 2.355602251218269050e+00 6.310716000319847030e-01 9.235389870891275860e-03
0.000000000000000000e+00 1.092801686515678522e-03 2.183322054827224468e-01 1.373413984489671558e+00 2.224795872062228508e+00 4.074728671907709376e+00 1.514749661000127823e+01 7.116878447863728835e-03 8.096484265611940401e-02 8.413953617393870460e-03
0.000000000000000000e+00 1.092801686515678522e-03 2.183322054827224468e-01 1.408609601737988992e+00 2.224874847690323953e+00 3.866920733414620059e+00 1.496599847196829991e+01 1.749111086990687847e-01 8.096484265611940401e-02 8.413953617393870460e-03
0.000000000000000000e+00 1.092801686515678522e-03 1.314046947231758966e-01 3.351577455517642523e-01 7.152592917631395153e-01 2.952029984241444360e-01 5.247889037979163174e-01 5.488468347847292872e-01 2.052548379447821994e-02 2.419961717746023193e-03
0.000000000000000000e+00 2.262668557909372838e-02 2.400715569367321556e-01 1.373416397576617154e+00 2.176697697046848123e+00 4.282494084245190180e+00 1.460323145277252799e+01 1.517179054805162908e+00 6.967066267611936314e-02 7.171975008785623842e-03
0.000000000000000000e+00 1.092801686515678522e-03 1.314046947231758966e-01 3.527555541759234692e-01 6.883979621618636635e-01 2.285521502753039558e-01 5.532689714314930063e-01 7.460136304595053891e-02 1.531039078872874735e-02 1.820297471184291038e-03
0.000000000000000000e+00 1.092801686515678522e-03 1.202271164499381763e-03 1.748802810907919281e-01 5.366551298913032134e-03 9.236307111073656373e-02 4.136629264209109452e-02 7.909046966150669973e-04 6.355653678623509988e-03 7.909046966150669973e-04
0.000000000000000000e+00 1.092801686515678522e-03 1.202271164499381763e-03 1.748802810907919281e-01 9.233352933111969862e-02 1.099778078987117547e-01 3.378201663858409337e-02 6.538385866826957075e-04 5.270256490308591543e-03 6.538385866826957075e-04
0.000000000000000000e+00 4.436447876290276066e-02 8.790855652279244703e-02 1.461398138138565672e+00 1.286224365615328491e+00 2.986368049574267047e+00 4.396504655178138599e+00 1.667570659629370011e+00 7.796170001184345166e-02 8.512998208734023908e-03
0.000000000000000000e+00 4.436447876290276066e-02 8.793230300044350967e-02 1.373409095017772419e+00 1.395605625856963572e+00 1.511530076055962235e+00 3.160061864742148341e+00 6.115344841715077834e-03 6.168813473947520887e-02 6.946963213729455584e-03
0.000000000000000000e+00 4.436447876290276066e-02 8.793230300044350967e-02 1.391006903641930581e+00 1.322644838510290022e+00 1.636175647151497436e+00 3.056305606935241670e+00 9.545481210634705338e-01 6.206901293181344564e-02 6.951853869793588742e-03
0.000000000000000000e+00 6.610227194671179640e-02 6.617230880025576356e-02 1.285420051896978277e+00 2.609490815435145272e+00 4.593775873905125096e+00 6.383449852775020972e+00 9.109184794927958073e-01 2.663418041585650653e-01 9.223400984069556399e-03
0.000000000000000000e+00 4.436447876290276066e-02 1.096700961842504846e-01 3.879330423159454977e-01 4.847686810571968929e-01 3.492364467254371885e-01 9.815227047388232207e-02 9.947892054110465086e-04 5.374693779533980947e-02 1.405972554325763584e-03
0.000000000000000000e+00 1.092801686515678522e-03 2.618077918503405321e-01 1.373416397576617154e+00 2.224874847690323953e+00 3.970893599857722833e+00 1.605358014245983256e+01 1.501182270385661155e-01 2.136997387723493513e-01 7.178158409315548057e-03
0.000000000000000000e+00 1.092801686515678522e-03 1.202271164499381763e-03 2.183322054827224468e-01 5.448050958325530331e-03 2.197873991651788303e-02 4.155323162933615561e-02 7.885234823621367368e-04 6.383485971015869648e-03 7.885234823621367368e-04
0.000000000000000000e+00 4.436447876290276066e-02 1.096700961842504846e-01 1.461399368389626696e+00 2.224874847690323953e+00 4.282313668934214057e+00 1.677905230605145093e+01 1.158466161207598377e+00 5.992947061415186683e-02 6.088207243534765264e-03
0.000000000000000000e+00 1.313156514981368428e-01 1.461398138138565672e+00 1.242123537743049289e+00 2.986506340717857366e+00 4.098395398752468388e+00 1.496572062184793594e+01 3.963638207450392414e+00 9.790904378336025005e-01 3.378541684755252163e-03
0.000000000000000000e+00 6.610227194671179640e-02 6.617230880025576356e-02 1.461398138138565672e+00 1.286163661383604051e+00 2.986368049574267047e+00 4.802975844987464882e+00 1.667559681703635555e+00 7.812744630925247402e-02 8.509342749426137067e-03
0.000000000000000000e+00 1.092801686515678522e-03 1.202271164499381763e-03 1.965944122989134180e-01 5.443801461304042556e-03 5.717092749726240819e-02 6.370562423104305684e-03 7.311183541817235570e-04 2.396837104726180084e-02 7.885234823621367368e-04
0.000000000000000000e+00 1.092801686515678522e-03 2.618077918503405321e-01 1.373416397576617154e+00 2.224794858971199218e+00 4.282313668934214057e+00 1.478480502065103330e+01 1.302623420091246986e+00 6.969771320529037639e-02 7.159314708235142363e-03
0.000000000000000000e+00 1.092801686515678522e-03 1.202271164499381763e-03 1.748566191151064431e-01 1.275881998860129429e-01 2.199522756116521760e-02 4.140340787371875331e-02 8.141906937527806009e-04 6.339864690177962267e-03 7.944364235590406324e-04
0.000000000000000000e+00 1.092801686515678522e-03 1.313810327474904116e-01 1.767581085749806435e-01 1.333873599839853485e-01 1.322157192118965929e-01 2.784568789308920073e-02 1.225377599977967372e-02 1.623186161109099745e-02 5.467739552001512531e-04
0.000000000000000000e+00 1.313156514981368428e-01 1.443800329514406400e+00 1.242121969933475123e+00 1.636270569438167399e+00 2.932631756484656904e+00 1.460323145277252799e+01 6.200640725496348260e+00 1.279451724720150008e+00 7.601640421414629367e-02
0.000000000000000000e+00 4.436447876290276066e-02 8.793230300044350967e-02 1.443800329514406400e+00 6.912890380328440276e-01 1.166611885985598507e+00 7.750581704738214173e-01 8.379385423315401094e-02 2.760167415173231387e-01 8.424818972371996006e-02
0.000000000000000000e+00 4.436447876290276066e-02 8.790855652279244703e-02 1.461398138138565672e+00 1.286224365615328491e+00 2.986368049574267047e+00 4.667485448384353752e+00 1.003513143730522250e+00 7.714394249846434626e-02 8.515002830451954413e-03
0.000000000000000000e+00 2.262668557909372838e-02 1.096685021319891290e-01 3.527361948165672056e-01 4.965142677794850967e-01 1.511860068662559398e-01 2.415311400417483392e-02 7.640068867082141406e-04 2.428428983314423473e-02 8.395110629623448980e-04
0.000000000000000000e+00 8.784006513051878517e-02 4.443605465224832046e-02 1.408604712266089853e+00 1.395666442173533195e+00 1.511618108257535065e+00 3.056355794021326400e+00 1.090036747945967388e+00 6.217442528769916155e-02 6.952664461976097894e-03
0.000000000000000000e+00 1.092801686515678522e-03 1.202271164499381763e-03 2.269206682844730760e-02 7.051206712499731577e-02 4.886092372832638586e-02 7.285673912009531239e-02 8.996588416053593077e-04 7.755922660242350539e-03 9.680665863708229476e-04
0.000000000000000000e+00 2.262668557909372838e-02 9.558319148389736496e-04 2.269362509864800148e-02 7.055313807049731767e-02 5.389845017821843706e-03 5.097438205018289120e-02 8.973165310936154822e-04 7.529863853267873379e-03 9.650466980226360056e-04
0.000000000000000000e+00 1.092801686515678522e-03 1.314046947231758966e-01 1.767581085749806435e-01 1.333873599839853485e-01 1.322157192118965929e-01 1.900242440946055544e-01 1.060689390132879550e-02 1.413127172614439195e-02 4.833152621613513332e-04
0.000000000000000000e+00 2.182668242333688502e-01 3.600002195742939282e-02 1.179840502710871819e+00 2.609651814983320328e+00 4.593775873905125096e+00 2.331447129816410779e+01 6.860473622221615386e+00 1.330047663116363903e-02 2.948291899282263367e-04
0.000000000000000000e+00 2.182668242333688502e-01 9.936454916740667265e-04 1.197435898248085051e+00 2.609651011721902947e+00 4.697596025821435539e+00 2.331447129816410779e+01 6.933426905792907213e+00 3.566820820504548045e-03 2.948291899282263367e-04
0.000000000000000000e+00 6.610227194671179640e-02 8.791010198406275233e-02 1.426223144063681225e+00 6.627916121350405643e-01 2.259424900175514228e+00 1.077243146120444806e+00 1.561800597346770569e+00 6.218773207910242851e-02 6.946006760321015577e-03
0.000000000000000000e+00 1.092801686515678522e-03 1.202271164499381763e-03 1.783453314716934024e+00 2.561556291378213057e+00 4.386134695798749483e+00 6.384130461140108181e+00 5.497475365614276077e-01 8.565356898128749508e-02 9.231753378124655379e-03
0.000000000000000000e+00 1.095778583143278001e-01 6.619925258716492789e-02 1.443802784768880576e+00 1.249743476753831795e+00 1.449096453413762919e+00 1.157719451666897825e+00 7.313465119728674857e-01 1.507189696979580051e-01 5.316302813302979831e-03
0.000000000000000000e+00 2.262668557909372838e-02 2.183574680510302068e-01 1.162241490190421223e+00 1.687506962858948745e+00 3.066538253295831851e+00 4.802975844987464882e+00 9.990525004760501204e+00 2.478703493173938233e-01 8.438114777248506906e-03
0.000000000000000000e+00 6.610227194671179640e-02 1.096716836817756419e-01 1.426204976144722192e+00 2.061279893795738005e-01 3.207689913540974214e-01 5.262646541166640102e-01 2.172350926266076836e-03 6.896059466918484648e-02 2.419961717746023193e-03
0.000000000000000000e+00 6.610227194671179640e-02 2.618362359684347496e-01 1.267833125636041558e+00 3.817577318604940206e+00 3.036438446176822570e+00 5.886092749286113701e+00 8.008509313808729463e-03 8.455352189544770858e-02 9.245781317842318228e-03
0.000000000000000000e+00 8.784006513051878517e-02 4.445988505869768320e-02 1.426202520890248238e+00 6.627443507972576864e-01 4.835646406313843237e-01 5.978474116344557610e-01 3.767393075190849649e-01 8.994143491334444240e-02 3.164450315664892738e-03
0.000000000000000000e+00 2.262668557909372838e-02 1.096685021319891290e-01 3.527361948165672056e-01 4.847633990841569429e-01 3.664753222218330442e-01 1.427425930908544083e-01 2.326379529830165105e-02 3.157136723493351310e-02 1.405972554325763584e-03
0.000000000000000000e+00 1.092801686515678522e-03 1.313810327474904116e-01 1.767581085749806435e-01 1.334116058765167090e-01 1.322157192118965929e-01 2.792057116354306270e-02 5.029073044521557888e-04 1.614831411679637507e-02 5.460723790034743147e-04
0.000000000000000000e+00 4.436447876290276066e-02 8.793230300044350967e-02 1.461398138138565672e+00 2.272972626588818823e+00 4.282313668934214057e+00 1.677905230605145093e+01 1.014407318885141240e+00 1.836278564232386723e-01 1.297917922033696714e-01
0.000000000000000000e+00 8.784006513051878517e-02 4.443605465224832046e-02 1.461398138138565672e+00 6.627439030975988965e-01 1.118514724061247634e+00 8.371061322677281202e-01 9.655738856067049847e-01 8.774145026555805194e-01 5.315231359195307301e-03
0.000000000000000000e+00 8.784006513051878517e-02 6.617384783605531617e-02 1.391008133892992493e+00 6.912418862603244563e-01 1.214715791631308495e+00 8.375865214237510070e-01 8.379385423315401094e-02 4.366566737788884489e-01 4.089139527649506001e-03
0.000000000000000000e+00 1.092801686515678522e-03 1.313810327474904116e-01 3.351383861924080443e-01 3.437313557278068865e-01 1.448948214473723961e-01 1.530868376736450598e-01 1.731749399545957080e-01 9.142054070643938768e-03 1.092210750460560591e-03
0.000000000000000000e+00 1.313156514981368428e-01 1.478995946762724056e+00 1.205644671381154165e+00 1.449305026067062352e+00 3.036473886023637547e+00 1.460241140132439774e+01 6.200648919903584577e+00 1.279459185309908653e+00 7.602221510882456457e-02
0.000000000000000000e+00 1.313156514981368428e-01 1.391026263001287067e+00 1.974334250533687163e+00 2.826156488530123578e+00 3.827386214561927069e+00 1.478415574911865527e+01 5.076987084167233988e+00 9.790195052118821906e-01 2.741269557125495214e-03
0.000000000000000000e+00 8.784006513051878517e-02 6.619767824250466504e-02 1.408605942517150877e+00 7.196916608511609859e-01 3.741182629887537803e-01 6.940157969371765212e-01 4.390593653994079859e-01 1.154588743371273707e-01 4.073894113416432275e-03
0.000000000000000000e+00 1.092801686515678522e-03 1.314285879784154176e-01 1.767774679343368793e-01 1.766720704534491537e-01 4.996500091459107895e-02 2.788784671040072174e-02 1.225169140772152179e-02 4.410679031377344114e-03 5.432284642138163503e-04
0.000000000000000000e+00 6.610227194671179640e-02 8.791010198406275233e-02 1.426203751141309262e+00 6.627916121350405643e-01 2.259424900175514228e+00 1.157719451666897825e+00 1.457993339818010492e+00 1.971226307586351756e-01 6.946963213729455584e-03
0.000000000000000000e+00 4.436447876290276066e-02 1.096700961842504846e-01 1.303038483694570537e+00 1.578006984066927965e+00 1.386877815330185948e+00 1.157995326359853694e+00 1.354187217962444567e+00 6.151933503282274590e-02 6.943902705666310168e-03
0.000000000000000000e+00 8.784006513051878517e-02 8.791164101986434498e-02 2.999452241985647860e-01 7.018502186499011586e-01 2.285521502753039558e-01 5.247715455336882107e-01 3.664441071112307102e-01 6.882835217555482998e-02 2.412643556349528852e-03
0.000000000000000000e+00 4.436447876290276066e-02 1.966212689194845320e-01 1.391013002304484436e+00 2.224794858971199218e+00 4.074700289549888055e+00 1.514616378800976015e+01 1.748821533801868666e-01 8.103179528835717516e-02 8.394690713401105342e-03
0.000000000000000000e+00 1.092801686515678522e-03 2.269206682844730760e-02 2.269362509864800148e-02 5.412524783431905441e-03 1.358029188753610561e-01 5.082749042270357648e-02 9.695667713737459587e-04 7.771820302428681521e-03 9.695667713737459587e-04
0.000000000000000000e+00 1.092801686515678522e-03 1.314046947231758966e-01 3.351383861924080443e-01 5.199943861577313031e-01 3.492357363671722559e-01 5.352201740556491311e-02 2.326222747362961460e-02 9.182300883598802643e-03 1.095033214198490789e-03
0.000000000000000000e+00 8.784006513051878517e-02 8.793547142631367997e-02 3.527386500710406603e-01 7.018563590443157585e-01 3.397417284669204118e-01 4.963603794152778859e-01 3.664465105276963897e-01 2.083718688601165353e-02 2.417091923001604518e-03
0.000000000000000000e+00 8.784006513051878517e-02 4.443605465224832046e-02 1.461398138138565672e+00 6.627439030975988965e-01 9.741443731564480846e-01 2.279689257156526594e+00 1.085069416564993783e-01 1.508151892336366540e-01 5.307805689626620207e-03
0.000000000000000000e+00 1.092801686515678522e-03 1.314046947231758966e-01 1.767581085749806435e-01 2.775646368901589778e-01 2.075610015239973405e-01 1.157760476457311144e-01 5.902717053384103595e-04 5.384016293733375445e-03 6.456457234857303391e-04
0.000000000000000000e+00 4.436447876290276066e-02 3.052864883608766289e-01 8.370180411284030564e-01 1.760465101497154405e+00 3.066676450153837497e+00 4.938405031762354902e+00 8.901536176562609981e+00 2.476995455808018165e-01 1.762558447188336541e-01
0.000000000000000000e+00 2.965077281569927337e+00 2.433265233135591288e+00 3.534700776995812088e+00 1.692400261230650216e+01 3.860441726536782525e+00 3.576897084683580363e+00 1.843023366916956229e+00 4.127593510061664667e-02 9.638019033290166904e-03
0.000000000000000000e+00 1.092801686515678522e-03 2.271572880413281342e-02 2.269362509864800148e-02 5.084198407485427187e-03 9.232733250774503853e-02 2.938115275247931216e-02 9.650466980226360056e-04 7.659190025120729030e-03 9.650466980226360056e-04
0.000000000000000000e+00 4.436447876290276066e-02 2.094267352391220971e+00 1.830065114453505837e+00 3.244441422659448016e+00 3.962759108061649105e+00 1.605649578673398992e+01 3.726081117309108848e+00 9.839737876619789603e-01 2.254837397582940949e-03
0.000000000000000000e+00 4.436447876290276066e-02 1.966212689194845320e-01 1.391013002304484436e+00 2.128600535122497472e+00 4.074228187895190700e+00 1.460152021650319654e+01 7.145189320245941451e-03 8.089121839331425701e-02 8.432236112198336631e-03
0.000000000000000000e+00 6.610227194671179640e-02 3.270258270059559491e-01 1.737987788459953720e+00 3.194266830945360791e+00 6.537556046364570328e+00 7.126372384052618969e+00 1.893977556782514282e-01 8.688128668233671692e-02 9.218610483606044445e-03
0.000000000000000000e+00 8.784006513051878517e-02 8.793547142631367997e-02 1.426204976144722192e+00 6.627439030975988965e-01 1.118514724061247634e+00 8.373460215992218902e-01 1.045735706640662510e+00 4.700849954147128668e-02 5.306403372640967897e-03
0.000000000000000000e+00 4.436447876290276066e-02 8.790855652279244703e-02 1.461398138138565672e+00 1.286224365615328491e+00 2.986368049574267047e+00 4.396504655178138599e+00 8.375078065393763982e-01 2.429856075716651520e-01 8.516664572416869292e-03
0.000000000000000000e+00 1.092801686515678522e-03 2.618077918503405321e-01 1.320622971704141557e+00 2.272973471454500682e+00 4.489955430676360493e+00 1.551005136274591223e+01 1.501182270385661155e-01 6.898739801103849489e-02 7.184244617588609813e-03
0.000000000000000000e+00 1.092801686515678522e-03 1.314046947231758966e-01 1.767581085749806435e-01 2.775646368901589778e-01 2.168883273592830674e-01 2.423457333843153511e-02 4.439004465472273114e-04 3.986857572125785884e-03 4.843986241560592813e-04
0.000000000000000000e+00 6.610227194671179640e-02 1.096716836817756419e-01 1.426204976144722192e+00 1.838960394080960681e-01 4.062622205827816080e-01 4.895558625275074904e-01 5.027003591340943600e-02 2.091561738415886190e-02 2.421367712683436361e-03
0.000000000000000000e+00 2.262668557909372838e-02 2.618330544186461828e-01 1.320624170294265376e+00 3.692833695583942255e+00 3.036619953222520873e+00 5.387307331621088657e+00 8.030320434674787997e-03 8.510291950756181112e-02 9.253183776439978178e-03
0.000000000000000000e+00 1.092801686515678522e-03 1.313810327474904116e-01 1.943559171991381673e-01 1.189697625185272140e-01 1.439467676092486825e-01 8.737060677154115385e-02 4.372833049257384753e-04 3.571425582793141904e-03 4.372833049257384753e-04
0.000000000000000000e+00 1.313156514981368428e-01 1.461417497497921714e+00 1.169162695937083107e+00 1.698495347075128059e+00 2.932468033721177925e+00 1.442024508312255016e+01 6.344707762226041936e+00 1.279451724720150008e+00 3.402438882453292981e-03
0.000000000000000000e+00 1.092801686515678522e-03 1.314046947231758966e-01 3.527361948165672056e-01 5.082651364748125289e-01 3.492357363671722559e-01 5.352201740556491311e-02 2.326222747362961460e-02 9.182300883598802643e-03 1.095033214198490789e-03
0.000000000000000000e+00 1.313156514981368428e-01 2.272523396595495584e-02 1.443801559765468312e+00 1.249743944712344623e+00 2.906214611227912581e+00 4.938886258876336477e+00 7.437720022525148508e-03 7.679756022538085369e-02 8.518969500640872008e-03
0.000000000000000000e+00 8.784006513051878517e-02 4.445988505869768320e-02 1.443800329514406400e+00 6.912890380328440276e-01 1.118514724061247634e+00 8.366282553777931730e-01 8.052502435387863811e-01 4.644994126581600963e-02 5.301917127010591889e-03
0.000000000000000000e+00 6.610227194671179640e-02 6.617230880025576356e-02 1.232626626024502459e+00 2.609649020193902214e+00 4.905235457054026860e+00 2.367746757423007153e+01 6.497724309031024603e+00 4.124364082030222006e-02 2.948291899282263367e-04
0.000000000000000000e+00 1.530534446819437899e-01 1.320616899396357402e+00 1.497519901464270387e+00 3.066538253295831851e+00 3.962876611165031537e+00 1.714445554696152385e+01 3.098439003167559935e+00 1.269450659393619230e+00 2.328377458894268469e-03
0.000000000000000000e+00 1.092801686515678522e-03 1.314046947231758966e-01 1.767581085749806435e-01 2.775646368901589778e-01 2.075610015239973405e-01 4.455696392430968933e-02 4.442622007842728440e-04 3.993512108584414307e-03 4.849351625306537895e-04
0.000000000000000000e+00 1.092801686515678522e-03 1.314046947231758966e-01 1.767581085749806435e-01 2.775646368901589778e-01 2.075610015239973405e-01 1.259405252376890605e-01 5.907100569745134732e-04 1.882442593416428986e-02 6.469857187125062706e-04
0.000000000000000000e+00 6.610227194671179640e-02 3.270258270059559491e-01 1.737987788459953720e+00 3.256586530868990970e+00 6.402042328102840685e+00 7.126372384052618969e+00 1.893977556782514282e-01 8.528122089304804310e-02 9.218610483606044445e-03
0.000000000000000000e+00 6.610227194671179640e-02 1.096716836817756419e-01 1.303020315775611282e+00 3.175103969373650470e-01 4.347605210902131812e-01 4.895558625275074904e-01 3.869501693838754419e-01 2.709354443644759053e-02 3.149422926197679128e-03
0.000000000000000000e+00 1.092801686515678522e-03 1.313810327474904116e-01 1.767581085749806435e-01 1.334116058765167090e-01 1.322157192118965929e-01 2.792057116354306270e-02 5.029073044521557888e-04 4.397445421468857037e-03 5.453670329259022913e-04
0.000000000000000000e+00 2.262668557909372838e-02 2.835708476024552116e-01 1.197460327745568209e+00 2.561475960618113223e+00 4.386134695798749483e+00 2.313222906496692843e+01 6.279570768260025027e+00 5.991250901465654255e-02 3.754885293670146007e-02
0.000000000000000000e+00 1.530534446819437899e-01 2.049761730995145914e+00 1.781973676219846370e+00 3.140440082320419268e+00 3.827238348332644424e+00 1.387699341837071465e+01 6.612814443977818257e+00 7.243647583988066518e-01 4.377740061443768926e-02
0.000000000000000000e+00 8.784006513051878517e-02 6.619767824250466504e-02 3.703352336917862808e-01 6.749929522155039274e-01 2.113113542806768774e-01 5.247715455336882107e-01 3.299636862082467870e-01 5.218418917359894660e-02 1.828772562238151645e-03
0.000000000000000000e+00 6.610227194671179640e-02 1.531234815354877710e-01 1.355816175865513173e+00 3.817577318604940206e+00 2.932631756484656904e+00 6.384744009825079836e+00 7.997016531874227840e-03 2.660260596892372598e-01 9.239209978636666459e-03
0.000000000000000000e+00 2.262668557909372838e-02 3.270464339700732692e-01 1.173173718840451185e+00 2.513459577556542257e+00 4.282479554905386010e+00 6.384130461140108181e+00 2.355602251218269050e+00 4.487781381941656766e-01 9.239319921725625689e-03
0.000000000000000000e+00 1.092801686515678522e-03 1.314046947231758966e-01 3.351383861924080443e-01 3.555020227829826518e-01 1.448956383084138155e-01 3.516270428046259222e-01 2.326113872343154448e-02 9.076246102322001186e-03 1.093159700173284600e-03
0.000000000000000000e+00 1.092801686515678522e-03 1.173181201448080142e-03 2.271572880413281342e-02 2.678089902738570519e-02 4.885174614012698785e-02 5.108719679255011026e-02 9.635270234042374706e-04 7.708051048734405886e-03 9.635270234042374706e-04
0.000000000000000000e+00 1.092801686515678522e-03 1.314046947231758966e-01 1.767581085749806435e-01 1.622519155944725788e-01 3.247240871266238171e-02 3.950351330539661476e-02 1.225062455800281572e-02 4.431620058174196193e-03 5.417840644330934249e-04
0.000000000000000000e+00 1.092801686515678522e-03 1.202271164499381763e-03 2.183322054827224468e-01 2.200827280185172624e-02 4.354743196380832064e-03 2.395542300517865611e-02 7.311183541817235570e-04 6.370562423104305684e-03 7.873248922389301449e-04
0.000000000000000000e+00 1.313156514981368428e-01 1.391006903641930581e+00 1.974334250533687163e+00 2.745735419803922106e+00 4.098395398752468388e+00 1.478422248381495763e+01 5.076978820504775669e+00 9.060529561231495110e-01 2.741269557125495214e-03
0.000000000000000000e+00 1.092801686515678522e-03 1.314046947231758966e-01 3.351383861924080443e-01 4.964926487670756616e-01 3.836874583271916994e-01 5.247541345420435599e-01 3.811968101383152868e-02 1.538332254569651537e-02 1.816453088200613254e-03
0.000000000000000000e+00 1.092801686515678522e-03 1.314046947231758966e-01 1.767581085749806435e-01 1.478317607354946439e-01 1.322175364965164357e-01 1.900306373768190782e-01 1.060727048872410309e-02 3.973498523407600035e-03 4.833152621613513332e-04
0.000000000000000000e+00 2.262668557909372838e-02 9.795362129460328041e-04 1.531203842014980665e-01 1.451564969832140062e-01 1.333630883003822931e-01 5.356302439853030152e-03 1.507773706120062868e-02 5.366625214962312575e-03 6.585069372349182555e-04
0.000000000000000000e+00 1.092801686515678522e-03 1.202271164499381763e-03 1.965944122989134180e-01 5.720044987412729182e-02 5.718108446321863020e-02 6.302146318008906324e-03 7.909046966150669973e-04 6.409259257198190313e-03 7.909046966150669973e-04
0.000000000000000000e+00 1.313156514981368428e-01 1.461398138138565672e+00 1.205643116840066975e+00 1.636270569438167399e+00 2.932631756484656904e+00 1.460248628376739966e+01 6.200640725496348260e+00 1.279451724720150008e+00 7.601640421414629367e-02
0.000000000000000000e+00 2.262668557909372838e-02 1.531440884996051188e-01 1.320618124399769888e+00 2.513379126720346690e+00 4.386300773937355402e+00 6.384130461140108181e+00 1.633260365355532429e+00 9.938793527990358312e-01 9.480736296317442829e-03
0.000000000000000000e+00 2.262668557909372838e-02 9.795362129460328041e-04 1.531203842014980665e-01 1.451564969832140062e-01 1.333630883003822931e-01 5.356302439853030152e-03 6.085395765079340113e-04 1.977645729883097461e-02 6.585069372349182555e-04
0.000000000000000000e+00 1.092801686515678522e-03 2.269206682844730760e-02 2.269362509864800148e-02 4.877891052111733849e-02 4.886092372832638586e-02 2.348547420502665461e-01 1.839341154995889627e-02 5.259932690613750364e-03 6.528915648454622399e-04
0.000000000000000000e+00 1.092801686515678522e-03 1.314285879784154176e-01 1.767774679343368793e-01 1.766478245609178210e-01 4.996500091459107895e-02 2.788784671040072174e-02 5.008227123928970029e-04 4.402506667795545031e-03 5.425081272148355935e-04
0.000000000000000000e+00 4.436447876290276066e-02 2.094267352391220971e+00 1.830065114453505837e+00 3.244441422659448016e+00 3.962759108061649105e+00 1.605649578673398992e+01 3.832597455467055436e+00 9.242592719570423831e-01 2.254837397582940949e-03
0.000000000000000000e+00 1.965290310495598214e-01 1.767617835736193799e-01 1.626644234136428002e+00 1.888193090554014519e+00 4.489995817683550605e+00 2.385726123026635292e+01 4.972849841837198248e+00 3.912484149433200220e-01 2.948291899282263367e-04
0.000000000000000000e+00 1.092801686515678522e-03 1.313810327474904116e-01 1.767581085749806435e-01 1.478317607354946439e-01 1.322175364965164357e-01 2.792870822119571106e-02 5.034181764079257533e-04 4.405464475434725004e-03 5.460723790034743147e-04
0.000000000000000000e+00 6.610227194671179640e-02 3.270496155198597821e-01 1.138693735494390014e+00 2.513379326696083105e+00 4.282147492183271176e+00 6.383449852775020972e+00 3.258529608546693268e+00 8.679781698747564278e-02 1.907253509393875002e-01
0.000000000000000000e+00 8.784006513051878517e-02 4.445988505869768320e-02 1.461398138138565672e+00 6.627913234480891091e-01 1.166611885985598507e+00 7.124981941312527045e-01 8.052502071602706257e-01 4.640226720256165893e-02 5.300329114319803081e-03
0.000000000000000000e+00 2.262668557909372838e-02 1.096685021319891290e-01 4.055296206890430244e-01 4.729980018990883606e-01 1.511865955617520407e-01 1.103093610603421704e-01 9.904345867522937764e-04 9.101439537401338070e-03 1.089315389839183058e-03
0.000000000000000000e+00 6.610227194671179640e-02 1.531234815354877710e-01 1.355816175865513173e+00 3.817577318604940206e+00 2.932631756484656904e+00 6.384744009825079836e+00 7.997016531874227840e-03 2.660260596892372598e-01 9.239209978636666459e-03
0.000000000000000000e+00 1.092801686515678522e-03 1.202271164499381763e-03 1.748566191151064431e-01 5.366551298913032134e-03 1.099608797348957390e-01 4.137868869083057705e-02 7.347699310401749947e-04 6.368376935841157417e-03 7.920872968706603456e-04
0.000000000000000000e+00 1.092801686515678522e-03 1.173181201448080142e-03 2.269206682844730760e-02 1.355064251500169570e-01 4.891072467864020917e-02 5.896682351809142547e-02 7.311183541817235570e-04 6.264206968052865761e-03 7.873248922389301449e-04
0.000000000000000000e+00 6.610227194671179640e-02 3.270496155198597821e-01 1.138693735494390014e+00 2.513379326696083105e+00 4.282313668934214057e+00 6.383449852775020972e+00 3.258529608546693268e+00 8.679781698747564278e-02 9.464516747058665871e-03
0.000000000000000000e+00 1.313156514981368428e-01 2.272523396595495584e-02 1.443801559765468312e+00 1.249743944712344623e+00 2.986506340717857366e+00 4.396987030974623956e+00 7.448442913582971857e-03 7.661758747946446901e-02 8.519816690057156749e-03
0.000000000000000000e+00 1.313156514981368428e-01 2.272523396595495584e-02 1.443801559765468312e+00 1.286224365615328491e+00 2.906336007294688439e+00 4.532477427577727980e+00 7.444953449375089904e-03 7.667807339595389404e-02 8.519617637731947274e-03
0.000000000000000000e+00 8.784006513051878517e-02 8.793547142631367997e-02 1.426204976144722192e+00 6.627439030975988965e-01 1.118514724061247634e+00 8.373460215992218902e-01 1.045735706640662510e+00 4.700849954147128668e-02 1.091130930648063352e-01
0.000000000000000000e+00 8.784006513051878517e-02 2.183384001227143822e-01 1.285429746318043520e+00 3.755257618681309140e+00 3.036292375823362200e+00 6.217370184711081826e+00 8.002812135721204881e-03 8.460797593199952116e-02 9.243688593854996333e-03
0.000000000000000000e+00 1.092801686515678522e-03 1.173181201448080142e-03 8.922037941807858807e-01 3.037131448059674721e+00 3.289730781761149814e+01 6.714571155674157410e+00 1.884748510208116706e-02 1.330047663116363903e-02 2.948291899282263367e-04
0.000000000000000000e+00 1.092801686515678522e-03 3.270448333774511052e-01 6.343120151663288464e-01 3.860107392717849084e+00 3.217116825949521797e+01 6.497374347435243891e+00 1.884748510208116706e-02 3.997468780175705838e-03 9.634333559284065374e-03
0.000000000000000000e+00 1.092801686515678522e-03 1.314285879784154176e-01 1.767774679343368793e-01 1.766720704534491537e-01 6.171586960991969767e-02 2.789605413421953478e-02 1.225221870576817355e-02 4.418833772885808787e-03 5.439450666913707389e-04
0.000000000000000000e+00 2.262668557909372838e-02 1.313825910176890654e-01 3.351396164434696234e-01 3.202314356217700331e-01 1.448939782371391205e-01 1.665099041553522174e-01 7.635156472103176578e-04 2.421321310547786335e-02 8.387205207682136470e-04
0.000000000000000000e+00 1.092801686515678522e-03 1.202271164499381763e-03 1.748566191151064431e-01 2.717729041550979649e-02 1.099643533697382131e-01 4.160487650551483035e-02 7.356680498723839777e-04 6.381075463044627756e-03 7.932645432083070165e-04
0.000000000000000000e+00 2.262668557909372838e-02 3.053086407862642959e-01 1.197441891139406689e+00 2.561556579922517063e+00 4.178506979242047947e+00 6.384062419240033925e+00 3.439120974379876294e+00 2.682959550204533361e-01 9.222965102307922186e-03
0.000000000000000000e+00 4.436447876290276066e-02 3.270242815446835483e-01 1.121451444934559616e+00 2.369167643680805124e+00 4.593969334013329409e+00 2.367731830297346818e+01 6.425129148471055984e+00 5.988195080259250958e-02 9.634333559284065374e-03
0.000000000000000000e+00 1.092801686515678522e-03 4.442986001225633641e-02 1.848669804411277484e+00 2.224796185532339710e+00 4.593775873905125096e+00 1.587379384884892985e+01 1.158512328792425050e+00 6.975319135168209228e-02 7.125928907595144128e-03
0.000000000000000000e+00 6.610227194671179640e-02 8.793389049796661305e-02 1.391008133892992493e+00 1.395666442173533195e+00 1.511618108257535065e+00 3.056355794021326400e+00 1.361017541152182320e+00 2.423204101876310912e-01 8.519786423295084427e-03
0.000000000000000000e+00 6.610227194671179640e-02 8.793389049796661305e-02 1.373410325268833221e+00 1.432146938002441861e+00 1.511517215177449858e+00 3.056355794021326400e+00 1.496507937755286566e+00 2.430761804976212248e-01 8.519917370676857379e-03
0.000000000000000000e+00 4.436447876290276066e-02 8.793230300044350967e-02 1.461398138138565672e+00 1.286224365615328491e+00 2.986368049574267047e+00 4.530910744322192762e+00 8.375042323313989234e-01 2.437459354530918110e-01 8.515876402404027115e-03
0.000000000000000000e+00 6.610227194671179640e-02 3.270258270059559491e-01 1.693449776274173590e+00 3.381332643061992993e+00 6.537532724705950926e+00 7.126436558257863041e+00 1.893897705657909547e-01 8.692197915530444630e-02 9.214148595410736470e-03
0.000000000000000000e+00 1.092801686515678522e-03 1.313810327474904116e-01 3.351383861924080443e-01 3.554822244231354844e-01 1.550601159003727469e-01 3.516379535087723052e-01 4.553069353199293290e-02 9.182300883598802643e-03 2.336403930708909685e-02
0.000000000000000000e+00 1.092801686515678522e-03 1.314046947231758966e-01 1.767581085749806435e-01 1.766720704534491537e-01 2.849823748211580687e-01 1.868936226218204932e-01 1.349081775461971888e-01 7.043147402406100231e-03 8.387205207682136470e-04
0.000000000000000000e+00 8.784006513051878517e-02 4.443605465224832046e-02 1.478995946762724056e+00 8.483981775003255343e-01 9.742196686917933279e-01 2.199569441230444067e+00 2.123136313486647109e-01 1.508624404855898327e-01 5.309161204743373906e-03
0.000000000000000000e+00 8.784006513051878517e-02 4.445988505869768320e-02 1.426202520890248238e+00 7.197392025928661674e-01 3.376378420857698570e-01 7.419060135980533044e-01 3.767396654757745322e-01 1.154191823444968290e-01 4.072180064106749320e-03
0.000000000000000000e+00 1.092801686515678522e-03 1.173181201448080142e-03 8.922037941807858807e-01 3.037131448059674721e+00 3.289730781761149814e+01 6.714571155674157410e+00 1.884748510208116706e-02 1.330047663116363903e-02 2.948291899282263367e-04
0.000000000000000000e+00 2.262668557909372838e-02 2.183366070533569125e+00 1.493390704673735803e+00 2.505212953627748540e+00 4.096466404361455815e+00 1.660002833246881337e+01 4.044217332668314846e+00 9.242329349275945072e-01 1.928538216099861787e-03
0.000000000000000000e+00 1.092801686515678522e-03 1.313810327474904116e-01 1.767581085749806435e-01 1.334116058765167090e-01 1.792191939932099298e-01 3.087519666654749972e-01 1.403587781694793334e-02 1.879557771433837746e-02 6.483071155724723670e-04
0.000000000000000000e+00 1.092801686515678522e-03 3.270211714017655091e-01 1.215039699763565961e+00 2.465282164771731566e+00 4.282161637981431568e+00 1.478176176263728792e+01 5.336279384742336873e+00 1.554974957279499359e-01 5.061576940986141360e-03
0.000000000000000000e+00 2.262668557909372838e-02 2.400715569367321556e-01 1.373416397576617154e+00 2.176697697046848123e+00 4.178521316414423481e+00 1.677890715332268456e+01 2.310955657183768608e+00 5.994708460420551666e-02 1.297518352401816621e-01
0.000000000000000000e+00 1.092801686515678522e-03 1.313810327474904116e-01 1.767581085749806435e-01 1.478075148429633112e-01 1.321977127280859754e-01 2.086852890473909761e-01 5.127572381931533307e-02 2.437679817133840687e-02 6.442872240321644624e-04
0.000000000000000000e+00 1.092801686515678522e-03 1.314046947231758966e-01 1.767581085749806435e-01 2.775646368901589778e-01 2.075610015239973405e-01 4.438897406127532974e-02 4.442622007842728440e-04 1.419224750054282579e-02 4.854682611133106823e-04
0.000000000000000000e+00 2.262668557909372838e-02 1.313825910176890654e-01 3.351396164434696234e-01 7.152613689906754946e-01 1.940127218262789055e-01 5.530658740405686169e-01 3.812094214296662259e-02 8.852048787219456150e-02 1.821550798743664214e-03
0.000000000000000000e+00 1.092801686515678522e-03 1.314046947231758966e-01 3.351577455517642523e-01 7.152592917631395153e-01 2.952029984241444360e-01 5.246870502118103907e-01 5.488468347847292872e-01 2.052548379447821994e-02 2.419961717746023193e-03
0.000000000000000000e+00 6.610227194671179640e-02 2.400746542707218878e-01 1.338223172190519339e+00 3.505976924874623979e+00 3.244087265407963105e+00 8.569070528537576337e+00 7.933571394081975758e-03 8.516644712780292725e-02 9.214142009700540537e-03
0.000000000000000000e+00 1.092801686515678522e-03 3.052833782179564803e-01 1.320625363566360955e+00 3.505977724290679998e+00 3.348075296827323744e+00 5.553386999685026915e+00 1.886050811967806828e-01 8.527444619995555586e-02 9.247776824424710010e-03
0.000000000000000000e+00 1.092801686515678522e-03 1.313810327474904116e-01 1.767581085749806435e-01 1.478317607354946439e-01 1.087157991058602946e-01 1.154289142084977959e-01 9.730042801983083620e-03 3.614636454815473108e-03 9.765677556834684650e-03
0.000000000000000000e+00 8.784006513051878517e-02 6.617384783605531617e-02 1.461399368389626696e+00 1.249743476753831795e+00 1.449298408333904664e+00 1.157719451666897825e+00 7.313465119728674857e-01 2.545256593901185083e-01 6.940271973504107648e-03
0.000000000000000000e+00 1.092801686515678522e-03 1.173181201448080142e-03 2.269206682844730760e-02 1.355064251500169570e-01 1.275846711261585109e-01 2.383405342252491524e-02 7.338658914179793571e-04 6.302146318008906324e-03 7.909046966150669973e-04
0.000000000000000000e+00 1.092801686515678522e-03 1.313810327474904116e-01 3.527361948165672056e-01 7.286930724050817432e-01 4.288177528384807258e-01 1.258585153459676198e-01 1.278432889859076969e-03 1.193522596715908442e-02 1.413736300888388496e-03
0.000000000000000000e+00 1.092801686515678522e-03 1.314046947231758966e-01 1.767774679343368793e-01 1.477832431593602280e-01 1.792210112778298281e-01 1.283687884852051722e-02 1.905543985768043055e-02 3.589083404895523216e-03 4.362027172628853253e-04
0.000000000000000000e+00 8.784006513051878517e-02 1.096732646101206687e-01 1.338217152768093499e+00 1.432086101219239849e+00 1.386877815330185948e+00 1.237528331365989498e+00 6.275398222807070381e-01 4.728801363367221566e-02 5.314112169709104584e-03
0.000000000000000000e+00 1.313156514981368428e-01 1.461398138138565672e+00 1.242123537743049289e+00 3.066668161751814559e+00 3.962876611165031537e+00 1.496572062184793594e+01 3.963638207450392414e+00 9.787512990464423135e-01 3.378541684755252163e-03
0.000000000000000000e+00 1.092801686515678522e-03 1.173181201448080142e-03 4.442986001225633641e-02 9.236369751866597977e-02 5.394298529152895608e-03 1.164618241698765905e-01 7.861209959468121785e-04 6.357614381019505156e-03 7.861209959468121785e-04
0.000000000000000000e+00 1.092801686515678522e-03 2.400936606422169883e-01 1.144643681566262838e+00 2.898070784585069504e+00 4.282313668934214057e+00 1.786730142586473491e+01 1.242133780648300156e+00 1.830802619238619533e-01 1.297306201022053740e-01
0.000000000000000000e+00 1.092801686515678522e-03 1.314046947231758966e-01 3.527361948165672056e-01 7.152613689906754946e-01 3.174723929760019936e-01 5.245174646210454261e-01 3.812214388599512865e-02 5.208161594673816480e-02 1.822789993357508669e-03
0.000000000000000000e+00 2.262668557909372838e-02 1.313825910176890654e-01 1.391008133892992493e+00 2.284345483977386071e-01 3.777656692946048111e-01 5.259955346893888661e-01 9.836667477497033907e-02 2.073304001427470761e-02 5.051852963703669375e-02
0.000000000000000000e+00 6.610227194671179640e-02 6.619609731415962428e-02 1.303017860521137328e+00 2.657508099458525397e+00 4.282328006106584262e+00 6.550074989858037711e+00 3.691620650957477823e-01 8.560124989173968635e-02 9.234337918989888108e-03
0.000000000000000000e+00 4.436447876290276066e-02 1.096700961842504846e-01 1.338214708020515786e+00 1.468627214790071633e+00 1.449204032153875499e+00 1.077518686016051719e+00 7.313475995652508610e-01 4.640293547987581202e-02 5.312945402943720398e-03
0.000000000000000000e+00 2.262668557909372838e-02 1.096685021319891290e-01 3.527361948165672056e-01 4.847435973563668510e-01 1.511853829119350345e-01 9.310704032082453563e-02 1.800658351801907170e-02 7.086223160346085369e-03 8.630027110182018641e-04
0.000000000000000000e+00 1.092801686515678522e-03 3.052833782179564803e-01 1.232636320445567701e+00 2.513379326696083105e+00 4.178506979242047947e+00 1.496473949722149221e+01 5.768447532087402685e+00 1.311395361711203689e-01 9.259638955311372266e-02
0.000000000000000000e+00 1.092801686515678522e-03 1.202271164499381763e-03 2.271572880413281342e-02 2.703648075738130860e-02 5.376159772510975474e-03 2.918976845147421353e-02 9.589292488307242209e-04 7.595691928788563321e-03 9.589292488307242209e-04
0.000000000000000000e+00 8.784006513051878517e-02 6.619767824250466504e-02 3.703352336917862808e-01 6.749929522155039274e-01 2.113113542806768774e-01 5.247715455336882107e-01 3.299636862082467870e-01 5.218418917359894660e-02 1.828772562238151645e-03
0.000000000000000000e+00 1.092801686515678522e-03 1.314046947231758966e-01 1.408604712266089853e+00 7.481415396055933753e-01 3.376378420857698570e-01 5.496982713378587571e-01 2.819872280697389554e-03 2.733287113679214175e-02 3.149422926197679128e-03
0.000000000000000000e+00 1.117243355909501492e-03 1.314046947231758966e-01 1.943559171991381673e-01 1.478343247811755024e-01 8.521584924653125004e-02 1.615337536312417069e-02 5.013500104406564935e-04 4.448148610594413431e-03 5.432284642138163503e-04
0.000000000000000000e+00 4.436447876290276066e-02 3.053102348385277054e-01 8.514381959873801309e-01 1.796824199582682358e+00 2.986368049574267047e+00 4.802432932021181600e+00 9.809026866727514005e+00 2.485957470629435728e-01 1.762285727839995042e-01
0.000000000000000000e+00 1.092801686515678522e-03 1.313810327474904116e-01 1.767581085749806435e-01 1.478075148429633112e-01 1.321977127280859754e-01 2.086852890473909761e-01 1.060801256476154482e-02 2.435000035978695729e-02 4.854682611133106823e-04
0.000000000000000000e+00 1.092801686515678522e-03 1.314046947231758966e-01 1.767581085749806435e-01 1.766720704534491537e-01 1.557228191725464894e-01 2.985943946922915426e-01 1.402284681654371312e-02 5.410066200969223735e-03 6.476487478584786123e-04
0.000000000000000000e+00 6.610227194671179640e-02 8.791010198406275233e-02 1.391008133892992493e+00 1.395666442173533195e+00 1.449298408333904664e+00 3.160112296627407780e+00 1.416039717242120188e-01 6.179882850146830447e-02 1.424390804883432504e-01
0.000000000000000000e+00 2.262668557909372838e-02 2.618330544186461828e-01 1.355819787542582811e+00 3.505873283146636599e+00 3.140444429096879819e+00 5.554681156735085779e+00 8.025013633020947404e-03 8.516068757448712334e-02 9.251477682917287962e-03
0.000000000000000000e+00 1.092801686515678522e-03 1.202271164499381763e-03 1.748566191151064431e-01 1.450973857098687425e-01 1.189672051250087736e-01 3.414141367692183349e-02 6.585069372349182555e-04 5.321564958232482927e-03 6.585069372349182555e-04
0.000000000000000000e+00 4.436447876290276066e-02 8.793230300044350967e-02 3.703340034407263670e-01 5.082272952675774835e-01 2.112783288893552436e-01 3.876198259235965615e-01 2.577529743313431432e-01 1.538332254569651537e-02 1.816453088200613254e-03
0.000000000000000000e+00 2.262668557909372838e-02 3.487605228557731363e-01 1.190416014657513788e+00 2.321070861522706696e+00 4.489955430676360493e+00 1.605454577684485784e+01 2.941502343421233401e-01 2.131008144978139840e-01 7.152836834241897875e-03
0.000000000000000000e+00 6.610227194671179640e-02 2.183606496008166920e-01 1.827056330347397006e+00 1.888109934287772962e+00 4.386315009273237919e+00 1.895918676556409821e+01 8.709786973684651157e-01 5.937373641089194187e-02 6.019776842770279898e-03
0.000000000000000000e+00 1.092801686515678522e-03 1.314046947231758966e-01 1.767581085749806435e-01 1.622276697019412739e-01 1.674719301138293814e-01 2.884626934745004312e-01 1.349077442010336025e-01 6.972070674738917000e-03 8.379238546668572180e-04
0.000000000000000000e+00 1.092801686515678522e-03 1.202271164499381763e-03 1.748566191151064431e-01 2.714083613399933051e-02 1.099643533697382131e-01 4.160487650551483035e-02 7.932645432083070165e-04 6.434933580733478986e-03 7.932645432083070165e-04
0.000000000000000000e+00 1.092801686515678522e-03 1.313810327474904116e-01 1.767581085749806435e-01 1.333144758975646493e-01 1.557174566025538442e-01 3.086408294270480690e-01 9.461219560617879776e-02 2.422975612549465793e-02 8.354972716939228260e-04
0.000000000000000000e+00 1.092801686515678522e-03 3.052833782179564803e-01 1.232636320445567701e+00 2.513379326696083105e+00 4.178506979242047947e+00 1.496473949722149221e+01 5.768447532087402685e+00 1.311395361711203689e-01 4.232469740018197750e-03
0.000000000000000000e+00 6.610227194671179640e-02 6.617230880025576356e-02 1.461398138138565672e+00 1.286163661383604051e+00 2.986368049574267047e+00 4.802975844987464882e+00 1.667559681703635555e+00 7.812744630925247402e-02 8.509342749426137067e-03
0.000000000000000000e+00 8.784006513051878517e-02 1.966006069389053812e-01 1.303026361670106992e+00 3.817577318604940206e+00 3.036274723413343590e+00 6.051424711539021395e+00 1.885882836014010355e-01 8.544058822354891336e-02 9.241498274442986466e-03
0.000000000000000000e+00 1.530534446819437899e-01 2.072030737088035313e+00 1.685781224388962496e+00 2.024447484875580461e+00 4.504866588561787566e+00 1.641638923863218125e+01 5.406053840486007012e+00 9.417191757962625198e-01 4.901582921195089121e-02
0.000000000000000000e+00 1.092801686515678522e-03 2.400936606422169883e-01 1.162241490190421223e+00 1.687506962858948745e+00 3.066538253295831851e+00 4.802432932021181600e+00 1.017219647630355972e+01 2.478963541527167413e-01 8.432236112198336631e-03
0.000000000000000000e+00 1.092801686515678522e-03 2.269206682844730760e-02 1.313825910176890654e-01 4.887428422128677064e-02 5.717092749726240819e-02 6.317336349844174248e-03 7.311183541817235570e-04 2.386201559221035745e-02 7.885234823621367368e-04
0.000000000000000000e+00 1.092801686515678522e-03 1.313810327474904116e-01 1.767581085749806435e-01 1.334116058765167090e-01 1.674683252978813597e-01 2.783198163655884946e-02 4.345591423297504139e-04 2.222441787755469883e-02 4.356578774759482320e-04
0.000000000000000000e+00 2.262668557909372838e-02 1.096685021319891290e-01 1.373409095017772419e+00 7.767341548864190592e-01 1.166615323711434282e+00 8.366282553777931730e-01 1.639556752671114670e-01 3.556965323202845863e-02 4.083457854442378368e-03
0.000000000000000000e+00 1.092801686515678522e-03 1.313810327474904116e-01 1.767581085749806435e-01 1.621547856155205192e-01 1.674719301138293814e-01 2.984964795568327833e-01 1.080447707173853855e-01 7.021425071324153590e-03 8.371210805758329222e-04
0.000000000000000000e+00 8.784006513051878517e-02 4.445988505869768320e-02 1.426202520890248238e+00 6.912892499263052493e-01 3.376404495095848279e-01 7.422418191907974583e-01 3.767393075190849649e-01 2.737890739342127219e-02 3.163064943470207061e-03
0.000000000000000000e+00 1.092801686515678522e-03 1.313810327474904116e-01 3.351383861924080443e-01 7.421226985919512353e-01 4.065487467455901616e-01 9.734434922459819783e-02 2.977473574027558745e-02 1.202263678394402228e-02 1.412659256915131016e-03
0.000000000000000000e+00 6.610227194671179640e-02 6.617230880025576356e-02 1.267822243272819893e+00 2.657748173646254042e+00 4.593775873905125096e+00 6.217437282157018075e+00 1.633266259723035185e+00 8.590573517230477851e-02 9.217329742259755196e-03
0.000000000000000000e+00 2.262668557909372838e-02 1.314062953157961178e-01 1.267823473523880917e+00 2.753943300756375390e+00 4.282147492183271176e+00 5.720762721463394485e+00 2.536210708920964230e+00 4.494330545262710808e-01 9.250481612573807286e-03
0.000000000000000000e+00 1.092801686515678522e-03 1.313810327474904116e-01 1.767581085749806435e-01 1.334116058765167090e-01 1.557174566025538442e-01 5.143856492350868531e-02 9.728114022394257834e-03 3.552391393922597895e-03 4.356578774759482320e-04
0.000000000000000000e+00 1.530534446819437899e-01 2.072006196469615702e+00 1.349101090918498613e+00 2.585652428765017774e+00 4.233885795355572412e+00 1.713778508549917490e+01 4.776943377120114853e+00 8.581590848508863223e-01 3.033842758748081861e-02
0.000000000000000000e+00 8.784006513051878517e-02 2.183384001227143822e-01 1.285429746318043520e+00 3.755257618681309140e+00 3.036292375823362200e+00 6.217370184711081826e+00 8.002812135721204881e-03 8.538581169510219004e-02 9.243688593854996333e-03
0.000000000000000000e+00 6.610227194671179640e-02 6.617230880025576356e-02 1.461398138138565672e+00 6.627913234480891091e-01 1.070338697005152273e+00 8.373140337562108293e-01 1.045735670262146977e+00 2.541578934782579569e-01 5.307805689626620207e-03
0.000000000000000000e+00 1.092801686515678522e-03 1.314046947231758966e-01 1.943559171991381673e-01 1.333656389163210276e-01 1.792210112778298281e-01 1.621041691077312885e-01 1.020879417066405115e-01 5.384016293733375445e-03 6.456457234857303391e-04
0.000000000000000000e+00 8.784006513051878517e-02 1.966006069389053812e-01 1.303026361670106992e+00 3.817577318604940206e+00 3.036274723413343590e+00 6.051424711539021395e+00 1.885882836014010355e-01 8.544058822354891336e-02 9.241498274442986466e-03
0.000000000000000000e+00 8.784006513051878517e-02 8.791164101986434498e-02 2.999452241985647860e-01 7.018502186499011586e-01 2.285521502753039558e-01 5.247715455336882107e-01 3.664441071112307102e-01 6.882835217555482998e-02 2.412643556349528852e-03
0.000000000000000000e+00 6.610227194671179640e-02 8.793389049796661305e-02 1.426203751141309262e+00 1.322583591197142638e+00 2.986368049574267047e+00 4.666942535418070470e+00 1.667563426202520294e+00 7.807272780604512796e-02 8.510648139627785894e-03
0.000000000000000000e+00 1.092801686515678522e-03 1.314046947231758966e-01 1.408604712266089853e+00 7.482367380559329373e-01 3.741182629887537803e-01 5.016271492397701426e-01 6.513957220432786688e-02 2.712580848932316657e-02 3.151042088020868104e-03
0.000000000000000000e+00 4.436447876290276066e-02 2.183590621032935608e-01 1.162242694086713435e+00 1.651027248577651152e+00 3.066538253295831851e+00 4.801891537528407916e+00 9.990525004760501204e+00 2.478703493173938233e-01 8.438114777248506906e-03
0.000000000000000000e+00 1.092801686515678522e-03 1.314046947231758966e-01 1.767581085749806435e-01 1.333873599839853485e-01 1.204648505165690636e-01 1.247859817576380675e-01 1.905774444058006001e-02 1.292392648306350637e-02 4.399313969963139287e-04
0.000000000000000000e+00 2.262668557909372838e-02 2.161072780873597665e+00 1.541545846445386392e+00 2.505212953627748540e+00 4.096466404361455815e+00 1.659477036479779599e+01 3.834044008626480871e+00 9.836806320740877352e-01 4.383908409664638572e-02
0.000000000000000000e+00 1.092801686515678522e-03 2.271572880413281342e-02 1.965959705691140980e-01 3.960608142601088066e-02 4.358074849922359897e-03 2.386201559221035745e-02 8.081152989078466999e-04 6.383485971015869648e-03 7.885234823621367368e-04
0.000000000000000000e+00 2.262668557909372838e-02 3.487605228557731363e-01 1.190416014657513788e+00 2.321070861522706696e+00 4.489955430676360493e+00 1.605529198688191173e+01 2.941502343421233401e-01 2.131008144978139840e-01 7.152836834241897875e-03
0.000000000000000000e+00 1.092801686515678522e-03 1.313810327474904116e-01 1.767774679343368793e-01 1.478075148429633112e-01 1.322175364965164357e-01 1.620486598709609816e-01 4.416520728062174410e-04 3.946582237421360911e-03 4.811076338112129725e-04
0.000000000000000000e+00 1.092801686515678522e-03 1.314046947231758966e-01 1.943559171991381673e-01 1.189697625185272140e-01 1.204648505165690636e-01 1.806905109968789391e-01 1.060612966476513069e-02 3.987171518013758048e-03 4.816646329688135139e-04
0.000000000000000000e+00 1.092801686515678522e-03 1.314046947231758966e-01 3.351383861924080443e-01 7.420773647035356912e-01 4.510121485924810103e-01 1.188549753488503738e-02 5.827158302246370630e-02 1.191870486737469682e-02 1.412659256915131016e-03
0.000000000000000000e+00 1.092801686515678522e-03 1.314046947231758966e-01 3.703340034407263670e-01 5.082471222783506715e-01 9.746033530838049685e-02 1.276385181652945067e-01 1.800704836501220915e-02 7.035985587138591027e-03 8.426116714840047386e-04
0.000000000000000000e+00 4.436447876290276066e-02 8.793230300044350967e-02 3.351383861924080443e-01 5.317055940182583429e-01 2.113073072795296770e-01 3.876198259235965615e-01 2.862504002291480498e-01 1.540404212627659829e-02 1.863619120485625552e-03
0.000000000000000000e+00 1.092801686515678522e-03 1.314046947231758966e-01 3.703340034407263670e-01 5.082471222783506715e-01 9.746033530838049685e-02 1.276385181652945067e-01 1.800704836501220915e-02 7.035985587138591027e-03 8.426116714840047386e-04
0.000000000000000000e+00 6.610227194671179640e-02 3.270258270059559491e-01 1.693449776274173590e+00 3.381332643061992993e+00 6.537532724705950926e+00 7.126436558257863041e+00 1.893897705657909547e-01 8.692197915530444630e-02 9.214148595410736470e-03
0.000000000000000000e+00 8.784006513051878517e-02 4.445988505869768320e-02 1.443800329514406400e+00 6.912415909649490819e-01 1.118514724061247634e+00 8.366282553777931730e-01 8.854120645727437955e-01 4.691320881285655775e-02 5.303458940636700952e-03
0.000000000000000000e+00 6.610227194671179640e-02 3.270496155198597821e-01 1.138693735494390014e+00 2.513379326696083105e+00 4.282313668934214057e+00 6.383449852775020972e+00 3.258529608546693268e+00 8.679781698747564278e-02 9.464516747058665871e-03
0.000000000000000000e+00 8.784006513051878517e-02 4.445988505869768320e-02 1.426202520890248238e+00 7.197392025928661674e-01 3.376378420857698570e-01 7.419060135980533044e-01 3.767396654757745322e-01 2.740990846553779947e-02 8.423225301912865004e-02
0.000000000000000000e+00 1.092801686515678522e-03 1.313810327474904116e-01 3.703533628000825750e-01 4.847453848876945304e-01 3.837172655699973567e-01 1.427695473080228261e-01 2.977172931710890535e-02 4.022994851502527391e-02 1.408244010642738979e-03
0.000000000000000000e+00 2.262668557909372838e-02 1.531440884996051188e-01 1.320618124399769888e+00 2.465362256073815317e+00 4.282508319581078027e+00 6.550006496445416992e+00 2.536193617051451632e+00 4.487781381941656766e-01 9.239319921725625689e-03
0.000000000000000000e+00 4.436447876290276066e-02 1.314078893680595272e-01 1.215031272654817585e+00 2.609650080085237800e+00 4.593802507375715827e+00 2.349582016494048275e+01 6.424798698923409823e+00 4.128630894425885933e-02 3.754885293670146007e-02
0.000000000000000000e+00 2.182668242333688502e-01 3.600002195742939282e-02 1.179840502710871819e+00 2.609651814983320328e+00 4.593775873905125096e+00 2.331447129816410779e+01 6.860473622221615386e+00 1.330047663116363903e-02 2.948291899282263367e-04
0.000000000000000000e+00 6.610227194671179640e-02 1.096716836817756419e-01 1.408607167520563141e+00 1.838962649993994281e-01 4.347605210902131812e-01 4.895558625275074904e-01 2.172873989058441563e-03 1.170839002430269921e-01 2.422754364135265830e-03
0.000000000000000000e+00 4.436447876290276066e-02 8.793230300044350967e-02 1.461398138138565672e+00 1.286224365615328491e+00 2.986368049574267047e+00 4.530910744322192762e+00 8.375042323313989234e-01 2.437459354530918110e-01 8.515876402404027115e-03
0.000000000000000000e+00 8.784006513051878517e-02 6.617384783605531617e-02 1.355812516644675059e+00 3.397796105019847412e-01 2.922705369174211643e-01 5.262646541166640102e-01 5.026951285061933422e-02 2.070730536396502355e-02 2.419961717746023193e-03
0.000000000000000000e+00 4.436447876290276066e-02 8.793230300044350967e-02 1.461398138138565672e+00 1.286102868832338375e+00 2.986368049574267047e+00 4.666401140925296787e+00 1.003513143730522250e+00 7.714394249846434626e-02 8.733030181177893134e-03
0.000000000000000000e+00 1.092801686515678522e-03 2.269206682844730760e-02 2.269362509864800148e-02 5.376159772510975474e-03 5.376159772510975474e-03 9.453091701159324622e-02 2.263392775753206645e-02 7.659190025120729030e-03 9.650466980226360056e-04
0.000000000000000000e+00 1.092801686515678522e-03 1.314046947231758966e-01 1.943559171991381673e-01 1.622544796401521050e-01 7.346673830524833027e-02 1.615337536312417069e-02 5.013500104406564935e-04 4.448148610594413431e-03 5.432284642138163503e-04
0.000000000000000000e+00 6.610227194671179640e-02 8.793389049796661305e-02 1.391008133892992493e+00 1.395666442173533195e+00 1.511517215177449858e+00 3.056355794021326400e+00 1.361017541152182320e+00 6.284300731731927436e-02 6.953210931279259904e-03
0.000000000000000000e+00 1.092801686515678522e-03 1.313810327474904116e-01 1.943559171991381673e-01 1.189697625185272140e-01 1.322157192118965929e-01 1.807266679327936276e-01 9.192233435989068113e-02 1.421232057937997333e-02 4.870468320572875838e-04
0.000000000000000000e+00 1.530534446819437899e-01 2.005223718809365785e+00 1.733872716392381719e+00 2.184664344520560686e+00 3.827414605546253679e+00 1.514859752060941922e+01 6.492475290047150516e+00 7.238964332800856827e-01 1.871208072015628993e-03
0.000000000000000000e+00 1.530534446819437899e-01 1.443820952687840498e+00 2.166731270966377298e+00 2.184653723735491937e+00 4.233857404371246247e+00 1.641783760704738881e+01 4.989997290856567069e+00 7.245179254177329664e-01 1.545846878761815077e-03
0.000000000000000000e+00 1.092801686515678522e-03 1.314046947231758966e-01 1.391006903641930581e+00 7.197868695285833951e-01 5.200450615343682470e-01 5.967895280503183741e-01 6.514116585761628442e-02 8.981445895044054550e-02 3.238840547240445008e-03
0.000000000000000000e+00 1.092801686515678522e-03 1.314046947231758966e-01 1.767581085749806435e-01 1.622276697019412739e-01 1.674719301138293814e-01 2.884626934745004312e-01 1.483394476154397956e-01 6.982799881478370801e-03 8.387205207682136470e-04
0.000000000000000000e+00 1.092801686515678522e-03 1.314046947231758966e-01 3.351383861924080443e-01 3.319804870324787882e-01 1.550584558290975801e-01 1.664727223861413308e-01 7.640068867082141406e-04 2.422394231221650096e-02 8.395110629623448980e-04
0.000000000000000000e+00 1.092801686515678522e-03 3.487826265612600785e-01 1.138691433978973988e+00 2.561475960618113223e+00 4.282161637981431568e+00 6.550074989858037711e+00 3.619700551478061357e+00 8.607993026281517135e-02 9.218610483606044445e-03
0.000000000000000000e+00 4.436447876290276066e-02 8.793230300044350967e-02 1.408604712266089853e+00 6.912893851008619084e-01 1.166618629706957622e+00 8.991553560675352719e-01 8.379385423315401094e-02 3.561785625512843279e-01 4.087771663823065553e-03
0.000000000000000000e+00 1.092801686515678522e-03 1.314046947231758966e-01 2.119537258232973009e-01 1.766771620130112019e-01 1.471582090841941706e-02 1.612875315237869908e-02 4.997558626741897348e-04 4.423329398689393281e-03 5.410562845676930230e-04
0.000000000000000000e+00 2.262668557909372838e-02 1.313825910176890654e-01 1.373410325268833221e+00 2.507036002282012621e-01 3.777656692946048111e-01 5.624759555923728449e-01 5.027003591340943600e-02 6.883020193862797453e-02 5.051991628848626070e-02
0.000000000000000000e+00 1.313156514981368428e-01 2.272523396595495584e-02 1.426203751141309262e+00 1.249744314269284340e+00 3.146838271187794245e+00 4.667485448384353752e+00 7.437720022525148508e-03 7.679756022538085369e-02 1.745315401186442739e-01
0.000000000000000000e+00 1.092801686515678522e-03 1.313810327474904116e-01 1.767581085749806435e-01 1.621547856155205192e-01 1.674719301138293814e-01 2.984964795568327833e-01 1.080447707173853855e-01 7.021425071324153590e-03 8.371210805758329222e-04
0.000000000000000000e+00 2.262668557909372838e-02 1.096685021319891290e-01 1.355811286393613146e+00 8.337288881969950882e-01 1.070338697005152273e+00 8.991553560675352719e-01 8.379385423315401094e-02 3.584756860909351500e-02 4.081950213256254657e-03
0.000000000000000000e+00 1.092801686515678522e-03 3.053070401936419653e-01 1.091853851452297963e+00 1.760405907231615608e+00 2.986238053743961007e+00 4.802975844987464882e+00 9.990525004760501204e+00 7.933542464465608013e-02 8.443886522081764379e-03
0.000000000000000000e+00 1.092801686515678522e-03 1.202271164499381763e-03 1.748802810907919281e-01 5.366551298913032134e-03 9.236307111073656373e-02 4.152575055210649957e-02 7.909046966150669973e-04 6.355653678623509988e-03 7.909046966150669973e-04
0.000000000000000000e+00 1.092801686515678522e-03 1.173181201448080142e-03 4.442986001225633641e-02 5.047620203629563790e-03 4.885174614012698785e-02 5.108719679255011026e-02 8.961345737250833200e-04 7.772858250835532577e-03 9.635270234042374706e-04
0.000000000000000000e+00 6.610227194671179640e-02 8.793389049796661305e-02 1.426203751141309262e+00 6.627916121350405643e-01 1.070420999862730094e+00 2.278502625190410136e+00 1.146573270741519046e+00 1.964011351134608563e-01 6.943902705666310168e-03
0.000000000000000000e+00 8.784006513051878517e-02 4.445988505869768320e-02 1.443800329514406400e+00 6.912890380328440276e-01 1.118514724061247634e+00 8.371061322677281202e-01 7.250884225048288556e-01 1.502089568947221343e-01 5.301917127010591889e-03
0.000000000000000000e+00 1.092801686515678522e-03 1.313810327474904116e-01 3.351383861924080443e-01 1.439665879072252186e-01 2.566861754398653273e-01 2.470566022894859493e-01 1.731754311940927882e-01 3.142451684357294717e-02 1.094100528669144680e-03
0.000000000000000000e+00 1.530534446819437899e-01 2.072030737088035313e+00 1.733878386313313369e+00 2.024436264998123569e+00 3.827386214561927069e+00 1.714287754232719507e+01 5.406053840486007012e+00 9.417191757962625198e-01 4.901582921195089121e-02
0.000000000000000000e+00 6.610227194671179640e-02 2.618362359684347496e-01 1.267833125636041558e+00 3.817577318604940206e+00 3.036438446176822570e+00 5.886092749286113701e+00 8.008509313808729463e-03 8.455352189544770858e-02 9.245781317842318228e-03
0.000000000000000000e+00 1.092801686515678522e-03 1.314046947231758966e-01 3.351383861924080443e-01 5.199943861577313031e-01 1.684697830162178167e-02 3.516970019910615197e-01 9.926813462127770122e-04 9.155510750682341325e-03 1.093159700173284600e-03
0.000000000000000000e+00 1.092801686515678522e-03 1.314046947231758966e-01 3.351383861924080443e-01 4.964926487670756616e-01 3.836874583271916994e-01 5.246526619461511221e-01 3.811968101383152868e-02 1.538332254569651537e-02 1.816453088200613254e-03
0.000000000000000000e+00 2.182668242333688502e-01 9.936454916740667265e-04 1.197435898248085051e+00 2.609651011721902947e+00 4.697596025821435539e+00 2.331447129816410779e+01 6.933426905792907213e+00 3.566820820504548045e-03 2.948291899282263367e-04
0.000000000000000000e+00 6.610227194671179640e-02 6.617230880025576356e-02 1.232626626024502459e+00 2.609649020193902214e+00 4.905235457054026860e+00 2.367746757423007153e+01 6.497724309031024603e+00 4.124364082030222006e-02 2.948291899282263367e-04
0.000000000000000000e+00 6.610227194671179640e-02 8.793389049796661305e-02 1.426203751141309262e+00 1.322583591197142638e+00 2.986368049574267047e+00 4.802432932021181600e+00 1.169521969849633081e+00 7.796170001184345166e-02 8.512998208734023908e-03
0.000000000000000000e+00 1.313156514981368428e-01 1.461398138138565672e+00 1.242123537743049289e+00 2.906344519683895289e+00 4.233913793437047879e+00 1.496572062184793594e+01 4.087341792410227548e+00 9.064677832623954101e-01 3.378541684755252163e-03
0.000000000000000000e+00 1.092801686515678522e-03 1.313810327474904116e-01 3.351577455517642523e-01 1.439863862670724415e-01 1.329447819244325424e-01 1.868868201629479142e-01 1.349077442010336025e-01 6.972070674738917000e-03 8.379238546668572180e-04
0.000000000000000000e+00 2.262668557909372838e-02 9.795362129460328041e-04 1.531203842014980665e-01 1.451564969832140062e-01 1.333630883003822931e-01 3.419661215780891300e-02 6.099183960411786766e-04 5.376926946827598718e-03 6.594271842131245454e-04
0.000000000000000000e+00 1.092801686515678522e-03 2.618077918503405321e-01 1.144644885462554162e+00 1.723987383761932835e+00 2.986368049574267047e+00 4.666942535418070470e+00 1.071669512561143733e+01 2.487011787332047419e-01 8.420156034928726399e-03
0.000000000000000000e+00 1.092801686515678522e-03 1.314046947231758966e-01 1.408604712266089853e+00 7.482367380559329373e-01 3.741182629887537803e-01 5.016271492397701426e-01 6.513957220432786688e-02 2.712580848932316657e-02 3.151042088020868104e-03
0.000000000000000000e+00 1.092801686515678522e-03 1.313810327474904116e-01 1.943559171991381673e-01 1.189697625185272140e-01 1.322157192118965929e-01 1.807266679327936276e-01 9.192233435989068113e-02 1.421232057937997333e-02 4.870468320572875838e-04
0.000000000000000000e+00 2.262668557909372838e-02 9.795362129460328041e-04 2.269362509864800148e-02 4.855978477510144303e-02 7.059871691213337463e-02 2.939698320892975697e-02 8.984912912969966834e-04 7.674990942979601979e-03 9.665598904558357759e-04
0.000000000000000000e+00 1.092801686515678522e-03 1.314046947231758966e-01 3.527361948165672056e-01 7.152613689906754946e-01 2.952033868831114849e-01 5.814956308053416123e-01 3.812272240084812330e-02 5.210227970791778823e-02 1.824015014961361154e-03
0.000000000000000000e+00 1.092801686515678522e-03 1.314046947231758966e-01 3.527361948165672056e-01 7.152613689906754946e-01 3.174723929760019936e-01 5.245174646210454261e-01 3.812214388599512865e-02 5.208161594673816480e-02 1.822789993357508669e-03
0.000000000000000000e+00 1.092801686515678522e-03 2.271572880413281342e-02 2.269362509864800148e-02 5.120765497880805373e-03 7.058953932393602360e-02 2.936529285380652318e-02 8.961345737250833200e-04 7.643359568672331190e-03 9.635270234042374706e-04
0.000000000000000000e+00 1.092801686515678522e-03 2.618314538260260171e-01 1.338220780328299719e+00 3.692833695583942255e+00 3.140099065515527865e+00 5.222725009609400004e+00 8.030320434674787997e-03 8.432975671572584542e-02 9.253183776439978178e-03
0.000000000000000000e+00 1.092801686515678522e-03 1.314046947231758966e-01 3.351383861924080443e-01 7.018275883487333777e-01 2.285521502753039558e-01 5.247715455336882107e-01 5.488462116261449975e-01 2.128885995580179491e-01 2.424121615304425034e-03
0.000000000000000000e+00 4.436447876290276066e-02 8.790855652279244703e-02 1.408604712266089853e+00 6.912893851008619084e-01 1.166618629706957622e+00 8.993942321228544090e-01 8.379385423315401094e-02 3.561785625512843279e-01 4.087771663823065553e-03
0.000000000000000000e+00 1.092801686515678522e-03 1.314285879784154176e-01 1.767581085749806435e-01 1.477832431593602280e-01 1.204666678011878100e-01 2.180062216004636511e-01 2.077249015672046062e-02 3.993512108584414307e-03 4.849351625306537895e-04
0.000000000000000000e+00 1.092801686515678522e-03 1.313810327474904116e-01 1.320615669145295712e+00 8.907708940626765104e-01 2.646770002798037869e-01 8.382288611505580578e-01 4.390593653994079859e-01 3.529705330316989381e-02 4.072180064106749320e-03
0.000000000000000000e+00 1.092801686515678522e-03 1.314285879784154176e-01 1.767774679343368793e-01 1.766720704534491537e-01 4.996500091459107895e-02 2.788784671040072174e-02 5.008227123928970029e-04 4.402506667795545031e-03 5.425081272148355935e-04
0.000000000000000000e+00 1.092801686515678522e-03 1.202271164499381763e-03 2.183322054827224468e-01 5.448050958325530331e-03 2.197873991651788303e-02 4.155323162933615561e-02 7.885234823621367368e-04 6.383485971015869648e-03 7.885234823621367368e-04
0.000000000000000000e+00 6.610227194671179640e-02 2.183606496008166920e-01 1.804787324254506498e+00 1.936208313080334031e+00 4.489955430676360493e+00 1.841476778131067249e+01 9.947002759849192799e-01 5.937554730464256886e-02 6.027035142370487826e-03
0.000000000000000000e+00 1.092801686515678522e-03 1.202271164499381763e-03 1.748566191151064431e-01 1.450973857098687425e-01 1.189672051250087736e-01 3.414141367692183349e-02 6.092314568283717976e-04 5.321564958232482927e-03 6.585069372349182555e-04
0.000000000000000000e+00 1.092801686515678522e-03 1.313810327474904116e-01 1.767774679343368793e-01 1.622276697019412739e-01 1.557210614185007835e-01 2.884557166628350378e-01 9.461219560617879776e-02 5.444476014446639374e-03 6.502541306886309904e-04
0.000000000000000000e+00 1.092801686515678522e-03 1.202271164499381763e-03 2.269206682844730760e-02 7.062121813078589549e-02 4.886092372832638586e-02 7.285673912009531239e-02 9.680665863708229476e-04 7.755922660242350539e-03 9.680665863708229476e-04
0.000000000000000000e+00 4.436447876290276066e-02 8.790855652279244703e-02 1.461398138138565672e+00 1.286224365615328491e+00 2.986368049574267047e+00 4.666942535418070470e+00 1.003513143730522250e+00 7.714394249846434626e-02 8.515002830451954413e-03
0.000000000000000000e+00 1.092801686515678522e-03 1.314046947231758966e-01 3.351383861924080443e-01 5.082435174624037044e-01 1.646177102806621884e-01 4.321302404389719132e-01 2.977356714890938560e-02 1.188549753488503738e-02 1.410472989109290204e-03
0.000000000000000000e+00 1.092801686515678522e-03 1.202271164499381763e-03 1.748802810907919281e-01 5.366551298913032134e-03 1.099608797348957390e-01 4.137868869083057705e-02 7.920872968706603456e-04 6.368376935841157417e-03 7.920872968706603456e-04
0.000000000000000000e+00 1.092801686515678522e-03 1.202271164499381763e-03 1.966180742745989307e-01 1.451894929949197333e-01 1.333899173775051628e-01 1.978678007394025357e-02 6.234869981575388550e-04 5.376926946827598718e-03 6.594271842131245454e-04
0.000000000000000000e+00 1.092801686515678522e-03 2.183322054827224468e-01 1.320620558617195739e+00 2.417185074648564580e+00 4.386134695798749483e+00 1.532855322471293036e+01 7.067534848839339412e-03 7.955576302019223833e-02 8.381297186237195163e-03
0.000000000000000000e+00 4.436447876290276066e-02 8.793230300044350967e-02 1.373409095017772419e+00 1.432086046759945885e+00 1.511523732077509230e+00 3.160112296627407780e+00 6.113575121107761405e-03 6.174366682353573527e-02 6.947855661682529257e-03
0.000000000000000000e+00 1.092801686515678522e-03 3.053070401936419653e-01 1.197440703197250267e+00 2.513459129453862850e+00 4.386148740984194383e+00 6.384744009825079836e+00 3.439120974379876294e+00 4.497940930534396475e-01 9.218610483606044445e-03
0.000000000000000000e+00 1.092801686515678522e-03 1.314046947231758966e-01 1.767581085749806435e-01 1.333873599839853485e-01 1.674683252978813597e-01 2.986132019297089157e-01 5.902717053384103595e-04 5.384016293733375445e-03 6.456457234857303391e-04
0.000000000000000000e+00 1.092801686515678522e-03 1.314046947231758966e-01 1.767581085749806435e-01 2.775646368901589778e-01 2.075610015239973405e-01 1.157760476457311144e-01 5.902717053384103595e-04 5.384016293733375445e-03 6.456457234857303391e-04
0.000000000000000000e+00 1.092801686515678522e-03 1.314046947231758966e-01 1.767581085749806435e-01 1.478317607354946439e-01 1.557390756149626687e-01 1.713887301336822211e-01 1.020875688163523920e-01 1.880699067443556208e-02 6.456457234857303391e-04
0.000000000000000000e+00 6.610227194671179640e-02 6.617230880025576356e-02 1.391006903641930581e+00 1.395666517099457771e+00 1.511624725990695861e+00 3.160112296627407780e+00 1.225527144549071634e+00 6.279051105921475140e-02 6.952970828173908949e-03
0.000000000000000000e+00 1.092801686515678522e-03 1.314046947231758966e-01 1.767581085749806435e-01 1.766720704534491537e-01 1.557228191725464894e-01 2.884626934745004312e-01 1.402241347138073572e-02 5.912821950891424677e-02 6.496098189904028330e-04
0.000000000000000000e+00 2.262668557909372838e-02 2.183341786966488396e+00 1.541487866598086898e+00 2.425041325893977362e+00 4.231956800964566057e+00 1.659933574508037424e+01 3.834045107238676753e+00 9.242463260051998475e-01 4.383908409664638572e-02
0.000000000000000000e+00 1.092801686515678522e-03 2.271572880413281342e-02 1.965959705691140980e-01 5.448050958325530331e-03 2.197873991651788303e-02 4.150013224155753300e-02 7.885234823621367368e-04 6.383485971015869648e-03 7.885234823621367368e-04
0.000000000000000000e+00 2.262668557909372838e-02 1.314062953157961178e-01 1.355812516644675059e+00 8.050885450679846622e-01 3.741182629887537803e-01 6.455566714416637319e-01 1.897802077481876570e-01 2.752671614703738542e-02 6.547845131069772451e-02
0.000000000000000000e+00 8.784006513051878517e-02 4.443605465224832046e-02 1.461398138138565672e+00 6.627439030975988965e-01 9.741443731564480846e-01 2.279689257156526594e+00 1.085069416564993783e-01 1.508151892336366540e-01 5.307805689626620207e-03
0.000000000000000000e+00 8.784006513051878517e-02 4.443605465224832046e-02 1.478995946762724056e+00 8.848785984033094021e-01 9.742159670839284358e-01 2.199611268232019690e+00 1.085063738199046335e-01 4.705575079343913419e-02 1.091144953817773100e-01
0.000000000000000000e+00 1.092801686515678522e-03 1.314046947231758966e-01 1.943559171991381673e-01 1.189697625185272140e-01 1.674683252978813597e-01 1.714186763117661327e-01 1.224165240002687838e-01 5.392722519758063812e-03 6.463180399894969579e-04
0.000000000000000000e+00 1.092801686515678522e-03 1.314046947231758966e-01 1.943559171991381673e-01 1.189697625185272140e-01 1.557174566025538442e-01 1.807395715280404325e-01 1.224165240002687838e-01 5.392722519758063812e-03 6.463180399894969579e-04
0.000000000000000000e+00 2.227811223811790864e+00 2.433630516915589848e+00 3.742304838527948707e+00 1.764843563732691578e+01 2.746971175891381289e+00 3.842037364984045134e+00 2.052530679658228330e+00 2.264858934548040492e-02 9.638019033290166904e-03
0.000000000000000000e+00 1.092801686515678522e-03 1.202271164499381763e-03 1.748802810907919281e-01 5.366551298913032134e-03 9.236307111073656373e-02 6.330133303788192459e-03 1.838633210652129008e-02 6.342905773917472019e-03 7.897167544578481777e-04
0.000000000000000000e+00 8.784006513051878517e-02 4.445988505869768320e-02 1.461398138138565672e+00 6.627439030975988965e-01 1.118514724061247634e+00 8.371061322677281202e-01 1.045735706640662510e+00 7.736553273865994784e-01 5.315231359195307301e-03
0.000000000000000000e+00 1.092801686515678522e-03 1.313810327474904116e-01 3.527361948165672056e-01 7.286930724050817432e-01 4.288177528384807258e-01 1.259618833773570867e-01 1.278432889859076969e-03 1.193522596715908442e-02 1.413736300888388496e-03
0.000000000000000000e+00 1.092801686515678522e-03 1.202271164499381763e-03 1.748566191151064431e-01 1.450973857098687425e-01 1.189672051250087736e-01 3.414141367692183349e-02 6.092314568283717976e-04 5.276589875133816908e-03 6.585069372349182555e-04
0.000000000000000000e+00 1.141823646555060285e-03 1.173181201448080142e-03 1.748566191151064431e-01 2.717729041550979649e-02 5.717092749726240819e-02 6.264206968052865761e-03 7.311183541817235570e-04 2.396837104726180084e-02 7.885234823621367368e-04
0.000000000000000000e+00 2.262668557909372838e-02 1.096685021319891290e-01 1.355811286393613146e+00 8.337288881969950882e-01 1.070338697005152273e+00 8.991553560675352719e-01 8.379385423315401094e-02 3.584756860909351500e-02 4.081950213256254657e-03
0.000000000000000000e+00 1.092801686515678522e-03 1.173181201448080142e-03 2.269206682844730760e-02 2.681745923097591730e-02 4.885174614012698785e-02 5.108719679255011026e-02 2.263392775753206645e-02 7.659190025120729030e-03 9.650466980226360056e-04
0.000000000000000000e+00 1.092801686515678522e-03 3.270211714017655091e-01 1.232637508387724123e+00 2.417185074648564580e+00 4.282161637981431568e+00 1.478176176263728792e+01 5.480338227064794232e+00 5.040448923379610424e-02 5.061576940986141360e-03
0.000000000000000000e+00 6.610227194671179640e-02 1.531234815354877710e-01 1.408609601737988992e+00 6.342935319949338790e-01 2.259420445899337881e+00 1.077596386210489809e+00 1.561800029510170607e+00 6.113343016192705759e-02 1.424373598168400812e-01
0.000000000000000000e+00 4.436447876290276066e-02 2.835724416547186211e-01 1.074257230770296001e+00 2.898231991740013225e+00 4.178506979242047947e+00 1.732421529165026186e+01 1.242167686749911182e+00 1.836474191620304508e-01 6.055137120237564195e-03
0.000000000000000000e+00 2.262668557909372838e-02 2.183341786966488396e+00 1.541487866598086898e+00 2.425041325893977362e+00 4.231956800964566057e+00 1.659483028238193469e+01 3.834045107238676753e+00 9.242463260051998475e-01 4.383908409664638572e-02
0.000000000000000000e+00 8.784006513051878517e-02 8.791164101986434498e-02 1.426204976144722192e+00 6.627439030975988965e-01 1.070417562136896539e+00 8.373140337562108293e-01 1.045735670262146977e+00 1.507676748104522790e-01 5.306403372640967897e-03
0.000000000000000000e+00 1.092801686515678522e-03 1.313810327474904116e-01 1.943559171991381673e-01 1.478343247811755024e-01 8.519602223575804822e-02 2.786692984961119945e-02 5.018732136499049618e-04 4.381354165880198964e-03 5.439450666913707389e-04
0.000000000000000000e+00 1.092801686515678522e-03 1.313810327474904116e-01 1.943559171991381673e-01 1.189940150632196325e-01 1.674683252978813597e-01 3.965807056142060111e-02 9.728114022394257834e-03 3.582658767717116725e-03 4.356578774759482320e-04
0.000000000000000000e+00 1.092801686515678522e-03 2.271572880413281342e-02 1.531203842014980665e-01 1.451564969832140062e-01 1.333630883003822931e-01 3.415165462184040907e-02 6.099183960411786766e-04 5.376926946827598718e-03 6.594271842131245454e-04
0.000000000000000000e+00 1.092801686515678522e-03 1.966180742745989307e-01 1.391010578640569317e+00 2.224795872062228508e+00 4.074728671907709376e+00 1.532825271778892251e+01 7.107226826706938491e-03 8.098790846092618345e-02 8.407642268855809037e-03
0.000000000000000000e+00 2.262668557909372838e-02 1.314062953157961178e-01 1.355812516644675059e+00 8.050885450679846622e-01 3.741182629887537803e-01 6.457374237096735747e-01 1.897802077481876570e-01 2.752671614703738542e-02 3.158751387064300756e-03
0.000000000000000000e+00 6.610227194671179640e-02 2.183606496008166920e-01 1.827056330347397006e+00 1.888109934287772962e+00 4.386315009273237919e+00 1.895918676556409821e+01 8.709786973684651157e-01 5.937373641089194187e-02 6.019776842770279898e-03
0.000000000000000000e+00 2.262668557909372838e-02 1.531203842014980665e-01 1.426204976144722192e+00 1.249743944712344623e+00 2.826052790193955833e+00 5.208721881524104091e+00 1.734465461416361265e-01 2.436286748360910748e-01 8.517367655581847136e-03
0.000000000000000000e+00 1.092801686515678522e-03 1.314046947231758966e-01 1.391006903641930581e+00 7.197868695285833951e-01 5.200450615343682470e-01 5.016789246074863096e-01 6.514042292769112175e-02 8.950962251563858441e-02 6.547544520357803655e-02
0.000000000000000000e+00 1.092801686515678522e-03 1.313810327474904116e-01 3.351383861924080443e-01 3.554822244231354844e-01 1.550601159003727469e-01 1.965267201144151044e-01 3.524677641077185453e-02 2.425594628310609457e-02 8.418457857147650884e-04
0.000000000000000000e+00 4.436447876290276066e-02 8.793230300044350967e-02 1.373409095017772419e+00 1.432086046759945885e+00 1.511422569897061807e+00 3.158893885229084653e+00 6.113575121107761405e-03 6.174366682353573527e-02 6.947855661682529257e-03
0.000000000000000000e+00 2.262668557909372838e-02 1.097166079920706833e-01 1.355811286393613146e+00 8.337288881969950882e-01 1.022320400212543223e+00 9.621610257578716574e-01 3.632033199192757997e-03 3.549271276901989208e-02 4.080407901977321262e-03
0.000000000000000000e+00 1.092801686515678522e-03 1.314046947231758966e-01 1.767581085749806435e-01 1.333873599839853485e-01 1.674683252978813597e-01 2.986132019297089157e-01 5.902717053384103595e-04 5.384016293733375445e-03 6.456457234857303391e-04
0.000000000000000000e+00 1.092801686515678522e-03 1.173181201448080142e-03 2.269206682844730760e-02 2.681745923097591730e-02 7.058953932393602360e-02 5.110308603761350155e-02 8.973165310936154822e-04 7.724037935616124076e-03 9.650466980226360056e-04
0.000000000000000000e+00 6.610227194671179640e-02 3.270258270059559491e-01 1.190417162786605143e+00 2.128681985681443400e+00 4.593802507375715827e+00 2.385881644100645005e+01 6.424780490745612305e+00 5.987138415025439198e-02 2.948291899282263367e-04
0.000000000000000000e+00 1.092801686515678522e-03 1.202271164499381763e-03 1.966180742745989307e-01 2.714512696119348450e-02 1.099677830373119863e-01 4.161772607907903571e-02 7.944364235590406324e-04 6.393749177243966686e-03 7.944364235590406324e-04
0.000000000000000000e+00 8.784006513051878517e-02 1.096494342036713199e-01 1.373412770016410933e+00 6.912417766950624820e-01 1.166694129822892334e+00 7.750263216755913787e-01 4.044411019904720073e-01 1.161254002155078513e-01 8.424959269778053983e-02
0.000000000000000000e+00 6.610227194671179640e-02 6.619609731415962428e-02 1.426202520890248238e+00 6.912892499263052493e-01 1.070420999862730094e+00 2.278502625190410136e+00 1.146573270741519046e+00 1.964011351134608563e-01 6.943902705666310168e-03
0.000000000000000000e+00 1.092801686515678522e-03 1.314046947231758966e-01 1.767581085749806435e-01 1.766720704534491537e-01 1.557228191725464894e-01 2.884299171003325557e-01 1.402241347138073572e-02 5.912821950891424677e-02 6.496098189904028330e-04
0.000000000000000000e+00 4.436447876290276066e-02 8.793230300044350967e-02 1.461398138138565672e+00 1.286102868832338375e+00 2.986368049574267047e+00 4.666401140925296787e+00 1.003513143730522250e+00 7.714394249846434626e-02 8.733030181177893134e-03
0.000000000000000000e+00 4.436447876290276066e-02 2.183353156256425398e-01 1.162242694086713435e+00 1.687507669480635242e+00 2.986368049574267047e+00 4.667485448384353752e+00 1.089801978870923627e+01 2.487257218612339837e-01 8.413953617393870460e-03
0.000000000000000000e+00 4.436447876290276066e-02 2.400731088094495147e-01 1.144646084052678869e+00 1.651027248577651152e+00 3.066538253295831851e+00 4.666942535418070470e+00 1.053502351264327075e+01 8.089121839331425701e-02 1.762169223741160695e-01
0.000000000000000000e+00 8.784006513051878517e-02 4.445988505869768320e-02 1.443800329514406400e+00 6.912415909649490819e-01 1.118514724061247634e+00 8.366282553777931730e-01 8.854120645727437955e-01 4.649735731602574335e-02 5.303458940636700952e-03
0.000000000000000000e+00 1.092801686515678522e-03 1.314046947231758966e-01 1.943559171991381673e-01 1.189940150632196325e-01 1.204648505165690636e-01 1.247562400437844110e-01 4.030927700085925008e-04 1.294196229010120824e-02 4.388813473658041589e-04
0.000000000000000000e+00 1.092801686515678522e-03 2.269206682844730760e-02 2.269362509864800148e-02 5.084198407485427187e-03 1.358029188753610561e-01 2.934790202959659117e-02 8.996588416053593077e-04 2.942855540916321233e-02 9.695667713737459587e-04
0.000000000000000000e+00 6.610227194671179640e-02 1.096716836817756419e-01 1.426204976144722192e+00 2.061279893795738005e-01 3.207689913540974214e-01 5.259955346893888661e-01 2.172350926266076836e-03 2.086343274483158303e-02 2.418536435799757169e-03
0.000000000000000000e+00 1.092801686515678522e-03 1.314046947231758966e-01 1.943559171991381673e-01 1.334141699221975674e-01 3.629905414025764304e-03 1.100943189189673294e-01 1.225221870576817355e-02 4.418833772885808787e-03 5.439450666913707389e-04
0.000000000000000000e+00 2.205609196709266584e+00 2.807177230720064642e+00 3.431030196892977724e+00 1.601623869264407674e+01 4.352007170928883895e+00 3.134711706482856020e+00 2.112472726783078514e+00 1.908086650769776349e-01 2.824763438922173880e-02
0.000000000000000000e+00 1.092801686515678522e-03 1.313810327474904116e-01 3.351383861924080443e-01 7.421226985919512353e-01 4.065487467455901616e-01 9.734434922459819783e-02 2.977473574027558745e-02 1.202263678394402228e-02 1.412659256915131016e-03
0.000000000000000000e+00 1.092801686515678522e-03 1.531424879069828993e-01 1.591615302018831446e-01 1.910922253124271164e-01 2.644515866552791389e-02 2.791675862259999918e-02 5.002913272382392574e-04 4.431620058174196193e-03 5.417840644330934249e-04
0.000000000000000000e+00 2.227811223811790864e+00 2.433630516915589848e+00 3.742304838527948707e+00 1.782993377535990120e+01 2.746901383342410075e+00 3.929986984800715621e+00 2.051101597888886463e+00 3.192946369305336984e-02 2.948291899282263367e-04
0.000000000000000000e+00 6.610227194671179640e-02 2.400746542707218878e-01 1.338223172190519339e+00 3.505976924874623979e+00 3.244087265407963105e+00 8.567596342825160249e+00 7.933571394081975758e-03 8.595425573036939715e-02 9.214142009700540537e-03
0.000000000000000000e+00 1.092801686515678522e-03 1.313810327474904116e-01 3.351383861924080443e-01 3.437313557278068865e-01 1.347303438554139920e-01 3.688462765258634368e-01 2.326058134567533797e-02 9.142054070643938768e-03 1.092210750460560591e-03
0.000000000000000000e+00 1.092801686515678522e-03 1.313810327474904116e-01 3.351383861924080443e-01 3.437511540876541094e-01 1.347303438554139920e-01 3.689637929840248187e-01 9.915752527847362507e-04 9.128556533513926957e-03 1.091253701168568230e-03
0.000000000000000000e+00 1.092801686515678522e-03 3.270211714017655091e-01 1.232637508387724123e+00 2.465282236572915675e+00 4.282147492183271176e+00 1.478331471544978015e+01 5.336271005120030608e+00 1.559794144980559405e-01 5.054674246387597276e-03
0.000000000000000000e+00 1.313156514981368428e-01 2.272523396595495584e-02 1.426203751141309262e+00 1.249744314269284340e+00 3.146838271187794245e+00 4.667485448384353752e+00 7.437720022525148508e-03 7.679756022538085369e-02 1.745315401186442739e-01
0.000000000000000000e+00 1.092801686515678522e-03 1.313810327474904116e-01 1.767581085749806435e-01 1.478317607354946439e-01 1.322175364965164357e-01 2.792870822119571106e-02 1.225428687173655065e-02 4.413465730346912384e-03 5.467739552001512531e-04
0.000000000000000000e+00 1.092801686515678522e-03 1.314046947231758966e-01 1.767581085749806435e-01 1.766720704534491537e-01 2.849823748211580687e-01 1.868936226218204932e-01 1.349081775461971888e-01 6.982799881478370801e-03 8.387205207682136470e-04
0.000000000000000000e+00 1.092801686515678522e-03 1.313810327474904116e-01 1.943559171991381673e-01 1.189940150632196325e-01 1.322157192118965929e-01 1.154353870857921793e-01 1.905774444058006001e-02 3.627324944150865909e-03 4.394079083274492290e-04
0.000000000000000000e+00 1.092801686515678522e-03 1.202271164499381763e-03 1.748566191151064431e-01 1.451564969832140062e-01 1.189429334414056905e-01 1.976611355249322660e-02 6.085395765079340113e-04 5.356302439853030152e-03 6.575822022226881190e-04
0.000000000000000000e+00 1.092801686515678522e-03 1.313810327474904116e-01 3.527361948165672056e-01 3.670359621226480518e-01 1.347327152982272791e-01 3.516379535087723052e-01 9.926813462127770122e-04 9.155510750682341325e-03 1.093159700173284600e-03
0.000000000000000000e+00 1.092801686515678522e-03 1.313810327474904116e-01 2.270132020721122093e-02 1.627802883744768059e-01 2.054881342788737464e-01 2.787137960650293636e-02 4.997558626741897348e-04 4.348960790317790183e-03 5.410562845676930230e-04
0.000000000000000000e+00 1.092801686515678522e-03 1.173181201448080142e-03 2.269206682844730760e-02 5.371489922742340127e-03 4.884707629036039167e-02 7.280907148021359410e-02 8.961345737250833200e-04 7.643359568672331190e-03 9.635270234042374706e-04
0.000000000000000000e+00 6.610227194671179640e-02 1.096716836817756419e-01 1.303020315775611282e+00 3.175103969373650470e-01 4.347605210902131812e-01 4.895558625275074904e-01 3.869501693838754419e-01 2.733287113679214175e-02 6.546912284982815688e-02
0.000000000000000000e+00 1.092801686515678522e-03 1.202271164499381763e-03 1.748566191151064431e-01 1.451564969832140062e-01 1.189429334414056905e-01 3.418626841147117540e-02 6.585069372349182555e-04 5.366625214962312575e-03 6.585069372349182555e-04
0.000000000000000000e+00 1.092801686515678522e-03 3.052833782179564803e-01 1.232636320445567701e+00 2.513459577556542257e+00 4.178506979242047947e+00 1.478398442180038685e+01 6.056573596354623668e+00 4.276839658404617273e-02 9.259638955311372266e-02
0.000000000000000000e+00 1.092801686515678522e-03 1.314046947231758966e-01 3.527361948165672056e-01 7.152613689906754946e-01 2.952033868831114849e-01 5.814956308053416123e-01 3.812272240084812330e-02 5.210227970791778823e-02 1.824015014961361154e-03
0.000000000000000000e+00 1.092801686515678522e-03 1.313810327474904116e-01 3.703533628000825750e-01 4.847453848876945304e-01 3.837172655699973567e-01 1.427695473080228261e-01 2.977172931710890535e-02 4.022994851502527391e-02 1.408244010642738979e-03
0.000000000000000000e+00 1.092801686515678522e-03 3.053070401936419653e-01 1.197440703197250267e+00 2.513459129453862850e+00 4.386148740984194383e+00 6.384744009825079836e+00 3.439120974379876294e+00 4.497940930534396475e-01 9.218610483606044445e-03
0.000000000000000000e+00 1.092801686515678522e-03 3.052833782179564803e-01 1.232636320445567701e+00 2.513379326696083105e+00 4.178506979242047947e+00 1.496473949722149221e+01 5.768447532087402685e+00 1.311395361711203689e-01 4.232469740018197750e-03
