0.000000000000000000e+00 2.948291899282263367e-04 2.110139522177564885e-04 2.421869812968675557e-03 3.377672391660942360e-03 8.405760266557787096e-04 8.480743105193053492e-04 2.110139522177564885e-04
0.000000000000000000e+00 2.948291899282263367e-04 2.110139522177564885e-04 1.979778006041023986e+01 4.764025195785923472e+01 5.407838579360856046e-03 2.714563176316988832e-02 1.092801686515678522e-03
0.000000000000000000e+00 3.025061749050248915e-04 2.110139522177564885e-04 2.421869812968675557e-03 3.377672391660942360e-03 8.405760266557787096e-04 8.480743105193053492e-04 9.538800276441742818e-03
0.000000000000000000e+00 2.948291899282263367e-04 2.110139522177564885e-04 2.421869812968675557e-03 3.566820820504548045e-03 8.480743105193053492e-04 8.480743105193053492e-04 2.110139522177564885e-04
0.000000000000000000e+00 2.948291899282263367e-04 2.110139522177564885e-04 2.421869812968675557e-03 3.340486718947844116e-03 8.443354598050361540e-04 1.025066793005254343e-02 2.377020460513788378e-04
0.000000000000000000e+00 2.948291899282263367e-04 2.110139522177564885e-04 1.320340793022865312e-02 3.997468780175705838e-03 9.581100699938390397e-04 9.581100699938390397e-04 2.377020460513788378e-04
0.000000000000000000e+00 2.948291899282263367e-04 2.110139522177564885e-04 2.421869812968675557e-03 3.340486718947844116e-03 8.443354598050361540e-04 1.955367578104047488e-02 2.395942883845946436e-04
0.000000000000000000e+00 2.948291899282263367e-04 2.110139522177564885e-04 1.613446397016884859e+01 4.891085510117613921e+01 5.407838579360856046e-03 2.714563176316988832e-02 1.092801686515678522e-03
0.000000000000000000e+00 2.948291899282263367e-04 2.110139522177564885e-04 2.080619195666744758e+01 4.636960749519560210e+01 5.407838579360856046e-03 2.714563176316988832e-02 1.092801686515678522e-03
0.000000000000000000e+00 2.948291899282263367e-04 2.110139522177564885e-04 1.613446397016884859e+01 3.348351336837269088e+01 1.831582083831261976e+00 4.888811115104996913e-02 1.092801686515678522e-03
0.000000000000000000e+00 2.948291899282263367e-04 2.110139522177564885e-04 1.551594604536967381e+01 3.185008660480302822e+01 2.232638140898161261e+00 6.642552693555035803e-03 1.092801686515678522e-03
0.000000000000000000e+00 2.948291899282263367e-04 2.110139522177564885e-04 2.421869812968675557e-03 3.377672391660942360e-03 8.405760266557787096e-04 8.480743105193053492e-04 2.110139522177564885e-04
0.000000000000000000e+00 2.948291899282263367e-04 2.110139522177564885e-04 2.421869812968675557e-03 3.566820820504548045e-03 8.175999885161323562e-04 8.480743105193053492e-04 2.110139522177564885e-04
0.000000000000000000e+00 2.948291899282263367e-04 2.110139522177564885e-04 1.613446397016884859e+01 4.346591096018668310e+01 6.576583675173764965e-01 5.407838579360856046e-03 2.262791045507099585e-02
0.000000000000000000e+00 2.948291899282263367e-04 2.110139522177564885e-04 1.613446397016884859e+01 4.165092957985687150e+01 8.750641315675748988e-01 2.714563176316988832e-02 1.092801686515678522e-03
0.000000000000000000e+00 2.948291899282263367e-04 2.110139522177564885e-04 1.601076038520901079e+01 3.929146688363214679e+01 1.179422757705816727e+00 2.714563176316988832e-02 1.092801686515678522e-03
0.000000000000000000e+00 2.948291899282263367e-04 2.110139522177564885e-04 2.643846456567278819e-03 3.566820820504548045e-03 1.024649004196001578e-02 9.581100699938390397e-04 2.377020460513788378e-04
0.000000000000000000e+00 2.948291899282263367e-04 2.110139522177564885e-04 2.127789308734500881e-02 3.591223187317660239e-03 9.598822298249576855e-04 9.685056823984724032e-04 2.395942883845946436e-04
0.000000000000000000e+00 2.948291899282263367e-04 2.110139522177564885e-04 1.601076038520901079e+01 4.600689799085247955e+01 3.532847624712694978e-01 2.715031796724094032e-02 2.262791045507099585e-02
0.000000000000000000e+00 2.948291899282263367e-04 2.110139522177564885e-04 1.576335321528934230e+01 2.985358721235384749e+01 3.113547932457058742e+00 6.642552693555035803e-03 1.092801686515678522e-03
0.000000000000000000e+00 2.948291899282263367e-04 2.110139522177564885e-04 2.643846456567278819e-03 3.528566292015173668e-03 1.954949789294794724e-02 9.685056823984724032e-04 2.395942883845946436e-04
0.000000000000000000e+00 2.948291899282263367e-04 2.110139522177564885e-04 1.194076652881539968e-02 3.580203696336538462e-03 9.496088562168762681e-04 9.581100699938390397e-04 2.377020460513788378e-04
0.000000000000000000e+00 2.948291899282263367e-04 2.110139522177564885e-04 1.601076038520901079e+01 4.473641102462161001e+01 5.489500264011000219e-01 6.642552693555035803e-03 1.092801686515678522e-03
0.000000000000000000e+00 2.948291899282263367e-04 2.110139522177564885e-04 1.601076038520901079e+01 3.820247805543425557e+01 1.331596560544750840e+00 6.642552693555035803e-03 1.092801686515678522e-03
0.000000000000000000e+00 2.948291899282263367e-04 2.110139522177564885e-04 1.601076038520901079e+01 3.493551157084060321e+01 1.722892205826694445e+00 6.642552693555035803e-03 1.092801686515678522e-03
0.000000000000000000e+00 2.948291899282263367e-04 2.110139522177564885e-04 3.189468101109250997e-02 4.020440140089575481e-03 9.788473223678879464e-04 9.788473223678879464e-04 2.414694001053035045e-04
0.000000000000000000e+00 2.948291899282263367e-04 2.110139522177564885e-04 3.984979008177920445e-02 3.572112937541355865e-03 9.802680712280274506e-04 9.891353867860623074e-04 2.433276217459231887e-04
0.000000000000000000e+00 2.948291899282263367e-04 2.110139522177564885e-04 1.244524805599016304e+01 3.112413418414965349e+01 3.170538867374878222e+00 6.642552693555035803e-03 1.092801686515678522e-03
0.000000000000000000e+00 2.948291899282263367e-04 2.110139522177564885e-04 1.613446397016884859e+01 3.584298916280145875e+01 1.570724606095219134e+00 2.714563176316988832e-02 1.092801686515678522e-03
0.000000000000000000e+00 2.948291899282263367e-04 2.110139522177564885e-04 1.551594604536967381e+01 3.185008660480302822e+01 2.232638140898161261e+00 6.642552693555035803e-03 1.092801686515678522e-03
0.000000000000000000e+00 2.948291899282263367e-04 2.110139522177564885e-04 1.588705680024918010e+01 4.818488785105975580e+01 1.358618974138742774e-01 5.407838579360856046e-03 2.262791045507099585e-02
0.000000000000000000e+00 2.948291899282263367e-04 2.110139522177564885e-04 1.613446397016884859e+01 3.384650964443865462e+01 1.831582114716310938e+00 6.642552693555035803e-03 1.092801686515678522e-03
0.000000000000000000e+00 2.948291899282263367e-04 2.110139522177564885e-04 1.601076038520901079e+01 3.675049295117042192e+01 1.483770246011828942e+00 2.714563176316988832e-02 1.092801686515678522e-03
0.000000000000000000e+00 2.948291899282263367e-04 2.110139522177564885e-04 1.234016139396924672e+01 3.221312490979165943e+01 3.028060941993022226e+00 6.642552693555035803e-03 1.092801686515678522e-03
0.000000000000000000e+00 2.948291899282263367e-04 2.110139522177564885e-04 2.643846456567278819e-03 3.566820820504548045e-03 1.954949789294794724e-02 1.027151353338640397e-02 2.414694001053035045e-04
0.000000000000000000e+00 2.948291899282263367e-04 2.110139522177564885e-04 6.929436471989293800e+00 3.076091804930563001e+01 4.918144977402225670e+00 6.794050971438586606e-01 8.925456451359593162e-04
0.000000000000000000e+00 2.948291899282263367e-04 2.110139522177564885e-04 6.929436471989293800e+00 4.142014246013778767e+00 1.746122361274967361e+01 1.790292643457683797e+00 4.700771720122749048e-03
0.000000000000000000e+00 2.948291899282263367e-04 2.110139522177564885e-04 3.079114361308198794e-02 3.602045454222269506e-03 9.744863553003100002e-04 9.788473223678879464e-04 2.414694001053035045e-04
0.000000000000000000e+00 2.948291899282263367e-04 2.110139522177564885e-04 1.601076038520901079e+01 3.693199108920339313e+01 1.462031512013396872e+00 2.714563176316988832e-02 1.092801686515678522e-03
0.000000000000000000e+00 2.948291899282263367e-04 2.110139522177564885e-04 1.234016139396924672e+01 5.108893126522173844e+01 2.715031796724094032e-02 2.714563176316988832e-02 1.092801686515678522e-03
0.000000000000000000e+00 2.948291899282263367e-04 2.110139522177564885e-04 7.002050437320986198e+00 4.265732633774608651e+00 1.728014164770439365e+01 1.167479092944810004e+00 4.697690794515634732e-03
0.000000000000000000e+00 2.948291899282263367e-04 2.110139522177564885e-04 5.159950840977832520e+00 3.413425245670556496e+00 3.774542679364187414e+00 3.223920928156587262e+00 7.875340695729756563e-03
0.000000000000000000e+00 2.948291899282263367e-04 2.110139522177564885e-04 7.002050437320986198e+00 3.076093976800374818e+01 2.272807803499040880e+00 1.875057405455920145e+00 8.913350253510659085e-04
0.000000000000000000e+00 9.632457581951780687e-03 1.884371774802724372e-02 6.784145103780369723e+00 2.404550866078344740e+01 5.112211211439949388e+00 3.438497431428690465e+00 1.015523614273092928e-01
0.000000000000000000e+00 2.948291899282263367e-04 2.110139522177564885e-04 2.131227541291641839e-02 3.755466319429850465e-03 9.598822298249576855e-04 1.027151353338640397e-02 2.414694001053035045e-04
0.000000000000000000e+00 2.948291899282263367e-04 2.110139522177564885e-04 2.131227541291641839e-02 3.755466319429850465e-03 9.598822298249576855e-04 1.027151353338640397e-02 2.414694001053035045e-04
0.000000000000000000e+00 2.948291899282263367e-04 2.110139522177564885e-04 7.002050437320986198e+00 2.840146397357499097e+01 5.935908823285647173e+00 1.092468046340664634e+00 8.925456451359593162e-04
0.000000000000000000e+00 2.948291899282263367e-04 2.110139522177564885e-04 1.613446397016884859e+01 3.584298916280145875e+01 1.570724606095219134e+00 2.714563176316988832e-02 1.092801686515678522e-03
0.000000000000000000e+00 2.948291899282263367e-04 2.110139522177564885e-04 1.601076038520901079e+01 3.475401343280761779e+01 1.744630303974519903e+00 6.642552693555035803e-03 1.092801686515678522e-03
0.000000000000000000e+00 2.948291899282263367e-04 2.110139522177564885e-04 7.002050437320986198e+00 2.386401052275045842e+01 3.139858445595967495e+00 2.027453262059924488e-01 2.822626215459748955e-03
0.000000000000000000e+00 2.948291899282263367e-04 2.110139522177564885e-04 5.159676514896091248e+00 3.413425245670556496e+00 6.577393817511757668e+00 9.478253253486781382e-01 7.867033153448976454e-03
0.000000000000000000e+00 2.948291899282263367e-04 2.110139522177564885e-04 1.613446397016884859e+01 4.364740909821967563e+01 6.576552772708056382e-01 6.642552693555035803e-03 1.092801686515678522e-03
0.000000000000000000e+00 2.948291899282263367e-04 2.110139522177564885e-04 1.234016139396924672e+01 5.054443685112280349e+01 1.141152224807264887e-01 6.642552693555035803e-03 1.092801686515678522e-03
0.000000000000000000e+00 2.948291899282263367e-04 2.110139522177564885e-04 5.938702977930204047e-02 3.756849650482787465e-03 1.009552332408318251e-03 1.009552332408318251e-03 2.469943230828653660e-04
0.000000000000000000e+00 2.948291899282263367e-04 9.538800276441742818e-03 5.100324629590206271e+00 3.413425245670556496e+00 1.655288343952788210e+01 5.382471471100990223e-01 7.461558608892972580e-03
0.000000000000000000e+00 2.948291899282263367e-04 2.110139522177564885e-04 3.824577554616292563e+00 2.604950160840546314e+00 2.745385145362064794e+00 1.758479216424272851e+00 7.067534848839339412e-03
0.000000000000000000e+00 2.948291899282263367e-04 2.110139522177564885e-04 6.929436471989293800e+00 2.858294039290984756e+01 6.060744622856288899e+00 1.114202074000254949e+00 1.092801686515678522e-03
0.000000000000000000e+00 2.948291899282263367e-04 2.110139522177564885e-04 1.576335321528934230e+01 3.783950528580503914e+01 1.396814965321280688e+00 2.714563176316988832e-02 1.092801686515678522e-03
0.000000000000000000e+00 2.948291899282263367e-04 9.538800276441742818e-03 5.040622619097165469e+00 3.413405516451366584e+00 1.727856378450195862e+01 3.039187674284196672e-01 6.094659502133684993e-03
0.000000000000000000e+00 2.948291899282263367e-04 2.110139522177564885e-04 4.950582483018642344e-02 4.042573643504542881e-03 9.948877526867220492e-04 1.030237811464388385e-02 2.469943230828653660e-04
0.000000000000000000e+00 2.948291899282263367e-04 2.110139522177564885e-04 1.063187438189958645e-01 4.664496637787876945e-03 1.204325591441321062e-03 1.204325591441321062e-03 2.908077860167684056e-04
0.000000000000000000e+00 2.948291899282263367e-04 2.110139522177564885e-04 1.613446397016884859e+01 3.983594819952704569e+01 1.092464280816445754e+00 2.714563176316988832e-02 1.092801686515678522e-03
0.000000000000000000e+00 2.948291899282263367e-04 2.110139522177564885e-04 1.670127029317528988e+00 1.024513532271315253e+00 1.392267689116228446e+00 3.700019257466017897e-01 3.467036579611369046e-03
0.000000000000000000e+00 2.948291899282263367e-04 2.110139522177564885e-04 1.244524805599016304e+01 2.894615652775387815e+01 4.459949216712213449e+00 2.714563176316988832e-02 1.092801686515678522e-03
0.000000000000000000e+00 2.948291899282263367e-04 2.110139522177564885e-04 9.139341208104953651e+00 3.185004833282412662e+01 4.459952988637433613e+00 6.642552693555035803e-03 1.092801686515678522e-03
0.000000000000000000e+00 2.948291899282263367e-04 2.110139522177564885e-04 5.159950840977832520e+00 8.136731929478399294e+00 1.474034171086978162e+01 2.724525953561142799e+00 3.631926298805455804e-03
0.000000000000000000e+00 2.948291899282263367e-04 2.110139522177564885e-04 2.227964007577586170e+00 1.401548630622392322e+00 1.783203163510967082e+00 1.879540246654606062e+00 5.062643472219879003e-03
0.000000000000000000e+00 2.948291899282263367e-04 3.851821111902768990e-01 7.021015021472045703e+00 2.168618716813708502e+01 4.489293163094008499e+00 1.791855563357727776e+00 1.582094726918008121e+00
0.000000000000000000e+00 3.025061749050248915e-04 4.421926099508440844e-01 6.667824588456324975e+00 2.150384626066671956e+01 4.177846506377428604e+00 1.839926614243696301e+00 1.648903207802639770e+00
0.000000000000000000e+00 2.948291899282263367e-04 2.110139522177564885e-04 3.874618850990418029e+00 2.604972683165966529e+00 2.374354586493945707e+00 1.758313843829389933e+00 6.050535079543403229e-03
0.000000000000000000e+00 2.948291899282263367e-04 2.110139522177564885e-04 6.856488851150445818e+00 2.422696217669998831e+01 5.112185549747060520e+00 3.474973978473307135e+00 1.015523614273092928e-01
0.000000000000000000e+00 2.948291899282263367e-04 2.110139522177564885e-04 1.244524805599016304e+01 3.312061370251245762e+01 2.232638140898161261e+00 6.642552693555035803e-03 1.092801686515678522e-03
0.000000000000000000e+00 2.948291899282263367e-04 2.110139522177564885e-04 1.588705680024918010e+01 4.128795860580645893e+01 9.620248676833919044e-01 2.714563176316988832e-02 1.092801686515678522e-03
0.000000000000000000e+00 2.948291899282263367e-04 2.110139522177564885e-04 1.588705680024918010e+01 3.820249025924575648e+01 1.331597902664625854e+00 2.714563176316988832e-02 1.092801686515678522e-03
0.000000000000000000e+00 2.948291899282263367e-04 2.110139522177564885e-04 7.002050437320986198e+00 2.350101424668449823e+01 3.243612886788058702e+00 1.806164171345502334e-01 2.823042451591211907e-03
0.000000000000000000e+00 2.948291899282263367e-04 2.110139522177564885e-04 4.009415146406991592e-02 3.612674651230390974e-03 9.891353867860623074e-04 9.891353867860623074e-04 2.433276217459231887e-04
0.000000000000000000e+00 2.948291899282263367e-04 2.110139522177564885e-04 1.151647539074514143e-01 4.675451847945363837e-03 1.215545922992410967e-03 1.215545922992410967e-03 2.927750565721865526e-04
0.000000000000000000e+00 2.948291899282263367e-04 2.110139522177564885e-04 2.421869812968675557e-03 3.377672391660942360e-03 1.954529700551240964e-02 1.027151353338640397e-02 2.414694001053035045e-04
0.000000000000000000e+00 2.948291899282263367e-04 9.538800276441742818e-03 6.929528664422468509e+00 4.142029048814773518e+00 7.842136533183715841e+00 5.860356059560797304e-01 7.926670202657252334e-03
0.000000000000000000e+00 2.948291899282263367e-04 9.538800276441742818e-03 5.100324629590206271e+00 8.424849614123314012e+00 1.601101559750300396e+01 2.517143541802000950e+00 3.631672978729773727e-03
0.000000000000000000e+00 2.948291899282263367e-04 2.110139522177564885e-04 5.159950840977832520e+00 3.413425245670556496e+00 7.751886621345205342e+00 5.854087468103880143e-01 7.907496092899779852e-03
0.000000000000000000e+00 2.948291899282263367e-04 2.110139522177564885e-04 2.951194656336171729e+00 1.922679633317385006e+00 4.229085528424155527e+00 7.503115680859797632e-01 6.032549697208685648e-03
0.000000000000000000e+00 2.948291899282263367e-04 2.110139522177564885e-04 7.002050437320986198e+00 2.368251238471748366e+01 3.451252544746559625e+00 1.262199974735588537e+00 5.026840605953301205e-02
0.000000000000000000e+00 2.948291899282263367e-04 2.110139522177564885e-04 1.601076038520901079e+01 2.803858232558729568e+01 4.277568218653851062e+00 6.642552693555035803e-03 1.092801686515678522e-03
0.000000000000000000e+00 2.948291899282263367e-04 2.110139522177564885e-04 2.909481019479997599e+00 1.850043046169629557e+00 2.331439588613291036e+00 1.756613548719278217e+00 1.500447397637436064e-01
0.000000000000000000e+00 2.948291899282263367e-04 2.110139522177564885e-04 5.159950840977832520e+00 3.413425245670556496e+00 3.774542679364187414e+00 1.042927287080270826e+00 7.172543546132010249e-03
0.000000000000000000e+00 2.948291899282263367e-04 2.110139522177564885e-04 9.404432967544240185e+00 3.130558848388509929e+01 4.350511725928482676e+00 7.063053609369453201e-02 1.092801686515678522e-03
0.000000000000000000e+00 2.948291899282263367e-04 2.110139522177564885e-04 2.259167316010457852e-02 4.009061439709705674e-03 9.685056823984724032e-04 9.685056823984724032e-04 2.395942883845946436e-04
0.000000000000000000e+00 2.948291899282263367e-04 2.110139522177564885e-04 1.234016139396924672e+01 5.108893126522173844e+01 2.715031796724094032e-02 2.714563176316988832e-02 1.092801686515678522e-03
0.000000000000000000e+00 2.948291899282263367e-04 2.110139522177564885e-04 6.929436471989293800e+00 2.331949438995339463e+01 1.790265746331678898e+00 1.297741524046736872e-01 4.700771720122749048e-03
0.000000000000000000e+00 2.948291899282263367e-04 2.110139522177564885e-04 1.613446397016884859e+01 4.419190351231861058e+01 5.706945001299588149e-01 2.714563176316988832e-02 1.092801686515678522e-03
0.000000000000000000e+00 2.948291899282263367e-04 2.110139522177564885e-04 5.159950840977832520e+00 3.413425245670556496e+00 3.918601521686641664e+00 5.396587696660770650e-01 7.154413103529832368e-03
0.000000000000000000e+00 2.948291899282263367e-04 2.110139522177564885e-04 6.929436471989293800e+00 3.148691060143755038e+01 6.361085946171172623e+00 6.642552693555035803e-03 1.092801686515678522e-03
0.000000000000000000e+00 2.948291899282263367e-04 2.110139522177564885e-04 2.951387212022420048e+00 1.922679633317385006e+00 2.331584163832518986e+00 1.014542004759250604e+00 5.946809676594026414e-03
0.000000000000000000e+00 2.948291899282263367e-04 2.110139522177564885e-04 6.929436471989293800e+00 2.331949438995339463e+01 2.413105884484656460e+00 1.804732946592714771e-01 3.631818332891465027e-03
0.000000000000000000e+00 2.948291899282263367e-04 2.110139522177564885e-04 3.988390878932086825e-02 3.612674651230390974e-03 1.028327592221595956e-02 9.993702636559534825e-04 2.451691870160407796e-04
0.000000000000000000e+00 2.948291899282263367e-04 2.110139522177564885e-04 4.918691664030880317e-02 3.623114786355918077e-03 9.948877526867220492e-04 9.993702636559534825e-04 2.451691870160407796e-04
0.000000000000000000e+00 2.948291899282263367e-04 2.110139522177564885e-04 5.100248830484790830e+00 3.413405516451366584e+00 7.248431163005588651e+00 1.492571772527384599e+00 7.915268275824331734e-03
0.000000000000000000e+00 2.948291899282263367e-04 2.110139522177564885e-04 5.159950840977832520e+00 8.280790771800853989e+00 1.546642803273091182e+01 2.828464038212364695e+00 3.631816616348418000e-03
0.000000000000000000e+00 2.948291899282263367e-04 1.884180812742967601e-02 6.856670665540083753e+00 2.404550866078344740e+01 5.215860275603645846e+00 1.395597632786863329e+00 1.069716736640061727e+00
0.000000000000000000e+00 2.948291899282263367e-04 2.110139522177564885e-04 5.100248830484790830e+00 3.308318854430449374e+00 3.774368036896098566e+00 1.546108548605392485e+00 7.181451070268725020e-03
0.000000000000000000e+00 2.948291899282263367e-04 2.110139522177564885e-04 7.002050437320986198e+00 4.265732633774608651e+00 9.838717988352144062e+00 1.667467277071439380e+00 8.035530461073863914e-03
0.000000000000000000e+00 2.948291899282263367e-04 2.110139522177564885e-04 5.159950840977832520e+00 5.255176037530142175e+00 6.075020726470951260e+00 2.581888265173193808e+00 7.947067258497223993e-03
0.000000000000000000e+00 2.948291899282263367e-04 9.538800276441742818e-03 6.256791971553454790e-01 9.228329372540122408e-03 1.222723742208891573e-01 3.509364613767833492e-03 7.891801476289732852e-04
0.000000000000000000e+00 2.948291899282263367e-04 2.110139522177564885e-04 7.002050437320986198e+00 3.057944162997077342e+01 2.272801071562863928e+00 1.896794978429762191e+00 8.913350253510659085e-04
0.000000000000000000e+00 2.948291899282263367e-04 2.110139522177564885e-04 6.422972820693545470e-01 9.228329372540122408e-03 1.421862435998440533e-01 9.950647058059100547e-02 9.765457246796063577e-04
0.000000000000000000e+00 2.948291899282263367e-04 2.110139522177564885e-04 7.002050437320986198e+00 3.312041556243251250e+01 4.241070463219534403e+00 1.358574838434705168e-01 1.092801686515678522e-03
0.000000000000000000e+00 9.632457581951780687e-03 5.520589877757026143e-01 8.875206318639003555e+00 2.222988947035936746e+01 3.386725060058585424e+00 1.286170440679937021e+00 1.052475129362328676e+00
0.000000000000000000e+00 2.948291899282263367e-04 2.110139522177564885e-04 1.234016139396924672e+01 5.036293871308981807e+01 1.358574838434705168e-01 6.642552693555035803e-03 1.092801686515678522e-03
0.000000000000000000e+00 2.948291899282263367e-04 2.110139522177564885e-04 1.059020690342415971e-01 4.325731083880376797e-03 1.204325591441321062e-03 1.204325591441321062e-03 2.908077860167684056e-04
0.000000000000000000e+00 2.948291899282263367e-04 2.110139522177564885e-04 1.210195598922230609e+00 7.321074060990393484e-01 1.084532552263533178e+00 1.582616478853735020e-01 2.760570736226997720e-03
0.000000000000000000e+00 2.948291899282263367e-04 2.110139522177564885e-04 1.601076038520901079e+01 4.618839612888546498e+01 3.315431591637443831e-01 2.715031796724094032e-02 2.262791045507099585e-02
0.000000000000000000e+00 2.948291899282263367e-04 9.538800276441742818e-03 6.929528664422468509e+00 2.368251238471748366e+01 2.828255316502898964e+00 1.324458285503658406e+00 5.027102112622506419e-02
0.000000000000000000e+00 2.948291899282263367e-04 2.110139522177564885e-04 1.244524805599016304e+01 3.348360997857842136e+01 2.188101847276928691e+00 6.642552693555035803e-03 1.092801686515678522e-03
0.000000000000000000e+00 2.948291899282263367e-04 2.110139522177564885e-04 5.159950840977832520e+00 7.992673087155940159e+00 1.546601793930382307e+01 2.828412406593582062e+00 3.631996820677088102e-03
0.000000000000000000e+00 2.948291899282263367e-04 2.110139522177564885e-04 2.951387212022420048e+00 1.922679633317385006e+00 2.331584163832518986e+00 1.509356344598587141e+00 5.985897441286278792e-03
0.000000000000000000e+00 2.948291899282263367e-04 2.110139522177564885e-04 5.100248830484790830e+00 5.131449228165847032e+00 6.074829303602789388e+00 2.400227488326754699e+00 7.926670202657252334e-03
0.000000000000000000e+00 2.948291899282263367e-04 2.110139522177564885e-04 2.951387212022420048e+00 9.837755329160133844e-01 1.694839243697871423e+00 6.508284439683157396e-01 4.220508231554010760e-03
0.000000000000000000e+00 2.948291899282263367e-04 2.110139522177564885e-04 1.244524805599016304e+01 2.949065094185282021e+01 4.350518964427068092e+00 2.714563176316988832e-02 1.092801686515678522e-03
0.000000000000000000e+00 2.948291899282263367e-04 2.110139522177564885e-04 5.159676514896091248e+00 2.993078597586887213e+00 1.880165375839105923e+00 1.739952894360454194e-01 5.985897441286278792e-03
0.000000000000000000e+00 2.948291899282263367e-04 2.110139522177564885e-04 1.601076038520901079e+01 4.818487564724824779e+01 1.358574838434705168e-01 6.642552693555035803e-03 1.092801686515678522e-03
0.000000000000000000e+00 2.948291899282263367e-04 2.110139522177564885e-04 1.613446397016884859e+01 4.056194075165898738e+01 1.005504897916285945e+00 2.714563176316988832e-02 1.092801686515678522e-03
0.000000000000000000e+00 2.948291899282263367e-04 2.110139522177564885e-04 1.613446397016884859e+01 4.872935696314315379e+01 2.715031796724094032e-02 5.407838579360856046e-03 2.262791045507099585e-02
0.000000000000000000e+00 2.948291899282263367e-04 9.538800276441742818e-03 6.929528664422468509e+00 2.404550866078344740e+01 3.347497486673181921e+00 1.075250483159897019e+00 6.947756676837615331e-01
0.000000000000000000e+00 9.632457581951780687e-03 1.884371774802724372e-02 6.638917173116983150e+00 2.350096962456806082e+01 5.527306575249539833e+00 1.322629145197311784e+00 1.035236244685145746e+00
0.000000000000000000e+00 2.948291899282263367e-04 2.110139522177564885e-04 2.951387212022420048e+00 1.922679633317385006e+00 2.121410839790684122e+00 1.014392038960271414e+00 5.089239682230772485e-03
0.000000000000000000e+00 2.948291899282263367e-04 2.110139522177564885e-04 7.002050437320986198e+00 3.112393604406971193e+01 5.014359088550079058e+00 6.359143381995325806e-01 1.092801686515678522e-03
0.000000000000000000e+00 2.948291899282263367e-04 2.110139522177564885e-04 1.613446397016884859e+01 4.128793330379091486e+01 9.185446121071212389e-01 2.714563176316988832e-02 1.092801686515678522e-03
0.000000000000000000e+00 2.948291899282263367e-04 2.110139522177564885e-04 1.601076038520901079e+01 4.019895757379706680e+01 1.092462313091716153e+00 6.642552693555035803e-03 1.092801686515678522e-03
0.000000000000000000e+00 2.948291899282263367e-04 2.110139522177564885e-04 1.576335321528934230e+01 3.783950528580503914e+01 1.418552758505089884e+00 6.642552693555035803e-03 1.092801686515678522e-03
0.000000000000000000e+00 2.948291899282263367e-04 2.110139522177564885e-04 7.795272250349979948e-02 4.074277540307133516e-03 1.025095496569231653e-03 1.033276737316281800e-02 2.868212366135504594e-04
0.000000000000000000e+00 2.948291899282263367e-04 2.110139522177564885e-04 4.336849464394381681e-01 4.108736037355013859e-02 5.240667923128390637e-02 2.018857385398556692e-01 7.925673733224438029e-04
0.000000000000000000e+00 2.948291899282263367e-04 2.110139522177564885e-04 9.046557564750559166e-01 1.550963855572841388e-01 1.498198728092703935e-01 1.460071111772720531e-01 1.229757060097665285e-03
0.000000000000000000e+00 2.948291899282263367e-04 2.110139522177564885e-04 1.613446397016884859e+01 4.056194075165898738e+01 1.005504897916285945e+00 2.714563176316988832e-02 1.092801686515678522e-03
0.000000000000000000e+00 2.948291899282263367e-04 2.110139522177564885e-04 5.100248830484790830e+00 3.518492178472283349e+00 3.630483837041726503e+00 1.042841174590970921e+00 7.163531034018274200e-03
0.000000000000000000e+00 2.948291899282263367e-04 2.110139522177564885e-04 5.159950840977832520e+00 3.413425245670556496e+00 7.416317248821361119e+00 5.852461079969351054e-01 7.891632532813237094e-03
0.000000000000000000e+00 2.948291899282263367e-04 2.110139522177564885e-04 4.925594479443064916e-02 1.309103589718198582e-02 1.009552332408318251e-03 1.009552332408318251e-03 2.469943230828653660e-04
0.000000000000000000e+00 2.948291899282263367e-04 2.110139522177564885e-04 1.234193880780603436e+00 6.902217277414032237e-01 1.144183284519743715e+00 3.761561689052136392e-01 2.788881257295960144e-03
0.000000000000000000e+00 2.948291899282263367e-04 2.110139522177564885e-04 7.001716781813832391e+00 2.313632600884613666e+01 1.790265746331678898e+00 1.623289069548340624e+00 9.999378249935679808e-01
0.000000000000000000e+00 2.948291899282263367e-04 2.110139522177564885e-04 2.951387212022420048e+00 8.643715119299297811e-01 1.606346897126504691e+00 1.176055022058032362e+00 4.987816997439669005e-03
0.000000000000000000e+00 2.948291899282263367e-04 2.110139522177564885e-04 2.951387212022420048e+00 9.837755329160133844e-01 1.694839243697871423e+00 4.406551199264813201e-01 4.203532970863427254e-03
0.000000000000000000e+00 2.948291899282263367e-04 2.110139522177564885e-04 9.668045102916690559e-02 4.555324765078029928e-03 1.182144424277446282e-03 1.193047644123033588e-03 2.888232524900767074e-04
0.000000000000000000e+00 2.948291899282263367e-04 2.110139522177564885e-04 5.159950840977832520e+00 2.993078597586887213e+00 1.880165375839105923e+00 2.046760239627990252e+00 7.107226826706938491e-03
0.000000000000000000e+00 2.948291899282263367e-04 5.353394391190914314e-01 9.085729106594810034e+00 2.204922728250057062e+01 3.306670326651311775e+00 1.578006975800363643e+00 1.653033666093982834e+00
0.000000000000000000e+00 2.948291899282263367e-04 2.110139522177564885e-04 7.001716781813832391e+00 4.265732633774608651e+00 9.838717988352144062e+00 9.451253912087033138e-01 8.014108401386490707e-03
0.000000000000000000e+00 2.948291899282263367e-04 2.110139522177564885e-04 2.152409585181430662e-02 3.755466319429850465e-03 9.685056823984724032e-04 9.685056823984724032e-04 2.395942883845946436e-04
0.000000000000000000e+00 2.948291899282263367e-04 2.110139522177564885e-04 1.156217516699837994e-01 4.675451847945363837e-03 5.407969290581769728e-02 1.383881377371842976e-02 3.554782541688216780e-04
0.000000000000000000e+00 2.948291899282263367e-04 2.110139522177564885e-04 7.002050437320986198e+00 4.265732633774608651e+00 1.800613419983631758e+01 1.167582357010600091e+00 4.700251964338894237e-03
0.000000000000000000e+00 2.948291899282263367e-04 2.110139522177564885e-04 1.670127029317528988e+00 9.744722358971898979e-01 1.392212458207490622e+00 2.815773906593443399e-01 3.451259373660781060e-03
0.000000000000000000e+00 2.948291899282263367e-04 2.110139522177564885e-04 2.951387212022420048e+00 9.837755329160133844e-01 1.783203163510967082e+00 6.508965707824787561e-01 4.228877860063129900e-03
0.000000000000000000e+00 2.948291899282263367e-04 2.110139522177564885e-04 5.159950840977832520e+00 3.413425245670556496e+00 6.912963190035600114e+00 1.310990223866729920e+00 7.899617645265194846e-03
0.000000000000000000e+00 2.948291899282263367e-04 2.110139522177564885e-04 6.929436471989293800e+00 2.331949438995339463e+01 3.035946022637634023e+00 1.805619370398920120e-01 3.631924594934231136e-03
0.000000000000000000e+00 2.948291899282263367e-04 2.110139522177564885e-04 3.147800622633824263e-02 4.020440140089575481e-03 9.701018345462027745e-04 9.788473223678879464e-04 2.414694001053035045e-04
0.000000000000000000e+00 2.948291899282263367e-04 2.110139522177564885e-04 6.856488851150445818e+00 4.265702220703538217e+00 9.657015338906703050e+00 4.198938039493007451e-02 7.966550206084676428e-03
0.000000000000000000e+00 2.948291899282263367e-04 2.110139522177564885e-04 2.254892656461977840e-02 3.755466319429850465e-03 9.685056823984724032e-04 9.685056823984724032e-04 2.395942883845946436e-04
0.000000000000000000e+00 2.948291899282263367e-04 2.110139522177564885e-04 4.336849464394381681e-01 9.123571243333239433e-02 6.247527851765891788e-02 2.913571632492087948e-01 9.804859389871769821e-04
0.000000000000000000e+00 2.948291899282263367e-04 3.994347358804187231e-01 6.932719291357847702e+00 2.168618716813708502e+01 4.074066404325361823e+00 1.839926614243696301e+00 1.626634201709751038e+00
0.000000000000000000e+00 2.948291899282263367e-04 2.110139522177564885e-04 5.159950840977832520e+00 3.413425245670556496e+00 1.891235923395664287e+01 3.331545639524672447e-02 6.111739523458334551e-03
0.000000000000000000e+00 2.948291899282263367e-04 2.110139522177564885e-04 7.002050437320986198e+00 4.265732633774608651e+00 1.728014164770439365e+01 1.689111734172203672e-01 1.416090840277349772e-01
0.000000000000000000e+00 2.948291899282263367e-04 2.110139522177564885e-04 1.613446397016884859e+01 4.455489978838458853e+01 5.272122332172909376e-01 5.407838579360856046e-03 2.262791045507099585e-02
0.000000000000000000e+00 2.948291899282263367e-04 2.110139522177564885e-04 1.234193880780603436e+00 1.590964775533107445e-01 5.513476429297523573e-01 6.667134623349231237e-01 2.226988762370240779e-03
0.000000000000000000e+00 2.948291899282263367e-04 2.110139522177564885e-04 1.152050768852295182e-01 4.675451847945363837e-03 1.178280140231226757e-02 5.409085599318436827e-02 3.554782541688216780e-04
0.000000000000000000e+00 2.948291899282263367e-04 2.110139522177564885e-04 2.053648601896345682e-01 7.967004287599137313e-02 1.828386266163348293e-03 4.458626033658870391e-02 4.341546898963248189e-04
0.000000000000000000e+00 2.948291899282263367e-04 1.800060768439857295e-01 5.696356407554834966e+00 2.658646087454705054e+01 3.947874372139655197e+00 2.600592347118265923e+00 7.374464823018738943e-04
0.000000000000000000e+00 2.948291899282263367e-04 2.110139522177564885e-04 1.234193880780603436e+00 1.300145903467339048e-01 5.513120772998304497e-01 2.585413706854514659e-01 1.828645894653435806e-03
0.000000000000000000e+00 2.948291899282263367e-04 2.110139522177564885e-04 2.054134415160812355e-01 5.546413822141509423e-03 3.857205649011760662e-02 1.300593184741403452e-01 5.172051836286385186e-04
0.000000000000000000e+00 2.948291899282263367e-04 2.110139522177564885e-04 6.929436471989293800e+00 3.894607076094108944e+00 6.410398676126632722e+00 9.484050228763519774e-01 7.922934590742678265e-03
0.000000000000000000e+00 2.948291899282263367e-04 1.800060768439857295e-01 5.768970372886528253e+00 2.694947886931113246e+01 3.707437211783334963e+00 2.600592347118265923e+00 7.374464823018738943e-04
0.000000000000000000e+00 2.948291899282263367e-04 1.800060768439857295e-01 5.768970372886528253e+00 2.640498445521219040e+01 3.787301510309704078e+00 2.543546768393330382e+00 4.386760560591346919e-02
0.000000000000000000e+00 2.948291899282263367e-04 2.110139522177564885e-04 7.002050437320986198e+00 2.350101424668449823e+01 2.932192817711567479e+00 1.199818885656394496e+00 2.174762864656609555e-03
0.000000000000000000e+00 2.948291899282263367e-04 2.110139522177564885e-04 1.234193880780603436e+00 1.590964775533107445e-01 5.094080747853746427e-01 6.069640843141788089e-01 2.214312990852456905e-03
0.000000000000000000e+00 2.948291899282263367e-04 9.538800276441742818e-03 5.100324629590206271e+00 3.413425245670556496e+00 1.673438157756086042e+01 2.062720229878605982e-01 7.458405486400229538e-03
0.000000000000000000e+00 2.948291899282263367e-04 2.110139522177564885e-04 4.479375711295799367e-01 7.667318389560481319e-03 2.242299564634642542e-03 2.416376784890231777e-01 7.857650720582636623e-04
0.000000000000000000e+00 2.948291899282263367e-04 2.110139522177564885e-04 5.159950840977832520e+00 3.413425245670556496e+00 3.630483837041726503e+00 2.888472723472105486e+00 7.850092750428557323e-03
0.000000000000000000e+00 2.948291899282263367e-04 2.110139522177564885e-04 2.951387212022420048e+00 1.922679633317385006e+00 2.331584163832518986e+00 1.014542004759250604e+00 1.500056519990513315e-01
0.000000000000000000e+00 2.948291899282263367e-04 2.110139522177564885e-04 1.155790050744989889e-01 4.675451847945363837e-03 1.178837531955746580e-02 1.226709010359095615e-03 2.947252779117725554e-04
0.000000000000000000e+00 2.948291899282263367e-04 2.110139522177564885e-04 9.697298937252311901e-02 4.604201620876505197e-03 1.187610101881930811e-03 1.193047644123033588e-03 2.888232524900767074e-04
0.000000000000000000e+00 2.948291899282263367e-04 2.110139522177564885e-04 4.035135529374350716e-02 4.031609416350501185e-03 9.891353867860623074e-04 9.891353867860623074e-04 2.433276217459231887e-04
0.000000000000000000e+00 2.948291899282263367e-04 2.110139522177564885e-04 1.053606163747845409e-01 4.566389464599666589e-03 1.204325591441321062e-03 1.204325591441321062e-03 2.908077860167684056e-04
0.000000000000000000e+00 2.948291899282263367e-04 2.110139522177564885e-04 2.227964007577586170e+00 7.243845900607309707e-01 1.247039758452842539e+00 7.233360364494347827e-01 4.141598255472637644e-03
0.000000000000000000e+00 2.948291899282263367e-04 2.110139522177564885e-04 6.929436471989293800e+00 7.128518557464713190e+00 9.658580766348638491e+00 2.055821574533269747e-01 7.409702330261456853e-03
0.000000000000000000e+00 2.948291899282263367e-04 2.110139522177564885e-04 7.002050437320986198e+00 7.128535796046562290e+00 9.658673299225208453e+00 5.376634314590759134e-01 7.422227626374231120e-03
0.000000000000000000e+00 2.948291899282263367e-04 2.110139522177564885e-04 6.929436471989293800e+00 3.094241618733860832e+01 4.918151709338402178e+00 6.576643809073388081e-01 8.925456451359593162e-04
0.000000000000000000e+00 2.948291899282263367e-04 2.110139522177564885e-04 7.795272250349979948e-02 4.074277540307133516e-03 1.025095496569231653e-03 1.029759522174994533e-03 2.505961851431170485e-04
0.000000000000000000e+00 2.948291899282263367e-04 2.110139522177564885e-04 2.134692124146685133e-02 3.755466319429850465e-03 9.598822298249576855e-04 9.685056823984724032e-04 2.395942883845946436e-04
0.000000000000000000e+00 2.948291899282263367e-04 2.110139522177564885e-04 7.002050437320986198e+00 4.142029048814773518e+00 1.709854157286578413e+01 1.688413641188750702e-01 6.115344841715077834e-03
0.000000000000000000e+00 2.948291899282263367e-04 2.110139522177564885e-04 7.737836493802111026e-02 4.074277540307133516e-03 1.025095496569231653e-03 1.029759522174994533e-03 2.505961851431170485e-04
0.000000000000000000e+00 2.948291899282263367e-04 2.110139522177564885e-04 1.234193880780603436e+00 1.590964775533107445e-01 5.094414503873302413e-01 1.584587779372009508e-01 1.817378787922046320e-03
0.000000000000000000e+00 2.948291899282263367e-04 2.110139522177564885e-04 9.663963252879161081e-02 4.220634213212854507e-03 1.182144424277446282e-03 1.193047644123033588e-03 2.888232524900767074e-04
0.000000000000000000e+00 2.948291899282263367e-04 2.110139522177564885e-04 2.909481019479997599e+00 1.922657011501322177e+00 2.331512077206635336e+00 5.196529054850408391e-01 5.062643472219879003e-03
0.000000000000000000e+00 2.948291899282263367e-04 2.110139522177564885e-04 9.046557564750559166e-01 1.122016014317617043e-02 9.952403586351163400e-02 1.788733033577604714e-01 1.207468903425312377e-03
0.000000000000000000e+00 2.948291899282263367e-04 2.110139522177564885e-04 5.159950840977832520e+00 3.413425245670556496e+00 3.918601521686641664e+00 3.718740834041513454e-01 7.145189320245941451e-03
0.000000000000000000e+00 2.948291899282263367e-04 2.110139522177564885e-04 6.856822506657600513e+00 2.894591376555749207e+01 3.069409883365352254e+00 2.188101847276928691e+00 1.092801686515678522e-03
0.000000000000000000e+00 2.948291899282263367e-04 2.110139522177564885e-04 9.609461343888626994e-02 4.362458991819279965e-03 1.187610101881930811e-03 1.193047644123033588e-03 2.888232524900767074e-04
0.000000000000000000e+00 2.948291899282263367e-04 9.538800276441742818e-03 1.210226067716854814e+00 2.975365711104447919e-01 8.586294237953328023e-01 5.476341280228896879e-01 2.746045194578721534e-03
0.000000000000000000e+00 2.948291899282263367e-04 2.110139522177564885e-04 6.929436471989293800e+00 7.272577399787166996e+00 9.295677023159246488e+00 7.035632218867293730e-01 7.418139276848493592e-03
0.000000000000000000e+00 2.948291899282263367e-04 2.110139522177564885e-04 5.159950840977832520e+00 3.413425245670556496e+00 3.486424994719273140e+00 3.716157447719447005e-01 7.116878447863728835e-03
0.000000000000000000e+00 2.948291899282263367e-04 2.110139522177564885e-04 2.227964007577586170e+00 1.875610501057406732e-01 2.045227712509428475e+00 9.884887491641083379e-01 4.177473962111879872e-03
0.000000000000000000e+00 2.948291899282263367e-04 2.110139522177564885e-04 1.155790050744989889e-01 4.384004700721724074e-03 3.292846019544238417e-02 1.248864901831533850e-03 2.985754010969273527e-04
0.000000000000000000e+00 2.948291899282263367e-04 2.110139522177564885e-04 7.002050437320986198e+00 2.640498445521219040e+01 4.188484093232035299e+00 2.885572128396713509e+00 2.263392775753411690e-02
0.000000000000000000e+00 2.948291899282263367e-04 2.110139522177564885e-04 7.795272250349979948e-02 3.818866044221966120e-03 1.029759522174994533e-03 1.033276737316281800e-02 2.868212366135504594e-04
0.000000000000000000e+00 9.632457581951780687e-03 5.520589877757026143e-01 8.665032994597169136e+00 2.241222637151865982e+01 3.386708262757358590e+00 1.322647496275308088e+00 1.052475129362328676e+00
0.000000000000000000e+00 2.948291899282263367e-04 2.110139522177564885e-04 8.847418870961011317e-01 3.520512804147125918e-02 2.659945667029606220e-01 2.513242521768578874e-01 1.472334301512893484e-03
0.000000000000000000e+00 2.948291899282263367e-04 2.110139522177564885e-04 5.159950840977832520e+00 3.413425245670556496e+00 1.782337040575875520e+01 7.105458469558760815e-01 6.109837853911007782e-03
0.000000000000000000e+00 2.948291899282263367e-04 2.110139522177564885e-04 5.159950840977832520e+00 8.280790771800853989e+00 1.546642803273091182e+01 2.724657348520204803e+00 3.631924594934231136e-03
0.000000000000000000e+00 2.948291899282263367e-04 2.110139522177564885e-04 7.002050437320986198e+00 4.265732633774608651e+00 1.727992836821225708e+01 1.689111734172203672e-01 6.118687424630711927e-03
0.000000000000000000e+00 2.948291899282263367e-04 2.110139522177564885e-04 7.002050437320986198e+00 2.858296211160796574e+01 3.194049283212616608e+00 2.099027299043198180e+00 8.913350253510659085e-04
0.000000000000000000e+00 2.948291899282263367e-04 2.110139522177564885e-04 8.249087762826274872e-01 2.917883879420409346e-02 2.194504841434968823e-01 3.351464045189725405e-02 9.882703292727538884e-04
0.000000000000000000e+00 2.948291899282263367e-04 2.110139522177564885e-04 5.100248830484790830e+00 3.518492178472283349e+00 3.630483837041726503e+00 1.546195233376731704e+00 1.749749402947869681e-01
0.000000000000000000e+00 2.948291899282263367e-04 2.110139522177564885e-04 2.192838368781426350e+00 1.461228394505236894e+00 1.518111404071680326e+00 7.557776776050727507e-01 4.212060069341865692e-03
0.000000000000000000e+00 2.948291899282263367e-04 2.110139522177564885e-04 9.046557564750559166e-01 1.550963855572841388e-01 1.498198728092703935e-01 7.575583358495238673e-02 1.220951326207006787e-03
0.000000000000000000e+00 2.948291899282263367e-04 2.110139522177564885e-04 3.082710370280223461e-02 4.020440140089575481e-03 9.788473223678879464e-04 9.788473223678879464e-04 2.414694001053035045e-04
0.000000000000000000e+00 2.948291899282263367e-04 2.110139522177564885e-04 5.159676514896091248e+00 3.308338583649639286e+00 3.774455618365558873e+00 3.056257409734031150e+00 7.858617310956064750e-03
0.000000000000000000e+00 2.948291899282263367e-04 2.110139522177564885e-04 5.100248830484790830e+00 5.378856398085515522e+00 1.110900044317055979e+01 2.231198435691959803e-01 8.019609731100862601e-03
0.000000000000000000e+00 2.948291899282263367e-04 2.110139522177564885e-04 1.156217516699837994e-01 4.675451847945363837e-03 1.178837531955746580e-02 1.179953840692415067e-02 2.966586583774235338e-04
0.000000000000000000e+00 2.948291899282263367e-04 4.421926099508440844e-01 9.085158760198581263e+00 2.259372359404363451e+01 3.867712551105693564e+00 1.033231925039566956e+00 8.514260280309727813e-01
0.000000000000000000e+00 2.948291899282263367e-04 2.110139522177564885e-04 1.233053786490533044e-02 3.997468780175705838e-03 9.581100699938390397e-04 9.581100699938390397e-04 2.377020460513788378e-04
0.000000000000000000e+00 2.948291899282263367e-04 2.110139522177564885e-04 9.404432967544240185e+00 3.312056986421491445e+01 3.142039365173740606e+00 2.715031796724094032e-02 8.901172712619649869e-04
0.000000000000000000e+00 2.948291899282263367e-04 2.110139522177564885e-04 2.951387212022420048e+00 9.837755329160133844e-01 1.694839243697871423e+00 1.253951338637298019e-01 4.177473962111879872e-03
0.000000000000000000e+00 2.948291899282263367e-04 5.353394391190914314e-01 8.875060461712903859e+00 2.241138921883701940e+01 3.466870083791316226e+00 1.322650861582919113e+00 1.052474657895923871e+00
0.000000000000000000e+00 2.948291899282263367e-04 9.538800276441742818e-03 5.100324629590206271e+00 5.131472452570307041e+00 1.001990840114045689e+01 2.226449760852630411e-01 7.979035773522463737e-03
0.000000000000000000e+00 2.948291899282263367e-04 9.538800276441742818e-03 5.100324629590206271e+00 3.413425245670556496e+00 3.198307310074354870e+00 2.384856888822598719e+00 7.207547959644282354e-03
0.000000000000000000e+00 2.948291899282263367e-04 2.110139522177564885e-04 5.159676514896091248e+00 3.413425245670556496e+00 3.774542679364187414e+00 3.056343522223323284e+00 7.867033153448976454e-03
0.000000000000000000e+00 2.948291899282263367e-04 2.110139522177564885e-04 2.159680127722263948e-02 3.923581395429966319e-03 9.685056823984724032e-04 9.685056823984724032e-04 2.395942883845946436e-04
0.000000000000000000e+00 2.948291899282263367e-04 2.110139522177564885e-04 5.159950840977832520e+00 3.308338583649639286e+00 1.854925327070389329e+01 1.117129663310053811e+00 6.120260670099773176e-03
0.000000000000000000e+00 2.948291899282263367e-04 2.110139522177564885e-04 1.156217516699837994e-01 4.675451847945363837e-03 1.178280140231226757e-02 4.351802659661931083e-02 3.532955704160820423e-04
0.000000000000000000e+00 2.948291899282263367e-04 2.110139522177564885e-04 2.157712729985266531e+00 7.743881363187750111e-01 1.392212458207490622e+00 9.001248293510129006e-01 4.168626998908236438e-03
0.000000000000000000e+00 2.948291899282263367e-04 2.110139522177564885e-04 2.053648601896345682e-01 5.488576036976485460e-03 1.386418013883440950e-02 1.386962312308166918e-02 3.619158537072368273e-04
0.000000000000000000e+00 2.948291899282263367e-04 2.110139522177564885e-04 5.159950840977832520e+00 3.308338583649639286e+00 3.774294874057685600e+00 3.717024295432840852e-01 7.126422437151037903e-03
0.000000000000000000e+00 2.948291899282263367e-04 2.110139522177564885e-04 9.046557564750559166e-01 8.321500571829647253e-02 5.321463204328049645e-01 3.001543818847009493e-01 1.811674480029838025e-03
0.000000000000000000e+00 2.948291899282263367e-04 2.110139522177564885e-04 6.786196049640651207e-02 3.808771778947238167e-03 1.019681964196070354e-03 1.019681964196070354e-03 2.488032508368130950e-04
0.000000000000000000e+00 2.948291899282263367e-04 2.110139522177564885e-04 1.613446397016884859e+01 4.165092957985687150e+01 8.750641315675748988e-01 2.714563176316988832e-02 1.092801686515678522e-03
0.000000000000000000e+00 2.948291899282263367e-04 2.110139522177564885e-04 4.111243148319244922e-02 3.819150674836416237e-03 9.891353867860623074e-04 9.847135955822602840e-04 2.433276217459231887e-04
0.000000000000000000e+00 2.948291899282263367e-04 2.110139522177564885e-04 1.613446397016884859e+01 3.366501150640567630e+01 1.831582128477793114e+00 2.714563176316988832e-02 1.092801686515678522e-03
0.000000000000000000e+00 2.948291899282263367e-04 2.110139522177564885e-04 7.002050437320986198e+00 4.265732633774608651e+00 1.709864350967141533e+01 1.688764707413869248e-01 6.117048878813876635e-03
0.000000000000000000e+00 2.948291899282263367e-04 2.110139522177564885e-04 1.670127029317528988e+00 9.744722358971898979e-01 1.319598492875797557e+00 7.233360364494347827e-01 4.141598255472637644e-03
0.000000000000000000e+00 2.948291899282263367e-04 2.110139522177564885e-04 6.856822506657600513e+00 7.272559220868296315e+00 1.111056587061249523e+01 4.000430441364364459e-02 7.437720022525148508e-03
0.000000000000000000e+00 2.948291899282263367e-04 9.538800276441742818e-03 5.100324629590206271e+00 3.413425245670556496e+00 3.342366152396812673e+00 2.384944721688067037e+00 7.216039757364749521e-03
0.000000000000000000e+00 2.948291899282263367e-04 2.110139522177564885e-04 6.255811647160937072e-01 4.885579587954655412e-02 1.223045417290220122e-01 2.752919028839134405e-02 7.959269864937089552e-04
0.000000000000000000e+00 2.948291899282263367e-04 3.851821111902768990e-01 7.021015021472045703e+00 2.150468903010410671e+01 4.489266575453914498e+00 1.791849239618492406e+00 1.582095223257494521e+00
0.000000000000000000e+00 2.948291899282263367e-04 2.110139522177564885e-04 6.929436471989293800e+00 7.272577399787166996e+00 1.056616398939012313e+01 3.989869112714480165e-02 7.430145473689043698e-03
0.000000000000000000e+00 2.948291899282263367e-04 2.110139522177564885e-04 7.002050437320986198e+00 7.128535796046562290e+00 9.840171437258195652e+00 5.377190503667250709e-01 7.426229599621183772e-03
0.000000000000000000e+00 2.948291899282263367e-04 2.110139522177564885e-04 2.421869812968675557e-03 3.377672391660942360e-03 8.480743105193053492e-04 1.025066793005254343e-02 2.377020460513788378e-04
0.000000000000000000e+00 2.948291899282263367e-04 2.110139522177564885e-04 7.002050437320986198e+00 4.142029048814773518e+00 1.002011418957950006e+01 1.486881805605751117e+00 8.030320434674787997e-03
0.000000000000000000e+00 2.948291899282263367e-04 2.110139522177564885e-04 5.159950840977832520e+00 3.308338583649639286e+00 1.709726816644003478e+01 7.103499593307911475e-01 6.099331513520887642e-03
0.000000000000000000e+00 2.948291899282263367e-04 9.538800276441742818e-03 5.040622619097165469e+00 3.518492178472283349e+00 3.630483837041726503e+00 2.552903350948262151e+00 7.832715785486679683e-03
0.000000000000000000e+00 2.948291899282263367e-04 2.110139522177564885e-04 6.929436471989293800e+00 7.128518557464713190e+00 1.056607145651354607e+01 5.378828317315685892e-01 7.437720022525148508e-03
0.000000000000000000e+00 2.948291899282263367e-04 2.110139522177564885e-04 1.194076652881539968e-02 3.580203696336538462e-03 9.538710565126549230e-04 9.581100699938390397e-04 2.377020460513788378e-04
0.000000000000000000e+00 2.948291899282263367e-04 9.538800276441742818e-03 6.929528664422468509e+00 4.265732633774608651e+00 7.842238469989336380e+00 7.637495153285989158e-01 7.940370290661104974e-03
0.000000000000000000e+00 2.948291899282263367e-04 9.538800276441742818e-03 1.210226067716854814e+00 1.590964775533107445e-01 2.513840275657515111e-01 7.087113857529562244e-01 2.207894484821978746e-03
0.000000000000000000e+00 2.948291899282263367e-04 2.110139522177564885e-04 2.951387212022420048e+00 1.850065667985691942e+00 2.331512077206635336e+00 1.385578000203885107e+00 5.966551867965602662e-03
0.000000000000000000e+00 2.948291899282263367e-04 2.110139522177564885e-04 1.152050768852295182e-01 4.675451847945363837e-03 1.178280140231226757e-02 1.179953840692415067e-02 2.966586583774235338e-04
0.000000000000000000e+00 2.948291899282263367e-04 5.520555564723521602e-01 8.980220744343510475e+00 2.259372169659951624e+01 3.787691504943017318e+00 1.033231925039566956e+00 8.514260280309727813e-01
0.000000000000000000e+00 2.948291899282263367e-04 2.110139522177564885e-04 6.929436471989293800e+00 4.389421415933445481e+00 1.673564723360545159e+01 1.688058529983509914e-01 6.113575121107761405e-03
0.000000000000000000e+00 2.948291899282263367e-04 2.110139522177564885e-04 1.601076038520901079e+01 4.854787192331421863e+01 7.063511336669231477e-02 2.714563176316988832e-02 1.092801686515678522e-03
0.000000000000000000e+00 2.948291899282263367e-04 2.110139522177564885e-04 6.929436471989293800e+00 7.272577399787166996e+00 9.113953907410426325e+00 2.054683471675357587e-01 7.400916501491892723e-03
0.000000000000000000e+00 2.948291899282263367e-04 2.110139522177564885e-04 5.159676514896091248e+00 3.308338583649639286e+00 3.630396776043105955e+00 2.888386038700765823e+00 7.841459050354899346e-03
0.000000000000000000e+00 2.948291899282263367e-04 9.538800276441742818e-03 5.100324629590206271e+00 3.413425245670556496e+00 1.385652759638752674e+00 2.046760239627990252e+00 7.107226826706938491e-03
0.000000000000000000e+00 2.948291899282263367e-04 2.110139522177564885e-04 1.613446397016884859e+01 4.419190351231861058e+01 5.706945001299588149e-01 2.714563176316988832e-02 1.092801686515678522e-03
0.000000000000000000e+00 2.948291899282263367e-04 2.110139522177564885e-04 7.002050437320986198e+00 2.840146397357499097e+01 5.998424922932657388e+00 1.114203985099553540e+00 8.901172712619649869e-04
0.000000000000000000e+00 2.948291899282263367e-04 2.110139522177564885e-04 7.002050437320986198e+00 2.350101424668449823e+01 2.413159369250755137e+00 1.003419470552769088e-01 3.631926298805455804e-03
0.000000000000000000e+00 2.948291899282263367e-04 9.538800276441742818e-03 5.100324629590206271e+00 1.809870049385204682e+00 2.621761756413615529e+00 1.614420374101815492e+00 6.059384716108813865e-03
0.000000000000000000e+00 2.948291899282263367e-04 2.110139522177564885e-04 1.640911513107487174e+00 1.699891293658303493e+00 1.959802576378886663e+00 3.356365847197272378e-01 4.203532970863427254e-03
0.000000000000000000e+00 2.948291899282263367e-04 2.110139522177564885e-04 2.157712729985266531e+00 7.743881363187750111e-01 1.319598492875797557e+00 1.076791715701816754e+00 4.177473962111879872e-03
0.000000000000000000e+00 2.948291899282263367e-04 2.110139522177564885e-04 5.159950840977832520e+00 3.412932062212375772e+00 1.673417820958902169e+01 8.457999466589657400e-01 6.099331513520887642e-03
0.000000000000000000e+00 2.948291899282263367e-04 2.110139522177564885e-04 7.002050437320986198e+00 3.770918293935272114e+00 6.410398676126632722e+00 7.669068848433742147e-01 7.915268275824331734e-03
0.000000000000000000e+00 2.948291899282263367e-04 2.110139522177564885e-04 4.915279793276713244e-02 1.292612263734384953e-02 1.000441999136968824e-03 1.009552332408318251e-03 2.469943230828653660e-04
0.000000000000000000e+00 2.948291899282263367e-04 2.110139522177564885e-04 4.925594479443064916e-02 3.788028046194055667e-03 9.903813317097900915e-04 9.993702636559534825e-04 2.451691870160407796e-04
0.000000000000000000e+00 2.948291899282263367e-04 2.110139522177564885e-04 6.929436471989293800e+00 4.142014246013778767e+00 1.727993713629193806e+01 7.108029505313048224e-01 6.121768804873205065e-03
0.000000000000000000e+00 3.025061749050248915e-04 2.110139522177564885e-04 1.197488523635707562e-02 3.997468780175705838e-03 9.538710565126549230e-04 9.581100699938390397e-04 2.377020460513788378e-04
0.000000000000000000e+00 2.948291899282263367e-04 2.110139522177564885e-04 1.842677827229511345e-01 5.181667735279269806e-03 1.484875598076763328e-03 1.484875598076763328e-03 3.532955704160820423e-04
0.000000000000000000e+00 2.948291899282263367e-04 9.538800276441742818e-03 1.210226067716854814e+00 1.590964775533107445e-01 5.513476429297523573e-01 8.458194938140483066e-01 2.731268811260671725e-03
0.000000000000000000e+00 2.948291899282263367e-04 2.110139522177564885e-04 6.873060897582791706e-02 4.063903696664917381e-03 1.019681964196070354e-03 1.019681964196070354e-03 2.488032508368130950e-04
0.000000000000000000e+00 2.948291899282263367e-04 9.538800276441742818e-03 6.929194570351333127e+00 2.840146397357499097e+01 3.194038426369224304e+00 2.099026591247130202e+00 2.263033882894498888e-02
0.000000000000000000e+00 2.948291899282263367e-04 2.110139522177564885e-04 3.016740562320289754e-01 7.772345607072905782e-02 1.526550564332803950e-01 1.222861122893961761e-01 7.891801476289732852e-04
0.000000000000000000e+00 2.948291899282263367e-04 2.110139522177564885e-04 5.159950840977832520e+00 3.413425245670556496e+00 7.080747876297518673e+00 1.674069910560362029e+00 7.922934590742678265e-03
0.000000000000000000e+00 2.948291899282263367e-04 2.110139522177564885e-04 5.000362550733137429e-02 4.042573643504542881e-03 9.993702636559534825e-04 9.993702636559534825e-04 2.451691870160407796e-04
0.000000000000000000e+00 2.948291899282263367e-04 2.110139522177564885e-04 9.046557564750559166e-01 2.170326587469525170e-01 2.512367011636956193e-01 2.162037085706920991e-01 1.487645903026858047e-03
0.000000000000000000e+00 2.948291899282263367e-04 2.110139522177564885e-04 4.957957418394672716e-02 4.042573643504542881e-03 9.948877526867220492e-04 9.993702636559534825e-04 2.451691870160407796e-04
0.000000000000000000e+00 2.948291899282263367e-04 2.110139522177564885e-04 9.046557564750559166e-01 1.122016014317617043e-02 1.475030342973372988e-01 1.789240764847813692e-01 1.216493972168535692e-03
0.000000000000000000e+00 2.948291899282263367e-04 2.110139522177564885e-04 1.669993400314064180e+00 1.024513532271315253e+00 1.174425793121149475e+00 1.047273055284062421e-01 3.418852622550809517e-03
0.000000000000000000e+00 2.948291899282263367e-04 2.110139522177564885e-04 7.002050437320986198e+00 5.832006215144446060e+00 9.657818155586516795e+00 5.842907865005642076e-01 8.030320434674787997e-03
0.000000000000000000e+00 2.948291899282263367e-04 2.110139522177564885e-04 6.906396581955943914e-02 3.684411773444988460e-03 1.019681964196070354e-03 1.019681964196070354e-03 2.488032508368130950e-04
0.000000000000000000e+00 2.948291899282263367e-04 9.538800276441742818e-03 6.856914699090776111e+00 4.142014246013778767e+00 1.056450602907161773e+01 9.452616344874993359e-01 8.025013633020947404e-03
0.000000000000000000e+00 2.948291899282263367e-04 2.110139522177564885e-04 3.141412120255282492e-01 7.773508641578620593e-02 2.226190730137007131e-03 1.894230808339789074e-02 5.172051836286385186e-04
0.000000000000000000e+00 2.948291899282263367e-04 2.110139522177564885e-04 1.234193880780603436e+00 6.902217277414032237e-01 9.651285312774494640e-01 8.116812270470187274e-01 3.418852622550809517e-03
0.000000000000000000e+00 2.948291899282263367e-04 2.110139522177564885e-04 1.244524805599016304e+01 3.094263604611667517e+01 3.199034216969351530e+00 6.642552693555035803e-03 1.092801686515678522e-03
0.000000000000000000e+00 2.948291899282263367e-04 2.110139522177564885e-04 7.002050437320986198e+00 2.368251238471748366e+01 3.243639165362233623e+00 1.262180224907734072e+00 2.172350926266076836e-03
0.000000000000000000e+00 2.948291899282263367e-04 2.110139522177564885e-04 1.062759972235110539e-01 4.278404370179572300e-03 1.204325591441321062e-03 1.204325591441321062e-03 2.908077860167684056e-04
0.000000000000000000e+00 2.948291899282263367e-04 2.110139522177564885e-04 2.054134415160812355e-01 5.260210000992808672e-03 1.386418013883440950e-02 5.093858154239370301e-02 4.247797594009869926e-04
0.000000000000000000e+00 2.948291899282263367e-04 2.110139522177564885e-04 1.204391339047892508e-02 3.744210295195860363e-03 9.538710565126549230e-04 9.581100699938390397e-04 2.377020460513788378e-04
0.000000000000000000e+00 2.948291899282263367e-04 2.110139522177564885e-04 2.053165468626294010e-01 3.019645238825967651e-02 2.623600634572496523e-02 1.799998389042816328e-03 4.223864839361130431e-04
0.000000000000000000e+00 2.948291899282263367e-04 2.110139522177564885e-04 7.824015501327966082e-02 4.074277540307133516e-03 1.029759522174994533e-03 1.029759522174994533e-03 2.505961851431170485e-04
0.000000000000000000e+00 2.948291899282263367e-04 2.110139522177564885e-04 1.640911513107487174e+00 8.743681759676511511e-01 7.266024753376127965e-01 8.117873358706104714e-01 3.435199114746509061e-03
0.000000000000000000e+00 2.948291899282263367e-04 2.110139522177564885e-04 4.336849464394381681e-01 1.413840644931150525e-01 2.789157947159816298e-03 2.789157947159816298e-03 6.375079494680861237e-04
0.000000000000000000e+00 2.948291899282263367e-04 2.110139522177564885e-04 3.984979008177920445e-02 3.572112937541355865e-03 9.802680712280274506e-04 9.891353867860623074e-04 2.433276217459231887e-04
0.000000000000000000e+00 2.948291899282263367e-04 2.110139522177564885e-04 7.002050437320986198e+00 2.350101424668449823e+01 1.894125920789938355e+00 2.603162940365656361e-02 4.701667518679243304e-03
0.000000000000000000e+00 2.948291899282263367e-04 2.110139522177564885e-04 1.156217516699837994e-01 4.675451847945363837e-03 3.292846019544238417e-02 1.182169429839658933e-02 3.004757041738715826e-04
0.000000000000000000e+00 2.948291899282263367e-04 2.110139522177564885e-04 7.002050437320986198e+00 4.265732633774608651e+00 8.205234746055300121e+00 4.027274833126186504e-01 7.940370290661104974e-03
0.000000000000000000e+00 2.948291899282263367e-04 2.110139522177564885e-04 1.611963254904375198e+00 1.024470108209939001e+00 1.392156933133805952e+00 1.076791715701816754e+00 4.177473962111879872e-03
0.000000000000000000e+00 2.948291899282263367e-04 2.110139522177564885e-04 1.244524805599016304e+01 2.967214907988580919e+01 4.314042010319910858e+00 2.714563176316988832e-02 1.092801686515678522e-03
0.000000000000000000e+00 2.948291899282263367e-04 1.884180812742967601e-02 6.638828769545006558e+00 2.386394180164669621e+01 5.527333472375543622e+00 1.286152598152695559e+00 1.052477387115883012e+00
0.000000000000000000e+00 2.948291899282263367e-04 2.110139522177564885e-04 1.670127029317528988e+00 9.744722358971898979e-01 1.464826423539183686e+00 1.049101663073173374e-01 3.443264822745008107e-03
0.000000000000000000e+00 2.948291899282263367e-04 2.110139522177564885e-04 5.942760112483998908e-02 3.840377397729070885e-03 1.009552332408318251e-03 1.009552332408318251e-03 2.469943230828653660e-04
0.000000000000000000e+00 2.948291899282263367e-04 9.538800276441742818e-03 3.018029587062984742e-01 7.773508641578620593e-02 1.894230808339789074e-02 1.025390036841995478e-01 6.345310980986808985e-04
0.000000000000000000e+00 2.948291899282263367e-04 2.110139522177564885e-04 5.159950840977832520e+00 5.502583207449808889e+00 6.934747779824431468e+00 7.672250366724230330e-01 7.945302244318526788e-03
0.000000000000000000e+00 2.948291899282263367e-04 2.110139522177564885e-04 1.204391339047892508e-02 3.744210295195860363e-03 9.538710565126549230e-04 9.581100699938390397e-04 2.377020460513788378e-04
0.000000000000000000e+00 2.948291899282263367e-04 2.110139522177564885e-04 6.255811647160937072e-01 2.912949801325318694e-02 1.421862435998440533e-01 1.475205995802579273e-01 9.843940543840250419e-04
0.000000000000000000e+00 2.948291899282263367e-04 2.110139522177564885e-04 5.159950840977832520e+00 3.308338583649639286e+00 3.774455618365558873e+00 1.546195233376731704e+00 7.190254032861316189e-03
0.000000000000000000e+00 2.948291899282263367e-04 2.110139522177564885e-04 2.909481019479997599e+00 1.922657011501322177e+00 2.226425415185718126e+00 2.621897298316436586e+00 6.023413110103104616e-03
0.000000000000000000e+00 2.948291899282263367e-04 9.538800276441742818e-03 6.929528664422468509e+00 2.386401052275045842e+01 3.347471824980293054e+00 1.137560574888324849e+00 6.582952467807776653e-01
0.000000000000000000e+00 2.948291899282263367e-04 2.110139522177564885e-04 7.002050437320986198e+00 4.265732633774608651e+00 1.728014164770439365e+01 5.753823632265395727e-01 6.123212017336289795e-03
0.000000000000000000e+00 2.948291899282263367e-04 2.110139522177564885e-04 3.141412120255282492e-01 2.072458765521906568e-02 4.460034687734179548e-02 1.359389390800194997e-01 6.345310980986808985e-04
0.000000000000000000e+00 2.948291899282263367e-04 9.538800276441742818e-03 5.100324629590206271e+00 3.413425245670556496e+00 1.385652759638752674e+00 1.902701397305536668e+00 7.097467118261199977e-03
0.000000000000000000e+00 2.948291899282263367e-04 2.110139522177564885e-04 6.929436471989293800e+00 2.912743480700878607e+01 3.381029559826986386e+00 2.032222913672616649e+00 1.092801686515678522e-03
0.000000000000000000e+00 2.948291899282263367e-04 9.538800276441742818e-03 5.100324629590206271e+00 3.308338583649639286e+00 1.873075140873687872e+01 5.752048048516316126e-01 6.115344841715077834e-03
0.000000000000000000e+00 2.948291899282263367e-04 2.110139522177564885e-04 7.002050437320986198e+00 6.552300426756732854e+00 9.839797593924563657e+00 3.945577654954017521e-02 7.396392041250430920e-03
0.000000000000000000e+00 2.948291899282263367e-04 2.110139522177564885e-04 5.159950840977832520e+00 3.308338583649639286e+00 1.709726816644003478e+01 8.458403559338952826e-01 6.101566512612351979e-03
0.000000000000000000e+00 2.948291899282263367e-04 9.538800276441742818e-03 1.948053904546860893e-01 5.546413822141509423e-03 7.562680541858764205e-02 5.883888502673049331e-02 5.118880151038018378e-04
0.000000000000000000e+00 2.948291899282263367e-04 2.110139522177564885e-04 5.159950840977832520e+00 3.413425245670556496e+00 1.891235923395664287e+01 4.397866462045659230e-01 6.117048878813876635e-03
0.000000000000000000e+00 2.948291899282263367e-04 2.110139522177564885e-04 6.929436471989293800e+00 4.265717830973611235e+00 7.842136533183715841e+00 5.860356059560797304e-01 7.926670202657252334e-03
0.000000000000000000e+00 2.948291899282263367e-04 9.538800276441742818e-03 5.040622619097165469e+00 1.809853459733302472e+00 3.116495900241566641e+00 1.614664622020723472e+00 7.087598862722926593e-03
0.000000000000000000e+00 2.948291899282263367e-04 2.110139522177564885e-04 6.422972820693545470e-01 2.914219875149501662e-02 1.222906830475486012e-01 2.369126794963838101e-01 9.921150176167147384e-04
0.000000000000000000e+00 2.948291899282263367e-04 2.110139522177564885e-04 5.159950840977832520e+00 3.413425245670556496e+00 6.409609131249832004e+00 1.310736387335152076e+00 7.875340695729756563e-03
0.000000000000000000e+00 2.948291899282263367e-04 2.110139522177564885e-04 5.159950840977832520e+00 8.280790771800853989e+00 1.474043548059898434e+01 2.724552850687147476e+00 3.631998034101972979e-03
0.000000000000000000e+00 2.948291899282263367e-04 2.110139522177564885e-04 2.951387212022420048e+00 3.742136791179941357e-01 1.392267689116228446e+00 2.331584163832518986e+00 5.035255337757650607e-03
0.000000000000000000e+00 2.948291899282263367e-04 2.110139522177564885e-04 6.255811647160937072e-01 4.904336739220807595e-02 1.222906830475486012e-01 3.241583411161142458e-01 1.211999925202578892e-03
0.000000000000000000e+00 2.948291899282263367e-04 2.110139522177564885e-04 3.141412120255282492e-01 9.198771110592798839e-02 1.895841691789552572e-02 2.258327171501667546e-03 5.198308652891495650e-04
0.000000000000000000e+00 2.948291899282263367e-04 2.110139522177564885e-04 5.159950840977832520e+00 8.136731929478399294e+00 1.510333798693574536e+01 2.620772748635081584e+00 3.631998034101972979e-03
0.000000000000000000e+00 2.948291899282263367e-04 2.110139522177564885e-04 3.082710370280223461e-02 3.602045454222269506e-03 9.788473223678879464e-04 9.788473223678879464e-04 2.414694001053035045e-04
0.000000000000000000e+00 2.948291899282263367e-04 2.110139522177564885e-04 1.641045142110952204e+00 1.074533361464151016e+00 1.247039758452842539e+00 1.931525175708637132e-01 3.435199114746509061e-03
0.000000000000000000e+00 2.948291899282263367e-04 9.538800276441742818e-03 6.856914699090776111e+00 2.640496273651406156e+01 4.028143700567117236e+00 2.885566606096309439e+00 8.996588416053593077e-04
0.000000000000000000e+00 2.948291899282263367e-04 2.110139522177564885e-04 6.929436471989293800e+00 4.265717830973611235e+00 1.074610674171141866e+01 2.230537133588381959e-01 8.014108401386490707e-03
0.000000000000000000e+00 2.948291899282263367e-04 9.538800276441742818e-03 5.040622619097165469e+00 3.413405516451366584e+00 1.385578000203885107e+00 1.902619981709365193e+00 7.087598862722926593e-03
0.000000000000000000e+00 2.948291899282263367e-04 2.110139522177564885e-04 5.159950840977832520e+00 3.308338583649639286e+00 1.800475885660494768e+01 4.395650537496612609e-01 6.105835513011830494e-03
0.000000000000000000e+00 2.948291899282263367e-04 2.110139522177564885e-04 5.159950840977832520e+00 3.308338583649639286e+00 1.800475885660494768e+01 7.105458469558760815e-01 1.416002344570216620e-01
0.000000000000000000e+00 2.948291899282263367e-04 2.110139522177564885e-04 2.909481019479997599e+00 9.837569336301356104e-01 1.694775204315819739e+00 1.176193236015227628e+00 5.007063702077640781e-03
0.000000000000000000e+00 2.948291899282263367e-04 2.110139522177564885e-04 7.002050437320986198e+00 2.313801797061853449e+01 2.205492505100330458e+00 2.606037132415298108e-01 3.631674039020202967e-03
0.000000000000000000e+00 2.948291899282263367e-04 2.110139522177564885e-04 1.948406121195161989e-01 5.081222165287949816e-03 1.497591008787294399e-03 1.497591008787294399e-03 3.554782541688216780e-04
0.000000000000000000e+00 2.948291899282263367e-04 2.110139522177564885e-04 2.909288463793750168e+00 1.995270976833015464e+00 2.331584163832518986e+00 2.723204950002413027e-01 5.053602649620704372e-03
0.000000000000000000e+00 2.948291899282263367e-04 2.110139522177564885e-04 7.002050437320986198e+00 3.275741928636654876e+01 4.277543238338933129e+00 1.358618974138742774e-01 8.901172712619649869e-04
0.000000000000000000e+00 2.948291899282263367e-04 2.110139522177564885e-04 7.002050437320986198e+00 2.840146397357499097e+01 3.194038426369224304e+00 2.121295597340020933e+00 8.913350253510659085e-04
0.000000000000000000e+00 2.948291899282263367e-04 2.110139522177564885e-04 1.234193880780603436e+00 1.590964775533107445e-01 2.513840275657515111e-01 6.086287930047057371e-01 2.194894494101930129e-03
0.000000000000000000e+00 2.948291899282263367e-04 2.110139522177564885e-04 2.951387212022420048e+00 1.922679633317385006e+00 2.331584163832518986e+00 1.385652759638752674e+00 5.976274004362237303e-03
0.000000000000000000e+00 2.948291899282263367e-04 2.110139522177564885e-04 9.046557564750559166e-01 1.122016014317617043e-02 9.950647058059100547e-02 1.497914161511836317e-01 9.959283690522840495e-04
0.000000000000000000e+00 2.948291899282263367e-04 2.110139522177564885e-04 2.054134415160812355e-01 2.996808635227600146e-02 2.623600634572496523e-02 1.799998389042816328e-03 4.223864839361130431e-04
0.000000000000000000e+00 2.948291899282263367e-04 2.110139522177564885e-04 6.803913510675396736e-02 3.808771778947238167e-03 1.019681964196070354e-03 1.019681964196070354e-03 2.488032508368130950e-04
0.000000000000000000e+00 2.948291899282263367e-04 2.110139522177564885e-04 6.422972820693545470e-01 1.486254150252243333e-01 1.235047524389644297e-01 6.257120588513474801e-02 9.882703292727538884e-04
0.000000000000000000e+00 2.948291899282263367e-04 2.110139522177564885e-04 5.100248830484790830e+00 1.898217379546397909e+00 2.621761756413615529e+00 1.758479216424272851e+00 7.067534848839339412e-03
0.000000000000000000e+00 2.948291899282263367e-04 2.110139522177564885e-04 3.774536258242167541e+00 1.559713945784762634e+00 2.331584163832518986e+00 1.509356344598587141e+00 1.500447397637436064e-01
0.000000000000000000e+00 2.948291899282263367e-04 9.538800276441742818e-03 6.929528664422468509e+00 3.275657161115527316e+01 4.058601652591280029e+00 2.445761956584722729e-01 8.913350253510659085e-04
0.000000000000000000e+00 2.948291899282263367e-04 2.110139522177564885e-04 1.234083610547216381e+00 1.589589211550835601e-01 1.108814723811122060e-01 3.000160936555362756e-01 1.497645284917316875e-03
0.000000000000000000e+00 2.948291899282263367e-04 2.110139522177564885e-04 5.159950840977832520e+00 5.378879622489973755e+00 1.020161232761247838e+01 2.228519122659964879e-01 7.997016531874227840e-03
0.000000000000000000e+00 2.948291899282263367e-04 9.538800276441742818e-03 6.929528664422468509e+00 4.265732633774608651e+00 1.800613419983631758e+01 3.371288394733112370e-01 4.694351691822226495e-03
0.000000000000000000e+00 2.948291899282263367e-04 2.110139522177564885e-04 1.234083610547216381e+00 7.321279202838253397e-01 7.263681053002624122e-01 8.841338690030720038e-01 3.402216636359461661e-03
0.000000000000000000e+00 2.948291899282263367e-04 2.110139522177564885e-04 1.842677827229511345e-01 5.523685266858015253e-03 1.484875598076763328e-03 1.484875598076763328e-03 3.532955704160820423e-04
0.000000000000000000e+00 2.948291899282263367e-04 2.110139522177564885e-04 1.234083610547216381e+00 7.740341128262473447e-01 7.264154728279647033e-01 8.115739673387381004e-01 9.176613644945498527e-02
0.000000000000000000e+00 2.948291899282263367e-04 2.110139522177564885e-04 7.002050437320986198e+00 4.265732633774608651e+00 8.386732884088287321e+00 5.833865394758415146e-01 7.953662660712571691e-03
0.000000000000000000e+00 2.948291899282263367e-04 2.110139522177564885e-04 6.929436471989293800e+00 2.894593666897581130e+01 3.318699360883631932e+00 2.076760053669447270e+00 1.092801686515678522e-03
0.000000000000000000e+00 2.948291899282263367e-04 2.110139522177564885e-04 1.234193880780603436e+00 6.483155351989813298e-01 1.203888707915398149e+00 7.392259955636785174e-01 3.435199114746509061e-03
0.000000000000000000e+00 2.948291899282263367e-04 2.110139522177564885e-04 4.479375711295799367e-01 7.667318389560481319e-03 8.581207025902978791e-02 2.765756107217503396e-03 6.315296495871500519e-04
0.000000000000000000e+00 2.948291899282263367e-04 2.110139522177564885e-04 1.063187438189958645e-01 4.373328475079735211e-03 1.204325591441321062e-03 1.204325591441321062e-03 2.908077860167684056e-04
0.000000000000000000e+00 2.948291899282263367e-04 2.110139522177564885e-04 2.246414238520067636e-02 4.009061439709705674e-03 9.685056823984724032e-04 9.685056823984724032e-04 2.395942883845946436e-04
0.000000000000000000e+00 2.948291899282263367e-04 2.110139522177564885e-04 5.100248830484790830e+00 3.413405516451366584e+00 3.774455618365558873e+00 2.385118664686344481e+00 1.893220005597656408e-01
0.000000000000000000e+00 2.948291899282263367e-04 2.110139522177564885e-04 5.159950840977832520e+00 3.413425245670556496e+00 1.385514150243334353e+00 2.334877924272904970e+00 7.126422437151037903e-03
0.000000000000000000e+00 2.948291899282263367e-04 2.110139522177564885e-04 1.234193880780603436e+00 1.590964775533107445e-01 5.513476429297523573e-01 7.264154728279647033e-01 2.233246708589746270e-03
0.000000000000000000e+00 2.948291899282263367e-04 2.110139522177564885e-04 1.152864667311427616e-01 4.626223864846702553e-03 1.178837531955746580e-02 1.221067105634453601e-03 2.947252779117725554e-04
0.000000000000000000e+00 2.948291899282263367e-04 2.110139522177564885e-04 4.918691664030880317e-02 4.042573643504542881e-03 9.948877526867220492e-04 9.993702636559534825e-04 2.451691870160407796e-04
0.000000000000000000e+00 2.948291899282263367e-04 2.110139522177564885e-04 6.929436471989293800e+00 7.272577399787166996e+00 9.295677023159246488e+00 2.055255100327348372e-01 7.405353168619779533e-03
0.000000000000000000e+00 2.948291899282263367e-04 2.110139522177564885e-04 1.601076038520901079e+01 4.854787192331421863e+01 7.063511336669231477e-02 2.714563176316988832e-02 1.092801686515678522e-03
0.000000000000000000e+00 2.948291899282263367e-04 2.110139522177564885e-04 1.234193880780603436e+00 7.321279202838253397e-01 9.651761472724296187e-01 3.760506328878833737e-01 2.774848446559634654e-03
0.000000000000000000e+00 2.948291899282263367e-04 9.538800276441742818e-03 5.100324629590206271e+00 5.131472452570307041e+00 1.001990840114045689e+01 2.226449760852630411e-01 7.979035773522463737e-03
0.000000000000000000e+00 2.948291899282263367e-04 2.110139522177564885e-04 5.040272493910006979e+00 1.898200156408996975e+00 3.116495900241566641e+00 1.470605779698266335e+00 7.077621595838734340e-03
0.000000000000000000e+00 2.948291899282263367e-04 2.110139522177564885e-04 1.979778006041023986e+01 4.764025195785923472e+01 5.407838579360856046e-03 2.714563176316988832e-02 1.092801686515678522e-03
0.000000000000000000e+00 2.948291899282263367e-04 2.110139522177564885e-04 8.758519734211608898e-02 4.641974364475995492e-03 1.181711701757699262e-03 1.181711701757699262e-03 2.868212366135504594e-04
0.000000000000000000e+00 2.948291899282263367e-04 9.538800276441742818e-03 1.947570125031518051e-01 5.546413822141509423e-03 1.385711454037943068e-02 1.387676701546869569e-02 3.619158537072368273e-04
0.000000000000000000e+00 2.948291899282263367e-04 2.110139522177564885e-04 2.080619195666744758e+01 4.636960749519560210e+01 5.407838579360856046e-03 2.714563176316988832e-02 1.092801686515678522e-03
0.000000000000000000e+00 2.948291899282263367e-04 2.110139522177564885e-04 7.002050437320986198e+00 5.832006215144446060e+00 9.657818155586516795e+00 5.842907865005642076e-01 1.886157919003631223e-01
0.000000000000000000e+00 2.948291899282263367e-04 2.110139522177564885e-04 6.929436471989293800e+00 4.142014246013778767e+00 1.038300789103863053e+01 1.848121155457148834e+00 7.396392041250430920e-03
0.000000000000000000e+00 2.948291899282263367e-04 2.110139522177564885e-04 1.156217516699837994e-01 4.384004700721724074e-03 1.215545922992410967e-03 1.215545922992410967e-03 2.927750565721865526e-04
0.000000000000000000e+00 2.948291899282263367e-04 1.884180812742967601e-02 6.784391219437585718e+00 2.640496273651406156e+01 4.028143700567117236e+00 2.885566606096309439e+00 8.996588416053593077e-04
0.000000000000000000e+00 2.948291899282263367e-04 2.110139522177564885e-04 1.152456482307674807e-01 4.675451847945363837e-03 1.209972005747213383e-03 5.407969290581769728e-02 3.532955704160820423e-04
0.000000000000000000e+00 2.948291899282263367e-04 5.353394391190914314e-01 8.875555782552975614e+00 2.241138921883701940e+01 3.466870083791316226e+00 1.322650861582919113e+00 1.052474657895923871e+00
0.000000000000000000e+00 2.948291899282263367e-04 2.110139522177564885e-04 2.054134415160812355e-01 5.546413822141509423e-03 1.386418013883440950e-02 6.329251971803537269e-02 4.271530089748412098e-04
0.000000000000000000e+00 2.948291899282263367e-04 2.110139522177564885e-04 3.874618850990418029e+00 2.604972683165966529e+00 2.250651001534110573e+00 1.758230391887364741e+00 6.041590212770175938e-03
0.000000000000000000e+00 2.948291899282263367e-04 2.110139522177564885e-04 1.210195598922230609e+00 1.590822412036954625e-01 5.093727513953735242e-01 5.087079415698755325e-01 6.190990497786379859e-02
0.000000000000000000e+00 2.948291899282263367e-04 2.110139522177564885e-04 2.421869812968675557e-03 3.377672391660942360e-03 1.954949789294794724e-02 1.027151353338640397e-02 2.414694001053035045e-04
0.000000000000000000e+00 2.948291899282263367e-04 2.110139522177564885e-04 2.452874851388446142e-03 3.566820820504548045e-03 2.884830485650034457e-02 9.788473223678879464e-04 2.414694001053035045e-04
0.000000000000000000e+00 2.948291899282263367e-04 2.110139522177564885e-04 5.159950840977832520e+00 5.255176037530142175e+00 6.075020726470951260e+00 2.400390127140207941e+00 7.940370290661104974e-03
0.000000000000000000e+00 2.948291899282263367e-04 2.110139522177564885e-04 9.663963252879161081e-02 4.267636684210892803e-03 1.193047644123033588e-03 1.193047644123033588e-03 2.888232524900767074e-04
0.000000000000000000e+00 2.948291899282263367e-04 2.110139522177564885e-04 5.159950840977832520e+00 3.413425245670556496e+00 1.727887599165980248e+01 7.104295443678375621e-01 6.103734445217627938e-03
0.000000000000000000e+00 2.948291899282263367e-04 3.994347358804187231e-01 6.932719291357847702e+00 2.150468903010410671e+01 4.177846506377428604e+00 1.791829452319342764e+00 1.626634671597113391e+00
0.000000000000000000e+00 2.948291899282263367e-04 2.110139522177564885e-04 2.391100587064585049e-03 3.566820820504548045e-03 8.405760266557787096e-04 1.025066793005254343e-02 2.377020460513788378e-04
0.000000000000000000e+00 2.948291899282263367e-04 4.279399852607022048e-01 6.756124055697489972e+00 2.132319089207111773e+01 4.385432988635749041e+00 1.791836184255519271e+00 1.648903207802639770e+00
0.000000000000000000e+00 2.948291899282263367e-04 2.110139522177564885e-04 4.020281697919849545e-02 3.777370965236220759e-03 9.847135955822602840e-04 9.891353867860623074e-04 2.433276217459231887e-04
0.000000000000000000e+00 2.948291899282263367e-04 2.110139522177564885e-04 7.002050437320986198e+00 3.894621878895106803e+00 6.242515080922600212e+00 7.669068848433742147e-01 7.915268275824331734e-03
0.000000000000000000e+00 2.948291899282263367e-04 2.110139522177564885e-04 1.210085328688843775e+00 1.880265755128876504e-01 1.108814723811122060e-01 4.676408638252244621e-01 1.811674480029838025e-03
0.000000000000000000e+00 2.948291899282263367e-04 2.110139522177564885e-04 2.909481019479997599e+00 9.837569336301356104e-01 1.783139124128915398e+00 2.030847184281263720e-02 4.168626998908236438e-03
0.000000000000000000e+00 2.948291899282263367e-04 2.110139522177564885e-04 6.929436471989293800e+00 2.331949438995339463e+01 3.451172781406285583e+00 1.262170082853684150e+00 5.027003591341170502e-02
0.000000000000000000e+00 2.948291899282263367e-04 2.110139522177564885e-04 7.001716781813832391e+00 2.313801797061853449e+01 2.205492505100330458e+00 2.606037132415298108e-01 3.631674039020202967e-03
0.000000000000000000e+00 2.948291899282263367e-04 2.110139522177564885e-04 2.909288463793750168e+00 1.995270976833015464e+00 4.105381943464320393e+00 1.326466028015704124e+00 6.059384716108813865e-03
0.000000000000000000e+00 2.948291899282263367e-04 2.110139522177564885e-04 6.929436471989293800e+00 4.389421415933445481e+00 1.728014164770439365e+01 5.753823632265395727e-01 1.416136086204469458e-01
0.000000000000000000e+00 2.948291899282263367e-04 2.110139522177564885e-04 1.670127029317528988e+00 1.024513532271315253e+00 1.319653723784535382e+00 7.233969897248218039e-01 4.150689579829547164e-03
0.000000000000000000e+00 2.948291899282263367e-04 2.110139522177564885e-04 7.795272250349979948e-02 3.818866044221966120e-03 1.025095496569231653e-03 1.029759522174994533e-03 2.505961851431170485e-04
0.000000000000000000e+00 2.948291899282263367e-04 2.110139522177564885e-04 2.134692124146685133e-02 3.591223187317660239e-03 9.598822298249576855e-04 9.685056823984724032e-04 2.395942883845946436e-04
0.000000000000000000e+00 2.948291899282263367e-04 2.110139522177564885e-04 6.873060897582791706e-02 3.684411773444988460e-03 1.019681964196070354e-03 1.019681964196070354e-03 2.488032508368130950e-04
0.000000000000000000e+00 2.948291899282263367e-04 2.110139522177564885e-04 5.040546819991748251e+00 8.856971016427891641e+00 1.455912302611571896e+01 2.724579438327241920e+00 3.632033635517780117e-03
0.000000000000000000e+00 2.948291899282263367e-04 1.884180812742967601e-02 6.857005184769278117e+00 4.265732633774608651e+00 1.038321240245108612e+01 7.647434297459241304e-01 8.025013633020947404e-03
0.000000000000000000e+00 2.948291899282263367e-04 9.538800276441742818e-03 5.100324629590206271e+00 3.413425245670556496e+00 6.912963190035600114e+00 7.664958097677883053e-01 7.875340695729756563e-03
0.000000000000000000e+00 2.948291899282263367e-04 2.110139522177564885e-04 5.159950840977832520e+00 3.413425245670556496e+00 7.080747876297518673e+00 1.855568048593348340e+00 7.930495430994112874e-03
0.000000000000000000e+00 2.948291899282263367e-04 2.110139522177564885e-04 3.141412120255282492e-01 7.773508641578620593e-02 5.237454278991945933e-02 2.274273957994436216e-03 5.224348973519079556e-04
0.000000000000000000e+00 2.948291899282263367e-04 2.110139522177564885e-04 7.002050437320986198e+00 2.114153845225574102e+01 1.116861147047064406e+00 4.397144082485210381e-01 6.113575121107761405e-03
0.000000000000000000e+00 2.948291899282263367e-04 2.110139522177564885e-04 6.929436471989293800e+00 2.404548694208531856e+01 3.347471824980293054e+00 1.324519674659218937e+00 2.170660504962362760e-03
0.000000000000000000e+00 2.948291899282263367e-04 2.110139522177564885e-04 7.836697367054736019e-02 4.074277540307133516e-03 1.025095496569231653e-03 1.033276737316281800e-02 2.868212366135504594e-04
0.000000000000000000e+00 2.948291899282263367e-04 2.110139522177564885e-04 4.950582483018642344e-02 3.829860535013522669e-03 9.948877526867220492e-04 1.030237811464388385e-02 2.469943230828653660e-04
0.000000000000000000e+00 2.948291899282263367e-04 2.110139522177564885e-04 4.478720814307659004e-01 1.883588818995343694e-01 2.825682817336115388e-03 2.825682817336115388e-03 6.433887559117512167e-04
0.000000000000000000e+00 2.948291899282263367e-04 2.110139522177564885e-04 7.001384966921088804e+00 2.622348631717920853e+01 4.188467342635036061e+00 2.914067791911914451e+00 2.263392775753411690e-02
0.000000000000000000e+00 2.948291899282263367e-04 2.110139522177564885e-04 4.943311940477810446e-02 4.042573643504542881e-03 9.948877526867220492e-04 9.993702636559534825e-04 2.451691870160407796e-04
0.000000000000000000e+00 2.948291899282263367e-04 2.110139522177564885e-04 7.002050437320986198e+00 4.265732633774608651e+00 1.002021612638512238e+01 2.228519122659964879e-01 7.997016531874227840e-03
0.000000000000000000e+00 2.948291899282263367e-04 2.110139522177564885e-04 2.867574826937576038e+00 1.922290945640982462e+00 9.884277958887214277e-01 9.660884300310547124e-01 4.997485878142786213e-03
0.000000000000000000e+00 2.948291899282263367e-04 2.110139522177564885e-04 1.234193880780603436e+00 1.300145903467339048e-01 5.094058847574084448e-01 1.584188669509999647e-01 1.811674480029838025e-03
0.000000000000000000e+00 2.948291899282263367e-04 2.110139522177564885e-04 2.053165468626294010e-01 5.546413822141509423e-03 1.503176364737761860e-03 1.510241963192741335e-03 3.576423901116470086e-04
0.000000000000000000e+00 2.948291899282263367e-04 2.110139522177564885e-04 3.017305084675180327e-01 6.460332620020116032e-03 1.605825178206967893e-02 1.828386266163348293e-03 4.271530089748412098e-04
0.000000000000000000e+00 2.948291899282263367e-04 2.110139522177564885e-04 1.234193880780603436e+00 6.483155351989813298e-01 1.144186697422356236e+00 7.391733705389174069e-01 3.427061849683639763e-03
0.000000000000000000e+00 2.948291899282263367e-04 2.110139522177564885e-04 1.210195598922230609e+00 1.590822412036954625e-01 9.085428608405715645e-01 6.669004648445709948e-01 7.535265388112682983e-02
0.000000000000000000e+00 2.948291899282263367e-04 2.110139522177564885e-04 6.807535708703317534e-02 4.063903696664917381e-03 1.010450448260508333e-03 1.019681964196070354e-03 2.488032508368130950e-04
0.000000000000000000e+00 2.948291899282263367e-04 2.110139522177564885e-04 9.404432967544240185e+00 3.112240808068660769e+01 4.314027533100280642e+00 9.237742929691747373e-02 2.262791045507099585e-02
0.000000000000000000e+00 2.948291899282263367e-04 4.675083168039347037e-02 6.639089148569301102e+00 2.622179435540680714e+01 4.188094420446431876e+00 2.714585810627288431e+00 7.112327458903208721e-02
0.000000000000000000e+00 2.948291899282263367e-04 2.110139522177564885e-04 7.002050437320986198e+00 2.350101424668449823e+01 1.894125920789938355e+00 2.603162940365656361e-02 4.701667518679243304e-03
0.000000000000000000e+00 2.948291899282263367e-04 2.110139522177564885e-04 2.909288463793750168e+00 1.995270976833015464e+00 2.331584163832518986e+00 2.723204950002413027e-01 5.053602649620704372e-03
0.000000000000000000e+00 2.948291899282263367e-04 2.110139522177564885e-04 2.909481019479997599e+00 1.922657011501322177e+00 2.436598739227552546e+00 2.478013098462068520e+00 6.032549697208685648e-03
0.000000000000000000e+00 2.948291899282263367e-04 2.110139522177564885e-04 1.210085328688843775e+00 1.880265755128876504e-01 7.575583358495238673e-02 4.676058429499920788e-01 1.805922574106956372e-03
0.000000000000000000e+00 2.948291899282263367e-04 9.538800276441742818e-03 6.929528664422468509e+00 3.275657161115527316e+01 4.058601652591280029e+00 2.445761956584722729e-01 8.913350253510659085e-04
0.000000000000000000e+00 2.948291899282263367e-04 2.110139522177564885e-04 6.856822506657600513e+00 2.368246776260104625e+01 3.139779609455798592e+00 2.026599501121753577e-02 3.631924594934231136e-03
0.000000000000000000e+00 2.948291899282263367e-04 9.538800276441742818e-03 1.948053904546860893e-01 5.488576036976485460e-03 1.510241963192741335e-03 1.386418013883440950e-02 3.597881882562314502e-04
0.000000000000000000e+00 2.948291899282263367e-04 1.884180812742967601e-02 6.638828769545006558e+00 2.386394180164669621e+01 5.527333472375543622e+00 1.286152598152695559e+00 1.052477387115883012e+00
0.000000000000000000e+00 2.948291899282263367e-04 2.110139522177564885e-04 7.002050437320986198e+00 3.894621878895106803e+00 6.242709997426448609e+00 5.854087468103880143e-01 7.907496092899779852e-03
0.000000000000000000e+00 2.948291899282263367e-04 9.538800276441742818e-03 8.847671702226129753e-01 1.552098512934161900e-01 1.498421892782045572e-01 2.513840275657515111e-01 1.482584006818539772e-03
0.000000000000000000e+00 2.948291899282263367e-04 2.110139522177564885e-04 6.929436471989293800e+00 4.389421415933445481e+00 9.475721712286180320e+00 9.449868619479995235e-01 8.002812135721204881e-03
0.000000000000000000e+00 2.948291899282263367e-04 2.110139522177564885e-04 2.676496003864652952e-03 3.566820820504548045e-03 8.480743105193053492e-04 1.954949789294794724e-02 2.395942883845946436e-04
0.000000000000000000e+00 2.948291899282263367e-04 2.110139522177564885e-04 1.234193880780603436e+00 7.321279202838253397e-01 9.651761472724296187e-01 3.760506328878833737e-01 2.774848446559634654e-03
0.000000000000000000e+00 2.948291899282263367e-04 2.110139522177564885e-04 1.234016139396924672e+01 2.894615842519798932e+01 4.386984501047881402e+00 9.237290655050132970e-02 1.092801686515678522e-03
0.000000000000000000e+00 2.948291899282263367e-04 2.110139522177564885e-04 6.929436471989293800e+00 4.142014246013778767e+00 1.038300789103863053e+01 9.451937981287242829e-01 8.019609731100862601e-03
0.000000000000000000e+00 2.948291899282263367e-04 2.110139522177564885e-04 4.111243148319244922e-02 4.031609416350501185e-03 9.891353867860623074e-04 9.891353867860623074e-04 2.433276217459231887e-04
0.000000000000000000e+00 2.948291899282263367e-04 2.110139522177564885e-04 2.909481019479997599e+00 9.837569336301356104e-01 1.694775204315819739e+00 4.405866018688199270e-01 4.194926528915983791e-03
0.000000000000000000e+00 2.948291899282263367e-04 2.110139522177564885e-04 5.159950840977832520e+00 3.308338583649639286e+00 1.782326071857196581e+01 7.105074886444570081e-01 6.107869916275064648e-03
0.000000000000000000e+00 2.948291899282263367e-04 2.110139522177564885e-04 1.156217516699837994e-01 4.675451847945363837e-03 1.215545922992410967e-03 1.215545922992410967e-03 2.927750565721865526e-04
0.000000000000000000e+00 2.948291899282263367e-04 2.110139522177564885e-04 3.141412120255282492e-01 7.773508641578620593e-02 5.236383001252901265e-02 1.620202919891606252e-01 6.462931478411279443e-04
0.000000000000000000e+00 2.948291899282263367e-04 2.110139522177564885e-04 1.154942208950798938e-01 4.431919353073161295e-03 1.215545922992410967e-03 4.350686350925263984e-02 3.004757041738715826e-04
0.000000000000000000e+00 2.948291899282263367e-04 2.110139522177564885e-04 2.867574826937576038e+00 1.995247741971019506e+00 2.436598739227552546e+00 6.434312498797459812e-01 5.080461571219746508e-03
0.000000000000000000e+00 2.948291899282263367e-04 2.110139522177564885e-04 6.856822506657600513e+00 2.876441562752451375e+01 3.567956625911016477e+00 2.009953907579725918e+00 2.262791045507099585e-02
0.000000000000000000e+00 2.948291899282263367e-04 2.110139522177564885e-04 1.152864667311427616e-01 4.675451847945363837e-03 1.178837531955746580e-02 1.226709010359095615e-03 2.947252779117725554e-04
0.000000000000000000e+00 2.948291899282263367e-04 2.110139522177564885e-04 7.840972026603217071e-02 4.074277540307133516e-03 1.029759522174994533e-03 1.033276737316281800e-02 2.868212366135504594e-04
0.000000000000000000e+00 2.948291899282263367e-04 2.110139522177564885e-04 7.001716781813832391e+00 2.313801797061853449e+01 1.790265746331678898e+00 1.623289069548340624e+00 9.999378249935679808e-01
0.000000000000000000e+00 2.948291899282263367e-04 2.110139522177564885e-04 9.316069047731144082e+00 3.112407991191549783e+01 4.496425763756828786e+00 5.407838579360856046e-03 2.262791045507099585e-02
0.000000000000000000e+00 2.948291899282263367e-04 2.110139522177564885e-04 3.061528326390435331e-02 4.020440140089575481e-03 9.701018345462027745e-04 9.788473223678879464e-04 2.414694001053035045e-04
0.000000000000000000e+00 2.948291899282263367e-04 2.110139522177564885e-04 3.017872738498865726e-01 7.772345607072905782e-02 1.526550564332803950e-01 2.271676539462171365e-02 6.404604285614940492e-04
0.000000000000000000e+00 2.948291899282263367e-04 2.110139522177564885e-04 2.951387212022420048e+00 5.061594489716788603e-01 1.247027943747139433e+00 2.226425415185718126e+00 5.016550922191595485e-03
0.000000000000000000e+00 2.948291899282263367e-04 2.110139522177564885e-04 2.951387212022420048e+00 3.742136791179941357e-01 1.392267689116228446e+00 2.331584163832518986e+00 5.035255337757650607e-03
0.000000000000000000e+00 2.948291899282263367e-04 2.110139522177564885e-04 5.159950840977832520e+00 3.308338583649639286e+00 1.818625699463792600e+01 7.105837968203052579e-01 6.111739523458334551e-03
0.000000000000000000e+00 2.948291899282263367e-04 9.538800276441742818e-03 2.909534224587830842e+00 1.850065667985691942e+00 2.121338753164800472e+00 8.906127996285330140e-01 5.071596306240035330e-03
0.000000000000000000e+00 2.948291899282263367e-04 9.538800276441742818e-03 5.100049942928357893e+00 1.809870049385204682e+00 2.745465341373450219e+00 1.470443454741993561e+00 6.059384716108813865e-03
0.000000000000000000e+00 2.948291899282263367e-04 2.110139522177564885e-04 4.336194567406241873e-01 1.413840644931150525e-01 2.789157947159816298e-03 2.270302732611470531e-02 6.404604285614940492e-04
0.000000000000000000e+00 2.948291899282263367e-04 9.538800276441742818e-03 8.647616778939608562e-01 3.043996874992103141e-01 1.810729745845383321e-01 3.837943806482752573e-01 5.184141911699053501e-02
0.000000000000000000e+00 2.948291899282263367e-04 2.110139522177564885e-04 2.192838368781426350e+00 7.744072396722931906e-01 1.319653723784535382e+00 7.233969897248218039e-01 4.150689579829547164e-03
0.000000000000000000e+00 2.948291899282263367e-04 4.675083168039347037e-02 6.639089148569301102e+00 2.622179435540680714e+01 4.188467342635036061e+00 2.714585810627288431e+00 7.112327458903208721e-02
0.000000000000000000e+00 2.948291899282263367e-04 2.110139522177564885e-04 1.234016139396924672e+01 3.221312490979165943e+01 3.028060941993022226e+00 6.642552693555035803e-03 1.092801686515678522e-03
0.000000000000000000e+00 2.948291899282263367e-04 2.110139522177564885e-04 7.002050437320986198e+00 2.331951610865152347e+01 3.243586299147959817e+00 1.806031419666913607e-01 3.631493775319036797e-03
0.000000000000000000e+00 2.948291899282263367e-04 2.110139522177564885e-04 6.910671241504423579e-02 4.063903696664917381e-03 1.019681964196070354e-03 1.019681964196070354e-03 2.488032508368130950e-04
0.000000000000000000e+00 2.948291899282263367e-04 9.538800276441742818e-03 6.929528664422468509e+00 4.265732633774608651e+00 1.782463606180334281e+01 4.399936564372095016e-01 4.693394332185295802e-03
0.000000000000000000e+00 2.948291899282263367e-04 2.110139522177564885e-04 6.929436471989293800e+00 2.858294039290984756e+01 6.060744622856288899e+00 1.114202074000254949e+00 1.092801686515678522e-03
0.000000000000000000e+00 2.948291899282263367e-04 2.110139522177564885e-04 4.194323217492964551e-01 1.246555223695381409e-01 2.752260196313117101e-03 1.023351030019919589e-01 6.462931478411279443e-04
0.000000000000000000e+00 2.948291899282263367e-04 9.538800276441742818e-03 5.100324629590206271e+00 3.413425245670556496e+00 3.486424994719273140e+00 2.385031979914997269e+00 7.814898841383347353e-03
0.000000000000000000e+00 2.948291899282263367e-04 2.110139522177564885e-04 3.140844466431597648e-01 2.072458765521906568e-02 1.609509749705822015e-02 4.461436233458179051e-02 5.145576393881573420e-04
0.000000000000000000e+00 2.948291899282263367e-04 2.110139522177564885e-04 7.741484838315024208e-02 4.074277540307133516e-03 1.033276737316281800e-02 1.181711701757699262e-03 2.868212366135504594e-04
0.000000000000000000e+00 2.948291899282263367e-04 2.110139522177564885e-04 2.054134415160812355e-01 5.546413822141509423e-03 1.386418013883440950e-02 6.329251971803537269e-02 1.467977769911662546e-02
0.000000000000000000e+00 2.948291899282263367e-04 2.110139522177564885e-04 1.601076038520901079e+01 4.019895757379706680e+01 1.070724519907907180e+00 2.714563176316988832e-02 1.092801686515678522e-03
0.000000000000000000e+00 2.948291899282263367e-04 9.538800276441742818e-03 1.842812062409091012e-01 5.249160368520050524e-03 1.490603873239336376e-03 1.497591008787294399e-03 3.554782541688216780e-04
0.000000000000000000e+00 2.948291899282263367e-04 2.110139522177564885e-04 3.141412120255282492e-01 6.471962965077282352e-03 1.819695775028054184e-03 3.033363564644692145e-02 4.318402700316267915e-04
0.000000000000000000e+00 2.948291899282263367e-04 2.110139522177564885e-04 3.141412120255282492e-01 2.072458765521906568e-02 1.842472806916435526e-03 1.358795764320483990e-01 5.250174884530040822e-04
0.000000000000000000e+00 3.025061749050248915e-04 2.110139522177564885e-04 1.197488523635707562e-02 3.997468780175705838e-03 9.581100699938390397e-04 9.581100699938390397e-04 2.377020460513788378e-04
0.000000000000000000e+00 2.948291899282263367e-04 2.110139522177564885e-04 2.909481019479997599e+00 1.922657011501322177e+00 2.226425415185718126e+00 2.477838455993979228e+00 6.014180024454860059e-03
0.000000000000000000e+00 2.948291899282263367e-04 2.110139522177564885e-04 2.951387212022420048e+00 1.850065667985691942e+00 2.331512077206635336e+00 2.045749510496071899e+00 5.995422627943444889e-03
0.000000000000000000e+00 2.948291899282263367e-04 2.110139522177564885e-04 3.140844466431597648e-01 2.072458765521906568e-02 1.609509749705822015e-02 4.460549380924521551e-02 5.145576393881573420e-04
0.000000000000000000e+00 2.948291899282263367e-04 2.110139522177564885e-04 4.943311940477810446e-02 1.309103589718198582e-02 1.005009207917025461e-03 1.009552332408318251e-03 2.469943230828653660e-04
0.000000000000000000e+00 2.948291899282263367e-04 2.110139522177564885e-04 2.053165468626294010e-01 5.488576036976485460e-03 2.620395242029707403e-02 1.388929018583727470e-02 3.640255868294906254e-04
0.000000000000000000e+00 2.948291899282263367e-04 2.110139522177564885e-04 9.046557564750559166e-01 3.521844200154960330e-02 2.369169312622701196e-01 3.215755297691775816e-01 1.482584006818539772e-03
0.000000000000000000e+00 2.948291899282263367e-04 2.110139522177564885e-04 1.613446397016884859e+01 3.983594819952704569e+01 1.092464280816445754e+00 2.714563176316988832e-02 1.092801686515678522e-03
0.000000000000000000e+00 2.948291899282263367e-04 2.110139522177564885e-04 3.140844466431597648e-01 6.471962965077282352e-03 1.819695775028054184e-03 4.458626033658870391e-02 4.341546898963248189e-04
0.000000000000000000e+00 2.948291899282263367e-04 2.110139522177564885e-04 1.234193880780603436e+00 1.300145903467339048e-01 5.513120772998304497e-01 3.085826670595754329e-01 1.834209324272339505e-03
0.000000000000000000e+00 2.948291899282263367e-04 2.110139522177564885e-04 6.929436471989293800e+00 2.350099252798637650e+01 2.413132781610656252e+00 3.408122894258899249e-01 3.632033635517780117e-03
0.000000000000000000e+00 2.948291899282263367e-04 2.110139522177564885e-04 1.588705680024918010e+01 2.803859452939878594e+01 4.314045375627523882e+00 6.642552693555035803e-03 1.092801686515678522e-03
0.000000000000000000e+00 2.948291899282263367e-04 9.538800276441742818e-03 5.100324629590206271e+00 3.413425245670556496e+00 3.486424994719273140e+00 2.552816666176922933e+00 7.823862526787931856e-03
0.000000000000000000e+00 2.948291899282263367e-04 2.110139522177564885e-04 7.002050437320986198e+00 2.440850493684941114e+01 2.517094369472149928e+00 1.137509863556515066e+00 8.198265155786416125e-01
0.000000000000000000e+00 2.948291899282263367e-04 2.110139522177564885e-04 6.929436471989293800e+00 7.272577399787166996e+00 1.056616398939012313e+01 2.059112617451403782e-01 7.433975523640549976e-03
0.000000000000000000e+00 2.948291899282263367e-04 2.110139522177564885e-04 2.421869812968675557e-03 3.340486718947844116e-03 1.024649004196001578e-02 1.026111792098177017e-02 2.395942883845946436e-04
0.000000000000000000e+00 2.948291899282263367e-04 2.110139522177564885e-04 2.709379117946833764e-03 3.340486718947844116e-03 1.024649004196001578e-02 1.026111792098177017e-02 2.395942883845946436e-04
0.000000000000000000e+00 2.948291899282263367e-04 2.110139522177564885e-04 7.002050437320986198e+00 2.350101424668449823e+01 2.724579438327241920e+00 1.003859202981548515e-01 3.632033199192757997e-03
0.000000000000000000e+00 2.948291899282263367e-04 2.110139522177564885e-04 5.100248830484790830e+00 3.098145530388614510e+00 8.422616125172265100e+00 1.674397575008279793e+00 7.952548987654827969e-03
0.000000000000000000e+00 2.948291899282263367e-04 2.110139522177564885e-04 5.159950840977832520e+00 8.280790771800853989e+00 1.528492989469792640e+01 2.517018307442989933e+00 3.632033635517780117e-03
0.000000000000000000e+00 2.948291899282263367e-04 2.110139522177564885e-04 4.016633353406937057e-02 3.988648219631359126e-03 9.891353867860623074e-04 9.891353867860623074e-04 2.433276217459231887e-04
0.000000000000000000e+00 2.948291899282263367e-04 1.800060768439857295e-01 5.768970372886528253e+00 2.676798073127814348e+01 3.707545967368964579e+00 2.600590349418794300e+00 6.050063760812606981e-04
0.000000000000000000e+00 2.948291899282263367e-04 2.110139522177564885e-04 7.002050437320986198e+00 4.265732633774608651e+00 8.205234746055300121e+00 7.638984262439868500e-01 7.953662660712571691e-03
0.000000000000000000e+00 2.948291899282263367e-04 2.110139522177564885e-04 7.002050437320986198e+00 4.265732633774608651e+00 8.205234746055300121e+00 5.833129547783070246e-01 7.947067258497223993e-03
0.000000000000000000e+00 2.948291899282263367e-04 2.110139522177564885e-04 7.002050437320986198e+00 4.265732633774608651e+00 9.838717988352144062e+00 4.219803388028704749e-02 7.985128692681796661e-03
0.000000000000000000e+00 2.948291899282263367e-04 9.538800276441742818e-03 1.947570125031518051e-01 5.546413822141509423e-03 1.385711454037943068e-02 1.522828839827171724e-03 1.271372636389775726e-02
0.000000000000000000e+00 2.948291899282263367e-04 2.110139522177564885e-04 2.053165468626294010e-01 5.488576036976485460e-03 2.620395242029707403e-02 1.388929018583727470e-02 3.640255868294906254e-04
0.000000000000000000e+00 2.948291899282263367e-04 2.110139522177564885e-04 7.709594019327260794e-02 4.074277540307133516e-03 1.029759522174994533e-03 1.029759522174994533e-03 2.505961851431170485e-04
0.000000000000000000e+00 2.948291899282263367e-04 2.110139522177564885e-04 7.002050437320986198e+00 4.265732633774608651e+00 9.657219850319156862e+00 5.838854698633896279e-01 7.997016531874227840e-03
0.000000000000000000e+00 2.948291899282263367e-04 2.110139522177564885e-04 1.601076038520901079e+01 4.128794640199496513e+01 9.402847680393521257e-01 2.714563176316988832e-02 1.092801686515678522e-03
0.000000000000000000e+00 2.948291899282263367e-04 2.110139522177564885e-04 1.155364942910957898e-01 4.675451847945363837e-03 3.292846019544238417e-02 1.248864901831533850e-03 2.985754010969273527e-04
0.000000000000000000e+00 2.948291899282263367e-04 2.110139522177564885e-04 5.159950840977832520e+00 3.413425245670556496e+00 7.080747876297518673e+00 1.674069910560362029e+00 1.894210726237289533e-01
0.000000000000000000e+00 2.948291899282263367e-04 2.110139522177564885e-04 3.141412120255282492e-01 6.471962965077282352e-03 1.819695775028054184e-03 4.458626033658870391e-02 4.341546898963248189e-04
0.000000000000000000e+00 2.948291899282263367e-04 2.110139522177564885e-04 2.951387212022420048e+00 1.777451702653998655e+00 2.121266264571456173e+00 1.014240281120264653e+00 5.071596306240035330e-03
0.000000000000000000e+00 2.948291899282263367e-04 2.110139522177564885e-04 5.159950840977832520e+00 5.255176037530142175e+00 6.075020726470951260e+00 2.400390127140207941e+00 1.885258417563494271e-01
0.000000000000000000e+00 2.948291899282263367e-04 2.110139522177564885e-04 7.002050437320986198e+00 7.128535796046562290e+00 9.840171437258195652e+00 5.377190503667250709e-01 7.426229599621183772e-03
0.000000000000000000e+00 2.948291899282263367e-04 2.110139522177564885e-04 6.929436471989293800e+00 2.912743480700878607e+01 3.381029559826986386e+00 2.032222913672616649e+00 1.092801686515678522e-03
0.000000000000000000e+00 2.948291899282263367e-04 2.110139522177564885e-04 7.002050437320986198e+00 4.265732633774608651e+00 8.023736608022323580e+00 7.638242613721979435e-01 7.947067258497223993e-03
0.000000000000000000e+00 2.948291899282263367e-04 2.110139522177564885e-04 7.002050437320986198e+00 2.622348631717920853e+01 4.188467342635036061e+00 2.914067791911914451e+00 2.263392775753411690e-02
0.000000000000000000e+00 2.948291899282263367e-04 2.110139522177564885e-04 6.929436471989293800e+00 7.272577399787166996e+00 9.295677023159246488e+00 2.055255100327348372e-01 7.405353168619779533e-03
0.000000000000000000e+00 2.948291899282263367e-04 2.110139522177564885e-04 7.002050437320986198e+00 4.265732633774608651e+00 9.838717988352144062e+00 2.227835053459668868e-01 7.991122164379624304e-03
0.000000000000000000e+00 2.948291899282263367e-04 2.110139522177564885e-04 7.002050437320986198e+00 4.265732633774608651e+00 9.838717988352144062e+00 4.219803388028704749e-02 7.985128692681796661e-03
0.000000000000000000e+00 2.948291899282263367e-04 2.110139522177564885e-04 5.159950840977832520e+00 5.502583207449808889e+00 6.753249641791444269e+00 1.130142662831489897e+00 7.952548987654827969e-03
0.000000000000000000e+00 2.948291899282263367e-04 2.110139522177564885e-04 9.046557564750559166e-01 3.521844200154960330e-02 2.369169312622701196e-01 4.674639435843814805e-01 1.492666230459998656e-03
0.000000000000000000e+00 2.948291899282263367e-04 2.110139522177564885e-04 5.159950840977832520e+00 3.413425245670556496e+00 1.746037412969279146e+01 7.104687213086808839e-01 6.105835513011830494e-03
0.000000000000000000e+00 2.948291899282263367e-04 2.110139522177564885e-04 3.147800622633824263e-02 4.020440140089575481e-03 9.788473223678879464e-04 9.788473223678879464e-04 2.414694001053035045e-04
0.000000000000000000e+00 2.948291899282263367e-04 2.110139522177564885e-04 3.874618850990418029e+00 2.428244843539775211e+00 2.374193733915835214e+00 1.758146427959036417e+00 6.032549697208685648e-03
0.000000000000000000e+00 2.948291899282263367e-04 2.110139522177564885e-04 6.803913510675396736e-02 3.977924404514403614e-03 1.015078334240027353e-03 1.019681964196070354e-03 2.488032508368130950e-04
0.000000000000000000e+00 2.948291899282263367e-04 2.110139522177564885e-04 7.002050437320986198e+00 2.368251238471748366e+01 3.243639165362233623e+00 1.262180224907734072e+00 2.172350926266076836e-03
0.000000000000000000e+00 2.948291899282263367e-04 2.110139522177564885e-04 6.929436471989293800e+00 2.331949438995339463e+01 3.451172781406285583e+00 1.262170082853684150e+00 5.027003591341170502e-02
0.000000000000000000e+00 2.948291899282263367e-04 2.110139522177564885e-04 1.156217516699837994e-01 4.675451847945363837e-03 2.235563079887732327e-02 1.181064461423495318e-02 2.985754010969273527e-04
0.000000000000000000e+00 2.948291899282263367e-04 2.110139522177564885e-04 3.082710370280223461e-02 4.020440140089575481e-03 9.788473223678879464e-04 9.788473223678879464e-04 2.414694001053035045e-04
0.000000000000000000e+00 2.948291899282263367e-04 2.110139522177564885e-04 6.856822506657600513e+00 3.112389142195327452e+01 4.918151709338402178e+00 7.228777604587658390e-01 1.092801686515678522e-03
0.000000000000000000e+00 2.948291899282263367e-04 2.110139522177564885e-04 5.159950840977832520e+00 3.413425245670556496e+00 3.630483837041726503e+00 5.394871158052096938e-01 7.135859245665948994e-03
0.000000000000000000e+00 2.948291899282263367e-04 2.110139522177564885e-04 3.061528326390435331e-02 4.020440140089575481e-03 9.701018345462027745e-04 9.788473223678879464e-04 2.414694001053035045e-04
0.000000000000000000e+00 2.948291899282263367e-04 2.110139522177564885e-04 4.115494226659564825e-02 3.903426785330857407e-03 9.891353867860623074e-04 9.847135955822602840e-04 2.433276217459231887e-04
0.000000000000000000e+00 2.948291899282263367e-04 2.110139522177564885e-04 6.826037884670729805e-02 4.063903696664917381e-03 1.015078334240027353e-03 1.019681964196070354e-03 2.488032508368130950e-04
0.000000000000000000e+00 2.948291899282263367e-04 2.110139522177564885e-04 7.002050437320986198e+00 4.265732633774608651e+00 9.838717988352144062e+00 2.227835053459668868e-01 7.991122164379624304e-03
0.000000000000000000e+00 2.948291899282263367e-04 2.110139522177564885e-04 7.799304548127790337e-02 3.860847623879554505e-03 1.020407045722291489e-03 1.029759522174994533e-03 2.505961851431170485e-04
0.000000000000000000e+00 2.948291899282263367e-04 2.110139522177564885e-04 5.159950840977832520e+00 2.887991935565970447e+00 1.880088822176405605e+00 3.179727161623350229e-01 5.985897441286278792e-03
0.000000000000000000e+00 2.948291899282263367e-04 2.110139522177564885e-04 5.159950840977832520e+00 3.308338583649639286e+00 1.873075140873687872e+01 5.752048048516316126e-01 6.115344841715077834e-03
0.000000000000000000e+00 2.948291899282263367e-04 3.851821111902768990e-01 7.021015021472045703e+00 2.168618716813708502e+01 4.385486473401848606e+00 1.791849239618492406e+00 1.582095223257494521e+00
0.000000000000000000e+00 2.948291899282263367e-04 2.110139522177564885e-04 3.141412120255282492e-01 6.471962965077282352e-03 1.828386266163348293e-03 1.358733522275999972e-01 5.224348973519079556e-04
0.000000000000000000e+00 2.948291899282263367e-04 2.110139522177564885e-04 4.023956141786912827e-02 3.777370965236220759e-03 9.847135955822602840e-04 9.891353867860623074e-04 2.433276217459231887e-04
0.000000000000000000e+00 2.948291899282263367e-04 9.538800276441742818e-03 3.017461187102892795e-01 7.773508641578620593e-02 2.226190730137007131e-03 1.025228948497018955e-01 6.315296495871500519e-04
0.000000000000000000e+00 2.948291899282263367e-04 2.110139522177564885e-04 1.234193880780603436e+00 1.590964775533107445e-01 5.094414503873302413e-01 8.457721262863460154e-01 2.239451807774908536e-03
0.000000000000000000e+00 2.948291899282263367e-04 9.538800276441742818e-03 5.100324629590206271e+00 3.413425245670556496e+00 3.486424994719273140e+00 2.552816666176922933e+00 7.823862526787931856e-03
0.000000000000000000e+00 2.948291899282263367e-04 9.538800276441742818e-03 6.929528664422468509e+00 2.604198817914623021e+01 4.108040527964586630e+00 2.857069180198504199e+00 9.008191692351847539e-04
0.000000000000000000e+00 2.948291899282263367e-04 2.110139522177564885e-04 5.980370456405630086e-02 3.840377397729070885e-03 1.005009207917025461e-03 1.009552332408318251e-03 2.469943230828653660e-04
0.000000000000000000e+00 2.948291899282263367e-04 2.110139522177564885e-04 5.159950840977832520e+00 5.255176037530142175e+00 6.075020726470951260e+00 2.400390127140207941e+00 7.940370290661104974e-03
0.000000000000000000e+00 2.948291899282263367e-04 2.110139522177564885e-04 7.002050437320986198e+00 7.128535796046562290e+00 9.840171437258195652e+00 3.968133851273039636e-02 7.413964271890437566e-03
0.000000000000000000e+00 2.948291899282263367e-04 2.110139522177564885e-04 5.159950840977832520e+00 5.007768867610471908e+00 1.020130268467943857e+01 4.032304475509514430e-01 1.885706001583616342e-01
0.000000000000000000e+00 2.948291899282263367e-04 2.110139522177564885e-04 2.951387212022420048e+00 1.850065667985691942e+00 2.331512077206635336e+00 2.045749510496071899e+00 5.995422627943444889e-03
0.000000000000000000e+00 2.948291899282263367e-04 2.110139522177564885e-04 4.918691664030880317e-02 3.788028046194055667e-03 9.812978653188407854e-04 9.993702636559534825e-04 2.451691870160407796e-04
0.000000000000000000e+00 2.948291899282263367e-04 2.110139522177564885e-04 7.002050437320986198e+00 5.832006215144446060e+00 9.657818155586516795e+00 5.842907865005642076e-01 8.030320434674787997e-03
0.000000000000000000e+00 2.948291899282263367e-04 2.110139522177564885e-04 7.002050437320986198e+00 3.293891742439953418e+01 4.277547112197296997e+00 1.141196906596615018e-01 2.262791045507099585e-02
0.000000000000000000e+00 2.948291899282263367e-04 2.110139522177564885e-04 4.943311940477810446e-02 4.042573643504542881e-03 9.948877526867220492e-04 1.030237811464388385e-02 2.469943230828653660e-04
0.000000000000000000e+00 2.948291899282263367e-04 2.110139522177564885e-04 2.709379117946833764e-03 3.340486718947844116e-03 1.024649004196001578e-02 1.026111792098177017e-02 2.395942883845946436e-04
0.000000000000000000e+00 2.948291899282263367e-04 2.110139522177564885e-04 4.925594479443064916e-02 4.042573643504542881e-03 9.948877526867220492e-04 9.993702636559534825e-04 2.451691870160407796e-04
0.000000000000000000e+00 2.948291899282263367e-04 2.110139522177564885e-04 6.422972820693545470e-01 2.914219875149501662e-02 1.023768136685937191e-01 5.150592833051469144e-02 7.959269864937089552e-04
0.000000000000000000e+00 2.948291899282263367e-04 9.538800276441742818e-03 6.929528664422468509e+00 2.604198817914623021e+01 4.108164652062990641e+00 2.857069180198504199e+00 9.008191692351847539e-04
0.000000000000000000e+00 2.948291899282263367e-04 2.110139522177564885e-04 9.045642537984470710e-01 2.753339345762274015e-01 3.215479611218705069e-01 1.744358042574347400e-01 1.794274654062986930e-03
0.000000000000000000e+00 2.948291899282263367e-04 2.110139522177564885e-04 6.422972820693545470e-01 2.914219875149501662e-02 2.433661077709845799e-01 2.079551905643373111e-01 1.211999925202578892e-03
0.000000000000000000e+00 2.948291899282263367e-04 2.110139522177564885e-04 1.156217516699837994e-01 4.384004700721724074e-03 1.209972005747213383e-03 4.350686350925263984e-02 3.004757041738715826e-04
0.000000000000000000e+00 2.948291899282263367e-04 2.110139522177564885e-04 2.421869812968675557e-03 3.566820820504548045e-03 8.405760266557787096e-04 1.025066793005254343e-02 2.377020460513788378e-04
0.000000000000000000e+00 2.948291899282263367e-04 2.110139522177564885e-04 6.856822506657600513e+00 3.112389142195327452e+01 4.918151709338402178e+00 7.228777604587658390e-01 1.092801686515678522e-03
0.000000000000000000e+00 2.948291899282263367e-04 2.110139522177564885e-04 7.002050437320986198e+00 2.368251238471748366e+01 2.413185647824930502e+00 2.019501507126699597e-02 3.631926298805455804e-03
0.000000000000000000e+00 2.948291899282263367e-04 2.110139522177564885e-04 3.016740562320289754e-01 6.460332620020116032e-03 1.606685294747827245e-02 1.828386266163348293e-03 4.271530089748412098e-04
0.000000000000000000e+00 2.948291899282263367e-04 1.800060768439857295e-01 5.768630897418899117e+00 2.640498445521219040e+01 3.787301510309704078e+00 2.543546768393330382e+00 4.386760560591346919e-02
0.000000000000000000e+00 2.948291899282263367e-04 2.110139522177564885e-04 7.002050437320986198e+00 3.894621878895106803e+00 6.242709997426448609e+00 5.854087468103880143e-01 7.907496092899779852e-03
0.000000000000000000e+00 2.948291899282263367e-04 2.110139522177564885e-04 4.479375711295799367e-01 7.667318389560481319e-03 1.895841691789552572e-02 2.258327171501667546e-03 5.198308652891495650e-04
0.000000000000000000e+00 2.948291899282263367e-04 2.110139522177564885e-04 6.929436471989293800e+00 7.272577399787166996e+00 1.056616398939012313e+01 3.989869112714480165e-02 1.734427160916846289e-01
0.000000000000000000e+00 2.948291899282263367e-04 2.110139522177564885e-04 7.002050437320986198e+00 3.275741928636654876e+01 4.277543238338933129e+00 1.358618974138742774e-01 8.901172712619649869e-04
0.000000000000000000e+00 2.948291899282263367e-04 9.538800276441742818e-03 3.018029587062984742e-01 9.198771110592798839e-02 1.895841691789552572e-02 2.258327171501667546e-03 5.198308652891495650e-04
0.000000000000000000e+00 2.948291899282263367e-04 2.110139522177564885e-04 2.054134415160812355e-01 5.488576036976485460e-03 1.386418013883440950e-02 8.727262174769562231e-02 4.295064437089658000e-04
0.000000000000000000e+00 2.948291899282263367e-04 2.110139522177564885e-04 5.980370456405630086e-02 3.840377397729070885e-03 1.005009207917025461e-03 1.009552332408318251e-03 2.469943230828653660e-04
0.000000000000000000e+00 2.948291899282263367e-04 2.110139522177564885e-04 5.980370456405630086e-02 4.053337044326792843e-03 1.009552332408318251e-03 1.009552332408318251e-03 2.469943230828653660e-04
0.000000000000000000e+00 2.948291899282263367e-04 2.110139522177564885e-04 5.100248830484790830e+00 5.131449228165847032e+00 1.038280082271241689e+01 2.227145269320215115e-01 7.985128692681796661e-03
0.000000000000000000e+00 2.948291899282263367e-04 2.110139522177564885e-04 5.980370456405630086e-02 4.053337044326792843e-03 1.009552332408318251e-03 1.009552332408318251e-03 2.469943230828653660e-04
0.000000000000000000e+00 2.948291899282263367e-04 2.110139522177564885e-04 5.159950840977832520e+00 3.413425245670556496e+00 3.774381261980484847e+00 3.717885420325839352e-01 7.135859245665948994e-03
0.000000000000000000e+00 2.948291899282263367e-04 2.110139522177564885e-04 4.479375711295799367e-01 7.667318389560481319e-03 1.895841691789552572e-02 2.018290333796480263e-01 6.491738165793811124e-04
0.000000000000000000e+00 2.948291899282263367e-04 1.800060768439857295e-01 5.768970372886528253e+00 2.694947886931113246e+01 3.707437211783334963e+00 2.600592347118265923e+00 7.374464823018738943e-04
0.000000000000000000e+00 2.948291899282263367e-04 2.110139522177564885e-04 6.929436471989293800e+00 2.331949438995339463e+01 3.035789750788398855e+00 2.023829497197332170e-02 3.632033199192757997e-03
0.000000000000000000e+00 2.948291899282263367e-04 2.110139522177564885e-04 1.234193880780603436e+00 1.009327031401570790e-01 1.058584786250480914e+00 6.669924972047149847e-01 2.753339130584667692e-03
0.000000000000000000e+00 2.948291899282263367e-04 2.110139522177564885e-04 5.159950840977832520e+00 5.502583207449808889e+00 6.753249641791444269e+00 1.130142662831489897e+00 7.952548987654827969e-03
0.000000000000000000e+00 2.948291899282263367e-04 2.110139522177564885e-04 2.951387212022420048e+00 5.061594489716788603e-01 1.247027943747139433e+00 2.226425415185718126e+00 5.016550922191595485e-03
0.000000000000000000e+00 2.948291899282263367e-04 2.110139522177564885e-04 2.909481019479997599e+00 1.922657011501322177e+00 2.226425415185718126e+00 2.477838455993979228e+00 6.014180024454860059e-03
0.000000000000000000e+00 2.948291899282263367e-04 2.110139522177564885e-04 1.947437174660643644e-01 5.535153773280689603e-03 1.497591008787294399e-03 1.497591008787294399e-03 3.554782541688216780e-04
0.000000000000000000e+00 2.948291899282263367e-04 2.110139522177564885e-04 6.929436471989293800e+00 4.389421415933445481e+00 1.746163978573737552e+01 5.754166625038634741e-01 6.124590494621765489e-03
0.000000000000000000e+00 2.948291899282263367e-04 2.110139522177564885e-04 3.141412120255282492e-01 2.072458765521906568e-02 4.460034687734179548e-02 1.025067043734977645e-01 5.275788430121546675e-04
0.000000000000000000e+00 2.948291899282263367e-04 2.110139522177564885e-04 6.929436471989293800e+00 7.272577399787166996e+00 1.056616398939012313e+01 3.989869112714480165e-02 7.430145473689043698e-03
0.000000000000000000e+00 2.948291899282263367e-04 2.110139522177564885e-04 2.053648601896345682e-01 5.373791160972024063e-03 1.503176364737761860e-03 1.503176364737761860e-03 3.576423901116470086e-04
0.000000000000000000e+00 2.948291899282263367e-04 2.110139522177564885e-04 5.159950840977832520e+00 3.413425245670556496e+00 1.709737785362682416e+01 8.458803538408494749e-01 6.103734445217627938e-03
0.000000000000000000e+00 2.948291899282263367e-04 2.110139522177564885e-04 5.159950840977832520e+00 3.413425245670556496e+00 6.912963190035600114e+00 9.479939478007659570e-01 7.883540351985938305e-03
0.000000000000000000e+00 2.948291899282263367e-04 2.110139522177564885e-04 5.159950840977832520e+00 3.413425245670556496e+00 6.912963190035600114e+00 9.479939478007659570e-01 7.883540351985938305e-03
0.000000000000000000e+00 2.948291899282263367e-04 2.110139522177564885e-04 5.159950840977832520e+00 3.413425245670556496e+00 1.873086109592365744e+01 5.752411266347009500e-01 6.117048878813876635e-03
0.000000000000000000e+00 2.948291899282263367e-04 9.538800276441742818e-03 5.100049942928357893e+00 3.413425245670556496e+00 3.486424994719273140e+00 2.385031979914997269e+00 7.814898841383347353e-03
0.000000000000000000e+00 2.948291899282263367e-04 2.110139522177564885e-04 1.155790050744989889e-01 4.675451847945363837e-03 1.215545922992410967e-03 1.215545922992410967e-03 2.927750565721865526e-04
0.000000000000000000e+00 2.948291899282263367e-04 2.110139522177564885e-04 1.947437174660643644e-01 5.535153773280689603e-03 1.490603873239336376e-03 1.497591008787294399e-03 3.554782541688216780e-04
0.000000000000000000e+00 2.948291899282263367e-04 2.110139522177564885e-04 3.141412120255282492e-01 6.404993599164721628e-03 1.607232046516984120e-02 1.609509749705822015e-02 4.318402700316267915e-04
